symbol,entry_date,exit_date,entry_price,exit_price,shares,pnl,ret_pct,hold_days,reason,score
INTC,2025-09-18,2025-09-18,31.81178068733215,30.827522286066053,314,-309.05713799755426,-0.030940059940059883,0,stop,0.27630526801274424
VSAT,2025-09-18,2025-09-18,34.0840492362976,33.0294867099266,293,-308.98682022670323,-0.030940059940059883,0,stop,0.052224925674703826
AMAT,2025-09-18,2025-09-18,187.15283904686922,188.52747033691406,53,72.85545837237683,0.007344966269523745,0,close,0.05540889847168606
STEP,2025-09-18,2025-09-18,61.21497408920289,63.02018394470215,163,294.2492064463789,0.029489677686846516,0,close,0.05421590564369838
CRWD,2025-09-18,2025-09-18,117.34847819519041,125.53184371948242,85,695.5860695648212,0.06973559137835861,0,close,0.05258134184729246
SITM,2025-09-18,2025-09-18,292.6824046630859,305.0646251220703,34,420.9954956054703,0.042305995378293826,0,close,0.05093096601812519
RDN,2025-09-18,2025-09-18,35.36782888132493,36.10223976516723,282,207.10386924352892,0.02076494110810656,0,close,0.04779726213599922
AMKR,2025-09-18,2025-09-18,27.71469932978746,28.929194618225097,360,437.2183038375489,0.04382134094207224,0,close,0.047332770649402445
CLSK,2025-09-18,2025-09-18,11.991979541778564,13.446540038108825,833,1211.6488934431077,0.12129444444620296,0,close,0.0472027955996599
MXL,2025-09-18,2025-09-18,16.896879159927366,16.683300762176515,591,-126.22483307075292,-0.012640109201785266,0,close,0.044554413375801794
IDCC,2025-09-22,2025-09-22,357.41174218660666,346.35340146007184,28,-309.63354034297504,-0.030940059940059883,0,stop,0.07613273627462602
HL,2025-09-22,2025-09-22,11.42093468854282,11.067570284707795,898,-317.32123464385245,-0.030940059940059994,0,stop,0.041970868435390996
CDE,2025-09-22,2025-09-22,18.147770865441917,17.58627774708667,565,-317.24361187071503,-0.030940059940059994,0,stop,0.04190590159334495
TER,2025-09-22,2025-09-22,126.34173528766458,134.78373674011232,81,683.802117648267,0.06681878662839602,0,close,0.05515224927578122
CLSK,2025-09-23,2025-09-23,14.75473977088928,14.29822723797798,693,-316.3631853075315,-0.030940059940059994,0,stop,0.07278020499694815
CXT,2025-09-23,2025-09-23,59.63322597236452,63.75664462280273,171,705.1045892249341,0.06914632879913452,0,close,0.07046747549415633
ACMR,2025-09-23,2025-09-23,38.838799236297604,38.95101167678833,263,29.511871849061897,0.0028891840813105585,0,close,0.057797135066697924
THO,2025-09-24,2025-09-24,106.33553908619626,103.04551113311076,96,-315.8426834962079,-0.030940059940059883,0,stop,0.06356973523401943
UTI,2025-09-24,2025-09-24,30.330299236297606,30.57939060974121,338,84.19288422393845,0.008212624989387018,0,close,0.044827559898639624
ALB,2025-09-24,2025-09-24,82.63601458572238,80.57457243347167,124,-255.61882687908752,-0.024946050007194742,0,close,0.04218671173664479
MIR,2025-09-26,2025-09-26,22.93290984725952,23.736240228652953,445,357.48201972007774,0.03502958790418953,0,close,0.06906204018480011
BA,2025-09-26,2025-09-26,223.58336061096188,221.0387345123291,45,-114.50817443847427,-0.011381106767870963,0,close,0.04603569469044455
CCL,2025-09-29,2025-09-29,31.732282795277815,30.750484063556986,323,-317.12099034582786,-0.030940059940059994,0,stop,0.051926846883912914
ACMR,2025-09-29,2025-09-29,39.5395,38.3161455,259,-316.8488154999998,-0.030940059940059883,0,stop,0.04580353511435353
WDC,2025-09-29,2025-09-29,111.92321293323036,116.40609091186523,91,407.9418960557736,0.04005315663435449,0,close,0.04809135434416767
STX,2025-09-29,2025-09-29,225.11800035847895,227.03627101135254,45,86.32217937931145,0.008521178447831401,0,close,0.042480805936883304
PATH,2025-09-30,2025-09-30,15.195180305480955,14.725040516029356,673,-316.404078300926,-0.030940059940059883,0,stop,0.20859871003404296
LW,2025-09-30,2025-09-30,57.684857743736735,55.90008478751169,177,-315.90481325183345,-0.030940059940059994,0,stop,0.06718171597543288
ECHO,2025-09-30,2025-09-30,77.46738938903808,75.07054371794128,132,-316.3836285847774,-0.030940059940059883,0,stop,0.05078068956258441
SMTC,2025-09-30,2025-09-30,66.45638938903808,71.37854695129394,154,758.0122645874027,0.07406597932128656,0,close,0.07115198257474842
UNFI,2025-09-30,2025-09-30,33.8337992362976,37.58237893295288,302,1132.0710683898935,0.11079393332315224,0,close,0.06423170634374187
CRH,2025-09-30,2025-09-30,119.72892698583861,118.45239003753662,85,-108.5056406056696,-0.010661892496981795,0,close,0.05550214618476068
RUN,2025-10-01,2025-10-01,18.528510229110715,17.955237012022014,556,-318.73990870131786,-0.030940059940059994,0,stop,0.07056097447969867
NKE,2025-10-01,2025-10-01,72.04876383230044,69.81957076072183,143,-318.77460923574074,-0.030940059940060105,0,stop,0.06625552266597512
AYI,2025-10-01,2025-10-01,365.233824394226,353.9334679753314,28,-316.40997972904984,-0.030940059940059772,0,stop,0.062022657720875785
VECO,2025-10-01,2025-10-01,32.30227045822143,31.30283627404403,319,-318.81950475259043,-0.030940059940059994,0,stop,0.060466649166445396
AES,2025-10-01,2025-10-01,14.226702263604846,14.626509324073792,725,289.86011883998606,0.028102581544265925,0,close,0.13373857633294572
FORM,2025-10-02,2025-10-02,40.76072122192382,39.49958206411743,250,-315.28478945159753,-0.030940059940059772,0,stop,0.051924623708831774
TTMI,2025-10-02,2025-10-02,61.91184847259521,59.996292169853206,165,-316.0667899524307,-0.030940059940059994,0,stop,0.04706278641712025
AVGO,2025-10-02,2025-10-02,346.0184621724486,335.31263021246565,29,-310.4691268395058,-0.030940059940059994,0,stop,0.042652727557139114
WDC,2025-10-02,2025-10-02,135.89247529927806,131.6879539681153,75,-315.33909983720747,-0.030940059940059883,0,stop,0.04150402426395261
ONTO,2025-10-02,2025-10-02,142.94280305480956,138.52014416029357,71,-314.00878151063534,-0.030940059940059883,0,stop,0.04051295056870785
BSY,2025-10-02,2025-10-02,54.959051308022204,55.59447728347779,185,117.55380545928278,0.01156180757004499,0,close,0.05464273734597991
RDDT,2025-10-03,2025-10-03,212.23202427673337,205.665552724411,47,-308.62416295915205,-0.030940059940059883,0,stop,0.05524589988390338
PBF,2025-10-03,2025-10-03,30.761022193639977,29.809274323151243,327,-311.2215536498162,-0.030940059940059883,0,stop,0.04681268077600409
CLSK,2025-10-06,2025-10-06,16.93191591644287,16.40804142308807,591,-309.6098255726867,-0.030940059940060105,0,stop,0.06116696115500142
VRT,2025-10-06,2025-10-06,168.83406449751266,163.61032842203565,59,-308.2004284531434,-0.030940059940060105,0,stop,0.053963747562733255
PATH,2025-10-06,2025-10-06,14.204189579963682,14.505480457305909,705,212.41006852627015,0.021211409186429497,0,close,0.10000000000000009
MARA,2025-10-06,2025-10-06,19.689670076370238,20.549429695129394,508,436.7578863296514,0.04366551676205899,0,close,0.04516473938644583
ANET,2025-10-06,2025-10-06,151.75160610961913,149.3505,65,-156.07189712524288,-0.015822607557014368,0,close,0.041924440573990474
SMCI,2025-10-06,2025-10-06,54.134081832885734,54.56537893295288,184,79.35866641235526,0.007967200799647411,0,close,0.04080066943680061
AMKR,2025-10-07,2025-10-07,33.34114350088901,32.30956652250137,300,-309.4730935162921,-0.030940059940059772,0,stop,0.09715418961965683
DELL,2025-10-07,2025-10-07,151.02824984211486,146.35542673935748,66,-308.4063247819869,-0.030940059940059883,0,stop,0.048298721754928886
AMD,2025-10-07,2025-10-07,215.06485610961911,211.2984845123291,46,-173.25309347534017,-0.017512724605131536,0,close,0.054685577647129335
SMTC,2025-10-07,2025-10-07,71.37130305480956,70.83909365844727,140,-74.50931549072067,-0.007456910180742793,0,close,0.0459146980619749
ELF,2025-10-08,2025-10-08,147.89774999999997,143.32178474999998,67,-306.58967174999975,-0.030940059940059883,0,stop,0.05085343944594323
DAL,2025-10-09,2025-10-09,61.29137547973889,59.395016648587045,161,-305.3137718154468,-0.030940059940059994,0,stop,0.08368368104281676
SUPN,2025-10-09,2025-10-09,51.131081832885734,49.54908309617614,193,-305.3257561849515,-0.030940059940059883,0,stop,0.0641667048136394
UAL,2025-10-09,2025-10-09,103.71361061096191,100.50470528205871,95,-304.84600624580395,-0.030940059940059994,0,stop,0.056274895285408855
PATH,2025-10-09,2025-10-09,16.456440534591675,18.491490228652953,601,1223.0648661308285,0.1236628109088096,0,close,0.05519901248799175
MP,2025-10-09,2025-10-09,73.72365152740478,72.21771091461181,134,-201.79604211425786,-0.020426831574303916,0,close,0.043348992020640686
ALB,2025-10-09,2025-10-09,94.63060412052754,95.31068369293213,104,70.72827553007778,0.007186676854967544,0,close,0.04286179804150292
VRT,2025-10-10,2025-10-10,178.4184497157736,172.89817218715498,55,-303.61526407402334,-0.030940059940059994,0,stop,0.056548960813015414
FORM,2025-10-10,2025-10-10,40.410368930816645,39.16006969389724,245,-306.3233130452538,-0.030940059940059994,0,stop,0.05239828700604354
CLSK,2025-10-10,2025-10-10,21.071049236297604,20.4191097099266,470,-306.41157739437114,-0.030940059940059994,0,stop,0.04778492171136173
LEU,2025-10-13,2025-10-13,415.1747697753906,402.3292375129394,23,-295.44724203637696,-0.030940059940059994,0,stop,0.14035913092822483
RCUS,2025-10-13,2025-10-13,15.815800190925597,15.326458385018348,620,-303.3919196624938,-0.030940059940059883,0,stop,0.08219176561037433
SITM,2025-10-13,2025-10-13,296.86657733154294,287.6815076347046,33,-303.1072999956657,-0.030940059940059883,0,stop,0.06814339579920281
MP,2025-10-13,2025-10-13,86.88680305480956,94.96493756103516,113,912.8291992034923,0.09297308937848459,0,close,0.10799090004265599
AVGO,2025-10-13,2025-10-13,351.154840678235,354.35744604492186,27,86.47034490054466,0.009120208511154804,0,close,0.08668329137012765
SEI,2025-10-13,2025-10-13,48.34510834299949,51.43866030120849,203,627.991047516428,0.06398893423220464,0,close,0.08270344086907877
HL,2025-10-13,2025-10-13,13.501104884545974,13.454167519569397,727,-34.12346433797129,-0.0034765573171943176,0,close,0.07655503434126598
MPWR,2025-10-13,2025-10-13,963.5325984051669,975.5903276367187,10,120.57729231551775,0.012514085409782272,0,close,0.0698332146595162
MKSI,2025-10-13,2025-10-13,129.03917673782345,132.34286645507814,76,251.08041851135602,0.025602222524768514,0,close,0.06754059016760205
ACMR,2025-10-13,2025-10-13,39.0990613746643,38.586375,251,-128.68428004074065,-0.013112498270777428,0,close,0.06750481580767165
PII,2025-10-14,2025-10-14,62.89846281885467,66.97936319732666,157,640.7013594201032,0.06488076489603323,0,close,0.06763372492894382
WFC,2025-10-14,2025-10-14,80.83967295844947,82.67262334442138,122,223.61994708857333,0.022673896601660193,0,close,0.04561584251803086
PZZA,2025-10-15,2025-10-15,52.04151856113487,50.43135085748161,192,-309.15219910142605,-0.030940059940060105,0,stop,0.10928517424436501
LEU,2025-10-15,2025-10-15,430.42999999999995,417.11247,23,-306.30318999999946,-0.030940059940059883,0,stop,0.08542002227653755
BTSG,2025-10-15,2025-10-15,31.881850381851194,30.895424020036696,313,-308.75145124793795,-0.030940059940059883,0,stop,0.06450535762882392
BWXT,2025-10-15,2025-10-15,212.39619772165446,205.82464663310563,47,-308.862901161795,-0.030940059940059994,0,stop,0.05403536928507857
DLTR,2025-10-15,2025-10-15,100.56045908355712,97.44911245191193,99,-308.0233165328739,-0.030940059940059772,0,stop,0.05105667670988079
DOCN,2025-10-15,2025-10-15,42.40236061096191,41.09042903205871,235,-308.30392104225166,-0.030940059940059994,0,stop,0.04644271465847383
SEI,2025-10-15,2025-10-15,54.743143200726614,53.049387068788846,182,-308.26361601267376,-0.030940059940059994,0,stop,0.04540286217281686
BG,2025-10-15,2025-10-15,86.65598563937229,90.67110946655274,115,461.7392401257513,0.04633406218342251,0,close,0.077417686783956
RUN,2025-10-15,2025-10-15,21.72170076370239,21.268710914611816,460,-208.37533058166423,-0.02085425326581858,0,close,0.04932303881583544
MS,2025-10-15,2025-10-15,159.47766609980005,158.88551110839845,62,-36.713609466899186,-0.0037130904024581524,0,close,0.0488605867159384
AMKR,2025-10-16,2025-10-16,32.72481672747002,31.71230893639462,299,-302.7398295315446,-0.030940059940059994,0,stop,0.05242961230498877
RGEN,2025-10-16,2025-10-16,157.18702877807615,152.32365268588256,62,-301.5293177160026,-0.030940059940059883,0,stop,0.05022735615463825
LEU,2025-10-16,2025-10-16,454.45399999999995,440.39316599999995,21,-295.277514,-0.030940059940059994,0,stop,0.041284403669724856
MU,2025-10-16,2025-10-16,199.964376153654,202.1297601928711,49,106.1038179216373,0.010828849022353815,0,close,0.04178401053705283
SNA,2025-10-16,2025-10-16,337.2098958022083,334.75621728515625,29,-71.15667699450876,-0.007276413140886118,0,close,0.04031987046028118
ALLY,2025-10-17,2025-10-17,38.914649418589164,37.710627833031594,249,-299.80137480383485,-0.030940059940059994,0,stop,0.04031215603239313
CLF,2025-10-20,2025-10-20,15.635619885444639,15.151852868988989,619,-299.45178318604707,-0.030940059940059883,0,stop,0.17267269094822724
CLSK,2025-10-20,2025-10-20,21.253232351303097,20.595656068433758,455,-299.1972087055494,-0.030940059940059994,0,stop,0.08742641566055864
LEU,2025-10-20,2025-10-20,400.4,388.0116,24,-297.32159999999976,-0.030940059940059883,0,stop,0.05213322033261569
CDE,2025-10-20,2025-10-20,22.05728946087295,21.374835602838292,439,-299.5972436772153,-0.030940059940059883,0,stop,0.0479809480474942
SMCI,2025-10-20,2025-10-20,55.09504091644286,54.98496091461182,175,-19.26400032043265,-0.0019980019980018193,0,close,0.05481028351139883
MARA,2025-10-20,2025-10-20,20.570549236297605,20.70926954269409,470,65.19854400634848,0.006743636487435589,0,close,0.05007662532031176
KTOS,2025-10-20,2025-10-20,87.36727877807616,86.56335152435302,110,-88.43199790954444,-0.009201697305523338,0,close,0.05004807381200327
DCH,2025-10-20,2025-10-20,5.655650095462798,5.654339847564697,1713,-2.2444546494475306,-0.00023167060832718356,0,close,0.0405157042327422
CCK,2025-10-21,2025-10-21,100.17046348370694,97.07118333929746,95,-294.4316137189003,-0.030940059940059883,0,stop,0.07308545749565121
RUN,2025-10-21,2025-10-21,21.796774618148802,21.1223811049633,438,-295.3843587752504,-0.030940059940059994,0,stop,0.062195103342940206
FLR,2025-10-21,2025-10-21,49.96991816711425,48.423845903823846,191,-295.2998022884674,-0.030940059940059994,0,stop,0.04260645478950442
GM,2025-10-21,2025-10-21,63.277829431641585,65.9841054840088,151,408.6476839074484,0.04276815555582192,0,close,0.09931021583368471
WBD,2025-10-21,2025-10-21,19.699680305480953,20.309669923782348,485,295.8449648761764,0.03096444251086039,0,close,0.07423584241302095
DHR,2025-10-21,2025-10-21,222.47742030695477,219.3208343811035,42,-132.57660888575293,-0.01418834289563442,0,close,0.07250819585313173
RTX,2025-10-21,2025-10-21,169.46644629319024,170.33864611816406,56,48.843190198533875,0.005146740514430981,0,close,0.06906839162407974
VICR,2025-10-21,2025-10-21,61.711651527404776,65.73420304870605,154,619.4729342803962,0.06518301522873604,0,close,0.06219849333919947
APH,2025-10-22,2025-10-22,67.37728130555718,65.29262418336495,142,-296.0213113512961,-0.030940059940059994,0,stop,0.08767275954317277
COF,2025-10-22,2025-10-22,223.75911730919688,216.83599680751541,42,-290.7710610706216,-0.030940059940059994,0,stop,0.04588808713857229
VRT,2025-10-22,2025-10-22,182.58819080059754,176.93890123287994,52,-293.7630575213153,-0.030940059940059994,0,stop,0.04462246426368388
TTMI,2025-10-22,2025-10-22,59.25920076370239,57.42571754007339,161,-295.1907990042683,-0.030940059940059883,0,stop,0.04427592515495138
VICR,2025-10-22,2025-10-22,79.80973336029052,85.67424213409424,120,703.7410528564465,0.07348112225020431,0,close,0.2117021224789084
HCSG,2025-10-22,2025-10-22,18.478459083557127,18.831150381088257,519,183.04678341865673,0.019086618420740997,0,close,0.11406152229675626
PEGA,2025-10-22,2025-10-22,62.38367932526956,65.21191397094726,153,432.7199007886886,0.045336130800032404,0,close,0.09763362295414346
CALY,2025-10-22,2025-10-22,9.909899618148803,9.900089847564697,968,-9.495857925414214,-0.0009898960597077844,0,close,0.04100939855542918
MEDP,2025-10-23,2025-10-23,620.1695377807616,600.9814551088256,15,-287.8212400790409,-0.030940059940059994,0,stop,0.13317115787960154
FELE,2025-10-23,2025-10-23,101.7595077853024,98.61106251495416,94,-295.95385541273527,-0.030940059940059883,0,stop,0.04579685320841609
CRS,2025-10-23,2025-10-23,267.49667073765914,299.5319553222656,35,1121.2349604612266,0.11975956372191376,0,close,0.09326356503639044
WST,2025-10-23,2025-10-23,300.42386598859036,305.98820013427735,31,172.49435851629653,0.01852161154832599,0,close,0.086859268503515
LVS,2025-10-23,2025-10-23,53.45668318509341,55.628195972442626,179,388.7007889355095,0.04062191400522108,0,close,0.0778349575879691
AA,2025-10-23,2025-10-23,37.42712724158394,39.785674987792966,256,603.7882230295108,0.06301706596354872,0,close,0.057082748784164083
MUR,2025-10-23,2025-10-23,27.774857326180832,28.237662340164185,346,160.13053483824,0.01666273236072069,0,close,0.05516985239913175
PBF,2025-10-23,2025-10-23,30.175653153127893,33.20186850357056,318,962.3364814407677,0.10028665610271892,0,close,0.049185824265497446
APA,2025-10-23,2025-10-23,23.474251550146803,24.03255730819702,409,228.34705504253878,0.02378375118190834,0,close,0.04849287230532218
CACI,2025-10-23,2025-10-23,544.5540197753905,583.9854373168945,17,670.3340982055671,0.07241047923540811,0,close,0.045851349301086586
NXT,2025-10-24,2025-10-24,100.39029091644286,97.28420929808807,99,-307.5020802171245,-0.030940059940059883,0,stop,0.10964819609722443
INTC,2025-10-24,2025-10-24,40.06002045822143,38.82056102404403,249,-308.6253991101721,-0.030940059940059883,0,stop,0.04874215455421971
GD,2025-10-24,2025-10-24,352.7053088510027,341.79258545397533,28,-305.5562551167666,-0.030940059940059994,0,stop,0.04538790041213647
FIX,2025-10-24,2025-10-24,954.0014861643756,978.6742767333984,10,246.72790569022823,0.025862423619717134,0,close,0.15757576953268893
IESC,2025-10-24,2025-10-24,202.15695683288573,218.2715154876709,49,789.6133740844741,0.07971310464525039,0,close,0.061859189434907424
LEU,2025-10-24,2025-10-24,364.69431655883784,382.617,27,483.9124529113788,0.04914440019322486,0,close,0.058391119148341275
CUBI,2025-10-24,2025-10-24,68.85879091644286,70.0398906097412,145,171.25945552826073,0.017152489574374874,0,close,0.0494278827296355
EME,2025-10-24,2025-10-24,729.5537782698722,746.2885479125977,13,217.55200535543145,0.022938363340961443,0,close,0.04842887012466668
HTH,2025-10-24,2025-10-24,33.298623765903024,33.13432061004639,299,-49.12664360113427,-0.004934232628102775,0,close,0.04778063416374878
FSLR,2025-10-24,2025-10-24,239.919672668457,241.16859365844726,41,51.20576058960097,0.005205579751336842,0,close,0.04663752260166487
DOCS,2025-10-27,2025-10-27,70.62055305480956,68.43554891029356,142,-310.27058852127203,-0.030940059940060105,0,stop,0.05550578870639522
LIF,2025-10-27,2025-10-27,99.9498484725952,96.85739416985321,100,-309.24543027419986,-0.030940059940059883,0,stop,0.052160135602235425
MARA,2025-10-27,2025-10-27,20.39037084007263,19.75949154408073,494,-311.65437221999844,-0.030940059940059994,0,stop,0.04247696442258109
VSXY,2025-10-27,2025-10-27,34.564528778076166,33.495100185882556,291,-311.2037203283405,-0.030940059940060105,0,stop,0.04100092509576414
LITE,2025-10-27,2025-10-27,193.82363488769528,193.60620304870605,52,-11.306455627439846,-0.0011218025041951352,0,close,0.07992192742416249
LUMN,2025-10-27,2025-10-27,8.62861988544464,9.350639657020569,1168,843.3190932006839,0.08367731817621049,0,close,0.06551294474347458
FIVE,2025-10-27,2025-10-27,163.6334712219238,160.08975,61,-216.16699453735114,-0.021656456930609913,0,close,0.045940292040484554
LBRT,2025-10-27,2025-10-27,16.906994000748263,16.607570903778075,596,-178.4561657942317,-0.01771001379411008,0,close,0.04573179398969773
SWKS,2025-10-28,2025-10-28,83.05315971572348,80.48348997590763,120,-308.36036877790207,-0.030940059940059883,0,stop,0.12948332530438278
AGYS,2025-10-28,2025-10-28,130.13,126.10376999999998,76,-305.99348000000094,-0.030940059940059994,0,stop,0.1290602804335914
QRVO,2025-10-28,2025-10-28,100.60049999999998,97.48791449999999,99,-308.1459644999994,-0.030940059940059883,0,stop,0.09084991855105606
NEO,2025-10-28,2025-10-28,10.830819694519041,10.49571348397064,923,-309.30303233617457,-0.030940059940059994,0,stop,0.06496061587837731
MIR,2025-10-28,2025-10-28,26.025999999999996,25.220753999999996,384,-309.21446400000013,-0.030940059940059994,0,stop,0.05949466299933448
KRC,2025-10-28,2025-10-28,41.257423790387406,39.98091662534037,242,-308.91473394138274,-0.030940059940059772,0,stop,0.04800001945608878
BWXT,2025-10-28,2025-10-28,212.2966621311399,205.72819067972776,47,-308.7181582163704,-0.030940059940059994,0,stop,0.0454344090152059
ATI,2025-10-28,2025-10-28,99.49940152740477,98.43146878051758,100,-106.79327468871946,-0.010733056988217693,0,close,0.08385129776659483
UPWK,2025-10-28,2025-10-28,17.277260229110716,17.352630838394166,579,43.63958277511746,0.004362416742236475,0,close,0.07071956143289193
NOV,2025-10-28,2025-10-28,14.339079320753271,14.603476349830627,697,184.28472926691734,0.0184389125105604,0,close,0.0501792326383772
TER,2025-10-29,2025-10-29,169.8510153325743,164.5958147373044,57,-299.5464339303834,-0.030940059940059883,0,stop,0.17751771453432208
COCO,2025-10-29,2025-10-29,46.42638106918334,44.989946056102745,211,-303.08778776000605,-0.030940059940059994,0,stop,0.09801134529213185
TKR,2025-10-29,2025-10-29,81.96634375327318,79.43030016447935,119,-301.78918706646584,-0.030940059940059994,0,stop,0.07485107161839388
XNCR,2025-10-29,2025-10-29,15.25523977088928,14.783241737977981,642,-303.02273712905435,-0.030940059940059883,0,stop,0.0694736681486432
CLSK,2025-10-29,2025-10-29,20.500479541778564,19.866193475955964,478,-303.18873946320286,-0.030940059940059883,0,stop,0.0694516945274033
HAYW,2025-10-29,2025-10-29,17.017,17.15283007621765,575,78.10229382514945,0.007982022460930382,0,close,0.10893673089400902
FLS,2025-10-29,2025-10-29,57.056807204244,68.26997955322265,171,1917.4524716753494,0.19652646017922626,0,close,0.09210027849938007
STX,2025-10-29,2025-10-29,239.54159583382858,264.01093231201173,40,978.7734591273261,0.10215067822774992,0,close,0.0785651305740267
CAT,2025-10-29,2025-10-29,555.3444474159487,581.3518430786132,17,442.12572626529686,0.04683110776326038,0,close,0.06427438150561882
WDC,2025-10-29,2025-10-29,131.31644569745293,140.97562825012207,74,714.779508897516,0.07355653361897607,0,close,0.05211339443670604
INDV,2025-10-30,2025-10-30,30.029999999999998,29.10087,335,-311.25854999999905,-0.030940059940059883,0,stop,0.18858955119043408
ALGM,2025-10-30,2025-10-30,33.67864545822143,32.636626149044034,298,-310.52175413486464,-0.030940059940059883,0,stop,0.09450230020414341
ROG,2025-10-30,2025-10-30,90.77068030548095,87.96223001602935,110,-308.9295318396759,-0.030940059940059994,0,stop,0.08481880940185316
AAP,2025-10-30,2025-10-30,58.589617745067336,56.77685146016975,171,-309.98303471748693,-0.030940059940059994,0,stop,0.07763463720979469
CHRW,2025-10-30,2025-10-30,147.51057896822147,152.40152307128906,68,332.58419900859656,0.033156565022507634,0,close,0.1563611304332866
FORM,2025-10-30,2025-10-30,54.40434847259521,59.19075,184,880.6978810424816,0.08797828963645826,0,close,0.138935395721272
VIAV,2025-10-30,2025-10-30,15.865850381851194,17.08290038108826,634,771.6096995162986,0.07670877828453726,0,close,0.13376258229363724
CAH,2025-10-30,2025-10-30,180.3391360723492,188.31116464233398,55,438.46157134916325,0.04420576001199494,0,close,0.10317990086661744
XPO,2025-10-30,2025-10-30,133.73360610961913,135.83403121948243,75,157.53188323974712,0.015706038077980322,0,close,0.07094193269351212
AME,2025-10-30,2025-10-30,195.17235807533277,196.91720452880858,51,88.98716912726661,0.00894002855057141,0,close,0.06504148892026773
RDDT,2025-10-31,2025-10-31,219.4191969451904,212.6303538397064,46,-312.28678285226425,-0.030940059940059883,0,stop,0.12745601796459116
WDC,2025-10-31,2025-10-31,155.36563517086213,150.5586131060502,65,-312.45643421277646,-0.030940059940059883,0,stop,0.12575109828107855
CVCO,2025-10-31,2025-10-31,556.6560755615234,539.4331032176514,18,-310.0135021896963,-0.030940059940059883,0,stop,0.10337296743241575
ALHC,2025-10-31,2025-10-31,18.54853068733215,17.974638036066054,550,-315.6409581963528,-0.030940059940059883,0,stop,0.08235980013393784
WT,2025-10-31,2025-10-31,12.232046153451567,11.853585912274195,834,-315.63584114192815,-0.030940059940059994,0,stop,0.0630396628574621
TWLO,2025-10-31,2025-10-31,126.97684847259521,134.7451248779297,80,621.4621124267592,0.06117868334880816,0,close,0.1239588675182619
AMZN,2025-10-31,2025-10-31,250.3501061096191,243.97578121948243,40,-254.97299560546708,-0.02546164245421012,0,close,0.1222292265034608
NVT,2025-10-31,2025-10-31,112.58492339747517,113.70233070373536,90,100.56665756341715,0.00992501724511774,0,close,0.0828941377614989
ILMN,2025-10-31,2025-10-31,107.01691366577147,123.41646091461182,95,1557.956988639833,0.15324257341281955,0,close,0.0797899338999013
FSLR,2025-10-31,2025-10-31,249.37913488769527,266.67306243896485,40,691.757102050783,0.06934793305405318,0,close,0.06657249306387514
MD,2025-11-03,2025-11-03,19.539520458221432,18.934966524044032,528,-319.20447724566696,-0.030940059940059994,0,stop,0.15026524735345537
LQDA,2025-11-03,2025-11-03,27.147120840072628,26.30718729408073,380,-319.17474747692097,-0.030940059940059883,0,stop,0.11330049916784479
IDCC,2025-11-03,2025-11-03,384.3994103994202,372.5060696007385,26,-309.2268607657247,-0.030940059940059883,0,stop,0.06837759317978565
UCTT,2025-11-03,2025-11-03,29.089059465408322,28.189042221948622,354,-318.60610418473397,-0.030940059940059883,0,stop,0.06019699480903351
CLSK,2025-11-03,2025-11-03,18.863844312667844,18.280195838933942,547,-319.25571513244444,-0.030940059940059994,0,stop,0.058707871971039216
NSSC,2025-11-03,2025-11-03,45.89973442078315,44.47959388657129,224,-318.11147966345675,-0.030940059940059883,0,stop,0.05503962528143336
IDXX,2025-11-03,2025-11-03,693.6929999999999,722.2170624389648,14,399.33687414550946,0.04111914411557405,0,close,0.1008562044279695
AMKR,2025-11-03,2025-11-03,33.738770952774686,37.54049352264404,305,1159.5253838101532,0.11268112211884529,0,close,0.05142502360967138
AMZN,2025-11-03,2025-11-03,255.6153606109619,253.746,40,-74.77442443847508,-0.007313177918939595,0,close,0.045614607050882494
MU,2025-11-03,2025-11-03,233.88511801372306,234.2361866912842,44,15.44702181268974,0.0015010304227245364,0,close,0.04518038857196327
UPWK,2025-11-04,2025-11-04,18.848829923629758,18.26564599599266,545,-317.8352405622183,-0.030940059940059772,0,stop,0.20473447126264466
DAVE,2025-11-04,2025-11-04,260.2700197753906,252.21724976293942,39,-314.0580304855964,-0.030940059940059994,0,stop,0.08287871852354445
ACLS,2025-11-04,2025-11-04,89.52944244384764,86.75939612823484,114,-315.78527997985947,-0.030940059940059994,0,stop,0.08097661047403215
SHC,2025-11-04,2025-11-04,17.577559465408324,17.03370872194862,584,-317.60883418046683,-0.030940059940060105,0,stop,0.05719439016749761
NPO,2025-11-04,2025-11-04,244.24496730449945,236.68801337604026,42,-317.39206499528615,-0.030940059940059994,0,stop,0.04831748910241851
ADUS,2025-11-04,2025-11-04,124.51438938903807,120.66190671794126,82,-315.9035790299383,-0.030940059940059994,0,stop,0.04538197850933079
ORA,2025-11-04,2025-11-04,111.92984679851737,108.46673062948952,91,-315.1435713815349,-0.030940059940059994,0,stop,0.04145809029858927
ULS,2025-11-04,2025-11-04,85.55136464534759,86.30341122436523,120,90.24558948211734,0.00879058542356681,0,close,0.09439003819891978
SANM,2025-11-04,2025-11-04,150.14999999999998,163.41642182922362,68,902.1166843872079,0.08835445773708717,0,close,0.06883286243539155
EXPD,2025-11-04,2025-11-04,128.6752700100283,134.19199813842772,79,435.82152214355426,0.04287325861425795,0,close,0.060672907740721316
DOCN,2025-11-05,2025-11-05,45.36531969451904,43.96171398397063,224,-314.40767916284267,-0.030940059940059994,0,stop,0.16743946551000688
AEIS,2025-11-05,2025-11-05,221.4555102302122,214.60366346963286,46,-315.18495098665005,-0.030940059940060105,0,stop,0.1359138067509571
ECG,2025-11-05,2025-11-05,97.4673727493286,94.45172639426421,104,-313.6272209266966,-0.030940059940059883,0,stop,0.12397559544814962
SHOO,2025-11-05,2025-11-05,34.67763315527703,33.604705106873354,294,-315.44084623068045,-0.030940059940059772,0,stop,0.07704030793720573
IPGP,2025-11-05,2025-11-05,90.08999999999999,87.30260999999999,113,-314.97507000000024,-0.030940059940059994,0,stop,0.0714285714285714
LITE,2025-11-05,2025-11-05,218.71849999999998,232.51725,46,634.7425000000005,0.06308908482821529,0,close,0.1600127377998748
KMT,2025-11-05,2025-11-05,24.130377074831667,24.637906476974486,422,214.1774077042694,0.02103280029851584,0,close,0.117141704411301
VCYT,2025-11-05,2025-11-05,40.03999999999999,45.99396091461182,254,1512.306072311404,0.148700322542753,0,close,0.10741974481871264
FTRE,2025-11-05,2025-11-05,10.690680305480956,11.93804980945587,954,1189.9905067920681,0.11667821582274862,0,close,0.10103098094647156
JCI,2025-11-05,2025-11-05,120.34592275114855,120.0359489364624,84,-26.03780043363622,-0.00257569020703019,0,close,0.08906694406963944
LZ,2025-11-06,2025-11-06,12.142130114555357,11.766451881011006,856,-321.5805679139642,-0.030940059940059994,0,stop,0.19213758103771195
AAON,2025-11-06,2025-11-06,109.63742449622198,106.24523601063507,94,-318.86571764516987,-0.030940059940059994,0,stop,0.17697401155127568
YOU,2025-11-06,2025-11-06,36.0075088789735,34.89343439596582,288,-320.853451106213,-0.030940059940059994,0,stop,0.15146266127633745
HL,2025-11-06,2025-11-06,13.821131086896969,13.39350446262895,752,-321.57522144955004,-0.030940059940059994,0,stop,0.1412056179438843
TPC,2025-11-06,2025-11-06,75.78258974739765,73.4378718782002,137,-321.226348080051,-0.030940059940059883,0,stop,0.11852183110399483
SITM,2025-11-06,2025-11-06,329.32899999999995,339.4701875610352,31,314.37681439209194,0.03079348481620281,0,close,0.1789156532961762
DDOG,2025-11-06,2025-11-06,179.06888938903808,190.62918731689453,58,670.4972798156743,0.0645578244624112,0,close,0.15427799923381147
COHR,2025-11-06,2025-11-06,153.85369694519042,159.14070304870606,67,354.22940893554767,0.034363854808111105,0,close,0.14164741420034122
HCC,2025-11-06,2025-11-06,73.5720052709915,80.91980028533935,141,1036.0390970230471,0.09987215908120683,0,close,0.11671211969754514
COLL,2025-11-06,2025-11-06,40.070028778076164,40.619339847564696,259,142.2715669975297,0.013708776515505727,0,close,0.11659694513496799
DBX,2025-11-07,2025-11-07,30.98095076370239,30.02239829007339,338,-323.99073608660143,-0.030940059940059994,0,stop,0.07952566029222807
CALY,2025-11-07,2025-11-07,9.859850381851196,9.554786020036696,1063,-324.2834166088134,-0.030940059940059994,0,stop,0.06256741047087022
EXPE,2025-11-07,2025-11-07,245.42491864315005,256.09048544311526,42,447.9538055985386,0.043457554591157965,0,close,0.12426024048501683
HASI,2025-11-07,2025-11-07,29.529799633542016,30.888405550003053,355,482.30510034366836,0.04600796257749873,0,close,0.07040290236312252
MNST,2025-11-07,2025-11-07,35.24520908355713,34.83013667678833,297,-123.27650481033369,-0.011776704339723776,0,close,0.06198161305495198
VSAT,2025-11-10,2025-11-10,41.93188938903808,40.63451421794129,250,-324.343792774199,-0.030940059940059772,0,stop,0.16978491435893117
RUN,2025-11-10,2025-11-10,18.353334083557126,17.785480826911925,572,-324.8120628010547,-0.030940059940059883,0,stop,0.07034442397790097
CLSK,2025-11-10,2025-11-10,16.46645076370239,15.956977790073394,637,-324.5342842016709,-0.030940059940059883,0,stop,0.05651901640099344
LIF,2025-11-10,2025-11-10,96.07598336029052,93.10338667632293,109,-324.01303855246783,-0.030940059940059994,0,stop,0.05559527231798156
LEU,2025-11-10,2025-11-10,309.29898022460935,299.7292512370605,33,-315.8010565891118,-0.030940059940059994,0,stop,0.0504146940020449
LITE,2025-11-10,2025-11-10,257.0217796630859,259.6301246337891,40,104.33379882812687,0.010148342191554027,0,close,0.06936409976989477
AGX,2025-11-10,2025-11-10,326.8810388907465,334.6550612182617,32,248.7687144804877,0.023782420521838654,0,close,0.0510944088835763
MP,2025-11-10,2025-11-10,61.6115492362976,64.11582030487061,170,425.72608165741195,0.04064613046765686,0,close,0.05034131125860397
TTMI,2025-11-10,2025-11-10,70.01994694519043,69.82010939025879,150,-29.975633239745036,-0.002854008945308961,0,close,0.04841120606180094
HL,2025-11-10,2025-11-10,14.531189069040913,14.991217454910279,722,332.14049459768233,0.03165800015977149,0,close,0.046829974584329914
LXP,2025-11-11,2025-11-11,47.90760228537044,46.42533819907652,218,-323.13357081207386,-0.030940059940059994,0,stop,0.05184404257823427
PSKY,2025-11-11,2025-11-11,15.930712326444759,16.418711185455322,655,319.6392526519189,0.030632582461519453,0,close,0.06295059629189126
VSAT,2025-11-11,2025-11-11,39.038999999999994,38.07189060974121,267,-258.2182071990954,-0.024772903769532673,0,close,0.05462413420142287
VICR,2025-11-12,2025-11-12,99.64955305480956,96.56638991029358,104,-320.6489670296618,-0.030940059940059772,0,stop,0.07528625062486372
LIF,2025-11-12,2025-11-12,77.68761061096191,75.28395128205872,134,-322.09035007302725,-0.030940059940059772,0,stop,0.06621788204698364
AMD,2025-11-12,2025-11-12,253.3831348876953,258.63112463378906,41,215.16757958984437,0.020711677390919503,0,close,0.0657207827953945
SBH,2025-11-13,2025-11-13,15.695680305480955,15.210055016029356,661,-320.99831632750715,-0.030940059940059994,0,stop,0.06811988959206117
CSCO,2025-11-13,2025-11-13,76.90664367978297,76.19173736572266,134,-95.79744608408217,-0.009295767957797962,0,close,0.05394803217087252
JAZZ,2025-11-17,2025-11-17,168.16799999999998,162.96487199999999,61,-317.39080799999954,-0.030940059940059883,0,stop,0.1908980738470405
COCO,2025-11-17,2025-11-17,47.40736061096191,45.94057403205871,218,-319.7594742008968,-0.030940059940059883,0,stop,0.08004566153638448
ALB,2025-11-17,2025-11-17,118.76823735558679,116.24940266418457,87,-219.13861815199306,-0.021207982432718486,0,close,0.04229647588799468
POWL,2025-11-19,2025-11-19,114.10279131511321,110.57244411249545,89,-314.20090103298077,-0.030940059940059994,0,stop,0.06536566742825745
DY,2025-11-19,2025-11-19,324.8044909973144,324.96471853637695,31,4.967053710938501,0.0004933045678356951,0,close,0.09547602165367342
MP,2025-11-19,2025-11-19,62.06199999999999,63.486449237823486,165,235.0341242408767,0.022952035671159443,0,close,0.05964795382983956
LITE,2025-11-19,2025-11-19,259.2189514465332,268.6510934143066,39,367.8535367431633,0.03638677617951447,0,close,0.046599034557646135
SMTC,2025-11-20,2025-11-20,69.38931969451903,67.24240998397063,148,-317.74263716116315,-0.030940059940059883,0,stop,0.07489536348346171
LEU,2025-11-20,2025-11-20,283.2429514465332,274.47939755117795,36,-315.4879402327888,-0.030940059940059994,0,stop,0.07072313625607829
AMKR,2025-11-20,2025-11-20,33.2914403363652,32.26140117686713,308,-317.25206112540457,-0.030940059940059883,0,stop,0.06554250905488779
TTMI,2025-11-20,2025-11-20,68.02795908355712,65.92316995191192,151,-317.823158878426,-0.030940059940059994,0,stop,0.0574140755273298
WDC,2025-11-20,2025-11-20,162.53945944194908,157.51047882419024,63,-316.82577891880646,-0.030940059940059883,0,stop,0.05656965040246176
STX,2025-11-20,2025-11-20,272.0686967557866,263.6508749703486,37,-311.45940606120735,-0.030940059940059994,0,stop,0.05417913014690123
KTOS,2025-11-20,2025-11-20,74.55448336029052,72.24776317632293,137,-316.0206652035591,-0.030940059940059883,0,stop,0.053912626103088224
LUMN,2025-11-20,2025-11-20,8.098090152740477,7.847534758014677,1269,-317.9547959070401,-0.030940059940059994,0,stop,0.05338546007988132
RMBS,2025-11-20,2025-11-20,95.11501663970947,92.17215232367705,108,-317.8293461315006,-0.030940059940059994,0,stop,0.05320322941052913
STRL,2025-11-20,2025-11-20,352.0016438903808,341.1106919294128,29,-315.8376068680731,-0.030940059940059994,0,stop,0.052308644601141374
LITE,2025-11-21,2025-11-21,249.74949999999998,242.0222355,39,-301.3633154999996,-0.030940059940059883,0,stop,0.06971357453218929
ESE,2025-11-21,2025-11-21,224.76836529349833,217.81401859868822,44,-305.99125457164496,-0.030940059940059883,0,stop,0.06937245656427882
GAP,2025-11-21,2025-11-21,23.833501054009766,24.38174847793579,418,229.1674232010784,0.02300322653745357,0,close,0.055941045338953055
CWK,2025-11-21,2025-11-21,15.405390343666076,15.993990228652954,646,380.23552570152367,0.03820739831035058,0,close,0.0440977328560217
LIVN,2025-11-24,2025-11-24,58.558499999999995,60.399539085388184,170,312.9766445159922,0.03143931428209723,0,close,0.05805749740132815
THC,2025-11-24,2025-11-24,202.55235610961913,214.40537512207032,49,580.7979316101088,0.05851829739287995,0,close,0.05412585448142648
LIF,2025-11-24,2025-11-24,76.1760984725952,79.04088274383545,130,372.42195526123294,0.03760739035841909,0,close,0.04951036039339529
LITE,2025-11-24,2025-11-24,267.46721221923826,299.06062536621096,37,1168.9562864379895,0.1181206955605314,0,close,0.04542437511440056
ALHC,2025-11-24,2025-11-24,17.397379159927365,17.602380838394165,572,117.26096008300976,0.011783480522111978,0,close,0.04071846507553434
COHR,2025-11-24,2025-11-24,145.2551106109619,151.65818756103516,68,435.4092326049814,0.04408159494795805,0,close,0.040140537051209124
KEYS,2025-11-25,2025-11-25,200.70049999999998,194.4908145,51,-316.69396049999887,-0.030940059940059883,0,stop,0.12849666272493443
PTCT,2025-11-25,2025-11-25,84.77469244384764,82.15175837823485,121,-317.3750219391483,-0.030940059940059994,0,stop,0.06087937490765505
KSS,2025-11-25,2025-11-25,18.93647074806937,21.739734094619752,542,1519.3687338303064,0.14803515310983606,0,close,0.23903362890106794
AMTM,2025-11-25,2025-11-25,28.37835038185119,29.97,361,574.5855121517194,0.05608675616207459,0,close,0.11746154685292365
WWD,2025-11-25,2025-11-25,279.5512063322595,292.6134961853027,36,470.2424347095566,0.04672592912197304,0,close,0.07205765194999425
UPWK,2025-11-25,2025-11-25,19.739719312667845,19.67031053352356,520,-36.09256515502878,-0.0035161988904139907,0,close,0.06307278298731323
FIBK,2025-11-25,2025-11-25,32.312991850775205,31.882739124298094,317,-136.39011429324412,-0.01331516216338191,0,close,0.056431222378227286
VCYT,2025-11-25,2025-11-25,48.723674236297605,49.33062106704712,210,127.458834457398,0.012456918331035016,0,close,0.042291187191766166
ADSK,2025-11-26,2025-11-26,314.2839712219238,304.5600063141174,33,-320.8908419576118,-0.030940059940059994,0,stop,0.06636555049077097
DELL,2025-11-26,2025-11-26,132.50153878461364,128.4019332324675,78,-319.76923306739815,-0.030940059940059994,0,stop,0.06083221612699452
NTAP,2025-11-26,2025-11-26,115.12898181665898,111.56688421841348,90,-320.58878384209504,-0.030940059940059994,0,stop,0.045209777702968745
URBN,2025-11-26,2025-11-26,75.72565152740478,77.48243756103516,138,242.43647264099198,0.02319935184703703,0,close,0.1074513867606155
HOOD,2025-11-26,2025-11-26,121.45133183288573,128.07179695129395,86,569.3600001831069,0.054511259930173805,0,close,0.04983994247157919
DAVE,2025-11-28,2025-11-28,222.902672668457,216.00605061529538,46,-317.2446144454346,-0.030940059940059994,0,stop,0.044808274640727896
CLSK,2025-11-28,2025-11-28,14.254239770889281,15.084900381088257,732,608.0435666656502,0.058274634322862395,0,close,0.05873605747628563
UNFI,2025-12-02,2025-12-02,38.30827045822143,37.123010274044034,273,-323.57603028042877,-0.030940059940059883,0,stop,0.11379510413146354
SEI,2025-12-02,2025-12-02,51.621064798598944,50.02390595956058,202,-322.6260854857496,-0.030940059940059883,0,stop,0.06535550942474955
AEO,2025-12-03,2025-12-03,23.438992887478136,22.713789042604922,443,-321.26530327883364,-0.030940059940059994,0,stop,0.14546339219655335
MRVL,2025-12-03,2025-12-03,99.9933010750401,96.89950234617389,104,-321.75506780208525,-0.030940059940059994,0,stop,0.07697278051104672
PATH,2025-12-04,2025-12-04,16.116100381851194,18.46151954269409,641,1503.4136821002976,0.14553267262371627,0,close,0.08344554195432252
DG,2025-12-04,2025-12-04,114.24648101473382,123.41548532867432,90,825.2103882546454,0.0802563390355806,0,close,0.05332601834579753
VSXY,2025-12-05,2025-12-05,48.61856969451904,47.11430823397064,217,-326.42473693900257,-0.030940059940059883,0,stop,0.1683906675821205
COO,2025-12-05,2025-12-05,89.74966366577148,86.97280369235229,117,-324.8926168900455,-0.030940059940059994,0,stop,0.16396215867793873
LIF,2025-12-05,2025-12-05,79.09901663970946,76.65168832367705,133,-325.49466603231076,-0.030940059940059994,0,stop,0.04634534104314403
ULTA,2025-12-05,2025-12-05,579.5289622192382,600.8985,18,384.6516800537122,0.03687397727100583,0,close,0.08427755215136479
COHR,2025-12-05,2025-12-05,186.18599999999998,181.60820329284667,56,-256.3566156005854,-0.024587223030481997,0,close,0.04877357540904481
INDV,2025-12-08,2025-12-08,37.75772122192382,36.58949506411743,277,-323.59864571237125,-0.030940059940059883,0,stop,0.07403195808351426
VIR,2025-12-08,2025-12-08,6.906900095462798,6.693200192509173,1518,-324.3964526836025,-0.030940059940059994,0,stop,0.061538476210374116
PRIM,2025-12-08,2025-12-08,133.23836260990132,129.11595968443552,78,-321.5474281863318,-0.030940059940059994,0,stop,0.061435669203281584
ARWR,2025-12-08,2025-12-08,67.15708633422851,68.53139847564697,156,214.39269406127931,0.020464141856583185,0,close,0.0919596002192209
CVNA,2025-12-08,2025-12-08,87.00691816711425,89.50640467071533,120,299.9383804321292,0.028727445544046493,0,close,0.08712504166376034
VSTS,2025-12-08,2025-12-08,7.467460038185119,7.392600095272064,1404,-105.1033598499295,-0.01002482002317473,0,close,0.0657142911638533
CRH,2025-12-08,2025-12-08,125.7178520721065,125.01222225952148,83,-58.56727444455635,-0.005612805189992409,0,close,0.06285038329959969
HE,2025-12-08,2025-12-08,11.961949809074401,11.888099618911744,876,-64.69276658248785,-0.006173758571251797,0,close,0.06222220526801214
WBD,2025-12-08,2025-12-08,27.667639389038083,27.202769542694092,379,-176.18567176437244,-0.016801933833508476,0,close,0.05981593061756052
FLEX,2025-12-08,2025-12-08,65.89583183288573,67.47246091461182,159,250.6840239944471,0.023926082088537415,0,close,0.05479894234905047
STAA,2025-12-09,2025-12-09,27.27725,26.43329025,382,-322.3926244999999,-0.030940059940059883,0,stop,0.15760403314281457
GIII,2025-12-09,2025-12-09,33.41209489059695,32.378322671958905,312,-322.53693221506904,-0.030940059940059994,0,stop,0.1402090227657673
ARES,2025-12-09,2025-12-09,171.87939437782987,166.56143561331862,60,-319.0775258706748,-0.030940059940059883,0,stop,0.08857908270693748
YOU,2025-12-09,2025-12-09,35.11728350867149,34.60534795761109,296,-151.53292311387952,-0.014577880174985403,0,close,0.09610084096371363
PLAB,2025-12-10,2025-12-10,32.212180305480956,37.312648475646974,320,1632.1498144531256,0.15833973738493468,0,close,0.2526274673491842
GEV,2025-12-10,2025-12-10,691.5606164022213,720.9409960327148,14,411.3253148269091,0.04248417121168946,0,close,0.10690862156248016
ANDE,2025-12-10,2025-12-10,51.08457069495098,51.27937303161621,201,39.15526966971053,0.0038133302093987798,0,close,0.04376004815170531
ECHO,2025-12-10,2025-12-10,97.66756969451903,103.87602335357666,105,651.8876342010506,0.06356719716151638,0,close,0.043083159502384616
CIEN,2025-12-11,2025-12-11,236.58635610961912,229.26636007058715,44,-322.0798257174064,-0.030940059940059883,0,stop,0.06535947532601938
FTRE,2025-12-11,2025-12-11,16.126110610961913,15.627167782058715,656,-327.3064957604979,-0.030940059940059883,0,stop,0.06406870839052603
NDSN,2025-12-11,2025-12-11,247.1727936524529,239.52525260129394,42,-321.196724148676,-0.030940059940059883,0,stop,0.05788770882074967
STAA,2025-12-11,2025-12-11,25.295270458221434,24.512633274044035,418,-327.1423429861531,-0.030940059940059994,0,stop,0.05335559394988043
YOU,2025-12-12,2025-12-12,37.85334056489389,40.472247402191165,276,722.8182870940477,0.069185620032862,0,close,0.05750148052226711
ALGT,2025-12-12,2025-12-12,88.20812274932861,85.77414060974121,118,-287.2098924713132,-0.0275936281571747,0,close,0.047053219013291514
HL,2025-12-15,2025-12-15,19.637476435107963,19.029891737134207,534,-324.45022871798585,-0.030940059940059994,0,stop,0.04359378927247515
SNDK,2025-12-15,2025-12-15,214.65945233154295,208.0178760097046,48,-318.79566344824116,-0.030940059940059883,0,stop,0.04008640480181924
LITE,2025-12-15,2025-12-15,341.8164811096191,334.35531243896486,30,-223.83506011962652,-0.021827995673097567,0,close,0.0527979025057721
TNDM,2025-12-16,2025-12-16,24.484459083557127,23.726908451911925,425,-321.9590184492109,-0.030940059940059883,0,stop,0.10628667613065823
ROKU,2025-12-16,2025-12-16,113.51140062713621,109.99935108785246,91,-319.5965080748214,-0.030940059940059883,0,stop,0.040110076014030716
LITE,2025-12-17,2025-12-17,338.2479136657714,327.7825029423522,30,-313.96232170257633,-0.030940059940059994,0,stop,0.0688281201509362
JBL,2025-12-17,2025-12-17,222.55416311804004,215.66832397125802,46,-316.74860075197284,-0.030940059940059883,0,stop,0.046763297958215766
WRBY,2025-12-17,2025-12-17,27.757729541778563,26.89890372595596,372,-319.4832034860079,-0.030940059940059994,0,stop,0.04052532604747627
MU,2025-12-18,2025-12-18,256.53559043069913,248.59836388601462,39,-309.55183524269574,-0.030940059940059994,0,stop,0.13750440111710827
SNDK,2025-12-18,2025-12-18,222.9577356109619,216.0594099070587,46,-317.32298237954706,-0.030940059940059883,0,stop,0.0768988958975525
TLN,2025-12-18,2025-12-18,375.28491366577146,363.6735759423523,27,-313.50611853231794,-0.030940059940059883,0,stop,0.06520630970625652
FN,2025-12-18,2025-12-18,451.62118344116203,437.64799695529166,22,-307.4101026891482,-0.030940059940059994,0,stop,0.05776853848253527
HOOD,2025-12-18,2025-12-18,121.99187274932859,118.21743689426421,84,-317.0526118254081,-0.030940059940059883,0,stop,0.05241795798667792
SITM,2025-12-18,2025-12-18,374.6843075561523,363.0915526217651,27,-313.00438322845406,-0.030940059940059883,0,stop,0.05116684379814562
LITE,2025-12-18,2025-12-18,336.73639389038084,326.3177496794128,30,-312.55932632904035,-0.030940059940059883,0,stop,0.05042933301009955
GEV,2025-12-18,2025-12-18,648.7470912196826,637.6090061645508,15,-167.07127582697694,-0.017168608855249845,0,close,0.05716468649951745
LRCX,2025-12-18,2025-12-18,163.0428543718662,164.22271311950684,62,73.1512423537186,0.007236494676115202,0,close,0.05297453804690533
WDC,2025-12-18,2025-12-18,174.78938502436884,174.64971464538573,58,-8.100881981020507,-0.0007990781531935776,0,close,0.05136525557731919
WGO,2025-12-19,2025-12-19,45.718613858272086,44.30407720512069,219,-309.7835270401554,-0.030940059940059994,0,stop,0.1817506126288153
ECHO,2025-12-19,2025-12-19,108.08798336029052,104.74373467632293,92,-307.6708789250185,-0.030940059940059994,0,stop,0.05253930413731989
CDE,2025-12-22,2025-12-22,19.2776328643596,18.681181748033843,516,-307.7687760240902,-0.030940059940059994,0,stop,0.05643843541311089
SNDK,2025-12-22,2025-12-22,249.89464927673336,242.16289384941095,39,-301.53846166557406,-0.030940059940059994,0,stop,0.05065024044103761
MU,2025-12-22,2025-12-22,277.1560316087257,268.5808073780026,35,-300.1328480753088,-0.030940059940059883,0,stop,0.042230631663529694
MPWR,2025-12-22,2025-12-22,971.9471178920661,941.8750158059171,10,-300.72102086149016,-0.030940059940059883,0,stop,0.04155319498380017
CLSK,2025-12-22,2025-12-22,12.527515343666074,12.139913268033027,795,-308.14365012827284,-0.030940059940059883,0,stop,0.040315928604910845
SWK,2025-12-22,2025-12-22,74.08456129073048,72.91892855072021,134,-156.19478716137576,-0.01573381443720734,0,close,0.04865963625333736
HL,2025-12-22,2025-12-22,20.507809579169262,20.516753282546997,485,4.337696138201519,0.00043611207443716715,0,close,0.04219616565525941
PATH,2025-12-24,2025-12-24,16.99697954177856,17.142839847564698,576,84.01553613281476,0.008581542704550138,0,close,0.0639097432112401
VRT,2026-01-02,2026-01-02,169.51725224793464,175.31317405700685,57,330.36754311711604,0.03419074891914331,0,close,0.04601567490053471
SEDG,2026-01-02,2026-01-02,30.070040916442867,31.32864060974121,326,410.30350001525994,0.04185560295031454,0,close,0.041247851588312345
PBF,2026-01-05,2026-01-05,30.123865062932076,29.19183087225868,328,-305.70721454087357,-0.030940059940059883,0,stop,0.07430764835504089
KTOS,2026-01-05,2026-01-05,84.99491366577148,82.36516594235228,116,-305.0507359166272,-0.030940059940060105,0,stop,0.07087908540408994
NOV,2026-01-05,2026-01-05,17.217603412311437,16.684889730710342,573,-305.24493955742736,-0.030940059940059883,0,stop,0.06703218513624742
CVX,2026-01-05,2026-01-05,161.40852164592084,156.4145323113596,61,-304.6333494082353,-0.030940059940059772,0,stop,0.06318164202850851
HP,2026-01-05,2026-01-05,31.214279678234277,30.248507994003916,316,-305.1838522167942,-0.030940059940059883,0,stop,0.06212414915501596
VLO,2026-01-05,2026-01-05,177.24595095884106,177.75811436462402,55,28.16898731806262,0.002889563361037739,0,close,0.08698812078644091
HAL,2026-01-05,2026-01-05,31.595887654058583,31.453927185058593,312,-44.29166632799689,-0.004493004613584706,0,close,0.08108102840566755
AMKR,2026-01-05,2026-01-05,45.73230397280631,47.84792098617554,216,456.973274887754,0.046260888465782024,0,close,0.06966457032479512
SLB,2026-01-05,2026-01-05,42.34775357621343,43.049432956695554,233,163.4912956523354,0.01656945932726539,0,close,0.06965185320144163
WFRD,2026-01-05,2026-01-05,85.27973784217029,87.78009773254395,115,287.54138739297076,0.029319507231613917,0,close,0.06210912554436976
ARWR,2026-01-06,2026-01-06,72.13706744384764,69.90514225323486,136,-303.5418259233387,-0.030940059940059883,0,stop,0.12813088973751507
FTRE,2026-01-06,2026-01-06,18.13812084007263,17.57692629408073,541,-303.6062493816175,-0.030940059940059994,0,stop,0.090252703023882
UNFI,2026-01-06,2026-01-06,35.02499168014526,33.941316338161464,280,-303.4290957554637,-0.030940059940060105,0,stop,0.051698262610085255
SNDK,2026-01-06,2026-01-06,289.03374011230466,349.28037487792966,33,1988.1389472656251,0.20844152915232672,0,close,0.05350630933811429
MCHP,2026-01-06,2026-01-06,69.44861704660049,73.54350171661378,141,577.3787384718734,0.05896279644079283,0,close,0.052192101690920145
PENG,2026-01-07,2026-01-07,23.68365984725952,22.95088599198532,421,-308.4977930704381,-0.030940059940059883,0,stop,0.09791186473560964
AIR,2026-01-07,2026-01-07,95.00491366577147,92.06545594235227,105,-308.64306095901554,-0.030940059940059994,0,stop,0.06092113384095321
PBF,2026-01-07,2026-01-07,28.24665312638499,27.372699985548557,353,-308.5054587152613,-0.030940059940059994,0,stop,0.055453611438575745
GMED,2026-01-08,2026-01-08,100.2000984725952,97.0999014198532,98,-303.8193111687164,-0.030940059940059994,0,stop,0.10558866204908823
AVAV,2026-01-08,2026-01-08,350.3600197753906,339.5198597629394,28,-303.524480348633,-0.030940059940059994,0,stop,0.09900149991093299
LHX,2026-01-08,2026-01-08,329.18877693833593,319.0036564482688,30,-305.5536147020132,-0.030940059940059883,0,stop,0.07479972441554605
NOC,2026-01-08,2026-01-08,611.0427496680976,592.1370503674276,16,-302.4911888107199,-0.030940059940059994,0,stop,0.0708306927437945
LMT,2026-01-08,2026-01-08,522.9514298058766,506.77128122194273,18,-291.24267451080993,-0.030940059940059994,0,stop,0.07048127505494128
NEOG,2026-01-08,2026-01-08,9.24923977088928,9.700290038108825,1069,482.17273565769324,0.04876619899498813,0,close,0.2520324698962628
KTOS,2026-01-08,2026-01-08,99.62952877807616,103.93596091461181,99,426.3367815170291,0.04322445553394294,0,close,0.08847327342400946
HII,2026-01-08,2026-01-08,375.8117428466489,373.5507579345703,26,-58.78560771404318,-0.006016269994525425,0,close,0.06606810112188222
KRMN,2026-01-08,2026-01-08,97.11701663970946,101.17871878051758,101,410.2319162216204,0.04182276475683411,0,close,0.057784511031678365
OMCL,2026-01-08,2026-01-08,49.949901527404776,50.5394101524353,198,116.72270775604404,0.011801997741819337,0,close,0.051633313457246865
CRI,2026-01-09,2026-01-09,35.80012427374019,34.69246628284907,275,-304.605947495058,-0.030940059940059994,0,stop,0.05513853671946811
LEU,2026-01-09,2026-01-09,305.29498022460933,305.88381243896487,32,18.842630859377095,0.001928732054232718,0,close,0.06546721479257633
SEDG,2026-01-09,2026-01-09,31.98195076370239,32.85710939025879,308,269.54885697937186,0.027364141512895346,0,close,0.05584932324106817
TLN,2026-01-09,2026-01-09,376.2308659973144,370.45915658569334,26,-150.0644447021483,-0.015340871611693618,0,close,0.05577250277058465
CEG,2026-01-09,2026-01-09,338.3331402277774,340.6657681274414,29,67.64620909025695,0.006894470633570293,0,close,0.05256712118110918
CLF,2026-01-09,2026-01-09,12.782770458221433,12.747240228652954,772,-27.429337226866096,-0.002779540607773967,0,close,0.041598712835289264
MIR,2026-01-09,2026-01-09,25.275249999999996,25.94402931404114,390,260.82393247604546,0.026459849617358477,0,close,0.04080790444262061
AKAM,2026-01-12,2026-01-12,93.8337378616333,90.93051638779448,105,-304.83825475307526,-0.030940059940059994,0,stop,0.0637766107809783
LPG,2026-01-12,2026-01-12,26.608777643771624,25.785500468541603,371,-305.435832010338,-0.030940059940059994,0,stop,0.046674008164362624
HL,2026-01-12,2026-01-12,23.93911609954993,24.420427030563353,413,198.78141450854312,0.020105626666076848,0,close,0.06592422900340567
CDE,2026-01-12,2026-01-12,21.50735778001673,21.564174356460573,459,26.078808587724076,0.00264172740440638,0,close,0.05441175719727731
ALB,2026-01-12,2026-01-12,166.70391863736842,167.7478557128906,59,61.59228745580947,0.00626222277229771,0,close,0.04123011206148153
RVTY,2026-01-13,2026-01-13,110.76733122756842,107.34018335998698,89,-305.0161602147481,-0.030940059940059883,0,stop,0.06728267841400681
LHX,2026-01-13,2026-01-13,357.5266931735935,346.46479585663116,27,-298.6712275579837,-0.030940059940059772,0,stop,0.06137728939205478
ORA,2026-01-13,2026-01-13,123.84879308434667,120.0169040028129,79,-302.71923744116816,-0.030940059940059994,0,stop,0.04250313727174082
OPCH,2026-01-13,2026-01-13,35.28525,34.71525,279,-159.0300000000001,-0.016154058707250174,0,close,0.09950088864832529
KMT,2026-01-13,2026-01-13,32.34856564265092,32.69656834030151,304,105.79282008578014,0.01075790195753723,0,close,0.06966148107376346
RCUS,2026-01-13,2026-01-13,22.212190534591674,22.717259771347045,443,223.74567188262958,0.022738380348791498,0,close,0.04178409994722099
INTC,2026-01-13,2026-01-13,45.93588938903808,47.24271091461182,214,279.65980647278,0.02844881296421775,0,close,0.04153422513206628
TTMI,2026-01-13,2026-01-13,81.1710863342285,93.14675786590576,121,1449.0562553329473,0.1475361741786534,0,close,0.04108354054843488
CLSK,2026-01-14,2026-01-14,13.26325,12.852884249999999,750,-307.7743125000003,-0.030940059940059994,0,stop,0.05577687638458495
ADNT,2026-01-14,2026-01-14,22.792770458221433,23.576400381088256,436,341.6626463699346,0.03438063504843325,0,close,0.061538445122336194
ENTG,2026-01-15,2026-01-15,117.24935652677033,113.62165440789859,84,-304.72697798522603,-0.030940059940059994,0,stop,0.1279662966675179
LRCX,2026-01-15,2026-01-15,227.944289779627,220.89167979085096,43,-303.2622295173704,-0.030940059940059994,0,stop,0.09272488610684348
AMKR,2026-01-15,2026-01-15,52.027841084269646,50.418096562570426,191,-307.461203644551,-0.030940059940059994,0,stop,0.07314570783284724
PEN,2026-01-15,2026-01-15,348.458095336914,350.1395002441406,28,47.07933740234421,0.004825271473750226,0,close,0.11064669459267407
TLN,2026-01-15,2026-01-15,408.61820144653313,418.65093731689456,24,240.7856608886741,0.02455283644939188,0,close,0.08905372056292782
CALX,2026-01-15,2026-01-15,59.839778778076166,58.98096091461181,166,-142.56376533508254,-0.014351955856143683,0,close,0.08770014146863359
AMAT,2026-01-15,2026-01-15,327.2417915714797,317.6288915405273,30,-288.3870009285721,-0.02937552683839484,0,close,0.08675317729935306
ONTO,2026-01-15,2026-01-15,219.51930305480954,217.63215609741212,45,-84.92161308288388,-0.008596724438972192,0,close,0.08451607621018198
MKSI,2026-01-15,2026-01-15,204.66211570668838,204.512247756958,48,-7.193661587058159,-0.0007322701087736361,0,close,0.07724632872975246
MATX,2026-01-15,2026-01-15,140.98979775564192,144.94821418762206,70,277.0891502386098,0.02807590687406125,0,close,0.07413573136295804
STX,2026-01-16,2026-01-16,333.0147418629539,322.7112457887905,29,-298.8013861507379,-0.030940059940059883,0,stop,0.04114642599081164
MRNA,2026-01-16,2026-01-16,41.64159847259521,41.788171829223636,237,34.73788552093622,0.0035198782468661705,0,close,0.056910513949037345
MU,2026-01-16,2026-01-16,353.25034010818143,362.17935873413086,27,241.08350290063447,0.025276744597655387,0,close,0.048926028960727175
PNC,2026-01-16,2026-01-16,220.0511607872217,217.8350779724121,44,-97.50764385162222,-0.010070761757773439,0,close,0.04631696976350552
CRK,2026-01-20,2026-01-20,22.742719312667845,22.039058213933945,433,-304.6852557517785,-0.030940059940059883,0,stop,0.07271005599572056
SARO,2026-01-20,2026-01-20,34.46443030548095,33.39809876602936,286,-304.9708202831565,-0.030940059940059883,0,stop,0.06003697014846665
HL,2026-01-20,2026-01-20,28.060683806407173,27.192484567477866,351,-304.7379328641868,-0.030940059940059883,0,stop,0.0568951291370523
CNX,2026-01-20,2026-01-20,37.70766816711426,36.540990653823854,261,-304.50283096879497,-0.030940059940059883,0,stop,0.044358150475689584
SBH,2026-01-21,2026-01-21,17.09707992362976,16.56809524599266,569,-300.99228157551073,-0.030940059940059994,0,stop,0.06417450066085761
HWC,2026-01-21,2026-01-21,69.75715718435825,67.59886655982602,139,-300.00239680997964,-0.030940059940059994,0,stop,0.05325428308363245
LITE,2026-01-21,2026-01-21,373.9736061096191,362.4028403205871,26,-300.83991051483224,-0.030940059940059994,0,stop,0.046997226024483085
AVAV,2026-01-21,2026-01-21,346.46611511230464,335.7464327435302,28,-300.1511063256844,-0.030940059940059994,0,stop,0.04602731963650064
RMBS,2026-01-21,2026-01-21,120.93080755615233,125.8040703048706,80,389.86101989746203,0.04029794265994169,0,close,0.0972751973923962
SFBS,2026-01-21,2026-01-21,40.75212541601259,43.26796801757813,239,601.2863817741636,0.061735248797035736,0,close,0.07703394707370115
TDY,2026-01-21,2026-01-21,608.0173831176758,621.1681880493164,16,210.41287890625063,0.021628994987295425,0,close,0.07272662009470188
CRI,2026-01-21,2026-01-21,36.28007267814474,37.3121873588562,268,276.60673443067094,0.028448528476438417,0,close,0.053469956955743525
BKU,2026-01-21,2026-01-21,48.07971196787159,49.6093756942749,202,308.9920727334694,0.031815159945747684,0,close,0.049795238618027815
MATX,2026-01-21,2026-01-21,150.39244247033125,154.62005122375487,64,270.56696021911193,0.02811051329429426,0,close,0.045008280118427946
KRMN,2026-01-22,2026-01-22,115.38526663970946,111.81523957367705,85,-303.4523006127548,-0.030940059940059994,0,stop,0.10000950124990582
WINA,2026-01-22,2026-01-22,484.38714126329256,469.40017407841196,20,-299.73934369761196,-0.030940059940059994,0,stop,0.09180865767355062
RMBS,2026-01-22,2026-01-22,133.13299999999998,129.01385699999997,73,-300.6974390000006,-0.030940059940059994,0,stop,0.05614229871905785
NXT,2026-01-22,2026-01-22,105.68558183288573,102.41566359617613,92,-300.8324777772832,-0.030940059940059994,0,stop,0.052432238359564565
TTMI,2026-01-22,2026-01-22,104.57447122192382,101.33893081411742,93,-300.90525792599493,-0.030940059940059994,0,stop,0.04605986129582362
PLAB,2026-01-22,2026-01-22,37.89786061096191,36.72529853205871,259,-303.69357843592826,-0.030940059940059883,0,stop,0.04441380994073274
MKSI,2026-01-22,2026-01-22,229.95038027580125,222.8357017268284,42,-298.8164990568596,-0.030940059940059883,0,stop,0.04349211852610457
CPRI,2026-01-22,2026-01-22,26.01598977088928,25.21105348797798,377,-303.46097865755985,-0.030940059940059883,0,stop,0.04168332570648725
P,2026-01-22,2026-01-22,74.70462725067138,72.39326160573577,131,-302.78889948656433,-0.030940059940059883,0,stop,0.04028435288130883
ANET,2026-01-22,2026-01-22,139.9798363342285,138.27159365844727,70,-119.5769873046865,-0.012203491020681634,0,close,0.09859372560372393
TALO,2026-01-23,2026-01-23,11.736725381851196,11.468519542694091,813,-218.05134723472614,-0.022851845845506258,0,close,0.042222256130642455
LKQ,2026-01-26,2026-01-26,35.95783732469021,34.84529968254937,264,-293.7099375251826,-0.030940059940059994,0,stop,0.09077544508051294
CDE,2026-01-26,2026-01-26,27.666601576847782,26.810595265722355,344,-294.46617102714674,-0.030940059940059883,0,stop,0.059747190419292995
HL,2026-01-26,2026-01-26,33.612797024031245,32.57281506935465,283,-294.3148931734773,-0.030940059940059994,0,stop,0.05627160565854017
FCX,2026-01-26,2026-01-26,63.19056147999552,61.23544172015842,150,-293.2679639755655,-0.030940059940059883,0,stop,0.049826164552478014
MP,2026-01-26,2026-01-26,72.73266366577148,70.4823106923523,130,-292.5458865444938,-0.030940059940059883,0,stop,0.04426561871230117
DOCN,2026-01-26,2026-01-26,56.26620908355712,58.88105862808227,169,441.90957302475033,0.04647282244734163,0,close,0.04849838546017593
DOCN,2026-01-27,2026-01-27,63.153090152740475,61.19912975801468,149,-291.1400988141438,-0.030940059940059883,0,stop,0.07041061456690145
TFIN,2026-01-27,2026-01-27,75.12505305480956,72.80067941029357,125,-290.5467055644983,-0.030940059940059883,0,stop,0.06363386690079631
GLW,2026-01-27,2026-01-27,101.63429657449966,109.05322927093506,92,682.5418080720573,0.07299635011491623,0,close,0.07498690148029485
HCA,2026-01-27,2026-01-27,502.81754146711086,502.64760607910154,18,-3.058836984167783,-0.0003379663078449946,0,close,0.06905456181269698
GM,2026-01-27,2026-01-27,83.16325557531343,85.72628354644776,113,289.6221607381795,0.03081923565165412,0,close,0.05287670839673275
SYY,2026-01-27,2026-01-27,77.89154623762899,82.66090106964111,120,572.3225798414552,0.06123071196278396,0,close,0.04350130145149045
LUMN,2026-01-27,2026-01-27,9.008999999999999,9.280709961891175,1045,283.93691017627896,0.030159835929756573,0,close,0.042873682578514316
NXT,2026-01-28,2026-01-28,123.09297122192382,119.28446731411742,77,-293.2548009010926,-0.030940059940059994,0,stop,0.16108013378057495
SBUX,2026-01-28,2026-01-28,100.57551137015845,97.46369901986357,94,-292.51036092771903,-0.030940059940059994,0,stop,0.06874214741573481
EAT,2026-01-28,2026-01-28,168.0478848876953,162.8484732564697,56,-291.16705134863287,-0.030940059940059994,0,stop,0.06732794232761496
RUN,2026-01-28,2026-01-28,21.739718412399288,21.06709022163963,438,-294.61114755272956,-0.030940059940059883,0,stop,0.04816607778503057
AMRX,2026-01-28,2026-01-28,14.444430305480955,13.997518766029355,660,-294.9616160380559,-0.030940059940059994,0,stop,0.04338397576136388
STX,2026-01-28,2026-01-28,394.6149765136741,441.40181478881834,24,1122.884118603462,0.11856326054447908,0,close,0.06302457404590234
MCHP,2026-01-28,2026-01-28,78.5627597531261,78.85764026641846,121,35.68054210837499,0.0037534388330933144,0,close,0.06200102218437653
INTC,2026-01-28,2026-01-28,46.64659847259521,48.73121878051758,204,425.2625428161638,0.04468965318333096,0,close,0.060778469164516125
LFUS,2026-01-28,2026-01-28,308.08220226913795,312.1249405517578,30,121.2821484785951,0.013122271435492161,0,close,0.045210495216418956
WDC,2026-01-28,2026-01-28,263.43404457014884,279.1242523498535,36,564.8474800693684,0.059560288820325935,0,close,0.04270568472980241
FCX,2026-01-29,2026-01-29,69.13896415148139,66.99980045644091,139,-297.3437536106268,-0.030940059940059772,0,stop,0.09052330700815192
IBM,2026-01-29,2026-01-29,311.82564001971156,302.17773602665415,30,-289.43711979172235,-0.030940059940059883,0,stop,0.0805682423154217
AMP,2026-01-29,2026-01-29,533.1228173910317,516.6279654655395,18,-296.9073346588593,-0.030940059940059994,0,stop,0.07629027411833444
ALGM,2026-01-29,2026-01-29,36.99695908355712,35.85227095191192,260,-297.61891422775295,-0.030940059940059994,0,stop,0.06975397686339124
TTEK,2026-01-29,2026-01-29,39.30097644993387,38.08500188287003,244,-296.69779436357663,-0.030940059940059994,0,stop,0.06495967918876921
CVNA,2026-01-29,2026-01-29,86.3402518005371,83.66887923458862,111,-296.52235482028215,-0.030940059940059994,0,stop,0.05177536826144835
LBRT,2026-01-29,2026-01-29,23.751669103772496,25.048572898864744,405,525.2460370123606,0.05460263821569744,0,close,0.10000007217595486
VIAV,2026-01-29,2026-01-29,23.033010229110715,24.675300762176512,417,684.8351522884373,0.07130160221047244,0,close,0.09415118771221298
RCL,2026-01-29,2026-01-29,311.31540234795153,340.00855856323244,30,860.7946864584272,0.09216748030735422,0,close,0.08419065727427522
LUV,2026-01-29,2026-01-29,42.847936868573896,47.80942345046997,224,1111.3729943447208,0.11579289329879017,0,close,0.0616740921971366
SNDK,2026-01-30,2026-01-30,651.8812104492187,631.711966724121,14,-282.3694121513672,-0.030940059940059994,0,stop,0.20754681106862916
LITE,2026-01-30,2026-01-30,406.65624999999994,394.07428124999996,24,-301.9672499999997,-0.030940059940059883,0,stop,0.0650429881496366
RSI,2026-01-30,2026-01-30,18.79878068733215,18.217145286066053,519,-301.86877325710486,-0.030940059940059994,0,stop,0.05624296745675017
CHD,2026-01-30,2026-01-30,95.65416598787297,95.25522010803223,102,-40.692479743755314,-0.004170710974484071,0,close,0.04893436603628265
CL,2026-01-30,2026-01-30,87.73731403199136,89.13161961364746,111,154.76791956382692,0.015891819769496163,0,close,0.04059126119769618
NSSC,2026-02-02,2026-02-02,38.75345580267288,37.55442155725372,249,-298.5595271093717,-0.030940059940059994,0,stop,0.06261866369605706
HL,2026-02-03,2026-02-03,23.558970797018475,22.8300548284326,409,-298.12663115162223,-0.030940059940059994,0,stop,0.09280740843044888
CDE,2026-02-03,2026-02-03,21.98729867585627,21.307010336905275,439,-298.6465807994865,-0.030940059940059994,0,stop,0.08218502544827011
CENX,2026-02-03,2026-02-03,50.95090152740478,49.37447758014678,189,-297.94412603176204,-0.030940059940059994,0,stop,0.07565515329972117
LITE,2026-02-03,2026-02-03,452.19173022460933,438.20089098706046,21,-293.80762398852625,-0.030940059940059994,0,stop,0.06688388812182122
GLW,2026-02-03,2026-02-03,116.79928134126448,113.18550457560983,82,-296.3296947836812,-0.030940059940059994,0,stop,0.06288515753837798
RGLD,2026-02-03,2026-02-03,274.7816936882115,266.279931615067,35,-297.5616725600557,-0.030940059940059883,0,stop,0.062437354030922876
NEM,2026-02-03,2026-02-03,118.14624241395644,114.49079059197578,81,-296.09159758043364,-0.030940059940059883,0,stop,0.05263626223082407
WWD,2026-02-03,2026-02-03,372.4121470953273,369.8346901245117,25,-64.43642427039009,-0.006920979863086596,0,close,0.13983197761232868
AES,2026-02-03,2026-02-03,15.369605348343509,15.689946584701538,628,201.1742964328423,0.02084251541257398,0,close,0.06788865973211666
FCX,2026-02-03,2026-02-03,63.85813409705599,64.30729428863525,151,67.82318892846826,0.007033719320652221,0,close,0.05480578858798868
COLM,2026-02-04,2026-02-04,65.03510039040724,63.02291048612022,145,-291.76753612161787,-0.030940059940059994,0,stop,0.1491288777619546
KMT,2026-02-04,2026-02-04,38.885218908624516,37.68210790480932,243,-292.3559739270924,-0.030940059940059994,0,stop,0.10458618107664241
SEDG,2026-02-04,2026-02-04,34.21418030548095,33.15559151602935,276,-292.17050588864294,-0.030940059940060105,0,stop,0.10364872660610991
SONO,2026-02-04,2026-02-04,16.116100381851194,15.617467270036695,587,-292.6976366351108,-0.030940059940059994,0,stop,0.10047848636568402
LEA,2026-02-04,2026-02-04,128.83016858041876,124.84415544245257,73,-290.97895907153134,-0.030940059940059883,0,stop,0.09531769546878
LITE,2026-02-04,2026-02-04,473.59311511230464,458.9401157435302,19,-278.4069880067142,-0.030940059940059994,0,stop,0.0873821845100744
ADNT,2026-02-04,2026-02-04,22.862840152740475,22.155462508014676,414,-292.85434491648084,-0.030940059940059883,0,stop,0.08452045260134367
JCI,2026-02-04,2026-02-04,131.8600320777464,127.78027478156271,71,-289.66276802904275,-0.030940059940059994,0,stop,0.06846215752496154
RUN,2026-02-04,2026-02-04,19.81479507637024,20.70926954269409,477,426.6643204364779,0.045141747006535615,0,close,0.07173799741191256
LLY,2026-02-04,2026-02-04,1071.0209215744858,1100.6953220214843,8,237.3952035759885,0.027706648721086413,0,close,0.07141291561984864
XPO,2026-02-05,2026-02-05,200.2800818328857,194.08340409617614,46,-285.0471758886404,-0.030940059940059883,0,stop,0.11440352742014026
SITM,2026-02-05,2026-02-05,384.8044334411621,372.89856120529174,24,-285.740933660888,-0.030940059940059883,0,stop,0.10478222458906816
ITT,2026-02-05,2026-02-05,199.31379506036154,193.14701429431312,46,-283.67191523822726,-0.030940059940059994,0,stop,0.08182553106111978
NGVT,2026-02-05,2026-02-05,77.53745908355712,75.13844545191192,119,-285.4826221657793,-0.030940059940059994,0,stop,0.07329916931886005
MC,2026-02-05,2026-02-05,73.39929378807011,71.12831523870915,126,-286.14329721948116,-0.030940059940059994,0,stop,0.06559459364475884
EZPW,2026-02-05,2026-02-05,23.403379159927365,22.679277205919263,397,-287.4684757412165,-0.030940059940059883,0,stop,0.06466302984948613
ALGN,2026-02-05,2026-02-05,176.23605755615233,175.4443751220703,52,-41.167486572265034,-0.0044921705867697614,0,close,0.09150647382256882
FORM,2026-02-05,2026-02-05,77.82775,83.78613274383545,119,709.0475465164194,0.07655858924143977,0,close,0.08634903355494505
RRX,2026-02-05,2026-02-05,189.514282232666,199.09013928222657,49,469.21699542846784,0.05052841894947169,0,close,0.06561968965832943
HSY,2026-02-05,2026-02-05,214.29438115536234,219.27028683471679,43,213.96394421224093,0.023219954030184953,0,close,0.06346285377570982
NVST,2026-02-06,2026-02-06,27.932905687332152,27.068659911066053,331,-286.0653519440787,-0.030940059940059994,0,stop,0.12929994822138768
VSAT,2026-02-06,2026-02-06,41.33129091644287,40.052498298088075,224,-286.4495465114735,-0.030940059940059772,0,stop,0.10283126148599386
MPWR,2026-02-06,2026-02-06,1246.850926976873,1208.2732845598894,7,-270.04349691888615,-0.030940059940059883,0,stop,0.08132428488887755
LITE,2026-02-06,2026-02-06,540.54,523.8156599999999,17,-284.31378000000166,-0.030940059940060105,0,stop,0.07053642921597314
SNDK,2026-02-06,2026-02-06,615.1144999999999,596.0828204999999,15,-285.47519249999993,-0.030940059940059883,0,stop,0.06646995310928139
ROIV,2026-02-06,2026-02-06,24.499475381851195,25.794179695129394,378,489.3982304191593,0.0528462056063983,0,close,0.157757856580371
PIPR,2026-02-06,2026-02-06,86.7218884742417,88.83545306396485,106,224.03784651065433,0.024371754662041667,0,close,0.07047010747970961
RGA,2026-02-06,2026-02-06,217.96741052588314,222.32649270629884,42,183.0814515774593,0.019998779495974617,0,close,0.07044035401073256
CDE,2026-02-06,2026-02-06,20.307504473381613,21.394534824371338,456,495.68584005131447,0.05352850481527982,0,close,0.06279421097475546
LUMN,2026-02-06,2026-02-06,6.6065999045372,8.051940419197082,1402,2026.3674015531553,0.2187722180159979,0,close,0.0593900296029386
VAL,2026-02-09,2026-02-09,74.18411061096191,83.7361796951294,127,1213.1127736892706,0.12876165806260964,0,close,0.1874699694206874
NE,2026-02-09,2026-02-09,40.2236317450244,40.491496170043945,235,62.948139879593334,0.006659379409535315,0,close,0.05867337815563878
KR,2026-02-09,2026-02-09,70.1124098600893,68.8429457473755,135,-171.37765521636373,-0.01810612579494908,0,close,0.05555556485471258
NXST,2026-02-09,2026-02-09,224.99990491753965,233.3379464263916,42,350.19774337178166,0.037057977921847396,0,close,0.0439734338690152
ICHR,2026-02-10,2026-02-10,42.262221221923824,40.95462556411743,227,-296.8242143220517,-0.030940059940059883,0,stop,0.23776020126749486
VSTS,2026-02-10,2026-02-10,8.998989770889281,8.72056048797798,1068,-297.3624741492691,-0.030940059940059994,0,stop,0.22814201643355392
ENTG,2026-02-10,2026-02-10,129.07048606356787,125.0770374882684,74,-295.51519457216057,-0.030940059940059994,0,stop,0.055151547437966686
UNF,2026-02-10,2026-02-10,231.68908197851735,228.8482389678955,41,-116.47456343549598,-0.012261445323026754,0,close,0.16293029272839532
MAS,2026-02-10,2026-02-10,76.2368594815536,76.70551293182373,126,59.050334734037534,0.006147334156433093,0,close,0.07792208568528158
UCTT,2026-02-10,2026-02-10,54.15409847259521,54.27567182922363,177,21.518484123231097,0.002244952091482899,0,close,0.06538006645596428
MAR,2026-02-10,2026-02-10,348.1882213319483,356.8673237915039,27,234.3357664080018,0.02492646772011664,0,close,0.05645967882184433
LSCC,2026-02-11,2026-02-11,105.50540152740477,102.24105808014677,90,-293.79091025322,-0.030940059940059994,0,stop,0.15887856033530068
VRT,2026-02-11,2026-02-11,233.3219398618972,248.0899643096924,40,590.720977911808,0.06329462397122354,0,close,0.16847008908180716
DIOD,2026-02-11,2026-02-11,72.11204091644287,77.922,132,766.9145990295415,0.08056850159447304,0,close,0.16758508954182516
TEX,2026-02-11,2026-02-11,63.33658675398661,68.46268064117432,150,768.9140830781561,0.08093416696258982,0,close,0.07627402636065983
AEIS,2026-02-11,2026-02-11,299.1015563435033,308.1649762573242,31,280.9660173284477,0.030302148957767283,0,close,0.07185340521166017
SNDK,2026-02-11,2026-02-11,579.0785,598.7406868286133,16,314.5949892578137,0.03395426842580651,0,close,0.06805255216508921
HCSG,2026-02-11,2026-02-11,20.51048977088928,22.257720685958862,465,812.462375507356,0.08518718639032419,0,close,0.06496881574169344
SW,2026-02-11,2026-02-11,47.319568444183126,48.78221220016479,201,293.991394952315,0.030909913257280985,0,close,0.0639345376830247
MU,2026-02-11,2026-02-11,395.5583714890215,409.6945096435547,24,339.2673157087961,0.035737173508222586,0,close,0.05931686542988146
GNRC,2026-02-11,2026-02-11,192.19199999999998,214.77501548767088,49,1106.5677588958745,0.11750236996165775,0,close,0.053208978529134754
VNT,2026-02-12,2026-02-12,44.673408632980234,43.291210692149036,224,-309.61233874618824,-0.030940059940059883,0,stop,0.09874730748465055
LNC,2026-02-12,2026-02-12,40.38226301919104,39.132833380862,248,-309.858550305602,-0.030940059940059994,0,stop,0.07376611737624961
SNDK,2026-02-12,2026-02-12,641.1905377807617,621.3520641088256,15,-297.5771050790411,-0.030940059940059994,0,stop,0.06875889994151496
STRL,2026-02-12,2026-02-12,455.1046438903808,441.02367892941277,22,-309.78122914129733,-0.030940059940059994,0,stop,0.04779790753689439
SPHR,2026-02-12,2026-02-12,108.66855755615234,115.60428121948242,92,638.0865770263674,0.06382456728337615,0,close,0.1451476167076009
EQIX,2026-02-12,2026-02-12,943.0143960141928,942.5373541259765,10,-4.77041888216263,-0.0005058691471016008,0,close,0.10249897973413247
MSI,2026-02-12,2026-02-12,446.3779889270364,449.2810126647949,22,63.86652223068643,0.0065035100515069555,0,close,0.06762750473171697
TRN,2026-02-12,2026-02-12,33.12617323271748,33.94342052078247,303,247.62592828369213,0.024670742446574634,0,close,0.06313142199926203
CW,2026-02-12,2026-02-12,668.9003846658246,669.9299243774414,15,15.443095674251026,0.0015391525183994226,0,close,0.05430035222690388
IPGP,2026-02-12,2026-02-12,116.81669694519042,150.09975,85,2829.059509658815,0.28491691620441695,0,close,0.05229932680397509
SEI,2026-02-13,2026-02-13,59.264362447187466,57.43071952076205,173,-317.22022627159754,-0.030940059940059994,0,stop,0.1573733248850746
AMAT,2026-02-13,2026-02-13,364.0176355800649,352.75490811597876,28,-315.3563689944119,-0.030940059940059994,0,stop,0.11133103370944841
HASI,2026-02-13,2026-02-13,38.33913151769139,37.15291649048418,268,-317.90562729153265,-0.030940059940059883,0,stop,0.09321790318113465
AAP,2026-02-13,2026-02-13,62.498730069940216,60.565015615398636,164,-317.1291705448191,-0.030940059940059994,0,stop,0.08210239882632031
ANET,2026-02-13,2026-02-13,145.96582733154295,141.44963588470458,70,-316.1334012786864,-0.030940059940059883,0,stop,0.07918896235713513
MRNA,2026-02-13,2026-02-13,41.89184847259521,42.18776954269409,245,72.50066217422678,0.007063929639974376,0,close,0.04338064914714734
BURL,2026-02-17,2026-02-17,332.53221221923826,322.2436456411743,30,-308.65699734191935,-0.030940059940059994,0,stop,0.09865402510683219
ORA,2026-02-17,2026-02-17,127.42125716504604,123.47883583072172,79,-311.4512854116215,-0.030940059940059994,0,stop,0.08037900479203741
KRYS,2026-02-17,2026-02-17,289.289,280.33838099999997,35,-313.2716650000006,-0.030940059940059994,0,stop,0.045396951487816084
KNF,2026-02-17,2026-02-17,88.90881969451904,93.87603121948243,114,566.2621138458263,0.05586860271039673,0,close,0.09966575939493816
GRMN,2026-02-18,2026-02-18,248.41465860908087,240.72869418172638,40,-307.43857709417966,-0.030940059940059994,0,stop,0.15766437248243226
HL,2026-02-18,2026-02-18,23.128807766835283,22.413201068187277,437,-312.72012730917874,-0.030940059940059883,0,stop,0.08851228405582212
SEDG,2026-02-18,2026-02-18,40.300258319854734,39.05336591183853,250,-311.7231020040503,-0.030940059940059883,0,stop,0.0842983345913717
ESI,2026-02-18,2026-02-18,34.10452388200029,33.04932786886399,296,-312.33801988834364,-0.030940059940059994,0,stop,0.06128122144657078
PRG,2026-02-18,2026-02-18,35.19454517909974,34.10562384169524,287,-312.5204238350915,-0.030940059940060105,0,stop,0.05078237649910955
LAZ,2026-02-18,2026-02-18,53.10550209689052,51.46241467886575,190,-312.18660942470626,-0.030940059940059883,0,stop,0.04972911816242309
ADI,2026-02-18,2026-02-18,349.4369996409825,338.62539792681577,28,-302.72484799666836,-0.030940059940059994,0,stop,0.04355425775888122
MSGS,2026-02-18,2026-02-18,324.1137985534668,341.4182497558594,31,536.4379872741711,0.05339004781537571,0,close,0.10215130332330791
MRNA,2026-02-18,2026-02-18,46.73668862533569,46.55339847564697,216,-39.590672332762665,-0.0039217615770354985,0,close,0.06282718648668029
OVV,2026-02-18,2026-02-18,47.327719428626494,48.28584855651855,213,204.08150424100822,0.020244565752570942,0,close,0.04188356864277609
KNTK,2026-02-19,2026-02-19,45.53050804857625,44.12179140045192,218,-307.1002292911046,-0.030940059940059994,0,stop,0.05523118031717611
PWR,2026-02-19,2026-02-19,545.2244420673311,528.3551651489821,18,-303.64698453028177,-0.030940059940059994,0,stop,0.04921920529648527
MPT,2026-02-19,2026-02-19,5.462550443383323,5.658422255516053,1823,357.0743135179657,0.035857208855615275,0,close,0.08007443573982664
DE,2026-02-19,2026-02-19,630.7590649275274,657.7046130981445,15,404.18322255925546,0.0427192404657919,0,close,0.06799603209122718
OXY,2026-02-19,2026-02-19,49.121049807745926,50.766687377929685,202,332.41878917711927,0.03350167752164479,0,close,0.056251256275983375
SO,2026-02-19,2026-02-19,94.0340232110174,93.40393908691406,105,-66.15883303085006,-0.006700597321986246,0,close,0.04898946639084767
SPNT,2026-02-19,2026-02-19,21.50147954177856,21.987990228652954,463,225.25444802284392,0.022626846953907265,0,close,0.04423917651496523
TNDM,2026-02-20,2026-02-20,22.77074719047546,22.0662189075222,440,-309.99244449943546,-0.030940059940059994,0,stop,0.22829366247386407
RNG,2026-02-20,2026-02-20,34.21083102447533,39.24993730545044,293,1476.4581403257057,0.1472956408854844,0,close,0.1691052547393732
FBIN,2026-02-23,2026-02-23,56.320992890952944,54.57841799502317,180,-313.66348126735875,-0.030940059940059883,0,stop,0.04933729612011062
TNDM,2026-02-23,2026-02-23,25.615590152740477,24.823042258014677,396,-313.8489663114168,-0.030940059940059994,0,stop,0.04151406066067387
TDW,2026-02-23,2026-02-23,76.9368606109619,78.83109365844726,131,248.14452922058186,0.02462061789944503,0,close,0.04742441383467755
WLK,2026-02-24,2026-02-24,100.99287671059926,97.86815105165424,100,-312.47256589450245,-0.030940059940059883,0,stop,0.10427881145668327
ADEA,2026-02-24,2026-02-24,19.955639781397334,19.338211090418657,506,-312.4189176352107,-0.030940059940059883,0,stop,0.08699183421498868
BWXT,2026-02-24,2026-02-24,210.78477674423837,204.26308311731947,47,-306.51960046518843,-0.030940059940059994,0,stop,0.06603484153593064
VVX,2026-02-24,2026-02-24,71.20112725067138,68.99816010573578,141,-310.6183674359194,-0.030940059940059772,0,stop,0.046953115946130275
NOVT,2026-02-24,2026-02-24,148.82867266845702,144.2239046152954,67,-308.5194595618286,-0.030940059940059994,0,stop,0.04424770035760317
KEYS,2026-02-24,2026-02-24,277.9977212219238,301.1785309753418,36,834.5091511230471,0.0833848912556836,0,close,0.1335510253906249
HLX,2026-02-24,2026-02-24,9.849840152740477,10.539450190544128,1026,707.5398987865468,0.07001230752072507,0,close,0.08489531242245474
SANM,2026-02-24,2026-02-24,159.90974999999997,158.01182817077637,63,-119.56907524108715,-0.011868706124696038,0,close,0.08034087560087877
AMD,2026-02-24,2026-02-24,211.84163488769528,213.62615634155273,47,83.8725083313002,0.00842384668530105,0,close,0.07644963536462535
HSIC,2026-02-24,2026-02-24,84.08399999999999,83.26664847564697,120,-98.08218292236177,-0.0097206546352816,0,close,0.042571680751739116
YOU,2026-02-25,2026-02-25,39.54635154800295,38.32278506069706,255,-312.00945426300325,-0.030940059940059994,0,stop,0.19689265009714596
LFST,2026-02-25,2026-02-25,7.992985133647918,7.745681694512843,1262,-312.0969401884641,-0.030940059940059994,0,stop,0.11834737854760347
ALB,2026-02-25,2026-02-25,200.51323644120185,194.30934488693566,50,-310.1945777133096,-0.030940059940059883,0,stop,0.08119680111276062
ASTE,2026-02-25,2026-02-25,62.076945322901885,60.15628091371548,162,-311.14763428819805,-0.030940059940059994,0,stop,0.06837607051008776
MATX,2026-02-25,2026-02-25,177.01144230023255,171.5346976653869,57,-312.17444418620255,-0.030940059940059994,0,stop,0.06299771750466765
FSS,2026-02-25,2026-02-25,123.1786001988586,119.36744692537323,81,-308.7034151523153,-0.030940059940059994,0,stop,0.05598771852052731
LUMN,2026-02-25,2026-02-25,7.8378299236297595,7.595326995992659,1287,-312.1012678689483,-0.030940059940059994,0,stop,0.051006728076467
REZI,2026-02-25,2026-02-25,28.121343524932858,28.405804195404052,358,101.83692002868756,0.010115472264651482,0,close,0.13017918563924424
ECG,2026-02-25,2026-02-25,117.43731969451903,129.96990609741212,85,1065.2698442459125,0.10671723805935951,0,close,0.12580367263725423
SUPN,2026-02-25,2026-02-25,56.55649999999999,56.2636796951294,178,-52.12201426696596,-0.005177482780415965,0,close,0.060037538625599574
CELH,2026-02-26,2026-02-26,58.72866816711425,56.91159965382384,170,-308.9016472593694,-0.030940059940059994,0,stop,0.15925701366115352
SJM,2026-02-26,2026-02-26,115.43260208994732,111.86111046224727,86,-307.14827998220477,-0.030940059940059883,0,stop,0.10403377635165878
VCYT,2026-02-26,2026-02-26,38.54850831985473,37.35581516183853,259,-308.907527926197,-0.030940059940059994,0,stop,0.07810741896652029
PEB,2026-02-26,2026-02-26,13.14580922169612,12.73907709641625,759,-308.7096830874226,-0.030940059940059994,0,stop,0.07434634855107558
VECO,2026-02-26,2026-02-26,30.530499999999996,29.5858845,327,-308.8892684999992,-0.030940059940059883,0,stop,0.07167958472072966
IBP,2026-02-26,2026-02-26,316.6546759509866,306.8573612967628,31,-303.71675428093727,-0.030940059940059994,0,stop,0.06447435706189397
MYRG,2026-02-26,2026-02-26,291.16086511230463,282.1523304935302,34,-306.29017703833074,-0.030940059940059994,0,stop,0.06153054542052572
DXPE,2026-02-26,2026-02-26,162.6625,157.62971249999998,61,-307.00003750000076,-0.030940059940059994,0,stop,0.05519480519480524
TKO,2026-02-26,2026-02-26,215.28958460642585,208.62851195423244,46,-306.4093420008969,-0.030940059940059883,0,stop,0.0504800710633353
LMAT,2026-02-26,2026-02-26,101.31242390590096,112.69800308990479,98,1115.7867600323755,0.11238087832721044,0,close,0.11621798499555447
NATL,2026-02-27,2026-02-27,45.61556969451904,44.204221233970635,215,-303.4399190179067,-0.030940059940059994,0,stop,0.08836878092494604
AES,2026-02-27,2026-02-27,16.669134057634977,16.850360326766967,589,106.7422725187422,0.010871966624383944,0,close,0.049846192428408376
CF,2026-03-02,2026-03-02,106.7197884392982,103.4178717881958,91,-300.47441525031866,-0.030940059940059994,0,stop,0.08097244404146631
KTOS,2026-03-02,2026-03-02,92.51241816711425,89.65007840382384,105,-300.54567514549274,-0.030940059940059994,0,stop,0.07240656581193772
APA,2026-03-02,2026-03-02,32.11007997349394,31.116592174433915,305,-303.01377871330715,-0.030940059940059994,0,stop,0.07079354505414814
PBF,2026-03-02,2026-03-02,37.64270179559093,36.47803434572955,260,-302.8135369639597,-0.030940059940059883,0,stop,0.06741573854207195
PTEN,2026-03-02,2026-03-02,8.80878507615152,8.536240737896286,1112,-303.0693041398197,-0.030940059940059994,0,stop,0.06420927169931856
SM,2026-03-02,2026-03-02,24.107347990783836,23.361465198953102,406,-302.8284134832781,-0.030940059940059883,0,stop,0.06355385713399686
OXY,2026-03-02,2026-03-02,55.61655625608646,53.89577667186344,176,-302.8572068232522,-0.030940059940059772,0,stop,0.06141652694699684
LITE,2026-03-02,2026-03-02,743.6379145507811,720.6297129008789,13,-299.1066214487296,-0.030940059940059883,0,stop,0.059900768993710996
CRGY,2026-03-02,2026-03-02,11.975921728967382,11.605385992835664,818,-303.09823215574505,-0.030940059940059994,0,stop,0.05660377699544927
COHR,2026-03-02,2026-03-02,275.204922668457,298.61109365844726,35,819.2159846496586,0.08504997208275955,0,close,0.06179276427058933
TDW,2026-03-03,2026-03-03,86.82673786163329,84.14031338779448,110,-295.5066921222693,-0.030940059940059994,0,stop,0.08601470991537563
ROST,2026-03-04,2026-03-04,213.67615178119485,207.06499883732334,44,-290.8907295303461,-0.030940059940059883,0,stop,0.08657142178502353
MRNA,2026-03-04,2026-03-04,53.63358183288574,51.974155596176146,178,-295.3778701343074,-0.030940059940059883,0,stop,0.07525586719250232
COHR,2026-03-04,2026-03-04,296.08579855346676,286.924886198822,32,-293.14919534863293,-0.030940059940059994,0,stop,0.05334571816020328
SMTC,2026-03-04,2026-03-04,94.86476663970946,91.92964507367705,101,-296.44727816927315,-0.030940059940059883,0,stop,0.051014734030518705
LITE,2026-03-04,2026-03-04,726.7259999999999,704.241054,13,-292.304297999999,-0.030940059940059883,0,stop,0.04546175663089236
DY,2026-03-04,2026-03-04,421.9215,408.8672235,22,-287.19408299999907,-0.030940059940059883,0,stop,0.044635580067707625
AA,2026-03-04,2026-03-04,66.18313064075693,64.13542061171108,144,-294.8702441826017,-0.030940059940060105,0,stop,0.04104001663714718
DOW,2026-03-04,2026-03-04,31.34580135996198,30.375960387015542,305,-295.80149674866294,-0.030940059940059883,0,stop,0.04098896833855581
EXPE,2026-03-05,2026-03-05,234.39872399783434,250.39510620117187,39,623.8589059301637,0.06824432288072235,0,close,0.06214690064090056
ADEA,2026-03-09,2026-03-09,20.696950584453432,20.056585692793984,454,-290.7256608133896,-0.030940059940059994,0,stop,0.046804127290337894
DOW,2026-03-09,2026-03-09,34.23549115614731,33.541425762176516,274,-190.173917947998,-0.020273271115205493,0,close,0.05018037762776073
UTHR,2026-03-09,2026-03-09,498.24774999999994,528.6408129272461,18,547.0751326904307,0.06099990000405642,0,close,0.04096954196891356
VRT,2026-03-09,2026-03-09,251.5675594087607,263.9031910400391,37,456.41837035729986,0.04903506501501953,0,close,0.04016050376191371
LITE,2026-03-10,2026-03-10,679.6890197753905,671.328,13,-108.69325708007727,-0.012301242968664639,0,close,0.05981052799044306
VRTX,2026-03-10,2026-03-10,482.73224999999996,498.67084341430666,19,302.8332748718272,0.03301746136560535,0,close,0.04639053335936105
UNF,2026-03-11,2026-03-11,275.7481147028578,273.8820327758789,34,-63.446785517282365,-0.006767342467562276,0,close,0.07095497740775025
CF,2026-03-12,2026-03-12,126.97275242340662,134.61796334838868,74,565.7456084486729,0.060211429452896814,0,close,0.06567891765375111
DOW,2026-03-12,2026-03-12,35.01913709631003,36.73817698287964,270,464.1407693737931,0.04908858495975732,0,close,0.04015138572731569
KNX,2026-03-13,2026-03-13,54.25920016233582,52.580417257013444,176,-295.4657913367387,-0.030940059940059883,0,stop,0.04787547990077079
AHCO,2026-03-13,2026-03-13,10.26025,10.58440526676178,933,302.43686388874073,0.031593310763556426,0,close,0.05128205128205132
LITE,2026-03-16,2026-03-16,656.656,636.339024,14,-284.43766399999936,-0.030940059940059883,0,stop,0.053815261044176665
COHR,2026-03-16,2026-03-16,255.26500450134276,247.36708996147152,37,-292.2228379752358,-0.030940059940059994,0,stop,0.050461362156831946
INTC,2026-03-16,2026-03-16,47.957909847259515,46.47408924198531,199,-295.28030044956654,-0.030940059940059994,0,stop,0.04675550291119657
VIRT,2026-03-16,2026-03-16,40.47688282028732,39.224525639640845,236,-295.55629463256867,-0.030940059940060105,0,stop,0.043233431727989435
ACMR,2026-03-16,2026-03-16,48.40335454177856,46.905751850955966,197,-295.02773009205146,-0.030940059940059883,0,stop,0.04258297603789507
COHU,2026-03-16,2026-03-16,28.59856969451904,28.551419923782348,334,-15.74802342605495,-0.001648675833803237,0,close,0.04844035577336592
MU,2026-03-16,2026-03-16,446.3499888582691,441.10502325439455,21,-110.14427768136579,-0.01175079138523294,0,close,0.04700447165809751
SNEX,2026-03-16,2026-03-16,48.02575716781616,46.71323832321167,199,-261.19125007629356,-0.02732947738893865,0,close,0.04229023815798416
BTSG,2026-03-17,2026-03-17,40.69565377807617,39.436527810882566,230,-289.598972454529,-0.030940059940059994,0,stop,0.04110114144927035
ICHR,2026-03-17,2026-03-17,45.19515152740478,47.57237893295288,207,492.08607294845626,0.05259916883134319,0,close,0.06010803860341052
TNDM,2026-03-17,2026-03-17,23.183159847259518,23.886089847564698,405,284.686650123598,0.030320715766805728,0,close,0.05705157502078406
ALGT,2026-03-17,2026-03-17,78.67859847259521,79.92,119,147.72678176117,0.01577813473427825,0,close,0.052772496902666166
SEI,2026-03-17,2026-03-17,59.38858025905033,62.89280138397217,158,553.6669377376509,0.05900496542662892,0,close,0.044920107349504024
DAL,2026-03-17,2026-03-17,63.19933043394639,64.43470733642579,148,182.83578156695043,0.01954730997934484,0,close,0.04306382116040308
LITE,2026-03-18,2026-03-18,709.8591744384764,700.1091875610351,13,-126.74982940673692,-0.013735100183996152,0,close,0.09173906502777429
NVT,2026-03-18,2026-03-18,120.7828775665155,119.81431562805176,78,-75.54783120017143,-0.008019033475422432,0,close,0.05483396649461292
TNDM,2026-03-19,2026-03-19,25.065040916442868,24.289527048088072,379,-293.91975610646773,-0.030940059940059883,0,stop,0.04989519979136725
ALGN,2026-03-19,2026-03-19,180.17999999999998,176.07375,52,-213.5249999999994,-0.02278971028971022,0,close,0.04402294632952719
FDX,2026-03-20,2026-03-20,304.82678270212875,295.39542377398925,31,-292.3721267723246,-0.030940059940059994,0,stop,0.06938855312899994
DELL,2026-03-20,2026-03-20,162.88950435103402,157.8496933228064,58,-292.30903963720266,-0.030940059940059883,0,stop,0.04299570272451381
SCHL,2026-03-20,2026-03-20,37.36851457274636,36.79014979934692,253,-146.32628767005903,-0.015477328441127147,0,close,0.102803603522158
ALGT,2026-03-23,2026-03-23,83.48340152740478,80.90042008014679,112,-289.2939220928952,-0.030940059940059883,0,stop,0.08241399380419923
VSH,2026-03-23,2026-03-23,17.71221237761125,17.16419546497689,529,-289.90094678357815,-0.030940059940059883,0,stop,0.06786802529557323
MOG-A,2026-03-23,2026-03-23,310.3045014621547,300.7036615872452,30,-288.02519624728404,-0.030940059940059883,0,stop,0.06543378086691365
LITE,2026-03-23,2026-03-23,743.4877401123046,720.4841848685302,12,-276.04266292529246,-0.030940059940059883,0,stop,0.05152547715607869
COCO,2026-03-23,2026-03-23,56.55649999999999,55.71423045730591,165,-138.97447454452376,-0.014892533001407138,0,close,0.06845686192823286
RRX,2026-03-23,2026-03-23,184.1580087376779,183.1031972808838,50,-52.740572839705635,-0.005727752292851052,0,close,0.052622685050607076
UCTT,2026-03-23,2026-03-23,60.54047954177856,61.05887893295288,155,80.35190563201962,0.00856285571402804,0,close,0.04872553255609735
SAIA,2026-03-23,2026-03-23,334.4741546630859,329.1505309753418,28,-149.06146325683608,-0.015916397765042833,0,close,0.048677178947190924
DAL,2026-03-23,2026-03-23,66.24675588639087,64.73287078857422,141,-213.45779879214828,-0.022852214837702722,0,close,0.04854981517682999
ASTE,2026-03-23,2026-03-23,52.01317024369555,52.19735747909546,180,33.15370237198394,0.0035411653344132876,0,close,0.04835473359300124
HL,2026-03-25,2026-03-25,18.900902258420047,18.31610720962332,488,-285.37998381280335,-0.030940059940059772,0,stop,0.05354141191466266
CDE,2026-03-25,2026-03-25,19.19764175270833,18.603665566171735,480,-285.108569537565,-0.030940059940059994,0,stop,0.048607345342252195
AIR,2026-03-25,2026-03-25,115.01490152740477,118.40147664642333,80,270.92600952148473,0.029444663900456636,0,close,0.06576388208739004
ECHO,2026-03-25,2026-03-25,116.93681969451903,118.95092969512939,78,157.10058004760796,0.017223916349631718,0,close,0.05395167407533852
NEM,2026-03-25,2026-03-25,103.58594023088364,100.97203175354004,89,-232.63785448358038,-0.02523420139371657,0,close,0.0496870287150728
INTC,2026-03-25,2026-03-25,45.89584847259521,47.132820304870606,201,248.6313382873542,0.0269517150993297,0,close,0.040626351453433296
AGX,2026-03-27,2026-03-27,505.2801692236136,565.1301659545899,18,1077.299941157573,0.118449130554517,0,close,0.23061952194083735
UTHR,2026-03-30,2026-03-30,605.825190673828,587.0809229611815,15,-281.1640156896982,-0.030940059940059994,0,stop,0.15758458948450782
CENX,2026-03-30,2026-03-30,56.44638938903808,54.69993471794128,165,-288.1650207309719,-0.030940059940059883,0,stop,0.1357502045645751
AA,2026-03-30,2026-03-30,63.837760479013006,61.86261634335316,146,-288.3710438063375,-0.030940059940059883,0,stop,0.09570278379662933
SMTC,2026-03-30,2026-03-30,78.09801663970947,75.68165932367707,119,-287.546520607856,-0.030940059940059883,0,stop,0.08120832432875913
SNDK,2026-03-30,2026-03-30,642.7621151123046,622.8750167435302,14,-278.41937716284224,-0.030940059940059994,0,stop,0.04269031599268125
MRVL,2026-03-31,2026-03-31,96.42433405250169,93.44095937723694,95,-283.42059415015177,-0.030940059940059883,0,stop,0.0978249240769089
ALKS,2026-03-31,2026-03-31,32.992959083557125,35.32464060974121,278,648.2074642791755,0.07067209462112589,0,close,0.09320064681577467
VICR,2026-03-31,2026-03-31,148.08794244384765,160.839,61,777.8145109252931,0.08610463043598116,0,close,0.040219386665779844
VICR,2026-04-01,2026-04-01,168.53836511230466,163.32377799353023,55,-286.80229153259376,-0.030940059940060105,0,stop,0.0457763671875
KRMN,2026-04-01,2026-04-01,83.66358183288574,81.07502559617615,111,-287.32974227476484,-0.030940059940059883,0,stop,0.04409742217017132
VSAT,2026-04-01,2026-04-01,47.757709083557124,46.28008270191192,194,-286.6595180391691,-0.030940059940059883,0,stop,0.041703054131637884
LITE,2026-04-01,2026-04-01,735.6098749999999,763.8853743896484,12,339.30599267578236,0.03843817266543437,0,close,0.04569837467713267
NEM,2026-04-01,2026-04-01,112.20646527649139,113.17580392456054,82,79.48576914167066,0.008638884093537635,0,close,0.04009230747547088
TALO,2026-04-02,2026-04-02,15.820805305480956,15.331308641029358,584,-285.8660520397336,-0.030940059940059883,0,stop,0.058606830684167166
APA,2026-04-02,2026-04-02,43.03066633060586,41.699294935076196,214,-284.9134786433483,-0.030940059940059994,0,stop,0.05392989631421696
CF,2026-04-02,2026-04-02,133.64770541083556,129.51263739457283,69,-285.3196931221278,-0.030940059940059883,0,stop,0.05289893450895011
MTDR,2026-04-02,2026-04-02,62.9676994663318,61.01947507055581,146,-284.4407617832942,-0.030940059940059994,0,stop,0.05209354918695741
AESI,2026-04-02,2026-04-02,12.84282992362976,12.445471995992659,720,-286.09770789871266,-0.030940059940059994,0,stop,0.05163935445002821
MUR,2026-04-02,2026-04-02,40.678366217278565,39.419775128252255,227,-285.70017720897255,-0.030940059940059994,0,stop,0.047029187840915254
CRGY,2026-04-02,2026-04-02,13.208343913300878,13.172152682304382,700,-25.333861697546745,-0.00274002791220862,0,close,0.0565592996499058
SM,2026-04-02,2026-04-02,30.67826377688506,30.202692489624024,301,-143.14695746557206,-0.01550189706691818,0,close,0.05220348883158321
PARR,2026-04-02,2026-04-02,64.8247621383667,64.82510939025879,142,0.049309768677403554,5.356778500109627e-06,0,close,0.050105465526690596
CHRD,2026-04-02,2026-04-02,140.84838375974644,139.38903588867188,65,-94.85761161984612,-0.010361126142305332,0,close,0.04556075897611622
STX,2026-04-06,2026-04-06,451.00932030637404,452.5240432434082,20,30.294458740683012,0.0033585180368449485,0,close,0.050121226178462486
ALHC,2026-04-07,2026-04-07,20.280260229110716,21.638339847564698,446,605.7035098304757,0.06696559132434432,0,close,0.08516337150993247
LUV,2026-04-08,2026-04-08,42.33862622518053,41.02866659199365,215,-281.6413211351803,-0.030940059940060105,0,stop,0.12701351138742
ACMR,2026-04-08,2026-04-08,47.13709015274048,45.678665758014674,193,-281.47590818208,-0.030940059940059994,0,stop,0.12359819432200836
ALGT,2026-04-08,2026-04-08,90.77068030548095,87.96223001602935,100,-280.8450289451599,-0.030940059940059994,0,stop,0.12311125469903716
DAL,2026-04-08,2026-04-08,72.70013319804082,70.4507867192431,125,-281.1683098497149,-0.030940059940059883,0,stop,0.11246544240345901
UCTT,2026-04-08,2026-04-08,70.05998786163329,67.8923276377945,130,-281.79582909904326,-0.030940059940059772,0,stop,0.10411734560134533
SNDK,2026-04-08,2026-04-08,784.7839999999999,760.5027359999999,11,-267.0939039999996,-0.030940059940059883,0,stop,0.10298257380999254
MU,2026-04-08,2026-04-08,415.48121795732254,402.62620416975386,21,-269.9552895389423,-0.030940059940059994,0,stop,0.09944916845543306
CDE,2026-04-08,2026-04-08,20.747451872233945,20.105524467703518,439,-281.8061305888578,-0.030940059940059994,0,stop,0.09210530919937021
ALGM,2026-04-08,2026-04-08,36.36633183288574,35.24115534617615,250,-281.29412167739787,-0.030940059940059883,0,stop,0.09164672967642007
VICR,2026-04-08,2026-04-08,175.35517266845702,179.8100154876709,51,227.1969837799086,0.025404684398085298,0,close,0.09603948363181525
SNDK,2026-04-09,2026-04-09,817.8970971069335,850.7184373168946,10,328.2134020996102,0.04012893593345268,0,close,0.04633114553034923
COHR,2026-04-10,2026-04-10,296.24596221923827,287.0800943911743,30,-274.97603484191814,-0.030940059940059883,0,stop,0.041454052935436136
IRDM,2026-04-14,2026-04-14,37.42626505056879,36.26829416657162,237,-274.4390995073283,-0.030940059940059883,0,stop,0.06782054308424024
VSAT,2026-04-14,2026-04-14,58.91886061096191,57.0959075320587,150,-273.4429618354806,-0.030940059940059994,0,stop,0.04084883120170124
LUMN,2026-04-15,2026-04-15,8.228220267295837,8.581410152435303,1074,379.3259366397866,0.04292421370187016,0,close,0.05384616231071848
ONTO,2026-04-16,2026-04-16,288.28799999999995,279.36835199999996,30,-267.58943999999985,-0.030940059940059883,0,stop,0.11239863572631315
PPG,2026-04-16,2026-04-16,114.65078253532607,111.1034804515083,77,-273.1422604539682,-0.030940059940059994,0,stop,0.07686597524829719
OGN,2026-04-16,2026-04-16,9.65107990686901,9.352474916064175,919,-274.4179865496431,-0.030940059940059883,0,stop,0.04994578625524082
JBLU,2026-04-16,2026-04-16,5.935929828166961,5.752271803483485,1495,-274.56874690179535,-0.030940059940059883,0,stop,0.04770317812816982
JBHT,2026-04-16,2026-04-16,232.60713684001024,237.23917739868165,38,176.01754122951343,0.019913578841982638,0,close,0.04028196643449844
JBLU,2026-04-17,2026-04-17,5.985980019092559,5.800773438501834,1467,-271.6980537265933,-0.030940059940059883,0,stop,0.08529941391436724
PH,2026-04-17,2026-04-17,1025.6404486537729,993.9070716954752,8,-253.86701566638112,-0.030940059940059883,0,stop,0.0752351664949884
DAL,2026-04-17,2026-04-17,74.11430223306,71.8212012795534,118,-270.5859125137782,-0.030940059940059994,0,stop,0.06481599681744421
LUV,2026-04-17,2026-04-17,42.993347200591934,42.27383451461792,204,-146.78058793869948,-0.016735442407333934,0,close,0.06669946132838667
ALGT,2026-04-17,2026-04-17,89.87979091644286,91.69821091461182,97,176.38673982238942,0.020231689233227712,0,close,0.06588322878085906
ONTO,2026-04-17,2026-04-17,283.6133165588379,290.4692497558594,30,205.677995910645,0.024173523585586665,0,close,0.06056519949632011
ALLY,2026-04-17,2026-04-17,43.592611501113105,44.697849266052245,201,222.1527907527672,0.025353786499139108,0,close,0.052192683702784404
FORM,2026-04-17,2026-04-17,133.88375,137.07279670715332,65,207.28803596496604,0.02381952034622059,0,close,0.047540724313251514
HL,2026-04-17,2026-04-17,19.981526162273127,19.51221607017517,439,-206.02713043100272,-0.023487199540546344,0,close,0.04500246580135725
WWD,2026-04-17,2026-04-17,391.27147174665305,393.7306615905762,22,54.1021765663088,0.006285124322877866,0,close,0.04446403073212313
AOSL,2026-04-20,2026-04-20,35.69565984725952,34.59123399198532,245,-270.5843345421792,-0.030940059940059994,0,stop,0.052538333033644635
PTEN,2026-04-20,2026-04-20,9.655216302003835,9.356483330885592,907,-270.95080480424633,-0.030940059940059994,0,stop,0.04140125427149477
MRVL,2026-04-20,2026-04-20,147.62108101174945,147.65572430419923,59,2.043954254536544,0.00023467713562541626,0,close,0.05598101482716933
DHI,2026-04-21,2026-04-21,166.14759460395408,161.00697806801094,52,-267.3120598690432,-0.030940059940060105,0,stop,0.08895262325437914
ALHC,2026-04-21,2026-04-21,22.56254091644287,21.864454548088073,385,-268.76325181659695,-0.030940059940059994,0,stop,0.045454613815414824
TOL,2026-04-21,2026-04-21,153.53392619506738,148.78357731575926,56,-266.01953724125474,-0.030940059940059883,0,stop,0.04318016773373068
UNH,2026-04-21,2026-04-21,349.20599147471,341.59754415893553,24,-182.60273557858727,-0.02178784872402595,0,close,0.0912883832344098
PBI,2026-04-21,2026-04-21,14.09231933060668,14.439207304000854,617,214.02987958420584,0.024615392630280564,0,close,0.08036393181457613
VMI,2026-04-21,2026-04-21,440.0587877673529,457.7064776916504,19,335.30610856165214,0.040103028083664505,0,close,0.07397295703635609
MXL,2026-04-21,2026-04-21,33.553520458221435,33.66630076217651,259,29.21009872436494,0.003361206288189811,0,close,0.05641351847940124
HCSG,2026-04-22,2026-04-22,24.023999999999997,23.280696,360,-267.5894399999994,-0.030940059940059883,0,stop,0.2403100530676623
CAR,2026-04-22,2026-04-22,775.7649802246093,751.7627652370604,11,-264.0243648630377,-0.030940059940059994,0,stop,0.08546580673576076
VICR,2026-04-22,2026-04-22,261.8616061096191,253.75959232058716,33,-267.3664550380546,-0.030940059940059883,0,stop,0.06237816872846835
AOSL,2026-04-22,2026-04-22,41.29125,40.01369625,209,-267.00873374999907,-0.030940059940059883,0,stop,0.0544478815509164
VECO,2026-04-22,2026-04-22,50.48043030548095,48.91856276602935,171,-267.07934924622316,-0.030940059940059883,0,stop,0.05435915481050624
TWLO,2026-04-22,2026-04-22,152.26211061096188,147.55111178205868,56,-263.8159344185792,-0.030940059940059994,0,stop,0.046868530045164114
ZWS,2026-04-22,2026-04-22,49.87033431399288,48.32734318108711,173,-266.937465992698,-0.030940059940059994,0,stop,0.04401335663479422
TFX,2026-04-22,2026-04-22,135.44899376017636,137.9713875732422,63,158.91081022314745,0.01862246254506661,0,close,0.0901802935940419
GEV,2026-04-22,2026-04-22,1076.6860871952351,1125.8572686767577,8,393.36945185218065,0.045669004240236344,0,close,0.08560481277410648
MCRI,2026-04-22,2026-04-22,102.58964932319509,113.55752478790284,84,921.3015390354506,0.10691015650277658,0,close,0.04483664905912854
TFIN,2026-04-23,2026-04-23,66.75669244384765,64.69123637823486,129,-266.4438324640503,-0.030940059940059883,0,stop,0.059917425018642945
UNP,2026-04-23,2026-04-23,260.4546379128996,252.3961558042079,33,-265.92990958682674,-0.030940059940059883,0,stop,0.0535686268789719
FCFS,2026-04-23,2026-04-23,215.14761193260378,208.49093192344827,40,-266.2672003662203,-0.030940059940059883,0,stop,0.04926323983217351
SNA,2026-04-23,2026-04-23,396.10313414652103,383.847679433582,21,-257.3645489717193,-0.030940059940060105,0,stop,0.04838118205621189
GTY,2026-04-23,2026-04-23,34.286501604466714,33.225675189689554,251,-266.26743010906733,-0.030940059940059883,0,stop,0.046371504332995084
WST,2026-04-23,2026-04-23,307.8846898991995,308.95547525024415,28,29.98198982925055,0.003477877874977331,0,close,0.12244444476699945
TXN,2026-04-23,2026-04-23,257.9323753590712,279.0934299316406,33,698.3148008947906,0.08204109524099423,0,close,0.10156146360517271
CSX,2026-04-23,2026-04-23,45.25248798081161,45.86726431274414,190,116.8075030671811,0.013585470310344405,0,close,0.053033824832221965
SEIC,2026-04-23,2026-04-23,88.71024821498622,90.43000254821777,97,166.81617032346026,0.01938619683561016,0,close,0.051303247760422055
HAS,2026-04-23,2026-04-23,93.7974100740033,94.98691110992432,91,108.24459426881337,0.012681597871226469,0,close,0.0504359308390554
OGN,2026-04-24,2026-04-24,10.723975856285497,10.392175400496267,802,-266.10396554296227,-0.030940059940059994,0,stop,0.2494185970468834
INTC,2026-04-24,2026-04-24,82.28219694519042,79.73638083970641,104,-264.7648749703368,-0.030940059940059883,0,stop,0.2309074341242099
PDFS,2026-04-24,2026-04-24,50.17011893081664,48.617852443897235,171,-265.4375692632187,-0.030940059940059994,0,stop,0.14272681793022501
SXT,2026-04-24,2026-04-24,107.84312637688613,104.5064535826618,79,-263.59715074372184,-0.030940059940059994,0,stop,0.09311700534702738
AOSL,2026-04-24,2026-04-24,43.15311061096191,41.81795078205871,199,-265.696805951737,-0.030940059940059994,0,stop,0.08099296528902977
AMKR,2026-04-24,2026-04-24,77.60745893101735,75.20627949989593,110,-264.12973742335623,-0.030940059940059994,0,stop,0.06652031359090471
LSCC,2026-04-24,2026-04-24,125.55543030548094,121.67073776602933,68,-264.15909268270923,-0.030940059940059994,0,stop,0.06287601080101402
KLIC,2026-04-24,2026-04-24,89.2711650617406,86.50910986381136,96,-265.1572990012073,-0.030940059940059994,0,stop,0.0579967195580553
AMD,2026-04-24,2026-04-24,337.0967697753906,347.46218756103514,25,259.1354446411131,0.030749086657077873,0,close,0.10293788548646376
RMBS,2026-04-24,2026-04-24,149.81966816711423,158.24159390258788,57,480.04976692199807,0.05621375242988469,0,close,0.08064980627397333
OGN,2026-04-27,2026-04-27,13.189142853109152,13.108007906913757,641,-52.00750051124788,-0.006151646630794372,0,close,0.17362340131967158
NE,2026-04-27,2026-04-27,50.95859784962092,52.421605052947996,166,242.85919575229423,0.02870972250147874,0,close,0.049656800904485765
OMCL,2026-04-28,2026-04-28,45.175131069183344,43.777409806102746,187,-261.3738761960718,-0.030940059940059994,0,stop,0.19930905626135953
SEI,2026-04-28,2026-04-28,76.91095458977951,74.5313250447245,110,-261.7592499560511,-0.030940059940059994,0,stop,0.09188728783927691
LFST,2026-04-28,2026-04-28,7.727719789981841,7.488623676479816,1097,-262.288436511722,-0.030940059940059883,0,stop,0.0618981857559493
SANM,2026-04-28,2026-04-28,205.18497572326658,215.24454670715332,41,412.44241033935646,0.04902684004239233,0,close,0.08985534736258138
KO,2026-04-28,2026-04-28,78.61975847040884,77.30823449707032,107,-140.33306514722204,-0.016681862153419824,0,close,0.05408260718171287
RSI,2026-04-29,2026-04-29,28.668639389038084,27.78162996794128,294,-260.78076980246,-0.030940059940059994,0,stop,0.1933333079020183
COCO,2026-04-29,2026-04-29,60.69063106918334,58.812859306102744,138,-259.13250330512216,-0.030940059940059883,0,stop,0.17431725380222907
STX,2026-04-29,2026-04-29,668.1715250975783,647.498258060818,12,-248.0792044411237,-0.030940059940059883,0,stop,0.15361880607803657
WERN,2026-04-29,2026-04-29,38.37369469928972,37.18641028517214,219,-260.01528669175104,-0.030940059940059994,0,stop,0.11802312934504244
WDC,2026-04-29,2026-04-29,424.5273803976621,411.39247780196183,19,-249.56314931830536,-0.030940059940059883,0,stop,0.08532189825022662
APH,2026-04-29,2026-04-29,76.96089582889424,74.57972109890754,109,-259.5480455685499,-0.030940059940059883,0,stop,0.07152796574033071
SEI,2026-04-29,2026-04-29,79.51387810131229,77.05371394679106,106,-260.7774003792497,-0.030940059940059994,0,stop,0.07106392438013875
NXPI,2026-04-29,2026-04-29,279.4814862646516,286.69379315185546,30,216.36920661611555,0.025806027381628516,0,close,0.22145072402398047
GNRC,2026-04-29,2026-04-29,244.01377427673336,252.66707817077636,34,294.2123323974622,0.03546235830207434,0,close,0.12274322842025431
IEX,2026-04-29,2026-04-29,218.72241802455193,215.64613751220702,38,-116.89865946910652,-0.014064770041082864,0,close,0.07128945010955334
TTMI,2026-04-30,2026-04-30,178.8987212219238,173.36358406411742,46,-254.6163092590939,-0.030940059940059883,0,stop,0.29978182705965906
GKOS,2026-04-30,2026-04-30,141.64149999999998,137.25910349999998,58,-254.17899699999992,-0.030940059940059883,0,stop,0.20981533094749505
WCC,2026-04-30,2026-04-30,349.95138587563383,339.1238690205347,23,-249.03288766728008,-0.030940059940059883,0,stop,0.14855700982006081
QCOM,2026-04-30,2026-04-30,170.65947839757,165.37926390660982,48,-253.45029556608915,-0.030940059940059994,0,stop,0.10288462366543083
MO,2026-04-30,2026-04-30,71.68964738663041,69.4715653994063,115,-255.07942853077267,-0.030940059940059994,0,stop,0.08284450146598088
TXT,2026-04-30,2026-04-30,97.1818440975343,94.17503201607103,85,-255.57902692437764,-0.030940059940059883,0,stop,0.08186688603473069
THG,2026-04-30,2026-04-30,190.11242847218912,184.23033853990924,43,-252.92986708803494,-0.030940059940059883,0,stop,0.0797138847346579
BHE,2026-04-30,2026-04-30,77.75865407503446,75.3527966570945,106,-255.0208863016353,-0.030940059940059994,0,stop,0.07486181351558074
PWR,2026-04-30,2026-04-30,700.2025853405316,726.931154663086,11,294.0142625480977,0.038172623012460605,0,close,0.11296526142834118
MYRG,2026-04-30,2026-04-30,364.04367266845696,404.4051875610352,22,887.9533276367207,0.1108699805073563,0,close,0.0767408282826092
TWLO,2026-05-01,2026-05-01,177.94777427673338,172.442059474411,46,-253.26288090682982,-0.030940059940059994,0,stop,0.20066194248118663
NVT,2026-05-01,2026-05-01,164.24678026004113,159.1649750338336,49,-249.00845608416924,-0.030940059940059994,0,stop,0.14975509418818622
ROKU,2026-05-01,2026-05-01,125.62049774932859,121.7337920192642,65,-252.6358724541855,-0.030940059940059994,0,stop,0.07665584570295425
SNDR,2026-05-01,2026-05-01,33.18792667303761,32.16109023248751,247,-253.62860081587445,-0.030940059940059994,0,stop,0.07237052778457165
PCRX,2026-05-01,2026-05-01,26.926899618148802,26.093779729963302,304,-253.26844600839206,-0.030940059940059883,0,stop,0.05531580463212604
ILMN,2026-05-01,2026-05-01,133.3532212219238,129.2272645641174,61,-251.6833561261903,-0.030940059940059994,0,stop,0.05112832149404656
COLM,2026-05-01,2026-05-01,62.844134996751,60.8997336930703,130,-252.77216947849092,-0.030940059940059994,0,stop,0.04087333274972038
RNG,2026-05-01,2026-05-01,43.00956462122686,44.874708515167235,190,354.37733984867174,0.043365793408191244,0,close,0.0721034098760005
CBOE,2026-05-01,2026-05-01,313.15626765137614,325.0469116516113,26,309.1567440061144,0.037970320981959516,0,close,0.04758567411920511
PLXS,2026-05-01,2026-05-01,262.3621061096191,264.3354060974121,31,61.17229962158251,0.007521284293123154,0,close,0.04597335856126272
ICHR,2026-05-04,2026-05-04,68.17811061096191,66.0686757820587,118,-248.91330981057808,-0.030940059940059994,0,stop,0.05728038724448581
ACHC,2026-05-04,2026-05-04,29.409379159927365,28.499451205919264,275,-250.2301873522277,-0.030940059940059883,0,stop,0.05493711879138341
COHR,2026-05-04,2026-05-04,345.29496221923824,334.6115153911743,23,-245.71927704547085,-0.030940059940059883,0,stop,0.046889263147287474
EBAY,2026-05-04,2026-05-04,108.61686354234627,108.58856073760987,74,-2.094407550493486,-0.0002605746825433686,0,close,0.04871721496430759
ROK,2026-05-05,2026-05-05,452.16254958807247,438.17261320116717,17,-237.82891857739008,-0.030940059940059994,0,stop,0.1353701657843982
UCTT,2026-05-05,2026-05-05,80.07999999999998,77.60231999999998,100,-247.76800000000065,-0.030940059940059994,0,stop,0.09424154468783974
EXPD,2026-05-05,2026-05-05,148.2847402813495,143.69680152884834,54,-247.74869263506338,-0.030940059940059883,0,stop,0.0657790472245594
SPHR,2026-05-05,2026-05-05,145.03488938903806,140.54750121794126,55,-246.8063494103238,-0.030940059940059883,0,stop,0.061776288003982494
DOCN,2026-05-05,2026-05-05,130.3301969451904,152.61723426818847,61,1359.5092767028816,0.17100440147704798,0,close,0.1965811953826211
FTRE,2026-05-05,2026-05-05,13.983970267295836,14.51546973323822,574,305.08069345092815,0.03800776573341236,0,close,0.1404081850635761
CYTK,2026-05-05,2026-05-05,74.76469244384765,77.01290634155274,107,240.5588870544441,0.030070529607188812,0,close,0.13080997714531528
ULS,2026-05-05,2026-05-05,96.4774170299946,104.27933667755127,83,647.5593307472038,0.08086783298863676,0,close,0.0733629561403597
MU,2026-05-05,2026-05-05,610.2959438204592,639.4614609375,13,379.15172252152956,0.04778913806056817,0,close,0.05781939774157907
PRIM,2026-05-05,2026-05-05,194.76435718544778,202.5502987060547,41,319.2236023448834,0.03997621347726077,0,close,0.04947445617719315
VECO,2026-05-06,2026-05-06,62.31224999999999,60.38430524999999,132,-254.48870700000023,-0.030940059940059994,0,stop,0.25656033204652107
GLW,2026-05-06,2026-05-06,188.92355641086792,183.07825025142637,43,-251.3481648559866,-0.030940059940059994,0,stop,0.16829128057597198
GEO,2026-05-06,2026-05-06,21.22120076370239,20.564615540073394,389,-255.41165199168012,-0.030940059940059883,0,stop,0.15468409902920532
IFF,2026-05-06,2026-05-06,80.44543401632346,77.95644746595428,102,-253.876628137656,-0.030940059940059883,0,stop,0.14158549886449312
HL,2026-05-06,2026-05-06,18.56070682813059,17.98643744633835,444,-254.97560551575523,-0.030940059940059994,0,stop,0.08797661364195819
TKR,2026-05-06,2026-05-06,118.11093932678028,114.45657978443292,69,-252.15080842196818,-0.030940059940059994,0,stop,0.08264170972608076
EPC,2026-05-06,2026-05-06,24.343735060967113,23.59053843901585,339,-255.33365484147754,-0.030940059940059883,0,stop,0.07884359768486782
FLEX,2026-05-06,2026-05-06,119.9698484725952,134.59526573181154,68,994.5283736267107,0.1219091083753201,0,close,0.2426127762185002
AMD,2026-05-06,2026-05-06,409.8994802246093,420.96862463378903,20,221.38288818359456,0.027004533899662952,0,close,0.15264870511186168
ACLS,2026-05-06,2026-05-06,159.38922572326658,170.829,51,583.4284881134049,0.07177256947464761,0,close,0.13979956482413236
SEZL,2026-05-07,2026-05-07,100.76066366577147,97.64312269235228,81,-252.52081884695485,-0.030940059940059994,0,stop,0.17019306661671463
MTSI,2026-05-07,2026-05-07,354.2238651123046,343.2641574935302,23,-252.07327523181158,-0.030940059940059994,0,stop,0.1422161902643595
DGII,2026-05-07,2026-05-07,67.10704091644287,65.03074504808808,123,-255.38439180763925,-0.030940059940059883,0,stop,0.13916741977500213
KLIC,2026-05-07,2026-05-07,105.65631719471023,102.38730440765991,78,-254.98299738992455,-0.030940059940059883,0,stop,0.1304116674390352
MIDD,2026-05-07,2026-05-07,128.51133277893064,124.53518443977353,64,-254.4734937060548,-0.030940059940059994,0,stop,0.11985966524418834
EZPW,2026-05-07,2026-05-07,37.01697954177856,35.871671975955955,223,-255.40358717844103,-0.030940059940060105,0,stop,0.10586127574478721
SNEX,2026-05-07,2026-05-07,78.20478987121581,75.78512898500061,105,-254.06439305259573,-0.030940059940059772,0,stop,0.10151325767762054
VCEL,2026-05-07,2026-05-07,40.540499999999994,39.286174499999994,203,-254.62807650000005,-0.030940059940059994,0,stop,0.10114196150536792
FTNT,2026-05-07,2026-05-07,105.36526213836669,107.86203121948242,78,194.74798832702692,0.02369632106867403,0,close,0.17020573326753707
RXO,2026-05-07,2026-05-07,21.726704923629757,23.08689060974121,380,516.8705607223523,0.06260432453483222,0,close,0.10626906194129004
AKAM,2026-05-08,2026-05-08,145.59544694519042,141.0907150897064,55,-247.76025205162057,-0.030940059940059994,0,stop,0.24646494048431644
AMN,2026-05-08,2026-05-08,26.05603068733215,25.249855536066054,311,-250.7204720437559,-0.030940059940059883,0,stop,0.15946547002421196
WSC,2026-05-08,2026-05-08,26.28519448404227,25.47192899116987,309,-251.29903729757163,-0.030940059940059883,0,stop,0.13412008862312574
ROAD,2026-05-08,2026-05-08,142.90275450134277,138.48133471147156,56,-247.59950823278768,-0.030940059940059883,0,stop,0.08678436238973353
TNDM,2026-05-08,2026-05-08,20.019999999999996,19.400579999999994,405,-250.86510000000067,-0.030940059940059994,0,stop,0.08283707328236134
XYZ,2026-05-08,2026-05-08,75.70562725067138,73.36329060573577,107,-250.63002100811067,-0.030940059940059994,0,stop,0.07827199759827441
POWI,2026-05-08,2026-05-08,76.7845141708111,74.40879669989782,105,-249.45033444589365,-0.030940059940059883,0,stop,0.07503823015871047
MP,2026-05-08,2026-05-08,73.77369694519042,71.49113433970642,110,-251.08188660324032,-0.030940059940059883,0,stop,0.06610733222035914
MNST,2026-05-08,2026-05-08,42.292249999999996,43.10185545730591,192,155.4442478027354,0.019143116228290458,0,close,0.1122811457448325
CALY,2026-05-08,2026-05-08,15.985970267295835,17.502480457305907,508,770.3871765251165,0.09486507009915779,0,close,0.08124575301785941
MRNA,2026-05-11,2026-05-11,58.13808183288574,56.33928609617614,137,-246.4350159292152,-0.030940059940059994,0,stop,0.06862931852168574
MU,2026-05-11,2026-05-11,793.6508854571066,769.0952794895821,10,-245.55605967524457,-0.030940059940059883,0,stop,0.06182295319453557
FORM,2026-05-11,2026-05-11,156.22607733154294,151.39243313470456,51,-246.51585403875728,-0.030940059940059994,0,stop,0.055454199484707534
UNIT,2026-05-11,2026-05-11,11.911899618148803,11.543344729963303,673,-248.0374397488414,-0.030940059940059883,0,stop,0.05496453016278324
INTC,2026-05-11,2026-05-11,131.0108848876953,126.95740025646973,61,-247.26256250476078,-0.030940059940059994,0,stop,0.04771058918690274
VICR,2026-05-11,2026-05-11,280.2900197753906,312.647031463623,28,905.9963272705081,0.11544118379299273,0,close,0.09178464706546596
P,2026-05-11,2026-05-11,82.96287725067138,87.25265634155274,96,411.8187927246099,0.051707212105479794,0,close,0.06038886092832629
QCOM,2026-05-11,2026-05-11,230.1348618725038,235.1395030517578,34,170.1578000946363,0.021746558250816506,0,close,0.058971164301343304
KGS,2026-05-11,2026-05-11,72.66325685991919,74.37953313446044,110,188.79039019953836,0.023619589166639088,0,close,0.05714284437198103
LITE,2026-05-11,2026-05-11,950.6647418823242,1052.036875854492,8,810.9770717773436,0.10663289539007237,0,close,0.05080221252782047
VSTS,2026-05-12,2026-05-12,11.79177973270416,11.42694136097431,690,-251.73847649359726,-0.030940059940059994,0,stop,0.26666661197566754
RAL,2026-05-12,2026-05-12,58.84350144405193,57.022879982289965,138,-251.24576172315136,-0.030940059940059883,0,stop,0.18805482899731918
ARMK,2026-05-12,2026-05-12,50.75138045420247,49.18112970090866,160,-251.2401205270089,-0.030940059940059883,0,stop,0.14272882609683024
HLIT,2026-05-12,2026-05-12,14.564550190925596,14.113922135018347,559,-251.90108325215198,-0.030940059940059883,0,stop,0.1340608166217332
NOVT,2026-05-12,2026-05-12,150.14999999999998,145.50435,54,-250.86509999999942,-0.030940059940059883,0,stop,0.07158168722882485
RGA,2026-05-12,2026-05-12,218.39748438475087,211.64025312712837,37,-250.01755653203224,-0.030940059940059883,0,stop,0.0502698053249
NXT,2026-05-13,2026-05-13,149.3792257232666,144.757423525589,53,-244.95551647691258,-0.030940059940059883,0,stop,0.19031660252242855
PENG,2026-05-13,2026-05-13,51.15610454177856,49.57333160095596,156,-246.9125787683257,-0.030940059940059883,0,stop,0.15805570598910923
MXL,2026-05-13,2026-05-13,100.33023336029052,97.22600992632293,79,-245.2336512834396,-0.030940059940059994,0,stop,0.09028612013711168
VSH,2026-05-13,2026-05-13,36.251254743232856,35.12963874857485,220,-246.7555188247617,-0.030940059940059994,0,stop,0.08206952446117022
COHR,2026-05-13,2026-05-13,401.98156655883787,389.54423279470825,19,-236.30934151846276,-0.030940059940059883,0,stop,0.07371454262391919
MU,2026-05-13,2026-05-13,813.8479461802181,788.6674419433075,9,-226.62453813219508,-0.030940059940059883,0,stop,0.06076327783097368
LITE,2026-05-13,2026-05-13,1052.6365458984374,1020.067908073242,7,-227.98046477636717,-0.030940059940059994,0,stop,0.05967025012008742
ADEA,2026-05-13,2026-05-13,32.803996205785836,31.789038596905325,243,-246.63469895796422,-0.030940059940059883,0,stop,0.05500323028477849
SMTC,2026-05-13,2026-05-13,139.7496106109619,139.6002654876709,57,-8.512672027586945,-0.0010686621782922678,0,close,0.05701089245083901
AOSL,2026-05-13,2026-05-13,39.88984847259521,41.5484101524353,200,331.7123359680181,0.041578540489557,0,close,0.05646864221862469
STAA,2026-05-14,2026-05-14,35.80577045822143,34.69793777404403,218,-241.5075251506738,-0.030940059940060105,0,stop,0.21666669802330563
CSCO,2026-05-14,2026-05-14,117.2290062539413,113.60193377373068,66,-239.38678369390055,-0.030940059940059994,0,stop,0.1539216618463417
MTSI,2026-05-14,2026-05-14,400.4,388.0116,19,-235.3795999999998,-0.030940059940059883,0,stop,0.048355426018365844
ARWR,2026-05-14,2026-05-14,81.28119694519042,78.7663518397064,96,-241.42513012646532,-0.030940059940059994,0,stop,0.04262968428235925
HPE,2026-05-14,2026-05-14,33.55043278843463,33.91063549804687,233,83.92723133965322,0.010736156874149527,0,close,0.05082632567803991
AIZ,2026-05-14,2026-05-14,252.554271603485,250.8288760986328,31,-53.48726065041825,-0.006831781121331093,0,close,0.0467417213606649
D,2026-05-18,2026-05-18,67.34709439434678,65.26337125699682,114,-237.54443765789583,-0.030940059940059883,0,stop,0.11193916489114586
SMTC,2026-05-18,2026-05-18,149.2791348876953,144.66042950646974,51,-235.55397444250391,-0.030940059940059772,0,stop,0.08347868021007998
ECHO,2026-05-18,2026-05-18,146.89675,142.35175575,52,-236.3397010000001,-0.030940059940059994,0,stop,0.06937261946260098
AOSL,2026-05-18,2026-05-18,40.93088938903808,39.664485217941284,189,-239.35038833729425,-0.030940059940059772,0,stop,0.05196811199566764
F,2026-05-18,2026-05-18,13.853946712195075,13.425304770513362,558,-239.18220345839578,-0.030940059940059994,0,stop,0.04402987373737921
CLSK,2026-05-18,2026-05-18,13.693680305480955,13.269997016029356,565,-239.38105854015353,-0.030940059940059994,0,stop,0.04347831147411352
INTC,2026-05-18,2026-05-18,113.58347122192382,110.06919181411743,68,-238.97099973083414,-0.030940059940059883,0,stop,0.043210487475328296
RAMP,2026-05-18,2026-05-18,37.837799236297606,37.73223045730591,204,-21.536030914305968,-0.0027900348625568006,0,close,0.27444367604602893
CAVA,2026-05-20,2026-05-20,86.96687725067137,84.27611685573576,87,-234.09615435939796,-0.030940059940059994,0,stop,0.11213510239180335
LPG,2026-05-20,2026-05-20,44.63841149283172,43.25729636561445,169,-233.40845649971877,-0.030940059940059883,0,stop,0.0775046232348715
MU,2026-05-20,2026-05-20,735.5818634968549,712.8229165494412,10,-227.58946947413733,-0.030940059940059994,0,stop,0.05183618651796218
NHC,2026-05-20,2026-05-20,204.59852749416027,198.26823678984294,37,-234.22075605974086,-0.030940059940059994,0,stop,0.04622447319109835
ACMR,2026-05-20,2026-05-20,69.4193484725952,67.2715096698532,109,-234.1144294988781,-0.030940059940059883,0,stop,0.04364186093398481
ROIV,2026-05-20,2026-05-20,29.629600381851194,32.3775898475647,255,700.7373137569439,0.09274473601732103,0,close,0.0492733549134412
INTC,2026-05-20,2026-05-20,116.33622122192382,118.84103908538819,65,162.8131611251839,0.021530851158438002,0,close,0.048916949635944285
SYNA,2026-05-20,2026-05-20,129.7396106109619,129.69018731689454,58,-2.86655105590728,-0.00038094221059103983,0,close,0.0482853546600952
MRVL,2026-05-20,2026-05-20,183.58816155753692,186.56718283081054,41,122.13987220421828,0.01622665235056564,0,close,0.04073294036694963
ENS,2026-05-21,2026-05-21,232.75361328456853,238.3953991699219,32,180.53714833130744,0.02423930527108764,0,close,0.08496458658747774
HLIT,2026-05-22,2026-05-22,14.314300190925596,13.871414885018348,529,-234.2863268249344,-0.030940059940059883,0,stop,0.12598428389758443
TTMI,2026-05-22,2026-05-22,188.51833183288574,182.68556334617614,40,-233.31073946838387,-0.030940059940059994,0,stop,0.07894585241119012
UTI,2026-05-22,2026-05-22,39.579540916442866,40.019941371917724,191,84.11648699569791,0.011126972301285454,0,close,0.08032793890647416
DELL,2026-05-22,2026-05-22,267.9253569123044,294.4082999267578,28,741.5224044046963,0.0988444816110543,0,close,0.060522112901576275
SMTC,2026-05-22,2026-05-22,155.15499999999997,156.6232187805176,48,70.47450146484562,0.009462916312833025,0,close,0.05780387150252153
ROST,2026-05-22,2026-05-22,228.2992579525865,233.66456954956055,33,177.0552827001442,0.023501222233881958,0,close,0.054192178873309294
GNRC,2026-05-22,2026-05-22,260.2800090026855,269.86987463378904,29,278.1061033020021,0.036844418700648474,0,close,0.04935629387348417
AMD,2026-05-22,2026-05-22,470.30983633422846,467.04249975585935,16,-52.27738525390578,-0.006947200177304325,0,close,0.04504103775650092
VSH,2026-05-22,2026-05-22,43.712699835020835,46.97580432128906,173,564.517076124403,0.07464888919201362,0,close,0.040550284238636936
MRK,2026-05-22,2026-05-22,119.10593338555641,120.70200736999512,63,100.55266101963832,0.01340045738336193,0,close,0.040300406749980144
HLIT,2026-05-26,2026-05-26,17.21720076370239,16.684499540073393,448,-238.65014818579084,-0.030940059940059883,0,stop,0.13157901176125142
VICR,2026-05-26,2026-05-26,296.74646221923825,287.56510889117425,26,-238.71518652966415,-0.030940059940060105,0,stop,0.10619807832287353
AMKR,2026-05-26,2026-05-26,71.85875299798546,69.63543887300983,107,-237.89461137239243,-0.030940059940059883,0,stop,0.0950569150464966
ACMR,2026-05-26,2026-05-26,79.6896106109619,77.22400928205872,96,-236.69772757470628,-0.030940059940059883,0,stop,0.08534427084465568
MRVL,2026-05-26,2026-05-26,211.3990973882898,204.85839664382152,36,-235.46522680085764,-0.030940059940059994,0,stop,0.07594356716039075
SEDG,2026-05-26,2026-05-26,66.56649999999999,64.50692849999999,116,-238.91029400000048,-0.030940059940059994,0,stop,0.07344631446368766
MXL,2026-05-26,2026-05-26,106.38627877807616,103.09468093588255,72,-236.99504463793994,-0.030940059940059994,0,stop,0.0718030945364736
POWI,2026-05-26,2026-05-26,78.79311977083556,83.44870195770264,98,456.2470543129738,0.05908615118182303,0,close,0.11841915564666294
MU,2026-05-26,2026-05-26,821.1942084076901,894.8465062866211,9,662.870680910379,0.08968925635964253,0,close,0.09254327543118501
AOSL,2026-05-26,2026-05-26,45.024979541778556,47.84210939025879,171,481.72920409012016,0.06256815388147441,0,close,0.07813993830650845
CRSR,2026-05-27,2026-05-27,8.778770458221434,8.507154774044036,878,-238.47857070775547,-0.030940059940059883,0,stop,0.08405442427071619
MU,2026-05-27,2026-05-27,956.4685347141472,926.8753409193102,8,-236.74555035869525,-0.030940059940059772,0,stop,0.06672764766320238
AOSL,2026-05-27,2026-05-27,50.88083183288574,49.306575846176145,151,-237.71265399314882,-0.030940059940059994,0,stop,0.0613907387528958
ENTG,2026-05-27,2026-05-27,149.25280342017678,144.63491273613454,51,-235.5124248861541,-0.030940059940059883,0,stop,0.050028198179389305
POWI,2026-05-27,2026-05-27,87.67275879962041,84.96015838724973,88,-238.70883628861952,-0.030940059940059994,0,stop,0.048519466446800275
SMTC,2026-05-27,2026-05-27,172.5323606109619,167.1941990320587,44,-234.87910947174066,-0.030940059940059883,0,stop,0.04803595752144796
MRVL,2026-05-27,2026-05-27,218.14415513222363,211.39476189685888,35,-236.22876323776623,-0.030940059940059994,0,stop,0.0466723945146561
DY,2026-05-27,2026-05-27,536.0355,528.6008748779296,14,-104.08475170898441,-0.013869650652000298,0,close,0.27357480544472446
CORT,2026-05-27,2026-05-27,64.76469694519042,66.58335152435303,119,216.41989492035077,0.02808095559686974,0,close,0.07190186040432756
MGM,2026-05-27,2026-05-27,40.36031969451904,41.908050762176515,191,295.61663392257736,0.03834783964478006,0,close,0.04863456163275792
CRSR,2026-05-28,2026-05-28,11.101090152740477,10.757621758014677,683,-234.5889135977215,-0.030940059940059994,0,stop,0.12932795287489118
DDOG,2026-05-28,2026-05-28,232.8626348876953,225.6578510064697,32,-230.55308419921857,-0.030940059940059883,0,stop,0.048780521362029816
SMTC,2026-05-28,2026-05-28,163.80363938903807,158.73554496794125,46,-233.13234337045355,-0.030940059940059994,0,stop,0.04096693744546709
DAVE,2026-05-28,2026-05-28,266.8666061096191,258.6097373205871,28,-231.19232609289634,-0.030940059940060105,0,stop,0.04034962906365136
NXT,2026-05-29,2026-05-29,156.11596672058104,151.28572935264586,48,-231.8513936608888,-0.030940059940059994,0,stop,0.13698336951043166
HPE,2026-05-29,2026-05-29,42.590133208648325,41.27239193431761,176,-231.92246428220574,-0.030940059940059883,0,stop,0.1196021609451361
PENG,2026-05-29,2026-05-29,60.01495683288574,58.15809047117614,124,-230.2514288519903,-0.030940059940059994,0,stop,0.1088404322072487
SEDG,2026-05-29,2026-05-29,78.31823786163329,75.89506688779448,95,-230.20124251468673,-0.030940059940059994,0,stop,0.06899843221628754
ENPH,2026-05-29,2026-05-29,72.57249999999999,70.3271025,103,-231.27594249999956,-0.030940059940059883,0,stop,0.043165467625899234
NTAP,2026-05-29,2026-05-29,176.33113437814671,173.5884753112793,42,-115.19168080843156,-0.015554026102875929,0,close,0.24080068747101113
OKTA,2026-05-29,2026-05-29,107.64253866577147,123.14672664642335,69,1069.7889706649796,0.14403402384248998,0,close,0.13529352065300926
SMCI,2026-05-29,2026-05-29,44.54449999999999,46.0439101524353,168,251.90090560913205,0.033660949217867664,0,close,0.07748186009814573
HPQ,2026-05-29,2026-05-29,26.15106824362902,26.43116300010681,286,80.10710035264813,0.010710643017270538,0,close,0.06757305111856571
SAIC,2026-06-01,2026-06-01,119.91984824810703,116.20952095530771,62,-230.04029215355786,-0.030940059940059883,0,stop,0.15345493794405574
IBM,2026-06-01,2026-06-01,320.57290434785995,310.65435947217804,23,-228.12653214068376,-0.030940059940059994,0,stop,0.08310949849448912
LBRT,2026-06-01,2026-06-01,30.297662198316488,29.36025071385689,247,-231.54063666152086,-0.030940059940059883,0,stop,0.04203689848764247
MGM,2026-06-01,2026-06-01,48.50845908355712,50.639308628082276,154,328.1508298568739,0.0439273806008702,0,close,0.10968630905356025
CDNS,2026-06-01,2026-06-01,393.393,413.74584365844726,19,386.7040295104984,0.05173666958600509,0,close,0.04819568366685645
HUM,2026-06-01,2026-06-01,318.1179946891078,327.2096942138672,23,209.10908906946634,0.028579645529466458,0,close,0.04298983941719414
HCC,2026-06-01,2026-06-01,98.52273666760294,106.05141993713379,76,572.1799284843441,0.0764156937188134,0,close,0.04199282863769249
OKTA,2026-06-01,2026-06-01,128.43830755615232,139.65020329284667,58,650.289952728272,0.08729401648174617,0,close,0.04088586884707146
GNRC,2026-06-02,2026-06-02,290.28999999999996,281.30841,26,-233.52133999999955,-0.030940059940059883,0,stop,0.0770258838378115
MXL,2026-06-02,2026-06-02,91.80170908355711,88.9613587019119,83,-235.74908167655232,-0.030940059940059994,0,stop,0.06355091631917964
AVGO,2026-06-02,2026-06-02,488.50566164902085,473.39126719654155,15,-226.71591678718954,-0.030940059940059883,0,stop,0.06265630540468936
PENG,2026-06-02,2026-06-02,62.882819694519036,60.93722148397063,121,-235.4173834763569,-0.030940059940059994,0,stop,0.05208508889694996
AMKR,2026-06-02,2026-06-02,75.67126189023256,73.32998851160879,101,-236.4686112410006,-0.030940059940059883,0,stop,0.0421992803735296
MRVL,2026-06-02,2026-06-02,253.65089444251421,290.4275739440918,30,1103.300385047328,0.14498935468927532,0,close,0.15508372563131756
SMTC,2026-06-02,2026-06-02,159.7596061096191,166.46337487792968,47,315.07713211059666,0.04196160050439013,0,close,0.06698759292554479
MCHP,2026-06-02,2026-06-02,96.26755515813878,96.28374682617188,79,1.2791417746150415,0.00016819444522608862,0,close,0.05714604518172939
GLW,2026-06-02,2026-06-02,186.33562629983336,199.82332260131835,41,552.9955483608845,0.0723838836905073,0,close,0.055461180301541235
COHR,2026-06-02,2026-06-02,382.241845336914,426.46312463378905,20,884.4255859375005,0.11568926802845891,0,close,0.0522457750729155
MRVL,2026-06-03,2026-06-03,317.86921322531765,308.0343207150266,24,-236.03742024698568,-0.030940059940060105,0,stop,0.09230024406449355
INTC,2026-06-03,2026-06-03,116.53641816711425,112.93077440382383,67,-241.5781321404579,-0.030940059940059994,0,stop,0.07866207578767503
AMKR,2026-06-03,2026-06-03,78.26430049959357,75.84279835096929,99,-239.72871271380419,-0.030940059940059883,0,stop,0.049212434659566595
IPGP,2026-06-03,2026-06-03,127.39726663970946,123.45558757367705,61,-240.44242302797682,-0.030940059940059883,0,stop,0.04353884551045217
TGTX,2026-06-03,2026-06-03,38.60856969451904,40.06989060974121,202,295.18682487487774,0.03784965169092036,0,close,0.052674681695574765
ACHC,2026-06-03,2026-06-03,25.535510229110717,25.704269542694092,306,51.640349956513,0.006608809147309991,0,close,0.044635550744572816
GIII,2026-06-05,2026-06-05,35.64411959992984,34.54128840299734,217,-239.31436973435225,-0.030940059940060105,0,stop,0.11860173438500077
INTC,2026-06-08,2026-06-08,111.11099999999999,107.67321899999999,69,-237.20688900000007,-0.030940059940059994,0,stop,0.11929012856187793
ACMR,2026-06-08,2026-06-08,83.91383183288573,81.31753284617614,92,-238.85950677728306,-0.030940059940059994,0,stop,0.09883340968728094
GLW,2026-06-08,2026-06-08,192.72997928672754,186.76690217534968,40,-238.52308445511426,-0.030940059940059883,0,stop,0.08627091305415813
MTSI,2026-06-08,2026-06-08,370.3499909973144,358.89134007705684,20,-229.17301840515165,-0.030940059940059994,0,stop,0.07116391871509498
FORM,2026-06-08,2026-06-08,125.00487725067137,121.13721885573575,61,-235.92716209107266,-0.030940059940059994,0,stop,0.07009426323124668
ENPH,2026-06-08,2026-06-08,60.059999999999995,58.20174,128,-237.85727999999926,-0.030940059940059883,0,stop,0.07009096355565991
PENG,2026-06-08,2026-06-08,64.06199909973144,62.07991700770568,120,-237.84985104309072,-0.030940059940059883,0,stop,0.06912797270445847
AOSL,2026-06-08,2026-06-08,44.94490152740478,43.55430358014679,172,-239.18284692837503,-0.030940059940059883,0,stop,0.06879322351375494
MRVL,2026-06-08,2026-06-08,288.9074326835145,288.4899992980957,26,-10.85326802088889,-0.0014448689725338193,0,close,0.09572248730434185
MU,2026-06-08,2026-06-08,939.0638424569204,948.1848991699219,8,72.96845370401206,0.009712925043666498,0,close,0.0859480791836853
VSH,2026-06-09,2026-06-09,61.743687974308656,59.83333456746319,122,-233.06311563514691,-0.030940059940059883,0,stop,0.08318767224213541
ONTO,2026-06-09,2026-06-09,290.28999999999996,281.30841,26,-233.52133999999955,-0.030940059940059883,0,stop,0.07810703196545954
UCTT,2026-06-09,2026-06-09,89.35926663970946,86.59448557367705,84,-232.24160954672266,-0.030940059940059994,0,stop,0.06362440508130573
COHU,2026-06-09,2026-06-09,55.56550831985473,53.84630816183852,136,-233.81122149020416,-0.030940059940059994,0,stop,0.057131976688137964
ACMR,2026-06-09,2026-06-09,85.085,82.45246499999999,88,-231.66308000000038,-0.030940059940059994,0,stop,0.054983248379736116
SIRI,2026-06-09,2026-06-09,28.41976580165945,27.540456544273642,265,-233.01695320723957,-0.030940059940059994,0,stop,0.04409621762452587
MU,2026-06-09,2026-06-09,989.0160586701365,958.4158425332007,7,-214.2015129585509,-0.030940059940059883,0,stop,0.040978403550774756
ICHR,2026-06-09,2026-06-09,69.49442805480956,67.34426628529357,108,-232.21747110772685,-0.030940059940059883,0,stop,0.04007495208625933
SJM,2026-06-09,2026-06-09,106.07288615751932,111.23515770721436,71,366.52128002834746,0.048667211166753876,0,close,0.05099737353870459
CBRL,2026-06-10,2026-06-10,43.33025877365333,44.22785311889648,171,153.48863303657976,0.0207151854303933,0,close,0.19834714432040745
CASY,2026-06-10,2026-06-10,800.8501683732451,913.9990264892579,9,1018.339723044115,0.14128592661202832,0,close,0.0518538000596509
ACLS,2026-06-11,2026-06-11,165.10494244384765,159.99658562823484,45,-229.87605670257636,-0.030940059940059994,0,stop,0.04770380559625309
VECO,2026-06-11,2026-06-11,69.0589878616333,66.9222986377945,108,-230.76243617459045,-0.030940059940059883,0,stop,0.04625409932420732
INTC,2026-06-11,2026-06-11,113.63351663970946,116.84303908538818,66,211.82848141479613,0.028244505147675403,0,close,0.060538076159518006
UNIT,2026-06-11,2026-06-11,12.262249999999998,12.507480457305908,613,150.32627032852275,0.01999881402727155,0,close,0.05512492353560683
ACMR,2026-06-11,2026-06-11,84.4343484725952,91.60829695129395,89,638.4814146041886,0.08496481122285426,0,close,0.05490244422102464
AMAT,2026-06-11,2026-06-11,522.4537964311157,551.4976329345703,14,406.6137110483644,0.055591205771406305,0,close,0.051266482835349514
ONTO,2026-06-11,2026-06-11,282.8425575561523,303.22646878051756,26,529.9816918334965,0.0720680487423413,0,close,0.049121938313312574
LRCX,2026-06-11,2026-06-11,336.7394473442973,361.90253622436524,22,553.5879553614951,0.07472569394087092,0,close,0.04611571080104082
PDFS,2026-06-11,2026-06-11,60.059999999999995,63.786148475646975,125,465.7685594558725,0.062040434159956304,0,close,0.04166669426141034
FORM,2026-06-11,2026-06-11,120.62049999999999,130.1097654876709,62,588.3344602355962,0.07867042076322761,0,close,0.04049738831082661
ROKU,2026-06-12,2026-06-12,124.93480755615234,121.06931712176512,62,-239.66040693200713,-0.030940059940059994,0,stop,0.043212957165834176
FA,2026-06-12,2026-06-12,16.486469312667843,16.473509771347047,475,-6.155782127378373,-0.0007860713579734835,0,close,0.05848321781473387
STX,2026-06-15,2026-06-15,1032.8161373005273,1000.8607441053879,7,-223.68775236597605,-0.030940059940059883,0,stop,0.10899647246054811
ALGT,2026-06-15,2026-06-15,98.24815152740477,95.20834783014678,79,-240.14449208338158,-0.030940059940059883,0,stop,0.07162359919512751
AOSL,2026-06-15,2026-06-15,48.448401527404776,46.94940508014678,161,-241.33842800853705,-0.030940059940059883,0,stop,0.07055966613593356
VICR,2026-06-15,2026-06-15,324.32399999999996,314.28939599999995,24,-240.83049600000004,-0.030940059940059994,0,stop,0.0665964766697793
MXL,2026-06-15,2026-06-15,89.9498606109619,87.1668065320587,86,-239.3426507856757,-0.030940059940059994,0,stop,0.06393560957155708
UCTT,2026-06-15,2026-06-15,115.91580305480956,112.32936116029356,67,-240.291606932572,-0.030940059940059994,0,stop,0.06336089466664685
WDC,2026-06-15,2026-06-15,619.2000451861064,652.6669921875,12,401.60336401672294,0.05404868307355293,0,close,0.09921315276676324
MU,2026-06-15,2026-06-15,1056.7833215736941,1086.7348092041016,7,209.660413412852,0.028342127491003177,0,close,0.07567157174502492
JBLU,2026-06-15,2026-06-15,5.345340152740478,5.35464013338089,1461,13.587271715641831,0.0017398295290234067,0,close,0.06586824523553081
FORM,2026-06-15,2026-06-15,148.43828327941893,152.4474060974121,52,208.47438653564575,0.027008684885195366,0,close,0.06522509973675006
OLN,2026-06-16,2026-06-16,26.372120351787142,25.55616536735637,293,-239.07481043821596,-0.030940059940059994,0,stop,0.053359642580605104
WDC,2026-06-16,2026-06-16,687.2461928320192,680.1805887451172,11,-77.72164495592199,-0.010281037800712878,0,close,0.05087752525499578
LZB,2026-06-17,2026-06-17,41.90217603070304,40.60572019269414,184,-238.54787419363686,-0.030940059940059994,0,stop,0.20308048030440906
ACMR,2026-06-17,2026-06-17,100.38027877807616,97.27450693588256,76,-236.03866000671394,-0.030940059940059994,0,stop,0.09980257121807168
JBL,2026-06-17,2026-06-17,412.6831887449469,399.9147461489232,18,-229.83196672842666,-0.030940059940059883,0,stop,0.09813316015025308
AMKR,2026-06-17,2026-06-17,90.92367831125475,88.11049425433379,84,-236.30746078136065,-0.030940059940060105,0,stop,0.05141533979343138
MRVL,2026-06-17,2026-06-17,293.11059505914386,284.0417356789473,26,-235.79034388511047,-0.030940059940059994,0,stop,0.051028082282727816
TER,2026-06-17,2026-06-17,429.49424782089676,416.2056700494073,17,-225.90582211532126,-0.030940059940059883,0,stop,0.04856473547803297
MKSI,2026-06-17,2026-06-17,384.0168241648852,372.13532060723213,20,-237.63007115306095,-0.030940059940059994,0,stop,0.04826508615578007
AMD,2026-06-17,2026-06-17,530.1896331176757,513.7855340894164,14,-229.65738639563074,-0.030940059940060105,0,stop,0.04409699426916358
FORM,2026-06-17,2026-06-17,146.54639389038084,142.01223967941283,52,-235.77601897033662,-0.030940059940059883,0,stop,0.04392461610122078
NEO,2026-06-17,2026-06-17,10.960949809074402,10.621817364981652,704,-238.74924064129561,-0.030940059940059883,0,stop,0.04385129153324474
INTC,2026-06-18,2026-06-18,131.94180755615233,127.85952012176512,56,-228.60809632568385,-0.030940059940059994,0,stop,0.08843929991263688
WDC,2026-06-18,2026-06-18,764.6686758072959,741.009781143532,9,-212.93005197387538,-0.030940059940059883,0,stop,0.07304842392261723
STX,2026-06-18,2026-06-18,1133.6849823827993,1098.6087010747297,6,-210.45768784841766,-0.030940059940059994,0,stop,0.06311975679375159
ICHR,2026-06-18,2026-06-18,96.31622122192381,98.51139060974121,77,169.0280428619399,0.02279127399277292,0,close,0.07568479042406473
UCTT,2026-06-18,2026-06-18,119.2391227493286,121.15871878051757,62,119.01495393371636,0.01609870977686123,0,close,0.06728789620250164
VSH,2026-06-18,2026-06-18,64.08136851610914,64.63051048278808,116,63.70046813475767,0.008569448178075367,0,close,0.06624609039412865
FORM,2026-06-18,2026-06-18,149.15900450134276,149.40045304870605,50,12.07242736816454,0.0016187326281138503,0,close,0.0647373901833268
ACMR,2026-06-18,2026-06-18,102.37226663970947,109.76013274383546,73,539.3142256011973,0.0721666750832719,0,close,0.06320817181976635
PENG,2026-06-18,2026-06-18,63.50343862533568,67.08285152435303,117,418.79130918502983,0.056365654781870056,0,close,0.06300265251853743
MU,2026-06-18,2026-06-18,1109.0073945146528,1132.6817362060547,6,142.04605014841127,0.02134732537267059,0,close,0.062193784023454324
PENG,2026-06-22,2026-06-22,76.92684847259521,74.5467271698532,98,-233.25188766871716,-0.030940059940059994,0,stop,0.14445266906664056
VC,2026-06-22,2026-06-22,122.66954253997801,118.87413954097136,61,-231.51958293940592,-0.030940059940059994,0,stop,0.08074864806164062
VSH,2026-06-22,2026-06-22,68.31220876582573,66.1986249319732,110,-232.49422172377834,-0.030940059940059883,0,stop,0.05485351000561467
DIOD,2026-06-22,2026-06-22,125.94581969451903,122.04904848397064,60,-233.80627263290364,-0.030940059940059883,0,stop,0.053239583618733155
ALGM,2026-06-22,2026-06-22,61.7366742362976,59.826537834926604,122,-233.0366409672618,-0.030940059940059883,0,stop,0.04533897011967025
ACA,2026-06-22,2026-06-22,145.09497353826794,144.70520182800294,52,-20.268128933779735,-0.002686321247111989,0,close,0.06743225971795064
VICR,2026-06-22,2026-06-22,350.34999999999997,365.16446878051755,21,311.1038443908693,0.04228476888973187,0,close,0.05622115809315842
MU,2026-06-22,2026-06-22,1197.2320586548362,1209.9825318603516,6,76.50283923309235,0.010649959724467584,0,close,0.05487706600771891
SNDK,2026-06-22,2026-06-22,2295.608256347656,2271.456250488281,3,-72.45601757812528,-0.010520961402099682,0,close,0.04969215764103452
SMTC,2026-06-22,2026-06-22,166.19602877807614,174.55526573181152,45,376.1656629180919,0.05029745304502775,0,close,0.04929535020141729
EPC,2026-06-23,2026-06-23,24.670506267660603,26.051985900878908,304,419.9698084983647,0.05599721457800899,0,close,0.09066901767485436
KFY,2026-06-23,2026-06-23,70.38092150022268,71.08274624633789,106,74.39342308821196,0.009971803880302721,0,close,0.04574299795052261
MU,2026-06-25,2026-06-25,1234.0431749942966,1195.861805191351,6,-229.0882188176729,-0.030940059940059994,0,stop,0.17595443204153383
SNDK,2026-06-25,2026-06-25,2240.5432365722654,2171.2206945344237,3,-207.96762611352506,-0.030940059940059883,0,stop,0.169157348448562
WDC,2026-06-25,2026-06-25,729.4948265235744,706.9242128649713,10,-225.70613658603065,-0.030940059940059994,0,stop,0.13228643589726818
STX,2026-06-25,2026-06-25,1112.1109999999999,1077.702219,6,-206.45268599999918,-0.030940059940059772,0,stop,0.1185502139441228
QCOM,2026-06-25,2026-06-25,218.4604526334039,211.70127313439374,34,-229.81210296634492,-0.030940059940059994,0,stop,0.11154444910413575
AOSL,2026-06-25,2026-06-25,46.68663938903808,45.242151967941275,162,-234.00696221768197,-0.030940059940059994,0,stop,0.11100523816641905
ICHR,2026-06-25,2026-06-25,97.49740152740478,94.48082608014677,77,-232.27630943886646,-0.030940059940060105,0,stop,0.0897292964747125
LRCX,2026-06-25,2026-06-25,408.39798022460934,395.7621222370605,18,-227.44544377587897,-0.030940059940059994,0,stop,0.08855390480892877
AMAT,2026-06-25,2026-06-25,637.6958109171011,617.9654643038008,11,-217.03381274630328,-0.030940059940059994,0,stop,0.08280562927209334
TECH,2026-06-25,2026-06-25,70.22246665874918,70.55116623687744,107,35.170854859722894,0.0046808321292042265,0,close,0.19276495254073067
ACAD,2026-06-26,2026-06-26,26.406379159927365,25.589364205919264,279,-227.94717216826027,-0.030940059940059883,0,stop,0.11214164942722049
APOG,2026-06-26,2026-06-26,45.27988816824027,43.878925714235706,162,-226.9559175487393,-0.030940059940059883,0,stop,0.072269352173161
IRDM,2026-06-29,2026-06-29,51.64346399810868,54.35826889801025,141,382.78749088612176,0.05256821850681814,0,close,0.18933818700285454
VSAT,2026-06-29,2026-06-29,67.45738938903808,76.61331243896484,108,988.8396893920897,0.1357289858509496,0,close,0.08781272897035008
ACMR,2026-06-29,2026-06-29,112.17205755615232,118.76111725616455,65,428.28888050079485,0.05874065113509941,0,close,0.07234447424491619
ENPH,2026-06-30,2026-06-30,53.713659847259514,52.05175599198531,139,-231.00463588311436,-0.030940059940059994,0,stop,0.1100537790242313
SEDG,2026-06-30,2026-06-30,59.87481362533568,58.02228330286788,125,-231.56629030847498,-0.030940059940059883,0,stop,0.08047322917703137
NXT,2026-06-30,2026-06-30,115.84573336029051,119.02085939025879,64,203.2080659179701,0.027408225904128614,0,close,0.04581600873884861
TALO,2026-07-01,2026-07-01,13.768755114555358,13.342749006011008,543,-231.32131693958183,-0.030940059940059994,0,stop,0.0654531585605087
VIRT,2026-07-01,2026-07-01,62.89226371161258,60.94637330260923,118,-229.61506826239497,-0.030940059940059883,0,stop,0.05858658693983121
MUSA,2026-07-01,2026-07-01,565.729652404091,548.2259430488391,13,-227.5482216182745,-0.030940059940059994,0,stop,0.049993572804131414
RRX,2026-07-01,2026-07-01,248.04780305480955,240.37318916029355,30,-230.23841683548,-0.030940059940059994,0,stop,0.040345944463876515
ALSN,2026-07-01,2026-07-01,119.40078130448904,117.07899369049072,62,-143.95083206789613,-0.019445330161428687,0,close,0.06040455207545192
LNN,2026-07-02,2026-07-02,129.05177083326328,125.05890130831123,57,-227.59356292226636,-0.030940059940059883,0,stop,0.06839020603546064
SEI,2026-07-06,2026-07-06,71.29108955223106,69.08533896829285,103,-227.19231014563582,-0.030940059940059994,0,stop,0.062062785730116365
GEO,2026-07-06,2026-07-06,32.15211893081665,31.157330443897244,228,-226.81177501762414,-0.030940059940059994,0,stop,0.06181814650858719
ICHR,2026-07-06,2026-07-06,104.05394694519042,100.83451158970641,70,-225.36047488388064,-0.030940059940059994,0,stop,0.058338379722309375
SNDK,2026-07-06,2026-07-06,1830.5087337646482,1773.8726838211667,4,-226.54419977392627,-0.030940059940059994,0,stop,0.047954185507700586
UCTT,2026-07-06,2026-07-06,111.67155755615234,108.21643287176514,65,-224.58310448516806,-0.030940059940059883,0,stop,0.04770843389844215
KLAC,2026-07-06,2026-07-06,246.28796427357477,238.667799896435,29,-220.984766937053,-0.030940059940059994,0,stop,0.04572281218932184
STX,2026-07-06,2026-07-06,864.4836151123046,867.3917497558593,8,23.26507714843774,0.0033640136061767745,0,close,0.05298968907983714
WDC,2026-07-06,2026-07-06,567.38487186465,576.697444519043,12,111.75087185271559,0.016413149373877722,0,close,0.05194807623583664
PENG,2026-07-06,2026-07-06,64.5645,67.64228908538819,113,347.79016664886547,0.04766999024832819,0,close,0.049292316888329024
TER,2026-07-06,2026-07-06,386.8179859169218,378.9948933105469,18,-140.8156669147487,-0.02022422144572955,0,close,0.047386809888812165
DOCN,2026-07-07,2026-07-07,145.14499999999998,140.654205,49,-220.04895499999958,-0.030940059940059883,0,stop,0.10375280040662238
AKAM,2026-07-07,2026-07-07,118.13801663970946,114.48281932367705,61,-222.96703627797723,-0.030940059940059994,0,stop,0.046926223087062846
PENG,2026-07-08,2026-07-08,67.91784847259521,65.8164661698532,106,-222.74652409065308,-0.030940059940059994,0,stop,0.08196459041124649
PARR,2026-07-08,2026-07-08,63.983918167114254,68.50142969512939,112,505.96129113769507,0.07060385886678944,0,close,0.040026018892248105
UCTT,2026-07-09,2026-07-09,115.61549999999998,112.03834949999998,62,-221.78333100000012,-0.030940059940059994,0,stop,0.1445842414865457
ICHR,2026-07-09,2026-07-09,100.62051663970946,97.50731182367706,71,-221.03754193830093,-0.030940059940059883,0,stop,0.13185451420316507
AMAT,2026-07-09,2026-07-09,627.26656882269,607.8589035849203,11,-213.48431761546692,-0.030940059940059883,0,stop,0.0995792901379915
GLW,2026-07-09,2026-07-09,201.57218793564243,195.3355323586646,35,-218.28294519422386,-0.030940059940059994,0,stop,0.09628860981081067
LRCX,2026-07-09,2026-07-09,365.49513488769526,354.1866935064697,19,-214.86038624328597,-0.030940059940059883,0,stop,0.09599283077359111
KLAC,2026-07-09,2026-07-09,238.98890430854416,231.59457328422857,30,-221.82993072946772,-0.030940059940059883,0,stop,0.08065834774883518
WDC,2026-07-09,2026-07-09,594.5433151743028,576.148109365848,12,-220.7424697014585,-0.030940059940059883,0,stop,0.07966567442878625
TER,2026-07-09,2026-07-09,379.47347085415686,367.7325389202667,19,-223.07770674391344,-0.030940059940059883,0,stop,0.07870401693570606
ACMR,2026-07-09,2026-07-09,107.10699999999999,105.93396091461182,67,-78.5936187210073,-0.010952030076355146,0,close,0.09105741136906587
COHU,2026-07-09,2026-07-09,56.54649168014526,55.08485939025879,127,-185.62730081558126,-0.02584832845429519,0,close,0.08384502755445467
WDFC,2026-07-10,2026-07-10,291.21876510826166,282.20843906014176,24,-216.24782515487777,-0.030940059940060105,0,stop,0.2199900157012109
TWLO,2026-07-10,2026-07-10,228.72849999999997,221.6516265,30,-212.3062049999993,-0.030940059940059883,0,stop,0.04528816843580663
SEI,2026-07-10,2026-07-10,71.9304731518759,71.3580291595459,97,-55.527067256010795,-0.007958295938375604,0,close,0.05479046698493062
JXN,2026-07-10,2026-07-10,115.39280831803686,115.88679718780517,60,29.639332186098954,0.004280932901874035,0,close,0.04729663895019964
PRKS,2026-07-10,2026-07-10,47.52747954177856,46.82312893295288,147,-103.53953949737462,-0.014819860333778578,0,close,0.04008757842691413
SMTC,2026-07-14,2026-07-14,145.18503327941892,140.6929996473541,48,-215.61761433911124,-0.030940059940059883,0,stop,0.09754067336352223
UCTT,2026-07-14,2026-07-14,106.86676213836668,103.56029811220549,65,-214.92016170047762,-0.030940059940059994,0,stop,0.08661579782422879
SNDK,2026-07-14,2026-07-14,1808.8069999999998,1752.8424029999996,3,-167.89379100000042,-0.030940059940059994,0,stop,0.0794697823886279
FORM,2026-07-14,2026-07-14,119.07895908355711,115.3946489519119,58,-213.6899876354219,-0.030940059940059994,0,stop,0.07851310782513021
DIOD,2026-07-14,2026-07-14,99.37927877807616,96.30447793588256,70,-215.23605895355175,-0.030940059940059883,0,stop,0.07573949284243087
LRCX,2026-07-14,2026-07-14,355.0146636657714,344.0304886923522,19,-208.69932449496508,-0.030940059940059994,0,stop,0.07498784319670881
ICHR,2026-07-14,2026-07-14,97.26716816711425,94.25771615382384,71,-213.67109294361939,-0.030940059940059994,0,stop,0.07477042620305774
ACMR,2026-07-14,2026-07-14,100.90080305480956,97.77892616029357,69,-215.40950572160347,-0.030940059940059994,0,stop,0.07142858301353616
KLAC,2026-07-14,2026-07-14,237.3691029901181,230.0248887156856,29,-212.98221395854299,-0.030940059940059994,0,stop,0.06816643673279077
AOSL,2026-07-14,2026-07-14,37.0870492362976,35.9395737099266,188,-215.7253989577487,-0.030940059940059994,0,stop,0.06803115317896036
PENG,2026-07-15,2026-07-15,81.68159847259521,79.15436491985321,82,-207.23315132484433,-0.030940059940059883,0,stop,0.04884312690624526
FORM,2026-07-15,2026-07-15,121.50137725067137,117.74211735573576,55,-206.75929422145856,-0.030940059940059994,0,stop,0.04341094595440098
UNH,2026-07-16,2026-07-16,447.0864424315538,433.25356110433336,15,-207.49321990830651,-0.030940059940059994,0,stop,0.07376002705069618
JBHT,2026-07-16,2026-07-16,295.7970877004272,286.64510807688083,22,-201.34355171802008,-0.030940059940059883,0,stop,0.07137687351825983
HUM,2026-07-16,2026-07-16,424.9645485534667,411.81611994882195,15,-197.22642906967167,-0.030940059940059994,0,stop,0.04110061752856109
MAN,2026-07-16,2026-07-16,46.82677877807617,51.59835152435303,143,682.3349027175909,0.10189837675767821,0,close,0.19887232779335418
RHI,2026-07-16,2026-07-16,38.30129899256851,40.748772663116455,175,428.30789234589,0.06390053953582142,0,close,0.056403254027466154
MU,2026-07-20,2026-07-20,886.4555773315428,859.0285886347045,7,-191.98892087786805,-0.030940059940059883,0,stop,0.04313563176939694
URBN,2026-07-20,2026-07-20,76.076,73.72220399999999,89,-209.48784400000022,-0.030940059940059994,0,stop,0.04138115242741325
FIVE,2026-07-20,2026-07-20,210.99077877807616,204.46271143588257,32,-208.89815495019502,-0.030940059940059883,0,stop,0.040221061541195535
AMD,2026-07-20,2026-07-20,517.5169999999999,503.0664373168945,13,-187.8573148803706,-0.02792287535115834,0,close,0.042843290737420325
LITE,2026-07-20,2026-07-20,764.8941348876953,764.7844378051758,8,-0.8775766601556825,-0.0001434147256673679,0,close,0.042725358540520064
AMKR,2026-07-21,2026-07-21,67.00375436957437,64.93065419317068,99,-205.2369174639648,-0.030940059940059994,0,stop,0.07193094593842009
MKSI,2026-07-21,2026-07-21,347.3042624676227,336.5586477694362,19,-204.1666792655435,-0.030940059940059772,0,stop,0.07092628781470722
FORM,2026-07-21,2026-07-21,112.86274999999999,109.37076975,59,-206.02683474999986,-0.030940059940059883,0,stop,0.0706485862110735
SNDK,2026-07-21,2026-07-21,1513.1817139892576,1587.8106243896484,4,298.5156416015634,0.04931919921477501,0,close,0.08678967397190007
WDC,2026-07-21,2026-07-21,529.1689562466679,547.6658362426758,12,221.96255995209503,0.03495458261044648,0,close,0.08491653651008746
TER,2026-07-21,2026-07-21,361.22225248644736,373.5224964294434,18,221.40439097392834,0.034051733685641405,0,close,0.08161547914950229
STX,2026-07-21,2026-07-21,864.8639999999999,890.9381870727539,7,182.5193095092776,0.030148308951180702,0,close,0.07670258191371171
COHR,2026-07-21,2026-07-21,307.56726977539057,316.90278121948245,21,196.04574032592944,0.030352746737028813,0,close,0.07659431092023539
AMAT,2026-07-21,2026-07-21,564.9109041324581,563.3830134887695,11,-16.80679708057437,-0.002704657730115856,0,close,0.07466234078028
MXL,2026-07-21,2026-07-21,80.50041816711425,85.97393756103516,83,454.3021096954355,0.06799367653666333,0,close,0.07212366189364183
ARWR,2026-07-22,2026-07-22,85.54545908355712,88.61129695129395,79,242.20119155120972,0.03583869793418559,0,close,0.14680626589137336
PAG,2026-07-22,2026-07-22,213.79775818550053,212.94385592651366,31,-26.470970028592774,-0.0039939719959363185,0,close,0.10149082661133346
WAB,2026-07-22,2026-07-22,276.1011210388067,289.4112877807617,24,319.44400180692037,0.04820757949796306,0,close,0.04773648883586823
CRSR,2026-07-22,2026-07-22,10.350340152740477,10.589400381088257,655,156.58444956779596,0.023096847525777564,0,close,0.04655870777517723
MEDP,2026-07-23,2026-07-23,647.6469999999999,627.608763,10,-200.3823699999998,-0.030940059940059883,0,stop,0.22510036730655036
IQV,2026-07-23,2026-07-23,216.87666366577147,210.16648669235227,31,-208.01548617599548,-0.030940059940059994,0,stop,0.09137617871875525
DGX,2026-07-23,2026-07-23,228.3180863342285,221.25391105764768,30,-211.92525829742436,-0.030940059940059994,0,stop,0.08702280106511195
WST,2026-07-23,2026-07-23,385.1334225010385,373.21737132393594,17,-202.572870010744,-0.030940059940059994,0,stop,0.07418879699613168
CRL,2026-07-23,2026-07-23,234.30407733154294,227.05469513470456,29,-210.2320837083131,-0.030940059940059994,0,stop,0.0702789693207635
COCO,2026-07-23,2026-07-23,77.99791816711425,75.58465790382384,87,-209.95364290626577,-0.030940059940059994,0,stop,0.046608480361866045
UNP,2026-07-23,2026-07-23,308.77697169128936,302.6213006286621,22,-135.4247633778001,-0.01993565462123137,0,close,0.05926994008353126
URI,2026-07-23,2026-07-23,1095.2061496911476,1136.608957397461,6,248.41684623787978,0.037803666202923525,0,close,0.05887584978359017
RTX,2026-07-23,2026-07-23,204.52557471232922,208.2590160369873,33,123.2035637137169,0.018254153936050566,0,close,0.051929413522424195
OII,2026-07-23,2026-07-23,47.267221221923826,47.97198045730591,145,102.19008913040227,0.01491010508261481,0,close,0.04933336046006942
WKC,2026-07-24,2026-07-24,40.03999999999999,38.80115999999999,169,-209.36396000000056,-0.030940059940059994,0,stop,0.10283979859829073
AMKR,2026-07-24,2026-07-24,71.04036569717958,68.84237252434507,95,-208.80935141927893,-0.030940059940059994,0,stop,0.08832076824514856
EW,2026-07-24,2026-07-24,88.088,85.362552,76,-207.134048,-0.030940059940059994,0,stop,0.04986877022661096
THC,2026-07-24,2026-07-24,235.24500450134275,232.96679695129396,28,-63.78981140136614,-0.00968440352167299,0,close,0.18083604392402797
ENVA,2026-07-24,2026-07-24,231.51127877807613,237.03273426818848,29,160.122209213258,0.0238496176914349,0,close,0.061891623226174586
SLB,2026-07-24,2026-07-24,49.86135747118854,52.0972646484375,135,301.84746892860977,0.04484248505550492,0,close,0.060355778909248814
DLR,2026-07-24,2026-07-24,188.89475415590834,197.5264884338379,35,302.1106997275343,0.04569599784017919,0,close,0.05944022027178164
RNG,2026-07-24,2026-07-24,40.45807563132606,48.16356876754761,167,1286.8173537489986,0.19045624429688157,0,close,0.048679524141839625
SEDG,2026-07-27,2026-07-27,44.50445908355712,43.12748845191192,155,-213.43044790500602,-0.030940059940059883,0,stop,0.04366198772240537
JBLU,2026-07-27,2026-07-27,5.5055,5.3351595,1253,-213.4366465,-0.030940059940059994,0,stop,0.04364326753432923
BKR,2026-07-27,2026-07-27,60.468178175431966,60.30754819107056,114,-18.31181821720037,-0.0026564382987590562,0,close,0.05903926646303281
AGYS,2026-07-28,2026-07-28,107.99788938903808,104.65642821794127,63,-210.51205377909906,-0.030940059940059994,0,stop,0.04504069761813456
IQV,2026-07-28,2026-07-28,235.23499999999999,242.69706243896485,29,216.39981072998106,0.031721735451632815,0,close,0.10214800982367733
FELE,2026-07-28,2026-07-28,111.706934778993,109.32143156433105,61,-145.51569609437908,-0.02135501452422417,0,close,0.0611779520729645
FTRE,2026-07-28,2026-07-28,20.270249999999997,20.679300762176513,338,138.2591576156625,0.020179857780565857,0,close,0.0546874580904857
KO,2026-07-28,2026-07-28,87.86400357056525,87.65865252685546,78,-16.017381409363054,-0.0023371464463812774,0,close,0.05031520124693922
ITW,2026-07-28,2026-07-28,299.00870144653317,294.8648436584473,22,-91.1648713378894,-0.013858652835315066,0,close,0.04876758575126372
PRK,2026-07-28,2026-07-28,196.8207845385484,205.63787576293944,34,299.7811016292957,0.044797561624718485,0,close,0.04409816777019504
AVTR,2026-07-29,2026-07-29,14.50448977088928,14.05571998797798,474,-212.71687709995652,-0.030940059940059994,0,stop,0.16666664107154294
NEO,2026-07-29,2026-07-29,15.475460038185117,14.996648377003666,444,-212.59237756456434,-0.030940059940059994,0,stop,0.15373137897466904
TER,2026-07-29,2026-07-29,368.1264828180497,356.73662737413576,18,-205.0173979904505,-0.030940059940059994,0,stop,0.1473568682461237
ZWS,2026-07-29,2026-07-29,54.37355783856875,52.69123669988912,126,-211.97246347363375,-0.030940059940059994,0,stop,0.10403559498214077
CLH,2026-07-29,2026-07-29,331.3009712219238,321.0504993141174,20,-205.009438156128,-0.030940059940059994,0,stop,0.08990017646067461
ASH,2026-07-29,2026-07-29,72.65447492145408,70.4065411124707,94,-211.30577804443735,-0.030940059940059994,0,stop,0.07337152250049783
LFUS,2026-07-29,2026-07-29,418.67015041764466,405.71647086860884,16,-207.2588727845732,-0.030940059940059883,0,stop,0.06889429522102875
OVV,2026-07-29,2026-07-29,62.7735432033149,60.831326013954396,109,-211.7016736402951,-0.030940059940059994,0,stop,0.06508872156575607
PTEN,2026-07-29,2026-07-29,9.682536633283293,9.382958369477683,710,-212.7005673019835,-0.030940059940059883,0,stop,0.06324964192939775
MANH,2026-07-29,2026-07-29,195.19499999999996,203.8159842681885,35,301.73444938659827,0.04416600972457552,0,close,0.15954095333997076
LRCX,2026-07-30,2026-07-30,318.60829855346674,308.75053869882197,21,-207.01295694754015,-0.030940059940059883,0,stop,0.2613037481534961
CORT,2026-07-30,2026-07-30,112.112,108.643248,59,-204.6563679999997,-0.030940059940059883,0,stop,0.2049489368177766
BAX,2026-07-30,2026-07-30,29.087846864577127,28.187867139059826,230,-206.99533686897934,-0.030940059940059994,0,stop,0.17359700202366035
BHE,2026-07-30,2026-07-30,85.75566816711425,83.10238265382384,78,-206.95627003665223,-0.030940059940059994,0,stop,0.15598431336376306
STX,2026-07-30,2026-07-30,879.7888831176757,852.5681623394164,7,-190.54504544781514,-0.030940059940059994,0,stop,0.14975861958009884
NEOG,2026-07-30,2026-07-30,10.510499999999999,10.185304499999999,639,-207.7999244999997,-0.030940059940059883,0,stop,0.11702132192657633
PWR,2026-07-30,2026-07-30,647.6469999999999,657.3220004882812,10,96.75000488281285,0.01493869420885341,0,close,0.15300991394341223
ICHR,2026-07-30,2026-07-30,70.76069244384765,74.89503121948242,94,388.62784490966874,0.058427053676949114,0,close,0.13558236853664662
MKSI,2026-07-30,2026-07-30,288.82017867746225,292.73443835449217,23,90.02797257168811,0.01355258380821489,0,close,0.12107459398841658
SNDK,2026-07-30,2026-07-30,1136.1450197753904,1278.6800009765625,5,712.6749060058603,0.125454918800199,0,close,0.11725678311584797
NWL,2026-07-31,2026-07-31,6.531646486446574,6.329556952648635,1029,-207.95013027807937,-0.030940059940059994,0,stop,0.2840466632163787
COHU,2026-07-31,2026-07-31,57.75770076370239,55.97067404007339,116,-207.29509994096372,-0.030940059940059994,0,stop,0.24219590560213544
MPWR,2026-07-31,2026-07-31,1500.4989999999998,1454.0734709999997,4,-185.7021160000004,-0.030940059940059994,0,stop,0.13890192741760976
NVT,2026-07-31,2026-07-31,164.10394244384764,159.02655662823486,40,-203.09543262451143,-0.030940059940059883,0,stop,0.13218231344102227
MRVL,2026-07-31,2026-07-31,199.57938488769528,193.4043867564697,33,-203.7749383304441,-0.030940059940059883,0,stop,0.08772504944538517
ETN,2026-07-31,2026-07-31,419.38814539420514,406.4122510375579,16,-207.61430970635593,-0.030940059940059883,0,stop,0.08557982232637262
SNDK,2026-07-31,2026-07-31,1385.0687436523435,1342.2146337026365,4,-171.41643979882792,-0.030940059940059883,0,stop,0.08103776744725444
LITE,2026-07-31,2026-07-31,748.7479999999999,725.581692,8,-185.33046399999967,-0.030940059940059883,0,stop,0.07899141788850272
IESC,2026-07-31,2026-07-31,339.3289802246093,371.8977190246582,19,618.8060372009289,0.09597983284095246,0,close,0.18623369586285343
AMZN,2026-07-31,2026-07-31,265.265,271.3084065856934,25,151.08516464233475,0.02278252534519587,0,close,0.12526539278131632
NWL,2026-08-03,2026-08-03,5.848792664905437,6.281556813240051,1136,491.6200725081221,0.07399204812496318,0,close,0.05535716891382436
LZ,2026-08-03,2026-08-03,8.2081998090744,8.24175,809,27.142104458809474,0.004087399394019142,0,close,0.041931375921819614
ALGT,2026-08-03,2026-08-03,102.17206969451904,103.37652335357666,65,78.2894878387453,0.011788482534011324,0,close,0.04068105413214007
AEIS,2026-08-04,2026-08-04,337.48913671535774,327.0472025962655,19,-198.3967482627528,-0.030940059940059994,0,stop,0.13796472323124398
COHR,2026-08-04,2026-08-04,326.19586511230466,316.10334549353024,20,-201.85039237548835,-0.030940059940059994,0,stop,0.13094321701477218
CAT,2026-08-04,2026-08-04,922.9219999999999,894.3667379999999,7,-199.8868339999998,-0.030940059940059883,0,stop,0.11080318477276485
ANDE,2026-08-04,2026-08-04,76.88680755615233,74.50792512176513,87,-206.9627717916871,-0.030940059940059994,0,stop,0.09948463909993688
MATX,2026-08-04,2026-08-04,227.80598716528817,220.75765626768964,29,-204.40159603035744,-0.030940059940059883,0,stop,0.09906002078273701
PRKS,2026-08-04,2026-08-04,50.05,48.50145,133,-205.95714999999984,-0.030940059940059883,0,stop,0.09865967576497003
UFPT,2026-08-04,2026-08-04,305.30499999999995,334.5051563415527,21,613.2032831726082,0.09564257493834938,0,close,0.1400590639990793
ZBRA,2026-08-04,2026-08-04,330.4301061096191,368.46115658569335,20,760.6210095214851,0.11509559744370734,0,close,0.13187487835453715
DORM,2026-08-04,2026-08-04,142.2521106109619,147.65220304870604,47,253.80434457397502,0.03796142225624055,0,close,0.11301691941326553
ENTG,2026-08-04,2026-08-04,137.13699999999997,144.41543756103516,48,349.3650029296891,0.05307420726015,0,close,0.0942492279503484
QLYS,2026-08-05,2026-08-05,198.61841816711424,192.47315240382383,34,-208.93903595187396,-0.030940059940059994,0,stop,0.23196325081750957
YOU,2026-08-05,2026-08-05,64.60948886177538,62.61046740369541,104,-207.89823164031645,-0.030940059940059994,0,stop,0.1622106018861147
CRL,2026-08-05,2026-08-05,268.25798022460935,259.9580622370605,25,-207.49794968872095,-0.030940059940059994,0,stop,0.14466938246873817
KMT,2026-08-05,2026-08-05,40.28383395530617,39.03744971811358,168,-209.3925518483557,-0.030940059940059883,0,stop,0.12312815386960008
ANET,2026-08-05,2026-08-05,210.40019244384763,203.89039787823484,32,-208.3134260996094,-0.030940059940059994,0,stop,0.10330170858235022
ECG,2026-08-05,2026-08-05,147.30716366577147,142.74947119235227,46,-209.65385377728296,-0.030940059940059994,0,stop,0.08078730687535285
DT,2026-08-05,2026-08-05,51.55650606918334,50.80914060974121,131,-97.9048751869189,-0.014496045531852797,0,close,0.12677755632708165
MTRN,2026-08-05,2026-08-05,250.69226785563893,296.60742306518557,27,1239.7091906577593,0.18315345583768416,0,close,0.10343454669622076
ROCK,2026-08-05,2026-08-05,52.03197954177856,54.80514060974121,130,360.5109388351441,0.05329724320282625,0,close,0.08156467034817494
BKNG,2026-08-05,2026-08-05,207.4467462951248,206.31471899414063,32,-36.22487363149321,-0.0054569537541634405,0,close,0.06933642239681004
SITM,2026-08-06,2026-08-06,685.5648848876953,664.3534662564696,9,-190.90276768103115,-0.030940059940060105,0,stop,0.26101047842114133
DIOD,2026-08-06,2026-08-06,99.72962725067137,96.64398660573576,68,-209.8235638556214,-0.030940059940059994,0,stop,0.16403787260488345
EHC,2026-08-06,2026-08-06,124.93480755615234,121.06931712176512,54,-208.73648345690944,-0.030940059940059994,0,stop,0.12542827629690256
TPC,2026-08-06,2026-08-06,94.821695118431,91.88790618784864,71,-208.29901407134702,-0.030940059940059994,0,stop,0.12146653245077199
NOVT,2026-08-06,2026-08-06,169.66949999999997,164.41991549999997,40,-209.9833799999999,-0.030940059940059883,0,stop,0.10697495693019299
XNCR,2026-08-06,2026-08-06,21.981959083557125,21.301835951911922,309,-210.15804767836778,-0.030940059940059994,0,stop,0.10685478405141224
ECPG,2026-08-06,2026-08-06,101.29119244384765,98.15723687823485,67,-209.97502289605723,-0.030940059940059994,0,stop,0.09170352547323812
VAC,2026-08-06,2026-08-06,110.00380315560335,106.60027889233442,61,-207.614980059405,-0.030940059940060105,0,stop,0.08875559931071542
PAYC,2026-08-06,2026-08-06,212.75403675168147,215.40083862304687,31,82.05085801232732,0.012440665811923601,0,close,0.21790613862843333
DNOW,2026-08-06,2026-08-06,15.445430305480956,15.37461034297943,440,-31.160783500671343,-0.0045851725138661426,0,close,0.08509142161920624
TWLO,2026-08-07,2026-08-07,235.48524999999998,228.19932224999997,28,-204.00597700000037,-0.030940059940059994,0,stop,0.21765012275348483
CRSR,2026-08-07,2026-08-07,12.694682160377502,12.301907933415412,523,-205.4209207011727,-0.030940059940059883,0,stop,0.19528751843418357
ACMR,2026-08-07,2026-08-07,92.64255305480955,89.77618691029356,71,-203.5119962606355,-0.030940059940059994,0,stop,0.17181563836478264
CON,2026-08-07,2026-08-07,34.24211368856506,33.18266063856652,193,-204.47443864971925,-0.030940059940059772,0,stop,0.12213487915738108
ZD,2026-08-07,2026-08-07,56.99693862533569,55.23344992786789,116,-204.56468890626476,-0.030940059940059883,0,stop,0.11756619772470356
CART,2026-08-07,2026-08-07,50.05,48.50145,132,-204.40859999999984,-0.030940059940059883,0,stop,0.11037089396920319
QNST,2026-08-07,2026-08-07,19.709690534591672,21.058919923782348,336,453.34107476806696,0.06845512804083342,0,close,0.29369252224733544
DV,2026-08-07,2026-08-07,13.243229541778563,13.196790038108826,501,-23.26619133853798,-0.0035066600275434068,0,close,0.12980354390587046
FLR,2026-08-07,2026-08-07,54.57452045822143,56.943,121,286.5860245552069,0.04339899868825636,0,close,0.11835898374899845
ONTO,2026-08-07,2026-08-07,300.29999999999995,307.9916878051758,22,169.2171317138683,0.02561334600458154,0,close,0.11648673751772054
VRTX,2026-08-10,2026-08-10,540.0395,523.3306455000001,12,-200.506253999999,-0.030940059940059772,0,stop,0.08754811223125714
CXW,2026-08-10,2026-08-10,34.00397122192383,32.95188631411743,194,-204.10447211444085,-0.030940059940059883,0,stop,0.052680531107041295
LITE,2026-08-10,2026-08-10,931.9810377807617,903.1454886088256,7,-201.84884420355206,-0.030940059940059883,0,stop,0.04592381867243711
ZD,2026-08-10,2026-08-10,56.26620908355712,54.52532920191192,117,-203.68294615248828,-0.030940059940059883,0,stop,0.043437909763961
ACMR,2026-08-10,2026-08-10,87.38730305480956,84.68353466029357,75,-202.78262958869925,-0.030940059940059883,0,stop,0.04176610826420002
MRVL,2026-08-10,2026-08-10,227.99777427673337,220.94350947441097,28,-197.519414465027,-0.030940059940059994,0,stop,0.04137711686744994
FCFS,2026-08-10,2026-08-10,210.78024024601802,208.1058490447998,31,-82.90612723776462,-0.01268805462075917,0,close,0.041720229300403755
P,2026-08-10,2026-08-10,93.8337378616333,97.88202335357666,70,283.3799844360352,0.04314317626260333,0,close,0.040977175868509796
HPE,2026-08-10,2026-08-10,55.31549051974029,54.48750354766846,119,-98.53044967654738,-0.014968446709811678,0,close,0.0409620197631293
DAR,2026-08-10,2026-08-10,61.90184015274047,62.767171829223635,106,91.72515770721557,0.013979094552730498,0,close,0.04090221025781804
P,2026-08-11,2026-08-11,105.77566816711425,102.50296265382384,61,-199.63503631071467,-0.030940059940059883,0,stop,0.0784853495462503
ARMK,2026-08-11,2026-08-11,59.890921558280255,58.03789285540164,108,-200.1270999108907,-0.030940059940059883,0,stop,0.07610845087206952
PDFS,2026-08-11,2026-08-11,50.23018030548095,48.67605551602935,129,-200.48209783925628,-0.030940059940059994,0,stop,0.053537669113502995
CENX,2026-08-11,2026-08-11,54.234180305480955,52.55617151602936,119,-199.6830459447399,-0.030940059940059883,0,stop,0.044333060711405636
ICHR,2026-08-11,2026-08-11,67.62755755615234,65.53515687176512,96,-200.87046570117263,-0.030940059940060105,0,stop,0.04307551428329459
FSLR,2026-08-11,2026-08-11,249.68944244384764,241.96403612823485,26,-200.86056420593246,-0.030940059940059883,0,stop,0.04224293040154792
JBL,2026-08-11,2026-08-11,350.4344548362981,356.17642602539064,18,103.3554814036662,0.016385292912407534,0,close,0.040192531005831755
HRB,2026-08-12,2026-08-12,54.06205242272703,52.38936928028519,118,-197.3766108081372,-0.030940059940059994,0,stop,0.16777376657266485
LITE,2026-08-12,2026-08-12,899.8989999999999,872.0560709999999,7,-194.90050300000019,-0.030940059940059994,0,stop,0.09555316367297473
COHR,2026-08-12,2026-08-12,358.49815466308587,347.4062002694091,17,-188.5632246925049,-0.030940059940059994,0,stop,0.08999606374613589
SNDK,2026-08-12,2026-08-12,1359.578190673828,1317.5127599611815,4,-168.261722850586,-0.030940059940059994,0,stop,0.06858103027128504
ICHR,2026-08-12,2026-08-12,72.06999909973143,69.84014900770568,88,-196.2268080982666,-0.030940059940059994,0,stop,0.06647902266905392
MRVL,2026-08-12,2026-08-12,226.12589389038084,219.12954517941282,28,-195.8977639071046,-0.030940059940059994,0,stop,0.0640101572896492
CIEN,2026-08-12,2026-08-12,414.9245197753906,431.61793780517576,15,250.40127044677746,0.04023242116137582,0,close,0.06962044505280618
VIAV,2026-08-12,2026-08-12,41.041,43.06689060974121,155,314.01304450988766,0.049362603487761225,0,close,0.06770829090641772
UCTT,2026-08-12,2026-08-12,91.78169244384765,90.55935152435303,69,-84.34152344512829,-0.013317916535941499,0,close,0.06529572169755671
SMTC,2026-08-12,2026-08-12,139.82969244384765,139.86,45,1.363840026856451,0.0002167462119286867,0,close,0.06487277207476283
HLIT,2026-08-13,2026-08-13,14.494479541778563,14.046019475955962,436,-195.52858869865423,-0.030940059940059994,0,stop,0.20666662851969408
ENS,2026-08-13,2026-08-13,211.21099999999998,204.67611899999997,29,-189.51154900000037,-0.030940059940059994,0,stop,0.13003426853343858
GO,2026-08-13,2026-08-13,11.141130114555358,10.796422881011008,568,-195.79370865319066,-0.030940059940059994,0,stop,0.09439528327877911
WWW,2026-08-13,2026-08-13,19.63962084007263,19.031969794080734,322,-195.66363680939088,-0.030940059940059883,0,stop,0.0863788161363388
HPQ,2026-08-13,2026-08-13,31.049573386609136,30.088897724914162,203,-195.01715932407984,-0.030940059940059883,0,stop,0.06967210404426494
FIVE,2026-08-13,2026-08-13,248.8486061096191,241.14921532058713,25,-192.4847697257995,-0.030940059940059883,0,stop,0.04387996000358285
HPE,2026-08-13,2026-08-13,61.1066438657378,59.60940974807739,103,-154.21511411902242,-0.02450198575706597,0,close,0.04099337704677919
SNDK,2026-08-14,2026-08-14,1648.5769837646483,1597.5699130711669,3,-153.02121208044423,-0.030940059940059883,0,stop,0.07775622795373516
WRLD,2026-08-14,2026-08-14,195.72552877807615,194.55525,31,-36.27864212036073,-0.005979183121293641,0,close,0.041770985326392784
COHU,2026-08-17,2026-08-17,61.96190152740478,62.55737893295288,99,58.952263149262144,0.009610379779657618,0,close,0.04384489582241757
HAE,2026-08-18,2026-08-18,102.60249999999999,104.54535152435302,60,116.57109146118188,0.018935713304773616,0,close,0.13548248379017713
TRGP,2026-08-18,2026-08-18,293.70341366577145,297.4722190246582,21,79.14491253662209,0.01283201074120166,0,close,0.05565949875806164
MRVL,2026-08-19,2026-08-19,240.3701348876953,232.93306850646968,25,-185.92665953064014,-0.030940059940059994,0,stop,0.11171298556857634
DUOL,2026-08-19,2026-08-19,149.12398110961914,144.51007619558717,41,-189.17010147531047,-0.030940059940059772,0,stop,0.066850521015966
MRK,2026-08-19,2026-08-19,146.22381900624458,151.1555626373291,42,207.13323250554964,0.03372736168841217,0,close,0.08707560145130055
NEM,2026-08-19,2026-08-19,123.69633698670803,124.6953473739624,50,49.95051936271864,0.008076313426821358,0,close,0.06768405169372249
SCSC,2026-08-20,2026-08-20,64.9048363342285,62.896676807647694,95,-190.77515502517713,-0.030940059940059994,0,stop,0.26098791611879535
DE,2026-08-20,2026-08-20,611.7311151123046,592.8041177435302,10,-189.26997368774323,-0.030940059940059772,0,stop,0.05251190943969353
ROST,2026-08-21,2026-08-21,243.62300192075924,236.0852916385536,25,-188.44275705514093,-0.030940059940059994,0,stop,0.06489362911939
CR,2026-08-21,2026-08-21,217.96917255996917,211.22519329587846,28,-188.83141939453992,-0.030940059940059883,0,stop,0.05578696158849161
SMTC,2026-08-21,2026-08-21,131.18105305480955,127.12230341029355,46,-186.70248364773593,-0.030940059940059994,0,stop,0.049407478651838144
MARA,2026-08-21,2026-08-21,11.7116998090744,11.34933911498165,525,-190.23936439869385,-0.030940059940059883,0,stop,0.049327373053969836
FCX,2026-08-21,2026-08-21,74.53445908355712,76.58334365844726,82,168.00853514099134,0.027489091623959183,0,close,0.04549280831558988
MXL,2026-08-25,2026-08-25,66.6866227493286,64.62333464426422,91,-187.75921756085927,-0.030940059940059883,0,stop,0.061166040808390054
PLXS,2026-08-25,2026-08-25,249.68944244384764,241.96403612823485,24,-185.4097515747069,-0.030940059940059883,0,stop,0.04978747443570053
FORM,2026-08-25,2026-08-25,112.52241366577147,109.04096344235228,54,-187.99831206463614,-0.030940059940059883,0,stop,0.04179798028222259
COHR,2026-08-25,2026-08-25,287.4371438903808,287.85187463378907,21,8.709345611573383,0.0014428571679880875,0,close,0.042324600077808805
SMTC,2026-08-25,2026-08-25,126.12599999999999,127.39247664642333,48,60.79087902832043,0.01004136059514571,0,close,0.042097396275952104
SJM,2026-08-26,2026-08-26,134.93480305480955,130.75991216029357,44,-183.69519935870323,-0.030940059940059883,0,stop,0.07453173639671928
NEOG,2026-08-26,2026-08-26,12.192180305480957,11.814953516029357,495,-186.72726077854173,-0.030940059940059994,0,stop,0.04639174793175993
ANF,2026-08-26,2026-08-26,131.50136511230468,147.60225,45,724.5398199462892,0.12243891821157038,0,close,0.20633602641381832
URBN,2026-08-26,2026-08-26,78.97890152740477,82.86704695129394,76,295.49905221557697,0.0492301785501541,0,close,0.04117185005068147
OKTA,2026-08-27,2026-08-27,166.31614389038083,161.1703124294128,36,-185.24993259484893,-0.030940059940059994,0,stop,0.23605115429074264
NTNX,2026-08-27,2026-08-27,71.31123786163329,69.10486388779448,85,-187.5417877762987,-0.030940059940059994,0,stop,0.08946319817594572
SMTC,2026-08-27,2026-08-27,149.54939389038086,144.92232667941283,40,-185.08268843872088,-0.030940059940059994,0,stop,0.0610794791074345
MXL,2026-08-27,2026-08-27,66.10604091644286,64.06071604808807,92,-188.1698878886413,-0.030940059940059883,0,stop,0.04825398278614834
VEEV,2026-08-27,2026-08-27,275.63534533691404,281.8478748779297,22,136.67564990234473,0.022538943738953376,0,close,0.1243313104166357
CRM,2026-08-27,2026-08-27,229.87564253781014,251.3557534790039,26,558.482884471038,0.09344230952029076,0,close,0.11881150210377056
CRWD,2026-08-27,2026-08-27,208.45824999999996,227.73204670715333,29,558.9401045074476,0.09245878590630685,0,close,0.1008035102152749
NVDA,2026-08-27,2026-08-27,222.83351254489847,227.4974487762451,27,125.92627824635926,0.020930138281632704,0,close,0.06295905914878741
PANW,2026-08-27,2026-08-27,358.9185575561523,382.4671560974121,17,400.32617520141696,0.06560986620920461,0,close,0.0567327816407055
DOCN,2026-08-27,2026-08-27,120.75062725067137,121.5583203048706,50,40.3846527099617,0.006688934646463585,0,close,0.04904773888534408
SAIC,2026-08-31,2026-08-31,140.53038938903808,136.18237071794127,44,-191.31282152825963,-0.030940059940059994,0,stop,0.11456018108970123
KALU,2026-08-31,2026-08-31,163.4032454986572,158.34753928852842,38,-192.116835984894,-0.030940059940059994,0,stop,0.04386750477142076
MAC,2026-08-31,2026-08-31,24.57853951688831,23.818078030996656,253,-192.3967559305883,-0.030940059940059883,0,stop,0.04168416241436068
CVI,2026-08-31,2026-08-31,43.51347122192382,42.16716181411743,142,-191.17593590850805,-0.030940059940059883,0,stop,0.04094834693247984
DUOL,2026-09-01,2026-09-01,159.16900450134276,154.24430596147155,38,-187.13854451510565,-0.030940059940059883,0,stop,0.07178480623261252
TDW,2026-09-01,2026-09-01,97.097,96.01389060974121,63,-68.23589158630338,-0.011154921266967932,0,close,0.041666635942623875
DELL,2026-09-02,2026-09-02,462.51203778076166,448.20188760882564,13,-186.0319522351682,-0.030940059940059883,0,stop,0.08717644186580875
SIRI,2026-09-02,2026-09-02,29.039010229110715,29.670300762176513,210,132.5710119438175,0.021739395664145178,0,close,0.05032582720540635
FIVE,2026-09-03,2026-09-03,257.25699999999995,249.29745299999993,23,-183.06958100000034,-0.030940059940059994,0,stop,0.05726508994606627
DDOG,2026-09-03,2026-09-03,220.21999999999997,213.40637999999998,27,-183.96773999999962,-0.030940059940059883,0,stop,0.051474475421228405
HOOD,2026-09-03,2026-09-03,113.91380305480956,124.59528121948242,53,566.1183427276612,0.0937680761964681,0,close,0.0636508582480717
PFG,2026-09-03,2026-09-03,116.44633183288573,118.39149213409424,52,101.14833566284216,0.016704350155057224,0,close,0.05304608079657869
VSTS,2026-09-04,2026-09-04,13.13311988544464,13.246740228652953,467,53.060700278282766,0.008651435774544192,0,close,0.04625198767706773
ROIV,2026-09-08,2026-09-08,40.01997954177856,38.78175897595596,153,-189.447746570858,-0.030940059940059994,0,stop,0.1445748409086689
QCOM,2026-09-08,2026-09-08,180.58039389038083,174.9932256794128,34,-189.96371917291304,-0.030940059940059994,0,stop,0.06910032015965939
DCH,2026-09-08,2026-09-08,7.37736988544464,7.14911361898899,833,-190.13746995755682,-0.030940059940059994,0,stop,0.05436339440396454
INTC,2026-09-08,2026-09-08,100.90080305480956,104.36553121948242,60,207.88368988037178,0.03433796421611057,0,close,0.052192065143240596
FCX,2026-09-08,2026-09-08,76.05598336029053,76.54338274383545,80,38.99195068359404,0.0064084291861170595,0,close,0.04468582221906581
SEI,2026-09-09,2026-09-09,66.81541605290546,67.46957988739014,91,59.528908938105644,0.009790612303703927,0,close,0.045653491089220344
AIR,2026-09-11,2026-09-11,130.44030755615233,126.40447662176513,46,-185.6482229818115,-0.030940059940059994,0,stop,0.04691890640810281
TTMI,2026-09-11,2026-09-11,127.36723786163328,126.31356243896484,48,-50.5764202880855,-0.008272735126855113,0,close,0.04005232689680316
HAE,2026-09-14,2026-09-14,107.08698336029052,103.77370567632292,56,-185.5435503021855,-0.030940059940059994,0,stop,0.04177622761256794
CRWD,2026-09-14,2026-09-14,219.21899999999997,235.1446248779297,27,429.99187170410244,0.07264710119984907,0,close,0.059301510017814696
NOW,2026-09-14,2026-09-14,140.14,142.2076560974121,43,88.9092121887208,0.014754217906465694,0,close,0.056364606425017616
PANW,2026-09-14,2026-09-14,346.8364802246093,373.5660624389648,17,454.40289764404355,0.07706681314792951,0,close,0.04790563021407346
FTNT,2026-09-14,2026-09-14,162.49233183288572,170.00981268310548,37,278.1467914581309,0.04626360373701233,0,close,0.04011016987928673
THRM,2026-09-15,2026-09-15,39.849811374664306,38.61685582213211,155,-191.10811064249046,-0.030940059940059994,0,stop,0.04132884776284418
P,2026-09-15,2026-09-15,98.61851663970945,96.87303121948243,62,-108.22009605407567,-0.017699368026432016,0,close,0.0505438038544308
INTC,2026-09-16,2026-09-16,101.47137274932861,100.94895304870606,60,-31.34518203735297,-0.00514844420123417,0,close,0.04354543322536153
HOOD,2026-09-17,2026-09-17,110.2100984725952,106.80019141985319,55,-187.54488790081075,-0.030940059940059994,0,stop,0.05439571351060435
CLSK,2026-09-17,2026-09-17,13.483470267295836,13.066290889025685,457,-190.65097586945868,-0.030940059940059994,0,stop,0.05316656037559997
COHR,2026-09-17,2026-09-17,303.21291366577145,293.8314879423522,20,-187.62851446838454,-0.030940059940060105,0,stop,0.04476946612709787
SITM,2026-09-17,2026-09-17,580.7401331176757,598.0013756103516,10,172.61242492675933,0.029722833860318598,0,close,0.05695016822751642
PENG,2026-09-17,2026-09-17,50.91086061096191,52.49744923782349,121,191.9772238502508,0.031164050417170852,0,close,0.05431175042960823
DOCN,2026-09-17,2026-09-17,130.4703363342285,132.84701573181152,47,111.70393168640186,0.01821624335737604,0,close,0.053167373045268196
MXL,2026-09-17,2026-09-17,73.073,74.91500786590576,84,154.72866073608475,0.02520777668777474,0,close,0.05020857080294139
MRNA,2026-09-17,2026-09-17,152.65249999999997,157.91193731689452,40,210.37749267578192,0.034453659893513455,0,close,0.04724629249764645
FORM,2026-09-17,2026-09-17,109.74963938903808,111.41846878051757,56,93.4544459228515,0.015205784736693762,0,close,0.04598358814021464
MRVL,2026-09-17,2026-09-17,240.31007733154294,240.5192345123291,25,5.228929519653747,0.0008703637529838826,0,close,0.04510034525076767
