train_n_trades,train_win_rate,train_total_return,train_max_drawdown,train_profit_factor,train_expectancy,train_sharpe,train_avg_hold_days,test_n_trades,test_win_rate,test_total_return,test_max_drawdown,test_profit_factor,test_expectancy,test_sharpe,test_avg_hold_days,model,kind,params,exclude_earnings,exit
3291,0.3381950774840474,-0.9217194166010862,-0.923702726473344,0.7488183077303459,-0.007364603617284455,-3.096513026754792,0.5873594652081434,2132,0.3236397748592871,-0.8748356007926673,-0.8748356007926673,0.6514968105077011,-0.00876538395701136,-2.3854201650843243,0.5351782363977486,finviz_top_gainer,screen,"{""min_ret"": 0.1, ""min_rsi"": 50}",False,"{""stop_pct"": 0.05, ""target_pct"": null, ""max_hold_days"": 1}"
2059,0.28848955803788245,-0.8537571270820256,-0.8887449344321592,0.8052536773948062,-0.009036100533290535,-2.0204194329730982,1.4502185526954832,1256,0.24044585987261147,-0.8308949991469194,-0.8308949991469194,0.6120575427161214,-0.013955462325513372,-1.6513499708055732,1.2269108280254777,finviz_top_gainer,screen,"{""min_ret"": 0.1, ""min_rsi"": 50}",False,"{""stop_pct"": 0.05, ""target_pct"": null, ""max_hold_days"": 3}"
1571,0.27753023551877787,-0.6671132478345074,-0.8218461756717926,0.8611150474891149,-0.00611275131437865,-0.9516175521477079,2.158497772119669,982,0.21283095723014256,-0.7136313670589083,-0.724189058851624,0.6893913370176227,-0.011910710441222655,-0.9767589643439047,1.740325865580448,finviz_top_gainer,screen,"{""min_ret"": 0.1, ""min_rsi"": 50}",False,"{""stop_pct"": 0.05, ""target_pct"": null, ""max_hold_days"": 5}"
1109,0.21280432822362488,-0.6580222584871762,-0.801751511895611,0.8147956543132444,-0.008927522711674333,-0.8711643185171837,3.349864743011722,696,0.1752873563218391,-0.464050943784285,-0.6204036737433918,0.7976343908121826,-0.006973879921605729,-0.2442407129079994,2.75,finviz_top_gainer,screen,"{""min_ret"": 0.1, ""min_rsi"": 50}",False,"{""stop_pct"": 0.05, ""target_pct"": null, ""max_hold_days"": 10}"
3345,0.34020926756352765,-0.9666824887286852,-0.9675143772075957,0.7044056355996938,-0.010026575801396898,-5.757796662430352,0.519880418535127,2141,0.32788416627744044,-0.9373548928842094,-0.9373548928842094,0.5959303860801546,-0.012745540804245241,-8.111114109226092,0.474077533862681,finviz_top_gainer,screen,"{""min_ret"": 0.1, ""min_rsi"": 50}",False,"{""stop_pct"": 0.05, ""target_pct"": 0.15, ""max_hold_days"": 1}"
2226,0.31491464510332434,-0.877500895191747,-0.894342167402521,0.7782615697526883,-0.009183595617809986,-3.5888107570202,1.1823899371069182,1380,0.26956521739130435,-0.8457544415869971,-0.8457544415869971,0.6311851305429537,-0.013273839316340729,-5.414570891410546,0.9442028985507246,finviz_top_gainer,screen,"{""min_ret"": 0.1, ""min_rsi"": 50}",False,"{""stop_pct"": 0.05, ""target_pct"": 0.15, ""max_hold_days"": 3}"
1830,0.3109289617486339,-0.7517099490958533,-0.8012453516972804,0.8319576351124665,-0.007267057412449727,-2.5142459125244576,1.6153005464480874,1149,0.2506527415143603,-0.8103122640361554,-0.8103122640361554,0.6191690340431845,-0.01436006178001206,-5.237276229926853,1.2645778938207137,finviz_top_gainer,screen,"{""min_ret"": 0.1, ""min_rsi"": 50}",False,"{""stop_pct"": 0.05, ""target_pct"": 0.15, ""max_hold_days"": 5}"
1412,0.28257790368271957,-0.6644933573768785,-0.7313536758252173,0.849718453329408,-0.0072243043072634915,-2.0121524037805383,2.308073654390935,929,0.22604951560818085,-0.7712497631699933,-0.773986635667948,0.6401841475554918,-0.015984939379940173,-5.039920922059687,1.7341227125941874,finviz_top_gainer,screen,"{""min_ret"": 0.1, ""min_rsi"": 50}",False,"{""stop_pct"": 0.05, ""target_pct"": 0.15, ""max_hold_days"": 10}"
3301,0.33686761587397757,-0.9284766832974516,-0.9302828984582759,0.7612829815165907,-0.007625535347001722,-3.4839476141769277,0.5758860951226901,2134,0.32239925023430177,-0.9312030204012822,-0.9312030204012822,0.5828402089580549,-0.012280230692118543,-6.887580077578146,0.5238987816307404,finviz_top_gainer,screen,"{""min_ret"": 0.1, ""min_rsi"": 50}",False,"{""stop_pct"": 0.05, ""target_pct"": 0.4, ""max_hold_days"": 1}"
2100,0.2923809523809524,-0.7952607656064554,-0.8618775460941966,0.8409255235763066,-0.007213640957960011,-1.9598631951840588,1.3847619047619049,1283,0.24707716289945442,-0.7945068272103062,-0.7945068272103062,0.6728226235447601,-0.011932857403611765,-3.9133866022183583,1.1644583008573655,finviz_top_gainer,screen,"{""min_ret"": 0.1, ""min_rsi"": 50}",False,"{""stop_pct"": 0.05, ""target_pct"": 0.4, ""max_hold_days"": 3}"
1638,0.2851037851037851,-0.6168018516946927,-0.7713684195778643,0.8742058226433179,-0.005319938594776551,-1.1547026570792096,2.0067155067155067,1013,0.21915103652517276,-0.7286271072960842,-0.7393426053521367,0.6835964961954413,-0.012335076512129695,-3.212902959815058,1.6288252714708786,finviz_top_gainer,screen,"{""min_ret"": 0.1, ""min_rsi"": 50}",False,"{""stop_pct"": 0.05, ""target_pct"": 0.4, ""max_hold_days"": 5}"
1175,0.23148936170212767,-0.4706982828841876,-0.6982220342177217,0.8927784305205099,-0.004643869432536023,-0.7737164207808214,3.0825531914893616,761,0.18528252299605782,-0.6211479612364791,-0.6494776748583915,0.7122834117883702,-0.01183624769291192,-2.6782745488981283,2.392904073587385,finviz_top_gainer,screen,"{""min_ret"": 0.1, ""min_rsi"": 50}",False,"{""stop_pct"": 0.05, ""target_pct"": 0.4, ""max_hold_days"": 10}"
3268,0.39075887392900854,-0.9428958487413768,-0.9453542546259175,0.7659793894163711,-0.008204103530067204,-2.934103429971071,0.826499388004896,2125,0.37929411764705884,-0.9196278423808519,-0.9209462914033993,0.6465038672268575,-0.010452432760522858,-2.4404129464866813,0.7948235294117647,finviz_top_gainer,screen,"{""min_ret"": 0.1, ""min_rsi"": 50}",False,"{""stop_pct"": 0.1, ""target_pct"": null, ""max_hold_days"": 1}"
1737,0.38111686816350027,-0.8204297474766431,-0.8658886627645722,0.8590570272533308,-0.008698828029257892,-1.5139634608940855,2.1421991940126657,1025,0.3297560975609756,-0.7887912536857145,-0.7955774922769626,0.7005322207387645,-0.013703847375973766,-1.1193048284147171,1.9502439024390243,finviz_top_gainer,screen,"{""min_ret"": 0.1, ""min_rsi"": 50}",False,"{""stop_pct"": 0.1, ""target_pct"": null, ""max_hold_days"": 3}"
1219,0.37325676784249384,-0.6161510844304865,-0.7629342976500014,0.8853423773727231,-0.005528520430269769,-0.7420534640412254,3.287120590648072,736,0.28940217391304346,-0.6260533853819537,-0.6697448838366704,0.7887742328080178,-0.011822618939855908,-0.5074004112056049,2.823369565217391,finviz_top_gainer,screen,"{""min_ret"": 0.1, ""min_rsi"": 50}",False,"{""stop_pct"": 0.1, ""target_pct"": null, ""max_hold_days"": 5}"
780,0.2923076923076923,-0.8703210655592988,-0.9069216059233042,0.7022627341413755,-0.023638678831003845,-1.7887058135347196,5.337179487179487,473,0.2452431289640592,-0.6347023054013021,-0.6562134514167923,0.6794768512477688,-0.020553536249615166,-0.713153015404968,4.61522198731501,finviz_top_gainer,screen,"{""min_ret"": 0.1, ""min_rsi"": 50}",False,"{""stop_pct"": 0.1, ""target_pct"": null, ""max_hold_days"": 10}"
3329,0.3992189846800841,-0.971107360516717,-0.9717956896378643,0.7479002234080677,-0.010288587132443672,-4.5712281471043035,0.7344547912285971,2134,0.3865979381443299,-0.9589034184931654,-0.9589034184931654,0.6230888121564557,-0.014473310745242675,-5.5043976116907185,0.7188378631677601,finviz_top_gainer,screen,"{""min_ret"": 0.1, ""min_rsi"": 50}",False,"{""stop_pct"": 0.1, ""target_pct"": 0.15, ""max_hold_days"": 1}"
1924,0.41632016632016633,-0.8182620849967072,-0.8593160072089547,0.8604418710847664,-0.008192900095076212,-2.149438869144727,1.727130977130977,1134,0.37566137566137564,-0.8058550208859483,-0.8089659854876561,0.7250884410169743,-0.01334630764626328,-2.807604880198701,1.5687830687830688,finviz_top_gainer,screen,"{""min_ret"": 0.1, ""min_rsi"": 50}",False,"{""stop_pct"": 0.1, ""target_pct"": 0.15, ""max_hold_days"": 3}"
1462,0.4179206566347469,-0.7149479524130901,-0.8017743399344884,0.881016313595464,-0.007907851016982803,-1.7472639929195533,2.454856361149111,880,0.35454545454545455,-0.804763986437776,-0.8055766484310698,0.7039814496674195,-0.01778413273294937,-2.9366382298928104,2.106818181818182,finviz_top_gainer,screen,"{""min_ret"": 0.1, ""min_rsi"": 50}",False,"{""stop_pct"": 0.1, ""target_pct"": 0.15, ""max_hold_days"": 5}"
1013,0.40078973346495556,-0.6945839793224118,-0.7772571291640845,0.8494482164072007,-0.010765545080211145,-1.8295343780723214,3.771964461994077,652,0.3588957055214724,-0.7239977983575208,-0.7302821765790599,0.6828651194291868,-0.019334032584202424,-3.611032404746352,2.9846625766871164,finviz_top_gainer,screen,"{""min_ret"": 0.1, ""min_rsi"": 50}",False,"{""stop_pct"": 0.1, ""target_pct"": 0.15, ""max_hold_days"": 10}"
3280,0.38902439024390245,-0.9475816587186955,-0.9495650724212579,0.7764452074576326,-0.008439760298327917,-3.215842204156981,0.8097560975609757,2125,0.37788235294117645,-0.9582529167748253,-0.9589399525272816,0.5947875703819937,-0.014276799473641948,-5.067746055687615,0.7816470588235294,finviz_top_gainer,screen,"{""min_ret"": 0.1, ""min_rsi"": 50}",False,"{""stop_pct"": 0.1, ""target_pct"": 0.4, ""max_hold_days"": 1}"
1779,0.388982574480045,-0.6791021312153602,-0.7956219823981043,0.9099721104940457,-0.005196254867574476,-1.0954401976600128,2.040472175379427,1049,0.33555767397521447,-0.7644867591625853,-0.7688997223127512,0.7502826826387071,-0.012372957265984513,-2.1764886327954582,1.8531935176358436,finviz_top_gainer,screen,"{""min_ret"": 0.1, ""min_rsi"": 50}",False,"{""stop_pct"": 0.1, ""target_pct"": 0.4, ""max_hold_days"": 3}"
1279,0.37607505863956214,-0.4990743133552391,-0.6693156804026004,0.9134345075773985,-0.004164417226079874,-0.6378548904506602,3.047693510555121,766,0.304177545691906,-0.7005457238612652,-0.7033647969123129,0.759314989949889,-0.014243433403064323,-1.8207224122465142,2.6344647519582245,finviz_top_gainer,screen,"{""min_ret"": 0.1, ""min_rsi"": 50}",False,"{""stop_pct"": 0.1, ""target_pct"": 0.4, ""max_hold_days"": 5}"
824,0.3337378640776699,-0.5097413456660866,-0.746080076740129,0.8925772656531178,-0.0061732316571952465,-0.7766718650984628,4.974514563106796,518,0.26640926640926643,-0.6073672843155749,-0.6401447802438986,0.7521556184879268,-0.016400924276470705,-1.5059739418866822,4.0926640926640925,finviz_top_gainer,screen,"{""min_ret"": 0.1, ""min_rsi"": 50}",False,"{""stop_pct"": 0.1, ""target_pct"": 0.4, ""max_hold_days"": 10}"
3256,0.40540540540540543,-0.9489991999408786,-0.9568217323107351,0.8147078723120305,-0.008397761530888236,-2.6525621285973364,0.9548525798525799,2122,0.4038642789820924,-0.8961735835192124,-0.8975777785086941,0.7086807537554006,-0.008978600689399213,-2.056209353545798,0.9481621112158342,finviz_top_gainer,screen,"{""min_ret"": 0.1, ""min_rsi"": 50}",False,"{""stop_pct"": 0.2, ""target_pct"": null, ""max_hold_days"": 1}"
1563,0.4145873320537428,-0.8310641062101932,-0.8712108497733764,0.8396911052111176,-0.009439640099486689,-1.2534685401638617,2.6839411388355727,881,0.3620885357548241,-0.8693943664812859,-0.8784465600141684,0.6503741024494921,-0.021099401689520295,-1.4824166962091287,2.58683314415437,finviz_top_gainer,screen,"{""min_ret"": 0.1, ""min_rsi"": 50}",False,"{""stop_pct"": 0.2, ""target_pct"": null, ""max_hold_days"": 3}"
1026,0.42007797270955166,-0.6381063009404775,-0.7326410997694597,0.878799333444921,-0.006028730324166328,-0.5627300110629848,4.266081871345029,571,0.3450087565674256,-0.7498739977794051,-0.7909828022206575,0.7532782455256868,-0.02154902686890389,-1.622811710347155,4.057793345008757,finviz_top_gainer,screen,"{""min_ret"": 0.1, ""min_rsi"": 50}",False,"{""stop_pct"": 0.2, ""target_pct"": null, ""max_hold_days"": 5}"
592,0.36993243243243246,-0.796676417190408,-0.8720944132874233,0.7471619889999136,-0.022500295936908884,-1.0909477412669106,7.525337837837838,333,0.3213213213213213,-0.6309355753658867,-0.7193849780849124,0.7511179849923936,-0.029181796593168427,-1.0912090478129663,7.075075075075075,finviz_top_gainer,screen,"{""min_ret"": 0.1, ""min_rsi"": 50}",False,"{""stop_pct"": 0.2, ""target_pct"": null, ""max_hold_days"": 10}"
3324,0.42178098676293624,-0.9686307706328795,-0.9703030952391674,0.7911385720969173,-0.009917864395599961,-3.7692821879395986,0.8540914560770156,2136,0.4204119850187266,-0.9380546107344734,-0.9380889366842172,0.6790729671446191,-0.012350973018109106,-4.377381981441011,0.8567415730337079,finviz_top_gainer,screen,"{""min_ret"": 0.1, ""min_rsi"": 50}",False,"{""stop_pct"": 0.2, ""target_pct"": 0.15, ""max_hold_days"": 1}"
1750,0.4725714285714286,-0.8107117276289579,-0.8555261728118744,0.8687843401090105,-0.008311869664232347,-1.6849527031039033,2.1634285714285713,980,0.4357142857142857,-0.70488024909526,-0.7128564181684167,0.7915279025923015,-0.010760908534852613,-1.8458003409050652,2.0969387755102042,finviz_top_gainer,screen,"{""min_ret"": 0.1, ""min_rsi"": 50}",False,"{""stop_pct"": 0.2, ""target_pct"": 0.15, ""max_hold_days"": 3}"
1252,0.4936102236421725,-0.5799916149374863,-0.7390408171686984,0.9142462142592467,-0.005589394108666042,-0.8525915547743037,3.18370607028754,698,0.45272206303724927,-0.6421500658616998,-0.6557074549325348,0.7895811556263028,-0.012734959911618942,-1.6451999584533654,3.037249283667622,finviz_top_gainer,screen,"{""min_ret"": 0.1, ""min_rsi"": 50}",False,"{""stop_pct"": 0.2, ""target_pct"": 0.15, ""max_hold_days"": 5}"
803,0.49813200498132004,-0.5743856418857236,-0.6981172692908311,0.8900932047667595,-0.008563353581063868,-0.9343908529949067,5.184308841843088,460,0.46956521739130436,-0.5184026113144161,-0.6041806071023554,0.8266660014094108,-0.01295663224066165,-1.1657231690287504,4.73695652173913,finviz_top_gainer,screen,"{""min_ret"": 0.1, ""min_rsi"": 50}",False,"{""stop_pct"": 0.2, ""target_pct"": 0.15, ""max_hold_days"": 10}"
3269,0.40379320893239523,-0.9572031773598346,-0.9617456949540292,0.8029935062224828,-0.008984310684130957,-3.0998734658696603,0.9388192107678189,2125,0.4051764705882353,-0.9392773493834913,-0.9400902842700232,0.6677863603194464,-0.01236767632584331,-3.9786518348805804,0.9312941176470588,finviz_top_gainer,screen,"{""min_ret"": 0.1, ""min_rsi"": 50}",False,"{""stop_pct"": 0.2, ""target_pct"": 0.4, ""max_hold_days"": 1}"
1603,0.4279475982532751,-0.7033855008073869,-0.778916380681543,0.898883233661536,-0.005926448469696856,-1.0133993165483903,2.5483468496568933,905,0.39226519337016574,-0.6968136228821826,-0.7353443009274614,0.796391372606519,-0.01066119068171603,-1.4139959525818564,2.450828729281768,finviz_top_gainer,screen,"{""min_ret"": 0.1, ""min_rsi"": 50}",False,"{""stop_pct"": 0.2, ""target_pct"": 0.4, ""max_hold_days"": 3}"
1093,0.42909423604757546,-0.5960734923145872,-0.7175474035244059,0.8974768032627212,-0.005782379089997749,-0.7195612602613155,3.891125343092406,601,0.3527454242928453,-0.7655742798310701,-0.8048945091293763,0.7386612343935962,-0.021526550536804922,-2.070111435926151,3.7703826955074877,finviz_top_gainer,screen,"{""min_ret"": 0.1, ""min_rsi"": 50}",False,"{""stop_pct"": 0.2, ""target_pct"": 0.4, ""max_hold_days"": 5}"
668,0.41317365269461076,-0.5821940934551226,-0.7499067587117103,0.8856666977708152,-0.009106288237282559,-0.7449511491539231,6.49251497005988,367,0.37057220708446864,-0.4319022615433793,-0.6283547211655902,0.8771977080868005,-0.008952633503534669,-0.6510372289821145,6.283378746594005,finviz_top_gainer,screen,"{""min_ret"": 0.1, ""min_rsi"": 50}",False,"{""stop_pct"": 0.2, ""target_pct"": 0.4, ""max_hold_days"": 10}"
3237,0.4080939141180105,-0.9619748038765205,-0.9674500162368649,0.7978956140400745,-0.009245197378993599,-2.813315107425724,0.998455359901143,2116,0.40784499054820417,-0.9209259900285242,-0.9219428139535168,0.6997413219178767,-0.01013912761457612,-2.2417072469225277,0.997164461247637,finviz_top_gainer,screen,"{""min_ret"": 0.1, ""min_rsi"": 50}",False,"{""stop_pct"": null, ""target_pct"": null, ""max_hold_days"": 1}"
1486,0.42799461641991926,-0.8614077799938484,-0.8950275546668396,0.8174796644067093,-0.011044673651098985,-1.2867168744991722,2.9858681022880216,821,0.3873325213154689,-0.8344482953683929,-0.8418839378772037,0.6813678697315442,-0.019184808945071217,-1.1978445728943117,2.97442143727162,finviz_top_gainer,screen,"{""min_ret"": 0.1, ""min_rsi"": 50}",False,"{""stop_pct"": null, ""target_pct"": null, ""max_hold_days"": 3}"
928,0.4267241379310345,-0.8242483748221057,-0.8817735007935803,0.7653430818411985,-0.013422693023039965,-1.100013481169706,4.960129310344827,499,0.3867735470941884,-0.37931252676848237,-0.7743684944874322,0.927988774438878,-0.0007300203510599766,0.13060538602724006,4.943887775551103,finviz_top_gainer,screen,"{""min_ret"": 0.1, ""min_rsi"": 50}",False,"{""stop_pct"": null, ""target_pct"": null, ""max_hold_days"": 5}"
470,0.4021276595744681,-0.8586269370817904,-0.8959479417623084,0.6839401428575982,-0.03175465014379981,-1.3939475471877352,9.859574468085107,250,0.376,-0.5546000769714816,-0.8382818562698406,0.8497865039269665,-0.019615513427513314,-0.01797483201155419,9.888,finviz_top_gainer,screen,"{""min_ret"": 0.1, ""min_rsi"": 50}",False,"{""stop_pct"": null, ""target_pct"": null, ""max_hold_days"": 10}"
3316,0.43154402895054284,-0.9468322875216122,-0.9529576797712823,0.8233882670926215,-0.00820332805800652,-3.0283201457718327,0.8950542822677925,2134,0.42970946579194,-0.939532453007962,-0.9408336138460076,0.7126048165368395,-0.01252136800034985,-4.223665407608595,0.9025304592314901,finviz_top_gainer,screen,"{""min_ret"": 0.1, ""min_rsi"": 50}",False,"{""stop_pct"": null, ""target_pct"": 0.15, ""max_hold_days"": 1}"
1665,0.4894894894894895,-0.7269800860250946,-0.8142698441963022,0.8921087337746842,-0.0062607379881144554,-1.1490904649375426,2.422822822822823,916,0.4574235807860262,-0.7549056872842028,-0.7644281875189616,0.7700667437943397,-0.013108936080441677,-1.994617874506728,2.4170305676855897,finviz_top_gainer,screen,"{""min_ret"": 0.1, ""min_rsi"": 50}",False,"{""stop_pct"": null, ""target_pct"": 0.15, ""max_hold_days"": 3}"
1131,0.53315649867374,-0.2734000845678981,-0.6431398040210048,0.9675127282287178,-0.0008592672585180356,-0.12482049071292257,3.741821396993811,620,0.4854838709677419,-0.7490927844901788,-0.7893001033040437,0.7237335242152015,-0.020214243494043747,-2.6894192740601492,3.653225806451613,finviz_top_gainer,screen,"{""min_ret"": 0.1, ""min_rsi"": 50}",False,"{""stop_pct"": null, ""target_pct"": 0.15, ""max_hold_days"": 5}"
667,0.5862068965517241,-0.08839449502467689,-0.6071375904916763,0.9821408892316738,0.0012332662715348053,0.09340920548443377,6.535232383808096,360,0.5472222222222223,-0.4757945650401344,-0.5999937896138234,0.8415362526759277,-0.014757948669702953,-1.29494182920133,6.463888888888889,finviz_top_gainer,screen,"{""min_ret"": 0.1, ""min_rsi"": 50}",False,"{""stop_pct"": null, ""target_pct"": 0.15, ""max_hold_days"": 10}"
3248,0.40701970443349755,-0.9609671283759251,-0.9647170183851211,0.7942122165835553,-0.009215534335845113,-3.065891251445986,0.9833743842364532,2117,0.4076523382144544,-0.9618728213809118,-0.96229436094841,0.6491735844465872,-0.014653289443572193,-4.45916892316194,0.9834671705243269,finviz_top_gainer,screen,"{""min_ret"": 0.1, ""min_rsi"": 50}",False,"{""stop_pct"": null, ""target_pct"": 0.4, ""max_hold_days"": 1}"
1517,0.44034278180619646,-0.7730425660785634,-0.8364653880854718,0.8750639420758043,-0.007839014679890224,-1.1125430325558685,2.8602504943968357,843,0.4033214709371293,-0.823763156822316,-0.8409299796958558,0.7134894662628596,-0.016927011628437932,-2.123590435347426,2.833926453143535,finviz_top_gainer,screen,"{""min_ret"": 0.1, ""min_rsi"": 50}",False,"{""stop_pct"": null, ""target_pct"": 0.4, ""max_hold_days"": 3}"
980,0.44387755102040816,-0.6145490878069688,-0.7472026884579388,0.8885455093284117,-0.006859352170727277,-0.6085105988586682,4.58265306122449,530,0.38301886792452833,-0.7004940695593096,-0.7771249072627491,0.8131322269845119,-0.017528175607415365,-1.5288232984679784,4.562264150943396,finviz_top_gainer,screen,"{""min_ret"": 0.1, ""min_rsi"": 50}",False,"{""stop_pct"": null, ""target_pct"": 0.4, ""max_hold_days"": 5}"
522,0.4731800766283525,-0.5612725031010186,-0.7825212492814957,0.8683320058443734,-0.009598322783261524,-0.5805851166486794,8.739463601532567,286,0.42657342657342656,-0.30993749555117245,-0.5963125822662625,0.9218276204450814,-0.003061771067809081,-0.28770428713761176,8.496503496503497,finviz_top_gainer,screen,"{""min_ret"": 0.1, ""min_rsi"": 50}",False,"{""stop_pct"": null, ""target_pct"": 0.4, ""max_hold_days"": 10}"
3030,0.33795379537953796,-0.9002248726034532,-0.9035053538998535,0.7632378681049271,-0.0072139398353524686,-2.8750631428131666,0.5871287128712871,2020,0.31633663366336634,-0.8727074503460729,-0.8727074503460729,0.6278581532314108,-0.009144377171714164,-2.4124360425551137,0.5400990099009901,finviz_top_gainer,screen,"{""min_ret"": 0.1, ""min_rsi"": 60}",False,"{""stop_pct"": 0.05, ""target_pct"": null, ""max_hold_days"": 1}"
1981,0.28975265017667845,-0.8376593112961209,-0.8714231028734316,0.7954773207732297,-0.008710021380371089,-1.9673472234879867,1.4659262998485614,1227,0.23634881825590873,-0.759511377049838,-0.7620007001996794,0.6949034562906128,-0.01095596750900125,-0.9564013449973767,1.2428687856560716,finviz_top_gainer,screen,"{""min_ret"": 0.1, ""min_rsi"": 60}",False,"{""stop_pct"": 0.05, ""target_pct"": null, ""max_hold_days"": 3}"
1537,0.27260897852960314,-0.6991160041690179,-0.8136655679939642,0.8343638562026487,-0.0070749661596297775,-1.0625996108131246,2.1496421600520494,963,0.21391484942886813,-0.380755012968794,-0.653200139814567,0.8827265538557805,-0.0024286755898482643,-0.01144321513281012,1.7705088265835929,finviz_top_gainer,screen,"{""min_ret"": 0.1, ""min_rsi"": 60}",False,"{""stop_pct"": 0.05, ""target_pct"": null, ""max_hold_days"": 5}"
1110,0.2018018018018018,-0.7818976709004342,-0.8731153312079103,0.7512103178407423,-0.012766988006810311,-1.4486101965286637,3.274774774774775,705,0.17163120567375886,-0.4544611234271342,-0.6254059934293694,0.8004914772711891,-0.00819380941348441,-0.21486578349490054,2.675177304964539,finviz_top_gainer,screen,"{""min_ret"": 0.1, ""min_rsi"": 60}",False,"{""stop_pct"": 0.05, ""target_pct"": null, ""max_hold_days"": 10}"
3092,0.34023285899094435,-0.9579665716279907,-0.9593443471847453,0.7052375201484836,-0.010077545684107812,-5.478837157090214,0.5206985769728332,2033,0.32021642892277424,-0.9391054042764838,-0.9391054042764838,0.5584597864754406,-0.013606910525504562,-8.44333978270212,0.4825381210034432,finviz_top_gainer,screen,"{""min_ret"": 0.1, ""min_rsi"": 60}",False,"{""stop_pct"": 0.05, ""target_pct"": 0.15, ""max_hold_days"": 1}"
2141,0.3110695936478281,-0.8776811146978601,-0.8905941634772954,0.7655330843665239,-0.009598628502197242,-3.7047893157757854,1.190098085007006,1332,0.2755255255255255,-0.8194786930893346,-0.8194786930893346,0.6414494688430705,-0.012512149218892874,-5.087668488209692,0.9857357357357357,finviz_top_gainer,screen,"{""min_ret"": 0.1, ""min_rsi"": 60}",False,"{""stop_pct"": 0.05, ""target_pct"": 0.15, ""max_hold_days"": 3}"
1762,0.30703745743473326,-0.787459224657074,-0.8242199951727308,0.8053130277426926,-0.008595725627668516,-2.9255557689703,1.649262202043133,1137,0.25065963060686014,-0.7949024452123727,-0.7985993543381401,0.6296922742376188,-0.013739799008508264,-4.871432041196045,1.2612137203166227,finviz_top_gainer,screen,"{""min_ret"": 0.1, ""min_rsi"": 60}",False,"{""stop_pct"": 0.05, ""target_pct"": 0.15, ""max_hold_days"": 5}"
1377,0.2737835875090777,-0.733329686945597,-0.7844287984087966,0.8178930087617311,-0.009381676964663825,-2.596205833517945,2.3195352214960057,916,0.2314410480349345,-0.7429066567225437,-0.7457671223016155,0.6407409217691026,-0.014552814017408775,-4.537118450626428,1.759825327510917,finviz_top_gainer,screen,"{""min_ret"": 0.1, ""min_rsi"": 60}",False,"{""stop_pct"": 0.05, ""target_pct"": 0.15, ""max_hold_days"": 10}"
3041,0.3370601775731667,-0.9079635536241801,-0.9109889616664942,0.7762677510237247,-0.007486936212596578,-3.2695184530486348,0.574482078263729,2023,0.314878892733564,-0.9279731974637035,-0.9279731974637035,0.5588026904271934,-0.01277192441425832,-7.020594987629338,0.5289174493326743,finviz_top_gainer,screen,"{""min_ret"": 0.1, ""min_rsi"": 60}",False,"{""stop_pct"": 0.05, ""target_pct"": 0.4, ""max_hold_days"": 1}"
2021,0.2924294903513112,-0.800551106005989,-0.8583359746214485,0.8298299586689392,-0.007574888798812355,-2.0511931064600777,1.3953488372093024,1255,0.24223107569721117,-0.7945966534877554,-0.7966662425861146,0.662352858554363,-0.012249046795716775,-3.8591375113486266,1.1768924302788846,finviz_top_gainer,screen,"{""min_ret"": 0.1, ""min_rsi"": 60}",False,"{""stop_pct"": 0.05, ""target_pct"": 0.4, ""max_hold_days"": 3}"
1590,0.2830188679245283,-0.707965427852603,-0.8076052489990038,0.8427413395320842,-0.007473804272226531,-1.5616990791493592,2.020125786163522,1006,0.21968190854870775,-0.6951760163777913,-0.7092056275346101,0.705553539350042,-0.011381472265361035,-2.9045210475765355,1.6242544731610338,finviz_top_gainer,screen,"{""min_ret"": 0.1, ""min_rsi"": 60}",False,"{""stop_pct"": 0.05, ""target_pct"": 0.4, ""max_hold_days"": 5}"
1174,0.21550255536626917,-0.7047372245576713,-0.8154728743562214,0.8179612249490772,-0.009970002150159894,-1.725788268304835,3.0017035775127767,757,0.19154557463672392,-0.5660932027262402,-0.5908443115377354,0.7408335723708435,-0.010312846331234178,-2.216475504431392,2.4121532364597096,finviz_top_gainer,screen,"{""min_ret"": 0.1, ""min_rsi"": 60}",False,"{""stop_pct"": 0.05, ""target_pct"": 0.4, ""max_hold_days"": 10}"
3003,0.3902763902763903,-0.915276590136945,-0.9204277631009432,0.7859007492897889,-0.007600387007612461,-2.5770130611603927,0.8255078255078255,2015,0.36823821339950374,-0.9363101376034338,-0.9377562882278369,0.5640842016039223,-0.012360267503927241,-3.151637248956587,0.798014888337469,finviz_top_gainer,screen,"{""min_ret"": 0.1, ""min_rsi"": 60}",False,"{""stop_pct"": 0.1, ""target_pct"": null, ""max_hold_days"": 1}"
1683,0.3790849673202614,-0.7788757976723144,-0.8255559401451231,0.8576437936171185,-0.007784314944415393,-1.3360828625743195,2.138443256090315,1014,0.3264299802761341,-0.7741790627272799,-0.783147434267257,0.699797969639499,-0.013212414216340758,-1.00951600240418,1.95069033530572,finviz_top_gainer,screen,"{""min_ret"": 0.1, ""min_rsi"": 60}",False,"{""stop_pct"": 0.1, ""target_pct"": null, ""max_hold_days"": 3}"
1182,0.37478849407783416,-0.5665577109008889,-0.7517310417414257,0.9006712289852068,-0.004781943848066584,-0.5623697753352181,3.3367174280879865,733,0.29195088676671216,-0.6760433869932065,-0.6862796097282076,0.7293024409987428,-0.013979166845218943,-0.7801219842002931,2.8335607094133697,finviz_top_gainer,screen,"{""min_ret"": 0.1, ""min_rsi"": 60}",False,"{""stop_pct"": 0.1, ""target_pct"": null, ""max_hold_days"": 5}"
764,0.29712041884816753,-0.7862222961451233,-0.867488954121339,0.7646031653989555,-0.017291869652219204,-1.3080997828382535,5.43848167539267,469,0.2601279317697228,-0.5566349093937921,-0.607019099728803,0.7241403298188582,-0.016383344407428547,-0.47591116484126017,4.663113006396588,finviz_top_gainer,screen,"{""min_ret"": 0.1, ""min_rsi"": 60}",False,"{""stop_pct"": 0.1, ""target_pct"": null, ""max_hold_days"": 10}"
3077,0.3990900227494313,-0.959375562269752,-0.960682381439021,0.7566774876763093,-0.010040619390062065,-4.260192686656733,0.7341566460838479,2025,0.3762962962962963,-0.9688603675108043,-0.9688603675108043,0.5364397558661165,-0.016869942576190837,-8.6318316956905,0.7254320987654321,finviz_top_gainer,screen,"{""min_ret"": 0.1, ""min_rsi"": 60}",False,"{""stop_pct"": 0.1, ""target_pct"": 0.15, ""max_hold_days"": 1}"
1860,0.41397849462365593,-0.815168177293463,-0.8486587873780761,0.8471028036156756,-0.00850654237763728,-2.174872752906998,1.7311827956989247,1112,0.37140287769784175,-0.8600746160789019,-0.8625953569801219,0.6404390616561618,-0.017252903989977735,-5.032994204937231,1.6007194244604317,finviz_top_gainer,screen,"{""min_ret"": 0.1, ""min_rsi"": 60}",False,"{""stop_pct"": 0.1, ""target_pct"": 0.15, ""max_hold_days"": 3}"
1415,0.42120141342756184,-0.6967521201204895,-0.78636465300289,0.8725282451227625,-0.007792588798792778,-1.6715875897341246,2.498233215547703,869,0.35558112773302647,-0.8381515073232108,-0.8407742581455054,0.6383569828252496,-0.020514174760100264,-4.959355604155063,2.140391254315305,finviz_top_gainer,screen,"{""min_ret"": 0.1, ""min_rsi"": 60}",False,"{""stop_pct"": 0.1, ""target_pct"": 0.15, ""max_hold_days"": 5}"
1008,0.4027777777777778,-0.6917100096854005,-0.7750304828263997,0.8494032193677578,-0.010357073682387983,-1.8417733392205275,3.7470238095238093,632,0.3575949367088608,-0.7472465666761732,-0.7530321209976472,0.6617264800838242,-0.021188982241918716,-4.072235843747483,3.0996835443037973,finviz_top_gainer,screen,"{""min_ret"": 0.1, ""min_rsi"": 60}",False,"{""stop_pct"": 0.1, ""target_pct"": 0.15, ""max_hold_days"": 10}"
3018,0.38866799204771374,-0.9236477756658883,-0.9275524924909098,0.7956466209245652,-0.007981744758624797,-2.8599891805053375,0.8074884029158383,2017,0.3673772930094199,-0.9652455018416805,-0.965957038782607,0.5142374740093951,-0.01631101025683504,-7.4325518129778825,0.7848289538919186,finviz_top_gainer,screen,"{""min_ret"": 0.1, ""min_rsi"": 60}",False,"{""stop_pct"": 0.1, ""target_pct"": 0.4, ""max_hold_days"": 1}"
1728,0.3854166666666667,-0.6730696085396055,-0.7791949940341495,0.9025309507493328,-0.0055097417704414045,-1.0991619459598028,2.0231481481481484,1040,0.3298076923076923,-0.8180571445424936,-0.8223027030994415,0.6827211911998797,-0.015929281199251508,-3.5263996542997744,1.8586538461538462,finviz_top_gainer,screen,"{""min_ret"": 0.1, ""min_rsi"": 60}",False,"{""stop_pct"": 0.1, ""target_pct"": 0.4, ""max_hold_days"": 3}"
1255,0.3752988047808765,-0.5437443489217337,-0.699947437725391,0.9110344273922176,-0.00536459199981118,-0.7545370997119585,3.043824701195219,768,0.2955729166666667,-0.7958140595321594,-0.7985495019700042,0.6629073399830342,-0.019808325851980835,-3.501943227018727,2.6197916666666665,finviz_top_gainer,screen,"{""min_ret"": 0.1, ""min_rsi"": 60}",False,"{""stop_pct"": 0.1, ""target_pct"": 0.4, ""max_hold_days"": 5}"
824,0.3276699029126214,-0.5978007318555077,-0.783329700939159,0.8687266253405461,-0.008824302771849715,-1.0796279718990855,4.933252427184466,512,0.267578125,-0.6959193732934164,-0.7216830046160683,0.6542805580697724,-0.021678031329594546,-2.7454146930324095,4.1484375,finviz_top_gainer,screen,"{""min_ret"": 0.1, ""min_rsi"": 60}",False,"{""stop_pct"": 0.1, ""target_pct"": 0.4, ""max_hold_days"": 10}"
2993,0.4042766455061811,-0.9310824716164952,-0.9415758326272291,0.8196345034387902,-0.008144347233243924,-2.4173886897669576,0.9518877380554628,2010,0.3940298507462687,-0.921623629389709,-0.9232883076966933,0.6333844165961828,-0.011268686414879759,-2.572086286206424,0.9487562189054727,finviz_top_gainer,screen,"{""min_ret"": 0.1, ""min_rsi"": 60}",False,"{""stop_pct"": 0.2, ""target_pct"": null, ""max_hold_days"": 1}"
1520,0.4085526315789474,-0.8538261736225649,-0.8890008637279396,0.8197856126010543,-0.010656806278689248,-1.3899198560715935,2.6868421052631577,875,0.368,-0.8821964062569723,-0.8900820372727978,0.5953040529505909,-0.022116342146963657,-1.7196013817402893,2.593142857142857,finviz_top_gainer,screen,"{""min_ret"": 0.1, ""min_rsi"": 60}",False,"{""stop_pct"": 0.2, ""target_pct"": null, ""max_hold_days"": 3}"
1016,0.41929133858267714,-0.7065123099064866,-0.7924655313492343,0.8682555954197022,-0.008509281653646344,-0.7159940026318079,4.251968503937008,570,0.34385964912280703,-0.8029887861895776,-0.8353680485987841,0.6901018976302654,-0.025151622241608714,-1.2286141736319685,4.06140350877193,finviz_top_gainer,screen,"{""min_ret"": 0.1, ""min_rsi"": 60}",False,"{""stop_pct"": 0.2, ""target_pct"": null, ""max_hold_days"": 5}"
597,0.36180904522613067,-0.8706305729220307,-0.9047151020780362,0.7005772054320578,-0.029435884144803574,-1.5578146165360631,7.408710217755444,334,0.3263473053892216,-0.7099131585911691,-0.7908632668401563,0.6884935664338013,-0.03336310141155896,-0.780130089126066,7.038922155688622,finviz_top_gainer,screen,"{""min_ret"": 0.1, ""min_rsi"": 60}",False,"{""stop_pct"": 0.2, ""target_pct"": null, ""max_hold_days"": 10}"
3069,0.4206581948517432,-0.9638010043939583,-0.9657688303308614,0.7869579445799377,-0.010208399447045753,-3.692196917210528,0.851743238840013,2026,0.4106614017769003,-0.9519443109573328,-0.9519709401735915,0.6048864491708594,-0.014571348573868357,-6.416700502526797,0.8613030602171767,finviz_top_gainer,screen,"{""min_ret"": 0.1, ""min_rsi"": 60}",False,"{""stop_pct"": 0.2, ""target_pct"": 0.15, ""max_hold_days"": 1}"
1704,0.4671361502347418,-0.832033240690789,-0.8732859238343725,0.8555367035423694,-0.009312791134062753,-1.812541267650953,2.1684272300469485,965,0.44248704663212435,-0.730758084844722,-0.7396757859500911,0.7569383074671862,-0.012581526831934248,-2.7530331798880225,2.1253886010362693,finviz_top_gainer,screen,"{""min_ret"": 0.1, ""min_rsi"": 60}",False,"{""stop_pct"": 0.2, ""target_pct"": 0.15, ""max_hold_days"": 3}"
1226,0.4926590538336052,-0.6083889557615477,-0.7738682237932509,0.9048531353978659,-0.0063034787102292395,-0.9632332104492809,3.2071778140293636,700,0.4471428571428571,-0.7316901181507718,-0.7462319858151719,0.7187910964123341,-0.01762428764506502,-3.166102001188109,3.03,finviz_top_gainer,screen,"{""min_ret"": 0.1, ""min_rsi"": 60}",False,"{""stop_pct"": 0.2, ""target_pct"": 0.15, ""max_hold_days"": 5}"
811,0.49445129469790383,-0.6837991499026844,-0.7681523660633836,0.8609766414496415,-0.012291837741103118,-1.378413343631007,5.066584463625154,462,0.48484848484848486,-0.5395612239320078,-0.5835393075099938,0.7906641370083619,-0.015568433490688932,-1.8831293933344495,4.725108225108225,finviz_top_gainer,screen,"{""min_ret"": 0.1, ""min_rsi"": 60}",False,"{""stop_pct"": 0.2, ""target_pct"": 0.15, ""max_hold_days"": 10}"
3007,0.4030595277685401,-0.9449620395860331,-0.9526993462190577,0.8082875587954262,-0.008968019644057907,-2.892128931623724,0.9338210841370136,2013,0.39542970690511675,-0.9522705569545072,-0.9531806862617848,0.596096902517024,-0.014552387278904046,-5.671025212980596,0.9324391455538996,finviz_top_gainer,screen,"{""min_ret"": 0.1, ""min_rsi"": 60}",False,"{""stop_pct"": 0.2, ""target_pct"": 0.4, ""max_hold_days"": 1}"
1563,0.4273832373640435,-0.7517685969635055,-0.8147616751655269,0.8889774040583779,-0.0072303748164609955,-1.216353088165655,2.541906589891235,895,0.3854748603351955,-0.8042706135292144,-0.8331833640850305,0.7072548730093131,-0.016225619799308297,-2.768871500928575,2.470391061452514,finviz_top_gainer,screen,"{""min_ret"": 0.1, ""min_rsi"": 60}",False,"{""stop_pct"": 0.2, ""target_pct"": 0.4, ""max_hold_days"": 3}"
1075,0.42697674418604653,-0.6178269278527866,-0.7374007030230731,0.8977138706846843,-0.006730775741414509,-0.7905149187847538,3.910697674418605,601,0.3594009983361065,-0.7434225965952821,-0.786403134702664,0.7108082422526771,-0.020195378803400582,-2.5461078181181898,3.7687188019966724,finviz_top_gainer,screen,"{""min_ret"": 0.1, ""min_rsi"": 60}",False,"{""stop_pct"": 0.2, ""target_pct"": 0.4, ""max_hold_days"": 5}"
658,0.4148936170212766,-0.5205293429911066,-0.7563652409025119,0.9006415656994157,-0.007481644258882172,-0.592671489719952,6.586626139817629,365,0.37534246575342467,-0.5218620391297001,-0.6669487569235956,0.8162594674322388,-0.015543813546477925,-1.275076516043658,6.33972602739726,finviz_top_gainer,screen,"{""min_ret"": 0.1, ""min_rsi"": 60}",False,"{""stop_pct"": 0.2, ""target_pct"": 0.4, ""max_hold_days"": 10}"
2976,0.4075940860215054,-0.9470091703380481,-0.9545755685898959,0.800218897787899,-0.009063558714086739,-2.5676453480930133,0.9983198924731183,2006,0.39780658025922233,-0.93925526045437,-0.9397146612807855,0.6309588855038205,-0.012387633883280789,-2.8753832088618636,0.9980059820538385,finviz_top_gainer,screen,"{""min_ret"": 0.1, ""min_rsi"": 60}",False,"{""stop_pct"": null, ""target_pct"": null, ""max_hold_days"": 1}"
1448,0.42679558011049723,-0.8058983413072857,-0.8547531714876186,0.8320469604335529,-0.00861934291599053,-1.034808060537862,2.9861878453038675,814,0.3955773955773956,-0.7933443750994043,-0.8017819630015545,0.7203975594983686,-0.01628865938801194,-0.9285890999740624,2.98034398034398,finviz_top_gainer,screen,"{""min_ret"": 0.1, ""min_rsi"": 60}",False,"{""stop_pct"": null, ""target_pct"": null, ""max_hold_days"": 3}"
921,0.4201954397394137,-0.8498166424045905,-0.9012590653603274,0.796744179338179,-0.01618004250774037,-1.2107713577612587,4.955483170466884,497,0.3722334004024145,-0.7267556111580744,-0.8394162746419203,0.7985948541033419,-0.020020078864799375,-0.7749867852620734,4.943661971830986,finviz_top_gainer,screen,"{""min_ret"": 0.1, ""min_rsi"": 60}",False,"{""stop_pct"": null, ""target_pct"": null, ""max_hold_days"": 5}"
469,0.39232409381663114,-0.8424307643740883,-0.8766089273625209,0.6986845213658075,-0.031980314898908756,-0.9555367133006945,9.865671641791044,249,0.39759036144578314,-0.635541518731702,-0.7557401958509244,0.7354312461701727,-0.030296713658517323,-0.40611259484653783,9.899598393574298,finviz_top_gainer,screen,"{""min_ret"": 0.1, ""min_rsi"": 60}",False,"{""stop_pct"": null, ""target_pct"": null, ""max_hold_days"": 10}"
3060,0.43104575163398695,-0.9387170152855592,-0.9458422822531815,0.8193016502632872,-0.008465922031484635,-2.9362087122872214,0.8957516339869281,2024,0.41946640316205536,-0.9549361980918896,-0.9549361980918896,0.6314235099874379,-0.014936615691891815,-6.181514894649795,0.9071146245059288,finviz_top_gainer,screen,"{""min_ret"": 0.1, ""min_rsi"": 60}",False,"{""stop_pct"": null, ""target_pct"": 0.15, ""max_hold_days"": 1}"
1622,0.48581997533908755,-0.7715998067663086,-0.8397621760330242,0.8777072065668301,-0.00758997529368172,-1.325467388039858,2.4309494451294698,908,0.4647577092511013,-0.7436665460446583,-0.7549527961301158,0.7374266542011867,-0.013754401187667815,-2.5825352151702616,2.4295154185022025,finviz_top_gainer,screen,"{""min_ret"": 0.1, ""min_rsi"": 60}",False,"{""stop_pct"": null, ""target_pct"": 0.15, ""max_hold_days"": 3}"
1122,0.533868092691622,-0.3470266174329293,-0.7237257475354296,0.9514505760089758,-0.001845730505736056,-0.243801151466889,3.729946524064171,616,0.47564935064935066,-0.7749723286380588,-0.8031166788898076,0.6879317523874784,-0.02200915943344813,-2.9554896906432218,3.6964285714285716,finviz_top_gainer,screen,"{""min_ret"": 0.1, ""min_rsi"": 60}",False,"{""stop_pct"": null, ""target_pct"": 0.15, ""max_hold_days"": 5}"
668,0.5793413173652695,-0.3377626943323101,-0.6921172399821889,0.923268946974493,-0.0035611392293522057,-0.2924067440851083,6.5119760479041915,355,0.543661971830986,-0.5055918920521816,-0.5914188186950143,0.8161619945738554,-0.016775052820459595,-1.421131781027188,6.580281690140845,finviz_top_gainer,screen,"{""min_ret"": 0.1, ""min_rsi"": 60}",False,"{""stop_pct"": null, ""target_pct"": 0.15, ""max_hold_days"": 10}"
2989,0.40715958514553363,-0.9492129300065414,-0.9556108367367108,0.7983101384974652,-0.009259827919557876,-2.837444971228572,0.9819337571094011,2007,0.39860488290981566,-0.9684359089788445,-0.9686753256268629,0.584819158057965,-0.016539361711931665,-6.084607667374024,0.9845540607872446,finviz_top_gainer,screen,"{""min_ret"": 0.1, ""min_rsi"": 60}",False,"{""stop_pct"": null, ""target_pct"": 0.4, ""max_hold_days"": 1}"
1482,0.4365721997300945,-0.7608165245322462,-0.8251292582901815,0.8755793354593693,-0.00764642998146257,-1.0853215189341776,2.855600539811066,837,0.4121863799283154,-0.7860446500392149,-0.8252812398401442,0.7304171708177177,-0.015457768433444466,-2.378503245913783,2.8327359617682197,finviz_top_gainer,screen,"{""min_ret"": 0.1, ""min_rsi"": 60}",False,"{""stop_pct"": null, ""target_pct"": 0.4, ""max_hold_days"": 3}"
969,0.44788441692466463,-0.6156276204646971,-0.7511893592699813,0.8894223348660837,-0.006794568057315385,-0.6039650958349264,4.594427244582043,528,0.38825757575757575,-0.7916233878559364,-0.8407533032992268,0.7460878883850848,-0.025875542140472236,-2.544990310408177,4.577651515151516,finviz_top_gainer,screen,"{""min_ret"": 0.1, ""min_rsi"": 60}",False,"{""stop_pct"": null, ""target_pct"": 0.4, ""max_hold_days"": 5}"
521,0.45873320537428025,-0.6222026793920421,-0.7744394150174447,0.8666042286720818,-0.012736536674753985,-0.7214495422195782,8.748560460652591,283,0.4098939929328622,-0.45450804127127864,-0.6684332728803126,0.8643269531101646,-0.013975112124188087,-0.9668546337501811,8.590106007067138,finviz_top_gainer,screen,"{""min_ret"": 0.1, ""min_rsi"": 60}",False,"{""stop_pct"": null, ""target_pct"": 0.4, ""max_hold_days"": 10}"
177,0.23728813559322035,-0.2964571998856149,-0.3333137876882982,0.49590354545512744,-0.02158395448905705,-2.1043160777494565,0.3220338983050847,148,0.2702702702702703,-0.11532390305587337,-0.15041479738086938,0.7725144901985588,-0.00917829941970431,-0.8627286416698503,0.3918918918918919,kr_newhigh_alignment,screen,"{""max_mcap"": 500000000.0, ""min_vol_ratio_prev"": 3}",False,"{""stop_pct"": 0.05, ""target_pct"": null, ""max_hold_days"": 1}"
176,0.1590909090909091,-0.2645102920586003,-0.33659809913647076,0.6354026831040523,-0.017798982804317534,-1.34850348185884,0.7159090909090909,148,0.22297297297297297,-0.12242739048949969,-0.16937262106811501,0.7924368393459179,-0.009597717087031511,-0.7710870233094217,0.9391891891891891,kr_newhigh_alignment,screen,"{""max_mcap"": 500000000.0, ""min_vol_ratio_prev"": 3}",False,"{""stop_pct"": 0.05, ""target_pct"": null, ""max_hold_days"": 3}"
176,0.11931818181818182,-0.3077663649853153,-0.4493879118885722,0.5676153064064582,-0.02155862851409326,-0.9502415669497497,1.0340909090909092,148,0.16891891891891891,-0.2113308280376326,-0.21302269422106868,0.6467608546227982,-0.016842295962892582,-1.3523152999218309,1.3783783783783783,kr_newhigh_alignment,screen,"{""max_mcap"": 500000000.0, ""min_vol_ratio_prev"": 3}",False,"{""stop_pct"": 0.05, ""target_pct"": null, ""max_hold_days"": 5}"
176,0.09090909090909091,-0.2977709476938858,-0.41716463847382534,0.6129754934604941,-0.020170749612521452,-0.8481265498125419,1.6136363636363635,148,0.14864864864864866,-0.2584760839215696,-0.26106849553096345,0.5883317291794721,-0.02119468010540152,-1.4685512234169766,2.2432432432432434,kr_newhigh_alignment,screen,"{""max_mcap"": 500000000.0, ""min_vol_ratio_prev"": 3}",False,"{""stop_pct"": 0.05, ""target_pct"": null, ""max_hold_days"": 10}"
178,0.24157303370786518,-0.3123168086608522,-0.31764303212995726,0.4591191440955549,-0.02290679503528326,-2.937308739673288,0.25280898876404495,150,0.28,-0.189860672228656,-0.2097568948786045,0.6229202449071646,-0.015155508320549837,-2.4032283289022924,0.29333333333333333,kr_newhigh_alignment,screen,"{""max_mcap"": 500000000.0, ""min_vol_ratio_prev"": 3}",False,"{""stop_pct"": 0.05, ""target_pct"": 0.15, ""max_hold_days"": 1}"
178,0.19101123595505617,-0.3617217946422697,-0.3742189418766553,0.4429451124137128,-0.026881422157567766,-2.9868207936564013,0.4887640449438202,150,0.26666666666666666,-0.17215875618836407,-0.1956652216081476,0.6870707097857504,-0.01382081134004873,-1.8799544520368479,0.5666666666666667,kr_newhigh_alignment,screen,"{""max_mcap"": 500000000.0, ""min_vol_ratio_prev"": 3}",False,"{""stop_pct"": 0.05, ""target_pct"": 0.15, ""max_hold_days"": 3}"
178,0.15730337078651685,-0.39864915741274165,-0.4067156434111473,0.38983407667571895,-0.030118727582830844,-3.31611476293027,0.6460674157303371,150,0.24,-0.17405622204087567,-0.19645273997914947,0.696589812860016,-0.013938615578376496,-1.8554265127781795,0.74,kr_newhigh_alignment,screen,"{""max_mcap"": 500000000.0, ""min_vol_ratio_prev"": 3}",False,"{""stop_pct"": 0.05, ""target_pct"": 0.15, ""max_hold_days"": 5}"
178,0.1348314606741573,-0.42768009298099785,-0.4353539871349914,0.35634267211611786,-0.032780708684406766,-3.550927424921292,0.8426966292134831,150,0.24666666666666667,-0.17237002676628344,-0.1988473722105808,0.7017539788755484,-0.013800411384566875,-1.785315403106848,1.04,kr_newhigh_alignment,screen,"{""max_mcap"": 500000000.0, ""min_vol_ratio_prev"": 3}",False,"{""stop_pct"": 0.05, ""target_pct"": 0.15, ""max_hold_days"": 10}"
178,0.24157303370786518,-0.24096623769924985,-0.2753415028243795,0.6053554274802663,-0.016936078784918093,-1.5865355756045454,0.29775280898876405,149,0.2684563758389262,-0.1353577607464429,-0.15667214456090117,0.7330749539257109,-0.010715015499257357,-1.2610179150744547,0.3691275167785235,kr_newhigh_alignment,screen,"{""max_mcap"": 500000000.0, ""min_vol_ratio_prev"": 3}",False,"{""stop_pct"": 0.05, ""target_pct"": 0.4, ""max_hold_days"": 1}"
178,0.17415730337078653,-0.24247896297842342,-0.3273325658863099,0.669797857964091,-0.01673111964053967,-1.3319322736727928,0.6235955056179775,149,0.2214765100671141,-0.1834131800781068,-0.19887217018638437,0.6865861637355442,-0.014669034355463803,-1.606537547106494,0.8389261744966443,kr_newhigh_alignment,screen,"{""max_mcap"": 500000000.0, ""min_vol_ratio_prev"": 3}",False,"{""stop_pct"": 0.05, ""target_pct"": 0.4, ""max_hold_days"": 3}"
178,0.1348314606741573,-0.3396111122882267,-0.37196005713940095,0.5211238740842767,-0.024734573495463128,-1.9542121862852453,0.8707865168539326,149,0.16778523489932887,-0.2513833086671091,-0.2568699553141659,0.5788565109542018,-0.02046010881956631,-2.14595671312283,1.1946308724832215,kr_newhigh_alignment,screen,"{""max_mcap"": 500000000.0, ""min_vol_ratio_prev"": 3}",False,"{""stop_pct"": 0.05, ""target_pct"": 0.4, ""max_hold_days"": 5}"
178,0.10674157303370786,-0.3309526545415734,-0.35452149019681667,0.5524318738312609,-0.024240001892216614,-1.8126516859054211,1.252808988764045,149,0.15436241610738255,-0.2501484253627052,-0.2567248567462225,0.597672609846633,-0.020253382538103173,-1.9780931463388869,1.825503355704698,kr_newhigh_alignment,screen,"{""max_mcap"": 500000000.0, ""min_vol_ratio_prev"": 3}",False,"{""stop_pct"": 0.05, ""target_pct"": 0.4, ""max_hold_days"": 10}"
175,0.33714285714285713,0.5051317027358739,-0.34870005141462734,1.395257697443279,0.03498404675278985,0.49892649177113946,0.6342857142857142,148,0.3108108108108108,-0.23770570481402586,-0.2614192830868224,0.6158980920891529,-0.01933212448521441,-1.655394413033358,0.6621621621621622,kr_newhigh_alignment,screen,"{""max_mcap"": 500000000.0, ""min_vol_ratio_prev"": 3}",False,"{""stop_pct"": 0.1, ""target_pct"": null, ""max_hold_days"": 1}"
172,0.28488372093023256,0.7340338370042381,-0.3201813355264075,1.4186508587351823,0.05241504692957966,0.5836222979760689,1.5232558139534884,148,0.31756756756756754,-0.2766900625669457,-0.30225464257768686,0.6187934963940159,-0.02290864331768599,-1.5891480899089352,1.75,kr_newhigh_alignment,screen,"{""max_mcap"": 500000000.0, ""min_vol_ratio_prev"": 3}",False,"{""stop_pct"": 0.1, ""target_pct"": null, ""max_hold_days"": 3}"
170,0.21764705882352942,0.4760704783638252,-0.45811598666364783,1.2515631727467984,0.050504407277155945,0.520449377515552,2.235294117647059,148,0.28378378378378377,-0.3285685087067245,-0.3298357088715195,0.583443587514789,-0.027948710713126056,-1.8425935187976588,2.6824324324324325,kr_newhigh_alignment,screen,"{""max_mcap"": 500000000.0, ""min_vol_ratio_prev"": 3}",False,"{""stop_pct"": 0.1, ""target_pct"": null, ""max_hold_days"": 5}"
167,0.20359281437125748,1.0530012568389715,-0.4143336690570152,1.4663618370040523,0.08203433587340857,0.6811705150126308,3.7005988023952097,147,0.22448979591836735,-0.3941165862389582,-0.39858606000901575,0.5596337355818406,-0.035420493990256104,-1.8825621230754792,4.530612244897959,kr_newhigh_alignment,screen,"{""max_mcap"": 500000000.0, ""min_vol_ratio_prev"": 3}",False,"{""stop_pct"": 0.1, ""target_pct"": null, ""max_hold_days"": 10}"
178,0.34831460674157305,-0.2948751140579374,-0.313296712966183,0.6026543025929526,-0.022463429179068885,-2.0226058870742083,0.4943820224719101,150,0.32,-0.3075377790537759,-0.328993527303006,0.5017898740483,-0.025735935454644688,-3.2211597173615223,0.5466666666666666,kr_newhigh_alignment,screen,"{""max_mcap"": 500000000.0, ""min_vol_ratio_prev"": 3}",False,"{""stop_pct"": 0.1, ""target_pct"": 0.15, ""max_hold_days"": 1}"
178,0.34831460674157305,-0.31348495468416504,-0.33562088134799795,0.6423130246010679,-0.023706522357820135,-1.7878833778666834,1.050561797752809,150,0.3466666666666667,-0.3178109488458901,-0.3425263110517045,0.5477788645477731,-0.027065709114457086,-2.9287522164786743,1.28,kr_newhigh_alignment,screen,"{""max_mcap"": 500000000.0, ""min_vol_ratio_prev"": 3}",False,"{""stop_pct"": 0.1, ""target_pct"": 0.15, ""max_hold_days"": 3}"
178,0.3202247191011236,-0.34699486746043595,-0.36415260558478013,0.6117974786092285,-0.026579972971977263,-1.9143497048603788,1.4157303370786516,150,0.34,-0.3129790336508016,-0.33244296576965227,0.5876045424912755,-0.026628189070882286,-2.814871047978524,1.8333333333333333,kr_newhigh_alignment,screen,"{""max_mcap"": 500000000.0, ""min_vol_ratio_prev"": 3}",False,"{""stop_pct"": 0.1, ""target_pct"": 0.15, ""max_hold_days"": 5}"
178,0.3258426966292135,-0.38018731088573043,-0.39411828917043334,0.5941203415995484,-0.02922089170637199,-2.0830747942329984,2.1179775280898876,150,0.3333333333333333,-0.3462021000931028,-0.37041423660774664,0.5734890895796246,-0.02971854717046082,-2.8912763232861574,2.8066666666666666,kr_newhigh_alignment,screen,"{""max_mcap"": 500000000.0, ""min_vol_ratio_prev"": 3}",False,"{""stop_pct"": 0.1, ""target_pct"": 0.15, ""max_hold_days"": 10}"
178,0.33707865168539325,-0.15768857857643914,-0.20558821068863853,0.8104872956677733,-0.012106595734754668,-0.7060373886223852,0.5730337078651685,149,0.3087248322147651,-0.2440122335708983,-0.2675241329834831,0.6090478494856858,-0.01980146754676919,-1.9525696302169142,0.6308724832214765,kr_newhigh_alignment,screen,"{""max_mcap"": 500000000.0, ""min_vol_ratio_prev"": 3}",False,"{""stop_pct"": 0.1, ""target_pct"": 0.4, ""max_hold_days"": 1}"
176,0.3068181818181818,-0.08399301063032782,-0.21976607888555777,0.9209621344172121,-0.007350346943220829,-0.24027688602528274,1.3068181818181819,149,0.31543624161073824,-0.2993186149098094,-0.32165837603499536,0.5906012371483054,-0.02508356032022466,-2.1622966924509464,1.610738255033557,kr_newhigh_alignment,screen,"{""max_mcap"": 500000000.0, ""min_vol_ratio_prev"": 3}",False,"{""stop_pct"": 0.1, ""target_pct"": 0.4, ""max_hold_days"": 3}"
176,0.2556818181818182,-0.2090216288608121,-0.3134489820404698,0.8009760445767293,-0.015974556902032724,-0.6217789549547763,1.8806818181818181,149,0.28187919463087246,-0.33040703711573294,-0.3316742372805279,0.5868435541100804,-0.028043913116986213,-2.342464061970263,2.422818791946309,kr_newhigh_alignment,screen,"{""max_mcap"": 500000000.0, ""min_vol_ratio_prev"": 3}",False,"{""stop_pct"": 0.1, ""target_pct"": 0.4, ""max_hold_days"": 5}"
176,0.24431818181818182,-0.20843568535115464,-0.31074689321296967,0.8237719642049001,-0.01630287006643231,-0.5690431677016103,2.960227272727273,148,0.23648648648648649,-0.35584469469584523,-0.36131681752172373,0.5987151233868997,-0.03056679776845186,-2.179694610398459,3.925675675675676,kr_newhigh_alignment,screen,"{""max_mcap"": 500000000.0, ""min_vol_ratio_prev"": 3}",False,"{""stop_pct"": 0.1, ""target_pct"": 0.4, ""max_hold_days"": 10}"
174,0.367816091954023,0.44748754702245574,-0.35605695305257323,1.3146984330283167,0.03132359976588781,0.47920555244350826,0.8505747126436781,148,0.34459459459459457,-0.25273929708492027,-0.2729816239895835,0.6250260198717994,-0.020265895833048643,-1.654079278429779,0.9324324324324325,kr_newhigh_alignment,screen,"{""max_mcap"": 500000000.0, ""min_vol_ratio_prev"": 3}",False,"{""stop_pct"": 0.2, ""target_pct"": null, ""max_hold_days"": 1}"
170,0.3588235294117647,0.8154694983034674,-0.3067161395122143,1.387535760464563,0.056907546938667224,0.6104828580362818,2.276470588235294,148,0.3581081081081081,-0.2946392734882447,-0.43228489344014465,0.7397100886081633,-0.023311900467819727,-0.9556586373580511,2.5472972972972974,kr_newhigh_alignment,screen,"{""max_mcap"": 500000000.0, ""min_vol_ratio_prev"": 3}",False,"{""stop_pct"": 0.2, ""target_pct"": null, ""max_hold_days"": 3}"
167,0.2994011976047904,0.5223357260030947,-0.40173255487281956,1.2234875002315633,0.054277100351127074,0.5382631170549044,3.5508982035928143,146,0.3493150684931507,-0.40244296482667263,-0.5244617011659903,0.6585509859416826,-0.033245587477453986,-1.361436076516767,3.958904109589041,kr_newhigh_alignment,screen,"{""max_mcap"": 500000000.0, ""min_vol_ratio_prev"": 3}",False,"{""stop_pct"": 0.2, ""target_pct"": null, ""max_hold_days"": 5}"
160,0.28125,0.8280356837528484,-0.45746342924233907,1.2959666698501786,0.08128010264181564,0.6327965636545585,6.33125,138,0.2971014492753623,-0.4237409131692349,-0.589933364001914,0.6896872329317614,-0.03565103636704314,-1.1357624741138763,7.195652173913044,kr_newhigh_alignment,screen,"{""max_mcap"": 500000000.0, ""min_vol_ratio_prev"": 3}",False,"{""stop_pct"": 0.2, ""target_pct"": null, ""max_hold_days"": 10}"
177,0.3954802259887006,-0.25700559744332363,-0.28242960481545076,0.6876862978586074,-0.020705483415796398,-1.3685614660008898,0.6892655367231638,150,0.38666666666666666,-0.22559830877624787,-0.24661274173078807,0.6587575427906953,-0.016962009859579387,-1.9083772413529279,0.7733333333333333,kr_newhigh_alignment,screen,"{""max_mcap"": 500000000.0, ""min_vol_ratio_prev"": 3}",False,"{""stop_pct"": 0.2, ""target_pct"": 0.15, ""max_hold_days"": 1}"
177,0.4463276836158192,-0.2709223340524216,-0.29857189317656463,0.7259183538888935,-0.01976147256235148,-1.1399256907962556,1.655367231638418,150,0.42,-0.23971288008524871,-0.37127384467328584,0.7715868555278633,-0.018231560941486757,-0.845694402477187,1.9133333333333333,kr_newhigh_alignment,screen,"{""max_mcap"": 500000000.0, ""min_vol_ratio_prev"": 3}",False,"{""stop_pct"": 0.2, ""target_pct"": 0.15, ""max_hold_days"": 3}"
176,0.42045454545454547,-0.32472983803759914,-0.352294184248615,0.6852692427381019,-0.024733602525729724,-1.303163317822085,2.4261363636363638,149,0.4429530201342282,-0.23991446509181003,-0.3760247224370754,0.7948383661426367,-0.017799367978738635,-0.8266491403011138,2.791946308724832,kr_newhigh_alignment,screen,"{""max_mcap"": 500000000.0, ""min_vol_ratio_prev"": 3}",False,"{""stop_pct"": 0.2, ""target_pct"": 0.15, ""max_hold_days"": 5}"
175,0.46285714285714286,-0.26509668648964346,-0.32005773486160116,0.7575962242725245,-0.02037005238822768,-0.9411856073599291,4.045714285714285,149,0.436241610738255,-0.32997126853887926,-0.4695797863455353,0.7355851830977063,-0.026602922048167114,-1.1856081888470325,4.557046979865772,kr_newhigh_alignment,screen,"{""max_mcap"": 500000000.0, ""min_vol_ratio_prev"": 3}",False,"{""stop_pct"": 0.2, ""target_pct"": 0.15, ""max_hold_days"": 10}"
177,0.3672316384180791,-0.15195948483227995,-0.2211391133349322,0.8374733097155437,-0.01280282190531321,-0.5562434006088111,0.7853107344632768,149,0.348993288590604,-0.2411632147036995,-0.26173756273598225,0.6435351034417037,-0.01913765181790393,-1.7554087404433885,0.9060402684563759,kr_newhigh_alignment,screen,"{""max_mcap"": 500000000.0, ""min_vol_ratio_prev"": 3}",False,"{""stop_pct"": 0.2, ""target_pct"": 0.4, ""max_hold_days"": 1}"
175,0.3942857142857143,0.011228828204239871,-0.2862355038582709,1.008972232493322,-0.0008904709821794197,0.12729829994472264,2.0171428571428573,149,0.3624161073825503,-0.28164740814953615,-0.4135245605123503,0.7544622349081278,-0.022216077676916763,-1.0141190502417596,2.4093959731543624,kr_newhigh_alignment,screen,"{""max_mcap"": 500000000.0, ""min_vol_ratio_prev"": 3}",False,"{""stop_pct"": 0.2, ""target_pct"": 0.4, ""max_hold_days"": 3}"
174,0.3505747126436782,-0.15164295942554096,-0.3421555577504505,0.8792198956644328,-0.011473694825359506,-0.2936274649610412,3.0689655172413794,147,0.35374149659863946,-0.3074670269182749,-0.4561838225572922,0.7616885381201268,-0.02312754851550723,-1.0688066455824534,3.6530612244897958,kr_newhigh_alignment,screen,"{""max_mcap"": 500000000.0, ""min_vol_ratio_prev"": 3}",False,"{""stop_pct"": 0.2, ""target_pct"": 0.4, ""max_hold_days"": 5}"
166,0.3493975903614458,-0.17363039473409214,-0.3445251408759359,0.8762982270517624,-0.014925598051649166,-0.30163707949593876,5.409638554216867,142,0.3028169014084507,-0.36725735102207746,-0.4977819481616369,0.7366866245351265,-0.03101368170758589,-1.2249618422854505,6.330985915492958,kr_newhigh_alignment,screen,"{""max_mcap"": 500000000.0, ""min_vol_ratio_prev"": 3}",False,"{""stop_pct"": 0.2, ""target_pct"": 0.4, ""max_hold_days"": 10}"
174,0.3850574712643678,0.6190087763507528,-0.2916280235134392,1.4183033275980614,0.036755620460764554,0.5403013455933651,0.9885057471264368,148,0.3581081081081081,-0.16285001124137732,-0.20961249527721393,0.7572051771511225,-0.012589141640079347,-0.9437970064764837,1.0,kr_newhigh_alignment,screen,"{""max_mcap"": 500000000.0, ""min_vol_ratio_prev"": 3}",False,"{""stop_pct"": null, ""target_pct"": null, ""max_hold_days"": 1}"
169,0.41420118343195267,1.635103215910616,-0.2699011823951426,1.7094665750790004,0.07719875981194327,0.8033728630907887,2.911242603550296,148,0.38513513513513514,-0.25566974127141706,-0.382106409139228,0.7809294702905922,-0.01970776753461157,-0.7203962916291774,2.9932432432432434,kr_newhigh_alignment,screen,"{""max_mcap"": 500000000.0, ""min_vol_ratio_prev"": 3}",False,"{""stop_pct"": null, ""target_pct"": null, ""max_hold_days"": 3}"
166,0.37349397590361444,1.3470548860939773,-0.26657504849601354,1.5300893826146356,0.0804982243809161,0.750494834621053,4.801204819277109,145,0.36551724137931035,-0.4732505844696927,-0.5702596377680124,0.6206934570215789,-0.04032111659219008,-1.4424723702952917,4.979310344827586,kr_newhigh_alignment,screen,"{""max_mcap"": 500000000.0, ""min_vol_ratio_prev"": 3}",False,"{""stop_pct"": null, ""target_pct"": null, ""max_hold_days"": 5}"
152,0.32894736842105265,0.930722681565932,-0.48029054531973425,1.3017578427873524,0.09336353014540363,0.665963507846785,9.532894736842104,129,0.3333333333333333,-0.45979882397408134,-0.6205883515319753,0.6823300420542797,-0.0428842426158611,-1.1335931048710306,9.930232558139535,kr_newhigh_alignment,screen,"{""max_mcap"": 500000000.0, ""min_vol_ratio_prev"": 3}",False,"{""stop_pct"": null, ""target_pct"": null, ""max_hold_days"": 10}"
177,0.4406779661016949,-0.05306056465398312,-0.10757042666374594,0.9325989559666086,-0.00732257617486128,-0.21198692320636708,0.7796610169491526,150,0.4066666666666667,-0.14522300414746414,-0.16851847416655918,0.772426201027129,-0.010425216857205924,-1.199081202856367,0.8266666666666667,kr_newhigh_alignment,screen,"{""max_mcap"": 500000000.0, ""min_vol_ratio_prev"": 3}",False,"{""stop_pct"": null, ""target_pct"": 0.15, ""max_hold_days"": 1}"
177,0.5310734463276836,0.1701084481475441,-0.11126955134687322,1.1827109778796552,0.006326113311567354,0.6334899726974345,2.022598870056497,150,0.44666666666666666,-0.1997591626991725,-0.33084928673335856,0.8101935124940477,-0.01481282683651496,-0.6666934081036964,2.2733333333333334,kr_newhigh_alignment,screen,"{""max_mcap"": 500000000.0, ""min_vol_ratio_prev"": 3}",False,"{""stop_pct"": null, ""target_pct"": 0.15, ""max_hold_days"": 3}"
176,0.5284090909090909,0.1786631986053029,-0.12054759244905011,1.1802092654018494,0.006864645425245566,0.5943440155235107,3.1363636363636362,149,0.4697986577181208,-0.23084643732655474,-0.365251979544594,0.8092604623660496,-0.016243499171439895,-0.7677697072260627,3.610738255033557,kr_newhigh_alignment,screen,"{""max_mcap"": 500000000.0, ""min_vol_ratio_prev"": 3}",False,"{""stop_pct"": null, ""target_pct"": 0.15, ""max_hold_days"": 5}"
172,0.5697674418604651,0.21507352421014647,-0.1264035850154922,1.1939293443424852,0.007360813041709633,0.6464296305466166,5.604651162790698,149,0.48322147651006714,-0.35751698682825417,-0.49609542114796445,0.7382002206016908,-0.02874077697030487,-1.1706339018469598,6.718120805369128,kr_newhigh_alignment,screen,"{""max_mcap"": 500000000.0, ""min_vol_ratio_prev"": 3}",False,"{""stop_pct"": null, ""target_pct"": 0.15, ""max_hold_days"": 10}"
177,0.3898305084745763,0.05418597244108092,-0.17503407419232853,1.0544577499246768,-0.0014737915573310924,0.251299101521655,0.9096045197740112,149,0.3624161073825503,-0.17731406093808388,-0.21028818545728278,0.7352159179977081,-0.013762186176932065,-1.2084915905395681,0.9664429530201343,kr_newhigh_alignment,screen,"{""max_mcap"": 500000000.0, ""min_vol_ratio_prev"": 3}",False,"{""stop_pct"": null, ""target_pct"": 0.4, ""max_hold_days"": 1}"
174,0.4540229885057471,0.5763468821009645,-0.1411134069573441,1.4158725898459876,0.022417434710439877,1.1897007670005244,2.557471264367816,149,0.38926174496644295,-0.22282873715017482,-0.3565650601632937,0.8133642014159318,-0.016665038482583893,-0.6967362130403042,2.8120805369127515,kr_newhigh_alignment,screen,"{""max_mcap"": 500000000.0, ""min_vol_ratio_prev"": 3}",False,"{""stop_pct"": null, ""target_pct"": 0.4, ""max_hold_days"": 3}"
173,0.4277456647398844,0.5970360690777767,-0.17019606884676985,1.4079869651021821,0.023059772649306594,1.099121194728003,4.104046242774566,147,0.38095238095238093,-0.3259408834309764,-0.4570097527431506,0.7668590538140682,-0.023700430180358487,-1.0600215017490429,4.585034013605442,kr_newhigh_alignment,screen,"{""max_mcap"": 500000000.0, ""min_vol_ratio_prev"": 3}",False,"{""stop_pct"": null, ""target_pct"": 0.4, ""max_hold_days"": 5}"
164,0.4268292682926829,0.5163906599593466,-0.1950419870356046,1.298240659254694,0.01883341585915386,0.9080608746512975,7.817073170731708,134,0.34328358208955223,-0.42296152826972366,-0.5353733387691388,0.7176256917330096,-0.03939926249231411,-1.2827127881409601,9.037313432835822,kr_newhigh_alignment,screen,"{""max_mcap"": 500000000.0, ""min_vol_ratio_prev"": 3}",False,"{""stop_pct"": null, ""target_pct"": 0.4, ""max_hold_days"": 10}"
164,0.21951219512195122,-0.30440481384669726,-0.34130365889637226,0.45516817638709267,-0.023993234914067012,-2.2333322173936057,0.29878048780487804,127,0.2440944881889764,-0.10623286571239343,-0.16146619865622813,0.763248917009962,-0.009918529218382688,-0.8290945220749943,0.3700787401574803,kr_newhigh_alignment,screen,"{""max_mcap"": 500000000.0, ""min_vol_ratio_prev"": 3}",True,"{""stop_pct"": 0.05, ""target_pct"": null, ""max_hold_days"": 1}"
163,0.1411042944785276,-0.28769433449257575,-0.3476520181014462,0.5769190726507278,-0.021224187355126087,-1.5170955200349465,0.6503067484662577,127,0.2125984251968504,-0.08925959758026847,-0.17915437819821478,0.8261461964946306,-0.008309255545158649,-0.5701655268854225,0.905511811023622,kr_newhigh_alignment,screen,"{""max_mcap"": 500000000.0, ""min_vol_ratio_prev"": 3}",True,"{""stop_pct"": 0.05, ""target_pct"": null, ""max_hold_days"": 3}"
163,0.09815950920245399,-0.31610475068928123,-0.46274580913178553,0.5340029763093695,-0.02408791083013729,-0.9812839769748383,0.9202453987730062,127,0.14960629921259844,-0.18852606951663164,-0.21539019985953933,0.6417122247291306,-0.01740570042897545,-1.2410080921456712,1.3228346456692914,kr_newhigh_alignment,screen,"{""max_mcap"": 500000000.0, ""min_vol_ratio_prev"": 3}",True,"{""stop_pct"": 0.05, ""target_pct"": null, ""max_hold_days"": 5}"
163,0.0736196319018405,-0.29824541242982494,-0.42774679537354277,0.5912483669516655,-0.02187729607272345,-0.853399760221068,1.3865030674846626,127,0.13385826771653545,-0.22921582068194157,-0.23195823214828415,0.5862796778380348,-0.021737062412101042,-1.342418569321339,2.125984251968504,kr_newhigh_alignment,screen,"{""max_mcap"": 500000000.0, ""min_vol_ratio_prev"": 3}",True,"{""stop_pct"": 0.05, ""target_pct"": null, ""max_hold_days"": 10}"
165,0.22424242424242424,-0.31654162003971187,-0.3218215285920072,0.4236621207535713,-0.02510175621355011,-3.118739814396129,0.23030303030303031,129,0.2558139534883721,-0.19512445313247795,-0.21488446391964167,0.5620491952884963,-0.018164626229596033,-2.6379420937488867,0.27906976744186046,kr_newhigh_alignment,screen,"{""max_mcap"": 500000000.0, ""min_vol_ratio_prev"": 3}",True,"{""stop_pct"": 0.05, ""target_pct"": 0.15, ""max_hold_days"": 1}"
165,0.17575757575757575,-0.3679390584135295,-0.38029636728069593,0.3996834397622433,-0.02959740285662999,-3.1710622032243916,0.44242424242424244,129,0.24806201550387597,-0.18904554931937068,-0.21276236887275268,0.6061828883774998,-0.017740054584513644,-2.287008682458528,0.5503875968992248,kr_newhigh_alignment,screen,"{""max_mcap"": 500000000.0, ""min_vol_ratio_prev"": 3}",True,"{""stop_pct"": 0.05, ""target_pct"": 0.15, ""max_hold_days"": 3}"
165,0.1393939393939394,-0.4026273506588568,-0.4106480159790359,0.3496774493224598,-0.032906841953584745,-3.4612176621251307,0.5757575757575758,129,0.21705426356589147,-0.1953516309061396,-0.2171410921536553,0.6101140733538182,-0.01831142157596311,-2.323098141160882,0.7209302325581395,kr_newhigh_alignment,screen,"{""max_mcap"": 500000000.0, ""min_vol_ratio_prev"": 3}",True,"{""stop_pct"": 0.05, ""target_pct"": 0.15, ""max_hold_days"": 5}"
165,0.12121212121212122,-0.425145954913856,-0.4328590501170271,0.32332805884916227,-0.03514571419530964,-3.6780626680898703,0.7212121212121212,129,0.2248062015503876,-0.1921329954559039,-0.21794726552220645,0.6200912917078483,-0.01799808634576312,-2.207084798853322,0.9922480620155039,kr_newhigh_alignment,screen,"{""max_mcap"": 500000000.0, ""min_vol_ratio_prev"": 3}",True,"{""stop_pct"": 0.05, ""target_pct"": 0.15, ""max_hold_days"": 10}"
165,0.22424242424242424,-0.2493301247774562,-0.2773724020655407,0.5697908890260316,-0.018964561242783708,-1.694467328741674,0.2727272727272727,128,0.2421875,-0.12642972839488387,-0.16146619865622813,0.7190171544715692,-0.011701579734435237,-1.2577657875238546,0.34375,kr_newhigh_alignment,screen,"{""max_mcap"": 500000000.0, ""min_vol_ratio_prev"": 3}",True,"{""stop_pct"": 0.05, ""target_pct"": 0.4, ""max_hold_days"": 1}"
165,0.15757575757575756,-0.27793834922599514,-0.3471350666131543,0.5932905651747242,-0.020951033353982358,-1.6267364462546536,0.5575757575757576,128,0.2109375,-0.15269226986958895,-0.18570482501426933,0.7016431059686267,-0.01422265190873899,-1.4286863289582639,0.7890625,kr_newhigh_alignment,screen,"{""max_mcap"": 500000000.0, ""min_vol_ratio_prev"": 3}",True,"{""stop_pct"": 0.05, ""target_pct"": 0.4, ""max_hold_days"": 3}"
165,0.11515151515151516,-0.36021879609109975,-0.3936636536249476,0.46254985345905364,-0.028597222221375902,-2.142324858207496,0.7636363636363637,128,0.1484375,-0.22975419511113127,-0.23979501160455186,0.5637159504392502,-0.021612659110055936,-2.0856557132967883,1.109375,kr_newhigh_alignment,screen,"{""max_mcap"": 500000000.0, ""min_vol_ratio_prev"": 3}",True,"{""stop_pct"": 0.05, ""target_pct"": 0.4, ""max_hold_days"": 5}"
165,0.09090909090909091,-0.3521036884172909,-0.3785518780708873,0.4911128604748374,-0.028106381142167215,-2.0275076680181314,1.0484848484848486,128,0.140625,-0.22058210897841646,-0.23187290246342274,0.5978917483909506,-0.02063709585089672,-1.8600810856455625,1.640625,kr_newhigh_alignment,screen,"{""max_mcap"": 500000000.0, ""min_vol_ratio_prev"": 3}",True,"{""stop_pct"": 0.05, ""target_pct"": 0.4, ""max_hold_days"": 10}"
162,0.32098765432098764,0.48826972799692947,-0.3573722296328663,1.4033372270145419,0.03709539556461241,0.492786794509785,0.6172839506172839,127,0.28346456692913385,-0.23003871539014642,-0.25020725057581206,0.5940235512550938,-0.021779927861649964,-1.6528845625026372,0.6377952755905512,kr_newhigh_alignment,screen,"{""max_mcap"": 500000000.0, ""min_vol_ratio_prev"": 3}",True,"{""stop_pct"": 0.1, ""target_pct"": null, ""max_hold_days"": 1}"
159,0.2641509433962264,0.6609488718175685,-0.3579262386885478,1.402576502685875,0.054096930254374856,0.5611783555466039,1.471698113207547,127,0.29133858267716534,-0.24658272433242612,-0.2860023452194844,0.625954904563026,-0.023552228719546823,-1.4550330444909687,1.6771653543307086,kr_newhigh_alignment,screen,"{""max_mcap"": 500000000.0, ""min_vol_ratio_prev"": 3}",True,"{""stop_pct"": 0.1, ""target_pct"": null, ""max_hold_days"": 3}"
157,0.19745222929936307,0.43735067415960893,-0.48140214701289086,1.2414103665479603,0.05293993237875064,0.5071251496985362,2.140127388535032,127,0.25984251968503935,-0.30679693282442266,-0.30806413298921764,0.5736372296819543,-0.030126936799782667,-1.7473037120262431,2.559055118110236,kr_newhigh_alignment,screen,"{""max_mcap"": 500000000.0, ""min_vol_ratio_prev"": 3}",True,"{""stop_pct"": 0.1, ""target_pct"": null, ""max_hold_days"": 5}"
155,0.18064516129032257,0.980744903941382,-0.4396546999425234,1.453364635966387,0.08597666189387425,0.6634357035064675,3.4516129032258065,127,0.2125984251968504,-0.37526376908346804,-0.37987839069515095,0.5455252269663781,-0.03843484621254512,-1.8329428997150743,4.251968503937008,kr_newhigh_alignment,screen,"{""max_mcap"": 500000000.0, ""min_vol_ratio_prev"": 3}",True,"{""stop_pct"": 0.1, ""target_pct"": null, ""max_hold_days"": 10}"
165,0.3333333333333333,-0.2991945132485827,-0.3185197511886503,0.5782934257043081,-0.024612691950040823,-2.1374848371671105,0.4727272727272727,129,0.29457364341085274,-0.31214531874592477,-0.32976782330534615,0.447138457749998,-0.030495599780864854,-3.429986423206565,0.5271317829457365,kr_newhigh_alignment,screen,"{""max_mcap"": 500000000.0, ""min_vol_ratio_prev"": 3}",True,"{""stop_pct"": 0.1, ""target_pct"": 0.15, ""max_hold_days"": 1}"
165,0.3333333333333333,-0.32606176579905277,-0.3502168333560308,0.6069549225323865,-0.02669996304912305,-1.9451474126262958,1.0,129,0.3178294573643411,-0.3293696993005165,-0.35480962829139684,0.48319093490556775,-0.03290765895052834,-3.318094967515666,1.2170542635658914,kr_newhigh_alignment,screen,"{""max_mcap"": 500000000.0, ""min_vol_ratio_prev"": 3}",True,"{""stop_pct"": 0.1, ""target_pct"": 0.15, ""max_hold_days"": 3}"
165,0.3090909090909091,-0.3548197659349186,-0.3740986239191636,0.5833945175567316,-0.029400351474191753,-2.0351334722150907,1.3454545454545455,129,0.3178294573643411,-0.32383541375144564,-0.3433116970925698,0.5288815629635987,-0.03232467921846338,-3.177676438452791,1.7364341085271318,kr_newhigh_alignment,screen,"{""max_mcap"": 500000000.0, ""min_vol_ratio_prev"": 3}",True,"{""stop_pct"": 0.1, ""target_pct"": 0.15, ""max_hold_days"": 5}"
165,0.3151515151515151,-0.3847725533132683,-0.4008272600949999,0.5682864830415724,-0.03200189933311026,-2.1918094242053807,1.981818181818182,129,0.31007751937984496,-0.35708650905532446,-0.37491679040542547,0.5149538171292606,-0.036045335254911985,-3.2646065282946926,2.5968992248062017,kr_newhigh_alignment,screen,"{""max_mcap"": 500000000.0, ""min_vol_ratio_prev"": 3}",True,"{""stop_pct"": 0.1, ""target_pct"": 0.15, ""max_hold_days"": 10}"
165,0.3212121212121212,-0.16661244534732278,-0.20865783459971043,0.7899527809700045,-0.013743806915499073,-0.771322195523525,0.5515151515151515,128,0.28125,-0.23640141074840915,-0.25960612641142766,0.5869363249379359,-0.02230714905536267,-1.9723567152880084,0.6015625,kr_newhigh_alignment,screen,"{""max_mcap"": 500000000.0, ""min_vol_ratio_prev"": 3}",True,"{""stop_pct"": 0.1, ""target_pct"": 0.4, ""max_hold_days"": 1}"
163,0.2883435582822086,-0.13518180037127836,-0.2549190849916346,0.8637043625729223,-0.01140795623014925,-0.45997389619767504,1.2453987730061349,128,0.2890625,-0.27027589267569985,-0.3062951921254622,0.5939478377586141,-0.026078940031862445,-2.0494179988312498,1.515625,kr_newhigh_alignment,screen,"{""max_mcap"": 500000000.0, ""min_vol_ratio_prev"": 3}",True,"{""stop_pct"": 0.1, ""target_pct"": 0.4, ""max_hold_days"": 3}"
163,0.2392638036809816,-0.24602626792650384,-0.34658394992670916,0.7533959063804972,-0.02005815095652175,-0.7894044142212634,1.7791411042944785,128,0.2578125,-0.3088107485617583,-0.31249745421719455,0.5774458181907676,-0.03022074095672414,-2.2791420917120995,2.2578125,kr_newhigh_alignment,screen,"{""max_mcap"": 500000000.0, ""min_vol_ratio_prev"": 3}",True,"{""stop_pct"": 0.1, ""target_pct"": 0.4, ""max_hold_days"": 5}"
163,0.22699386503067484,-0.2549404075155711,-0.3591833225319858,0.7709044328818068,-0.021111024934251314,-0.7697613526254372,2.7300613496932513,128,0.2265625,-0.33525984500103545,-0.34780337667126004,0.5899784964844634,-0.032799210329347336,-2.154696973618336,3.5546875,kr_newhigh_alignment,screen,"{""max_mcap"": 500000000.0, ""min_vol_ratio_prev"": 3}",True,"{""stop_pct"": 0.1, ""target_pct"": 0.4, ""max_hold_days"": 10}"
161,0.35403726708074534,0.4403897557414218,-0.3605645620994079,1.3265105720975894,0.0335513377393685,0.4764607211392556,0.84472049689441,127,0.31496062992125984,-0.2578977176003284,-0.27698706904056203,0.5909734069164849,-0.024168078829505703,-1.7325616782103943,0.9212598425196851,kr_newhigh_alignment,screen,"{""max_mcap"": 500000000.0, ""min_vol_ratio_prev"": 3}",True,"{""stop_pct"": 0.2, ""target_pct"": null, ""max_hold_days"": 1}"
157,0.34394904458598724,0.7265932994098498,-0.32188816180847313,1.3633200995399932,0.058481220879816234,0.5846046887541002,2.248407643312102,127,0.3228346456692913,-0.40371438976386154,-0.42043765980773473,0.5463454076132334,-0.041802093580459304,-2.2359581314284576,2.4960629921259843,kr_newhigh_alignment,screen,"{""max_mcap"": 500000000.0, ""min_vol_ratio_prev"": 3}",True,"{""stop_pct"": 0.2, ""target_pct"": null, ""max_hold_days"": 3}"
154,0.2792207792207792,0.48973890625129535,-0.42826102586803794,1.2146750786472236,0.05723203430023995,0.5273486111113945,3.4935064935064934,125,0.32,-0.48619846073579964,-0.5158627432956115,0.48470574713721637,-0.05294735085940612,-2.4989800076287945,3.84,kr_newhigh_alignment,screen,"{""max_mcap"": 500000000.0, ""min_vol_ratio_prev"": 3}",True,"{""stop_pct"": 0.2, ""target_pct"": null, ""max_hold_days"": 5}"
149,0.26174496644295303,0.777641097911087,-0.48669470408086357,1.2841379660367944,0.0850312977139477,0.6189814991842865,6.1610738255033555,121,0.2727272727272727,-0.5509617683927115,-0.5758601096106889,0.47045793699655103,-0.06617001950662524,-2.5331655706958442,6.867768595041323,kr_newhigh_alignment,screen,"{""max_mcap"": 500000000.0, ""min_vol_ratio_prev"": 3}",True,"{""stop_pct"": 0.2, ""target_pct"": null, ""max_hold_days"": 10}"
164,0.38414634146341464,-0.2563565552022361,-0.2828540829156426,0.6735516563331798,-0.02233695869166812,-1.3966129821806508,0.676829268292683,129,0.35658914728682173,-0.25743975517923123,-0.276542174973177,0.580578564450702,-0.023049086462083035,-2.335911357544154,0.7674418604651163,kr_newhigh_alignment,screen,"{""max_mcap"": 500000000.0, ""min_vol_ratio_prev"": 3}",True,"{""stop_pct"": 0.2, ""target_pct"": 0.15, ""max_hold_days"": 1}"
164,0.43902439024390244,-0.28989430840235964,-0.3193093459649933,0.6939892870181659,-0.022940662847254316,-1.2667690098744218,1.6158536585365855,129,0.3875968992248062,-0.40815114955149934,-0.42565184242739085,0.5009280511474414,-0.04161038445752793,-3.29868492245856,1.875968992248062,kr_newhigh_alignment,screen,"{""max_mcap"": 500000000.0, ""min_vol_ratio_prev"": 3}",True,"{""stop_pct"": 0.2, ""target_pct"": 0.15, ""max_hold_days"": 3}"
163,0.4110429447852761,-0.32993522964767585,-0.3568653832512857,0.6684065240283585,-0.027296315776114872,-1.3644039210042502,2.3680981595092025,128,0.4140625,-0.4160424963778191,-0.43256480258164764,0.5447436946529643,-0.042553244512514105,-3.2146956167731138,2.7109375,kr_newhigh_alignment,screen,"{""max_mcap"": 500000000.0, ""min_vol_ratio_prev"": 3}",True,"{""stop_pct"": 0.2, ""target_pct"": 0.15, ""max_hold_days"": 5}"
163,0.4539877300613497,-0.2899265341481002,-0.3439300962890024,0.7270546822059848,-0.02400121985823413,-1.0765056584931123,3.9079754601226995,128,0.40625,-0.48191568870442725,-0.5033255852288241,0.5059875701869238,-0.05240075110852787,-3.4706698003801324,4.375,kr_newhigh_alignment,screen,"{""max_mcap"": 500000000.0, ""min_vol_ratio_prev"": 3}",True,"{""stop_pct"": 0.2, ""target_pct"": 0.15, ""max_hold_days"": 10}"
164,0.35365853658536583,-0.15554795347243144,-0.21911865865280267,0.8257266826468401,-0.014113661344308475,-0.5818100136485564,0.774390243902439,128,0.3203125,-0.24634961880630213,-0.26575277929529195,0.6106164331321879,-0.022824246475966488,-1.8500181805478753,0.890625,kr_newhigh_alignment,screen,"{""max_mcap"": 500000000.0, ""min_vol_ratio_prev"": 3}",True,"{""stop_pct"": 0.2, ""target_pct"": 0.4, ""max_hold_days"": 1}"
162,0.38271604938271603,-0.05110234524191082,-0.31193738623722433,0.9569383318679258,-0.004940884971537261,-0.04838109027896198,1.9753086419753085,128,0.328125,-0.39199011565450936,-0.4073127873248644,0.5654797832550238,-0.040382032729231326,-2.6637347235481643,2.3359375,kr_newhigh_alignment,screen,"{""max_mcap"": 500000000.0, ""min_vol_ratio_prev"": 3}",True,"{""stop_pct"": 0.2, ""target_pct"": 0.4, ""max_hold_days"": 3}"
161,0.33540372670807456,-0.1902267605984035,-0.367450900917792,0.8430553165042797,-0.01509777710258663,-0.42029074012328854,2.9937888198757765,126,0.3253968253968254,-0.41191789230385645,-0.4490937206798583,0.5968477784752877,-0.04221300981944873,-2.506361124017831,3.5,kr_newhigh_alignment,screen,"{""max_mcap"": 500000000.0, ""min_vol_ratio_prev"": 3}",True,"{""stop_pct"": 0.2, ""target_pct"": 0.4, ""max_hold_days"": 5}"
156,0.3333333333333333,-0.22037774602848814,-0.4030777409860391,0.8374975257328335,-0.01915408337489003,-0.45161089991743414,5.141025641025641,123,0.2845528455284553,-0.47336109168494456,-0.5028523970793186,0.5726434171982756,-0.05349723408811162,-2.5511201312634117,6.0,kr_newhigh_alignment,screen,"{""max_mcap"": 500000000.0, ""min_vol_ratio_prev"": 3}",True,"{""stop_pct"": 0.2, ""target_pct"": 0.4, ""max_hold_days"": 10}"
161,0.37267080745341613,0.6067501415311036,-0.2985848152650089,1.4325151490404258,0.03926120269038098,0.536083814214355,0.9875776397515528,127,0.33070866141732286,-0.16869072303956267,-0.21715570239444615,0.7303313472230456,-0.01522194008494306,-1.0062013758764368,1.0,kr_newhigh_alignment,screen,"{""max_mcap"": 500000000.0, ""min_vol_ratio_prev"": 3}",True,"{""stop_pct"": null, ""target_pct"": null, ""max_hold_days"": 1}"
156,0.40384615384615385,1.5093159923073403,-0.2698746120010027,1.6955114566742653,0.08053378905472251,0.7784300854793521,2.9166666666666665,127,0.3543307086614173,-0.3691139138267081,-0.3850157653600792,0.5981711739325353,-0.03741491368561429,-1.7390891910996154,2.9921259842519685,kr_newhigh_alignment,screen,"{""max_mcap"": 500000000.0, ""min_vol_ratio_prev"": 3}",True,"{""stop_pct"": null, ""target_pct"": null, ""max_hold_days"": 3}"
153,0.35947712418300654,1.3256630818761224,-0.26670510322074203,1.538833278556409,0.08646818703328216,0.7458366706527648,4.810457516339869,124,0.3387096774193548,-0.5426482922101636,-0.5584334391423005,0.461846927974132,-0.06063795530151935,-2.272440870851136,4.975806451612903,kr_newhigh_alignment,screen,"{""max_mcap"": 500000000.0, ""min_vol_ratio_prev"": 3}",True,"{""stop_pct"": null, ""target_pct"": null, ""max_hold_days"": 5}"
141,0.3049645390070922,0.8459268290911925,-0.5092160993177572,1.279855463100752,0.0968146470378602,0.6446031451923987,9.560283687943262,112,0.30357142857142855,-0.6168960136903322,-0.6374780362865551,0.44632206450500184,-0.08413370650752147,-2.4465665061142516,9.919642857142858,kr_newhigh_alignment,screen,"{""max_mcap"": 500000000.0, ""min_vol_ratio_prev"": 3}",True,"{""stop_pct"": null, ""target_pct"": null, ""max_hold_days"": 10}"
164,0.4329268292682927,-0.05467344797417595,-0.10340725280972185,0.9266532089900966,-0.008051036509656093,-0.2319335671550724,0.7682926829268293,129,0.3798449612403101,-0.18049306220295358,-0.2016752544530538,0.6936935371061129,-0.015448164366299937,-1.6155152329547013,0.8294573643410853,kr_newhigh_alignment,screen,"{""max_mcap"": 500000000.0, ""min_vol_ratio_prev"": 3}",True,"{""stop_pct"": null, ""target_pct"": 0.15, ""max_hold_days"": 1}"
164,0.5304878048780488,0.14044526593626472,-0.112968575878575,1.1598020313789192,0.005272231576185987,0.550647299262343,1.9939024390243902,129,0.4186046511627907,-0.37743312915660676,-0.3958502165650426,0.54067373694843,-0.037730459480932954,-3.0222242921602835,2.2790697674418605,kr_newhigh_alignment,screen,"{""max_mcap"": 500000000.0, ""min_vol_ratio_prev"": 3}",True,"{""stop_pct"": null, ""target_pct"": 0.15, ""max_hold_days"": 3}"
163,0.5276073619631901,0.18461421246378484,-0.12372047417161458,1.1970659973352702,0.0075427117369711106,0.618460437245054,3.098159509202454,128,0.4453125,-0.41056160015283005,-0.4272402960933822,0.5680333062906799,-0.04095043240019816,-2.94827652239744,3.6328125,kr_newhigh_alignment,screen,"{""max_mcap"": 500000000.0, ""min_vol_ratio_prev"": 3}",True,"{""stop_pct"": null, ""target_pct"": 0.15, ""max_hold_days"": 5}"
161,0.5714285714285714,0.17876320253603595,-0.13513738391734365,1.1671549826665515,0.005978145757213683,0.565431018381868,5.565217391304348,128,0.4609375,-0.5117508664966539,-0.530457980877253,0.5257149817293202,-0.05603260053579301,-2.95048235605061,6.8046875,kr_newhigh_alignment,screen,"{""max_mcap"": 500000000.0, ""min_vol_ratio_prev"": 3}",True,"{""stop_pct"": null, ""target_pct"": 0.15, ""max_hold_days"": 10}"
164,0.3780487804878049,0.0465703149320964,-0.17548010203847342,1.0492260017799169,-0.0020444233699347413,0.22890592970199392,0.9024390243902439,128,0.3359375,-0.18293291526106792,-0.2175353243387066,0.7071906219743007,-0.016566868503272672,-1.2884783038885306,0.9609375,kr_newhigh_alignment,screen,"{""max_mcap"": 500000000.0, ""min_vol_ratio_prev"": 3}",True,"{""stop_pct"": null, ""target_pct"": 0.4, ""max_hold_days"": 1}"
161,0.4472049689440994,0.47893761490113107,-0.14184509825360125,1.3691835612676717,0.020282327216580603,1.0449509691462813,2.540372670807453,128,0.359375,-0.34097736677489443,-0.3575974201538539,0.6370153791755199,-0.03373464981918361,-1.9846544601840033,2.78125,kr_newhigh_alignment,screen,"{""max_mcap"": 500000000.0, ""min_vol_ratio_prev"": 3}",True,"{""stop_pct"": null, ""target_pct"": 0.4, ""max_hold_days"": 3}"
160,0.41875,0.552611946099445,-0.14468967956970336,1.3971443216541386,0.022953070623046946,1.0478887090768914,4.075,126,0.35714285714285715,-0.42177592220840876,-0.444906163496805,0.6208514051760121,-0.04215106593481771,-2.23126283032055,4.531746031746032,kr_newhigh_alignment,screen,"{""max_mcap"": 500000000.0, ""min_vol_ratio_prev"": 3}",True,"{""stop_pct"": null, ""target_pct"": 0.4, ""max_hold_days"": 5}"
153,0.41830065359477125,0.4212896896398326,-0.19326570945909693,1.2553644630295762,0.016052502862218706,0.7946907763218141,7.764705882352941,116,0.3275862068965517,-0.5229871383245772,-0.5400856870968813,0.5655062381327678,-0.06482499130989026,-2.3325238240846455,8.974137931034482,kr_newhigh_alignment,screen,"{""max_mcap"": 500000000.0, ""min_vol_ratio_prev"": 3}",True,"{""stop_pct"": null, ""target_pct"": 0.4, ""max_hold_days"": 10}"
4058,0.32207984228684083,-0.918119917474312,-0.9314501125907428,0.813724684260363,-0.005982411171376737,-2.14799071298239,0.5406604238541153,2465,0.31643002028397565,-0.6299485068682438,-0.8794166351734445,0.8285562371830516,-0.0010862211752872583,0.005854908784831558,0.5606490872210953,pullback_lowvol,screen,"{""surge_pct"": 0.1, ""vol_frac"": 0.3, ""hold_pct"": 0.85}",True,"{""stop_pct"": 0.05, ""target_pct"": null, ""max_hold_days"": 1}"
2370,0.25274261603375525,-0.7982291809679533,-0.8039443385913543,0.7933488158641978,-0.006467371833634917,-1.2056570528183013,1.250632911392405,1260,0.2507936507936508,-0.36174225431325713,-0.6840431701293352,0.9009831994515337,0.0060341098104903,-0.20455662005839054,1.3333333333333333,pullback_lowvol,screen,"{""surge_pct"": 0.1, ""vol_frac"": 0.3, ""hold_pct"": 0.85}",True,"{""stop_pct"": 0.05, ""target_pct"": null, ""max_hold_days"": 3}"
1815,0.22038567493112948,-0.13707148893104415,-0.6126605320129629,0.9752775441821302,0.003942058411770533,0.20413957746783473,1.815426997245179,961,0.20291363163371487,-0.5881181521561756,-0.642226031863474,0.8158215143258251,-0.007247730062344204,-1.2945255957564763,1.858480749219563,pullback_lowvol,screen,"{""surge_pct"": 0.1, ""vol_frac"": 0.3, ""hold_pct"": 0.85}",True,"{""stop_pct"": 0.05, ""target_pct"": null, ""max_hold_days"": 5}"
1247,0.17963111467522053,-0.38065090020640857,-0.5254945348320446,0.906328383580661,0.0029345311592209686,-0.16330480985510376,2.9318364073777063,694,0.15706051873198848,-0.6431890511004503,-0.6852262359626996,0.7025734988537792,-0.01481581491924352,-1.475883672263802,2.7694524495677233,pullback_lowvol,screen,"{""surge_pct"": 0.1, ""vol_frac"": 0.3, ""hold_pct"": 0.85}",True,"{""stop_pct"": 0.05, ""target_pct"": null, ""max_hold_days"": 10}"
4050,0.3254320987654321,-0.9878827722608704,-0.9881752957665849,0.7109212034327764,-0.011141181430423742,-6.636150889013294,0.4703703703703704,2469,0.32158768732280274,-0.7862650899523114,-0.925366354029644,0.7245620516785417,-0.0032764204827350958,-0.27204375128430214,0.4775212636695018,pullback_lowvol,screen,"{""surge_pct"": 0.1, ""vol_frac"": 0.3, ""hold_pct"": 0.85}",True,"{""stop_pct"": 0.05, ""target_pct"": 0.15, ""max_hold_days"": 1}"
2649,0.2759531898829747,-0.9472756597651588,-0.9490243894740136,0.7606361642366519,-0.011574766723075754,-4.293730888224847,0.8999622499056248,1431,0.2851153039832285,-0.47980049953150694,-0.7302840678399988,0.8411993927747373,0.0032402327142076683,-0.2384616167587771,0.9489867225716282,pullback_lowvol,screen,"{""surge_pct"": 0.1, ""vol_frac"": 0.3, ""hold_pct"": 0.85}",True,"{""stop_pct"": 0.05, ""target_pct"": 0.15, ""max_hold_days"": 3}"
2217,0.2557510148849797,-0.933910853876881,-0.9375976436865399,0.745347342787177,-0.012841410721302913,-4.30627606204163,1.1894451962110961,1195,0.2669456066945607,-0.4457369778310176,-0.7024252912355348,0.8432215140138322,0.005138792139707848,-0.25712843338600133,1.2108786610878661,pullback_lowvol,screen,"{""surge_pct"": 0.1, ""vol_frac"": 0.3, ""hold_pct"": 0.85}",True,"{""stop_pct"": 0.05, ""target_pct"": 0.15, ""max_hold_days"": 5}"
1807,0.2523519645821804,-0.8536414030616871,-0.8639760391796414,0.7867871436094092,-0.01092510511461129,-3.1913935662228354,1.6303265080243496,1007,0.24826216484607747,-0.3953527716677784,-0.6707809470343646,0.8482382211695011,0.007218236365022591,-0.2418175293209328,1.5302879841112214,pullback_lowvol,screen,"{""surge_pct"": 0.1, ""vol_frac"": 0.3, ""hold_pct"": 0.85}",True,"{""stop_pct"": 0.05, ""target_pct"": 0.15, ""max_hold_days"": 10}"
4055,0.3223181257706535,-0.953314401162117,-0.9548893376348784,0.7928772314757028,-0.0076731566981267,-3.627508351460222,0.5292231812577065,2466,0.3171127331711273,-0.6221844793990271,-0.8730624657161242,0.8230457070111014,-0.0010098214070048393,0.008321804308879483,0.5470397404703974,pullback_lowvol,screen,"{""surge_pct"": 0.1, ""vol_frac"": 0.3, ""hold_pct"": 0.85}",True,"{""stop_pct"": 0.05, ""target_pct"": 0.4, ""max_hold_days"": 1}"
2423,0.25588113908378046,-0.793239395599939,-0.7999426834786401,0.8331634725516897,-0.006397058533272033,-1.6990142338086738,1.175402393726785,1292,0.25232198142414863,-0.30056549931342436,-0.6035581910429879,0.9189855370510388,0.007836294638637336,-0.1805678008622703,1.2407120743034055,pullback_lowvol,screen,"{""surge_pct"": 0.1, ""vol_frac"": 0.3, ""hold_pct"": 0.85}",True,"{""stop_pct"": 0.05, ""target_pct"": 0.4, ""max_hold_days"": 3}"
1905,0.2241469816272966,-0.7195459366066532,-0.7804768674966873,0.8225508746803687,-0.005939959299654547,-1.3965555162491048,1.6488188976377953,1017,0.2143559488692232,-0.1616278536092507,-0.49065003699878385,0.9535129148873629,0.01378152713629739,-0.0003400267639238498,1.6686332350049164,pullback_lowvol,screen,"{""surge_pct"": 0.1, ""vol_frac"": 0.3, ""hold_pct"": 0.85}",True,"{""stop_pct"": 0.05, ""target_pct"": 0.4, ""max_hold_days"": 5}"
1391,0.18835370237239396,-0.5846295401548769,-0.6903594799761856,0.8543084608867552,-0.0047158491896770035,-1.0838782104638378,2.4960460100647017,774,0.1731266149870801,-0.18136933950442036,-0.4842813250774003,0.9317334614026697,0.016718595969627995,-0.026194065260076782,2.34625322997416,pullback_lowvol,screen,"{""surge_pct"": 0.1, ""vol_frac"": 0.3, ""hold_pct"": 0.85}",True,"{""stop_pct"": 0.05, ""target_pct"": 0.4, ""max_hold_days"": 10}"
3881,0.3810873486214893,-0.8482863628330554,-0.8859048606257516,0.8342347205212739,-0.0041047774732671785,-1.1519534324909935,0.8178304560680237,2433,0.37155774763666255,-0.7424407745528545,-0.9114786383431172,0.8070533776201719,-0.0025212649929464022,-0.14172269845197602,0.8302507192766132,pullback_lowvol,screen,"{""surge_pct"": 0.1, ""vol_frac"": 0.3, ""hold_pct"": 0.85}",True,"{""stop_pct"": 0.1, ""target_pct"": null, ""max_hold_days"": 1}"
1844,0.35357917570498915,-0.44548662144916973,-0.6515822542481844,0.9226401745783115,-0.00177020904944308,-0.2144889057757867,2.084056399132321,997,0.3410230692076229,0.10799836336650936,-0.5196903922697285,1.0202717916170274,0.016266289434056645,0.4895492962835578,2.116349047141424,pullback_lowvol,screen,"{""surge_pct"": 0.1, ""vol_frac"": 0.3, ""hold_pct"": 0.85}",True,"{""stop_pct"": 0.1, ""target_pct"": null, ""max_hold_days"": 3}"
1300,0.3353846153846154,-0.08427577787219698,-0.4597269969876535,0.9855014259307644,0.008297271478006579,0.21492125671313775,3.0646153846153847,694,0.3025936599423631,-0.5320795417361044,-0.675767255746059,0.8180633024523027,-0.008339415605958652,-0.8413043996441714,3.089337175792507,pullback_lowvol,screen,"{""surge_pct"": 0.1, ""vol_frac"": 0.3, ""hold_pct"": 0.85}",True,"{""stop_pct"": 0.1, ""target_pct"": null, ""max_hold_days"": 5}"
821,0.29598051157125455,-0.13779354784314313,-0.5718915519365725,0.9653568295719782,0.005413932858230049,0.1533209530419368,5.063337393422655,442,0.26018099547511314,-0.763499792135511,-0.7835043754452082,0.5384234339347147,-0.034643180457438714,-2.435764699082699,5.006787330316742,pullback_lowvol,screen,"{""surge_pct"": 0.1, ""vol_frac"": 0.3, ""hold_pct"": 0.85}",True,"{""stop_pct"": 0.1, ""target_pct"": null, ""max_hold_days"": 10}"
3909,0.3903811716551548,-0.9774666579667635,-0.9785997625078512,0.7116643998187866,-0.009585143316112673,-4.005508223485384,0.72013302634945,2440,0.3836065573770492,-0.767614295665729,-0.9158810003068475,0.7670828642398003,-0.0027795972486038337,-0.20855330101495922,0.7217213114754099,pullback_lowvol,screen,"{""surge_pct"": 0.1, ""vol_frac"": 0.3, ""hold_pct"": 0.85}",True,"{""stop_pct"": 0.1, ""target_pct"": 0.15, ""max_hold_days"": 1}"
2070,0.3927536231884058,-0.8917876025847263,-0.9000628732194588,0.7899010460804107,-0.01088982645807605,-2.721075692316964,1.5792270531400967,1128,0.37943262411347517,-0.4190876219276509,-0.6458817367981411,0.8774501620683517,0.006563067509924173,-0.2857495966779572,1.6072695035460993,pullback_lowvol,screen,"{""surge_pct"": 0.1, ""vol_frac"": 0.3, ""hold_pct"": 0.85}",True,"{""stop_pct"": 0.1, ""target_pct"": 0.15, ""max_hold_days"": 3}"
1617,0.38899196042053186,-0.8765730140796937,-0.8851311197546327,0.7583216219252071,-0.012948971961238781,-2.676910064761695,2.124922696351268,844,0.37203791469194314,-0.694282297638485,-0.7256262159652636,0.7501379084340062,-0.013366473512018258,-3.49245936444242,2.2428909952606637,pullback_lowvol,screen,"{""surge_pct"": 0.1, ""vol_frac"": 0.3, ""hold_pct"": 0.85}",True,"{""stop_pct"": 0.1, ""target_pct"": 0.15, ""max_hold_days"": 5}"
1189,0.3986543313708999,-0.7234252696265373,-0.7416837224653865,0.8084324365026072,-0.010709216557124217,-1.735820989992656,3.0798990748528174,641,0.3712948517940718,-0.31991255402497454,-0.6079210318343768,0.8751914593056516,0.014636274669156657,-0.22127865135200056,3.049921996879875,pullback_lowvol,screen,"{""surge_pct"": 0.1, ""vol_frac"": 0.3, ""hold_pct"": 0.85}",True,"{""stop_pct"": 0.1, ""target_pct"": 0.15, ""max_hold_days"": 10}"
3880,0.38092783505154637,-0.9159309728242367,-0.9229903589810917,0.7936617182918864,-0.005970142895038271,-2.097689606057441,0.8007731958762887,2434,0.37263763352506163,-0.6637665762640035,-0.8807356654672398,0.827573379404792,-0.001428234427835023,-0.023757670619519063,0.8147082990961381,pullback_lowvol,screen,"{""surge_pct"": 0.1, ""vol_frac"": 0.3, ""hold_pct"": 0.85}",True,"{""stop_pct"": 0.1, ""target_pct"": 0.4, ""max_hold_days"": 1}"
1891,0.3548387096774194,-0.4958094396460192,-0.6011432608116258,0.9227934655125994,-0.0031725590111946096,-0.4989640885977088,1.947646747752512,1020,0.34019607843137256,-0.1603491777849826,-0.5067202706850724,0.9636284567729898,0.013564531558332305,0.03267500215983972,1.996078431372549,pullback_lowvol,screen,"{""surge_pct"": 0.1, ""vol_frac"": 0.3, ""hold_pct"": 0.85}",True,"{""stop_pct"": 0.1, ""target_pct"": 0.4, ""max_hold_days"": 3}"
1381,0.3439536567704562,-0.5116889968149472,-0.655657081755753,0.8962208326442709,-0.0029312557138397102,-0.6032922071565299,2.777697320782042,724,0.3149171270718232,-0.388412428414564,-0.5158289740456501,0.8844406583873795,-0.004037397772513236,-0.8832336029042938,2.8715469613259668,pullback_lowvol,screen,"{""surge_pct"": 0.1, ""vol_frac"": 0.3, ""hold_pct"": 0.85}",True,"{""stop_pct"": 0.1, ""target_pct"": 0.4, ""max_hold_days"": 5}"
903,0.3089700996677741,-0.23305410461787757,-0.44263159782678807,0.9521198083918974,0.0006802825056798202,-0.11924580723179348,4.456256921373201,490,0.2714285714285714,-0.2557082385709982,-0.598145379342123,0.8905199989734381,0.02196347479472603,-0.06754942281904427,4.355102040816327,pullback_lowvol,screen,"{""surge_pct"": 0.1, ""vol_frac"": 0.3, ""hold_pct"": 0.85}",True,"{""stop_pct"": 0.1, ""target_pct"": 0.4, ""max_hold_days"": 10}"
3804,0.3930073606729758,-0.8642125242762846,-0.9007178275960592,0.8353341093535614,-0.0041801154485455825,-1.1845689253906302,0.9663512092534174,2429,0.3820502264306299,-0.7611509257478595,-0.9094578512511228,0.8129286202127448,-0.0025055477418490543,-0.18912862848499137,0.9641827912721285,pullback_lowvol,screen,"{""surge_pct"": 0.1, ""vol_frac"": 0.3, ""hold_pct"": 0.85}",True,"{""stop_pct"": 0.2, ""target_pct"": null, ""max_hold_days"": 1}"
1596,0.39473684210526316,-0.01570218570128168,-0.4555614763435073,0.9979135100482369,0.002979831300230265,0.31054597092089936,2.723684210526316,865,0.3872832369942196,-0.2832655289109385,-0.6608317606243678,0.9163947244813518,0.010788498312157715,-0.00044813643424535443,2.7595375722543354,pullback_lowvol,screen,"{""surge_pct"": 0.1, ""vol_frac"": 0.3, ""hold_pct"": 0.85}",True,"{""stop_pct"": 0.2, ""target_pct"": null, ""max_hold_days"": 3}"
1019,0.40628066732090284,0.5855185199301882,-0.42996973400858973,1.1045770041964684,0.018825160280544703,0.7084712303832503,4.376840039254171,553,0.36528028933092227,-0.29494011415862387,-0.6174614936044072,0.8756573693563605,0.01955251209393178,0.009069813785998804,4.296564195298372,pullback_lowvol,screen,"{""surge_pct"": 0.1, ""vol_frac"": 0.3, ""hold_pct"": 0.85}",True,"{""stop_pct"": 0.2, ""target_pct"": null, ""max_hold_days"": 5}"
564,0.38475177304964536,0.0681347278485045,-0.6220892860058114,1.0147473901220727,0.018402150907572808,0.3401419240740756,7.962765957446808,317,0.34069400630914826,-0.48453686041192,-0.7156022664935202,0.7163119205031729,0.013549845515800562,-0.19513952736190712,7.495268138801261,pullback_lowvol,screen,"{""surge_pct"": 0.1, ""vol_frac"": 0.3, ""hold_pct"": 0.85}",True,"{""stop_pct"": 0.2, ""target_pct"": null, ""max_hold_days"": 10}"
3826,0.4072138003136435,-0.9719536879402643,-0.9737017683807019,0.7358296316709514,-0.00893426597030005,-3.601220568054,0.869315211709357,2434,0.3964667214461791,-0.6825299612445779,-0.8742323140534005,0.8189039653035556,-0.0012202156391241594,-0.05679275569182725,0.8512736236647493,pullback_lowvol,screen,"{""surge_pct"": 0.1, ""vol_frac"": 0.3, ""hold_pct"": 0.85}",True,"{""stop_pct"": 0.2, ""target_pct"": 0.15, ""max_hold_days"": 1}"
1775,0.4473239436619718,-0.6251255108559637,-0.6889150228558851,0.8807736081349394,-0.003656263236373684,-0.4669821843480972,2.189295774647887,975,0.4348717948717949,-0.27155245541991435,-0.5151634188678234,0.9247735432742609,0.012079979437770835,-0.1624436773913168,2.1887179487179487,pullback_lowvol,screen,"{""surge_pct"": 0.1, ""vol_frac"": 0.3, ""hold_pct"": 0.85}",True,"{""stop_pct"": 0.2, ""target_pct"": 0.15, ""max_hold_days"": 3}"
1242,0.46859903381642515,-0.7656560732594831,-0.7939263861001944,0.8126814218285667,-0.010457025702727675,-1.6886568521611274,3.255233494363929,677,0.4519940915805022,-0.5444159995058311,-0.5851737965092763,0.8089653765972357,-0.010072705396233136,-1.9142254585498004,3.1816838995568686,pullback_lowvol,screen,"{""surge_pct"": 0.1, ""vol_frac"": 0.3, ""hold_pct"": 0.85}",True,"{""stop_pct"": 0.2, ""target_pct"": 0.15, ""max_hold_days"": 5}"
815,0.505521472392638,-0.5960452953981059,-0.6699292790771987,0.8436747419932179,-0.008207581586268062,-1.010274173979251,5.058895705521472,443,0.46952595936794583,-0.304125817755179,-0.6190966906159361,0.873559712013164,0.020836343570874466,-0.18700842480209168,4.952595936794582,pullback_lowvol,screen,"{""surge_pct"": 0.1, ""vol_frac"": 0.3, ""hold_pct"": 0.85}",True,"{""stop_pct"": 0.2, ""target_pct"": 0.15, ""max_hold_days"": 10}"
3804,0.39353312302839116,-0.914431294262775,-0.9225883658868452,0.8079374528258972,-0.005795389891468432,-1.9886404983792707,0.9482124079915878,2430,0.38353909465020575,-0.6309924707829434,-0.854884566877844,0.848068082507416,-0.0007072401347140418,0.010482259850047311,0.9469135802469136,pullback_lowvol,screen,"{""surge_pct"": 0.1, ""vol_frac"": 0.3, ""hold_pct"": 0.85}",True,"{""stop_pct"": 0.2, ""target_pct"": 0.4, ""max_hold_days"": 1}"
1632,0.4068627450980392,-0.1729405909602254,-0.510744223940077,0.973876182624933,0.0005416638667093014,0.06068738784424167,2.5845588235294117,882,0.3820861678004535,-0.20192588915193255,-0.483087960613216,0.9477524348582572,0.014310638378311731,0.0057801212449382555,2.634920634920635,pullback_lowvol,screen,"{""surge_pct"": 0.1, ""vol_frac"": 0.3, ""hold_pct"": 0.85}",True,"{""stop_pct"": 0.2, ""target_pct"": 0.4, ""max_hold_days"": 3}"
1075,0.4055813953488372,-0.006511271871898816,-0.4377584325772428,0.998841480960393,0.005266872094592658,0.22464977740352024,4.016744186046512,575,0.38782608695652177,-0.0483913925248457,-0.4258091232250788,0.9863003893528144,0.002968082092581228,0.16901336798714944,4.036521739130435,pullback_lowvol,screen,"{""surge_pct"": 0.1, ""vol_frac"": 0.3, ""hold_pct"": 0.85}",True,"{""stop_pct"": 0.2, ""target_pct"": 0.4, ""max_hold_days"": 5}"
632,0.4161392405063291,0.25573292136625025,-0.47192301314991403,1.0489173412081665,0.014137762341942126,0.49808529416917563,6.931962025316456,343,0.3760932944606414,-0.08434029050670777,-0.43949464316107634,0.965777021295276,0.0423692774172013,0.13024717859774018,6.793002915451895,pullback_lowvol,screen,"{""surge_pct"": 0.1, ""vol_frac"": 0.3, ""hold_pct"": 0.85}",True,"{""stop_pct"": 0.2, ""target_pct"": 0.4, ""max_hold_days"": 10}"
3799,0.395630429060279,-0.8511534142291353,-0.8912431943011636,0.8540872315832684,-0.0037922545902273797,-1.1162709793613292,0.9973677283495657,2427,0.3827770910589205,-0.8005333876830967,-0.9220325601796711,0.791034631430133,-0.003255633003261819,-0.27426511001805437,0.9962917181705809,pullback_lowvol,screen,"{""surge_pct"": 0.1, ""vol_frac"": 0.3, ""hold_pct"": 0.85}",True,"{""stop_pct"": null, ""target_pct"": null, ""max_hold_days"": 1}"
1535,0.41237785016286643,0.3378004724849517,-0.4605060957673792,1.0443597368393842,0.006266639023989364,0.5563306789419605,2.9876221498371334,831,0.39590854392298436,-0.3618425348714096,-0.5693208174701889,0.8862026388693394,0.011975857773309551,-0.14555860501634182,2.9855595667870034,pullback_lowvol,screen,"{""surge_pct"": 0.1, ""vol_frac"": 0.3, ""hold_pct"": 0.85}",True,"{""stop_pct"": null, ""target_pct"": null, ""max_hold_days"": 3}"
939,0.42705005324813633,0.6454081930926674,-0.46897620339379265,1.1210022432355597,0.023452701986180647,0.7349943196489827,4.968051118210862,500,0.392,1.602249447786889,-0.4097097415962976,1.3552695924510292,0.07860010031895182,0.943097984460303,4.968,pullback_lowvol,screen,"{""surge_pct"": 0.1, ""vol_frac"": 0.3, ""hold_pct"": 0.85}",True,"{""stop_pct"": null, ""target_pct"": null, ""max_hold_days"": 5}"
470,0.4340425531914894,1.3945474386506,-0.5189873702280294,1.3265557406264536,0.037893654976637534,1.1470547201521635,9.934042553191489,250,0.348,-0.3896908293013003,-0.6356603808325206,0.7740764126978138,0.027150720018057108,-0.19872442963770065,9.936,pullback_lowvol,screen,"{""surge_pct"": 0.1, ""vol_frac"": 0.3, ""hold_pct"": 0.85}",True,"{""stop_pct"": null, ""target_pct"": null, ""max_hold_days"": 10}"
3823,0.41014909756735546,-0.9607567576130597,-0.9632027242802582,0.7684521041885369,-0.008041442764456742,-3.198699531299819,0.8982474496468742,2433,0.4011508425811755,-0.6184371817922447,-0.8521397158729535,0.8392933158770529,-0.0003931008455666422,0.023803913000229163,0.8808055898068229,pullback_lowvol,screen,"{""surge_pct"": 0.1, ""vol_frac"": 0.3, ""hold_pct"": 0.85}",True,"{""stop_pct"": null, ""target_pct"": 0.15, ""max_hold_days"": 1}"
1692,0.46335697399527187,-0.662918257052923,-0.7490777513981345,0.8615100136179624,-0.004969345889772581,-1.0053896589036344,2.4462174940898347,939,0.4494142705005325,-0.2677266572665319,-0.45308142948541263,0.9311896931825663,0.013713935361714905,-0.17089554915033794,2.37912673056443,pullback_lowvol,screen,"{""surge_pct"": 0.1, ""vol_frac"": 0.3, ""hold_pct"": 0.85}",True,"{""stop_pct"": null, ""target_pct"": 0.15, ""max_hold_days"": 3}"
1130,0.5035398230088496,-0.5216250260982636,-0.693602574226541,0.8755198235621431,-0.0039725480639536065,-0.7416202657794181,3.7946902654867256,622,0.4662379421221865,-0.17934321515814167,-0.45778013240843074,0.9428540265846871,0.021333681902776784,-0.039661703536347466,3.665594855305466,pullback_lowvol,screen,"{""surge_pct"": 0.1, ""vol_frac"": 0.3, ""hold_pct"": 0.85}",True,"{""stop_pct"": null, ""target_pct"": 0.15, ""max_hold_days"": 5}"
664,0.5436746987951807,-0.2148541728542227,-0.4788690581968733,0.9460533072385244,0.0008612411324045845,-0.12898778450262263,6.599397590361446,354,0.536723163841808,-0.18476034761841031,-0.4726432765506079,0.9130103294986462,0.03731650507406457,-0.042917017961850774,6.621468926553672,pullback_lowvol,screen,"{""surge_pct"": 0.1, ""vol_frac"": 0.3, ""hold_pct"": 0.85}",True,"{""stop_pct"": null, ""target_pct"": 0.15, ""max_hold_days"": 10}"
3798,0.3962611901000527,-0.8966272486540395,-0.9063616584215266,0.8330751523948509,-0.005277478526474459,-1.7779773987503347,0.9789362822538178,2428,0.3846787479406919,-0.6832494426374751,-0.8721126319838455,0.8245069732750804,-0.0013042132461858935,-0.05586290840199914,0.9794069192751236,pullback_lowvol,screen,"{""surge_pct"": 0.1, ""vol_frac"": 0.3, ""hold_pct"": 0.85}",True,"{""stop_pct"": null, ""target_pct"": 0.4, ""max_hold_days"": 1}"
1572,0.41412213740458015,0.916447333360856,-0.42666547782006337,1.1096580332277115,0.0068148347207489385,0.9370533802007125,2.8301526717557253,851,0.38777908343125733,-0.24002650118488822,-0.5153835628688463,0.9398503761101575,0.014958148103941908,-0.06546148976936743,2.853113983548766,pullback_lowvol,screen,"{""surge_pct"": 0.1, ""vol_frac"": 0.3, ""hold_pct"": 0.85}",True,"{""stop_pct"": null, ""target_pct"": 0.4, ""max_hold_days"": 3}"
988,0.4382591093117409,0.5647644078450063,-0.35191221339585355,1.0874260972214829,0.01378884537311749,0.7430719941124125,4.596153846153846,528,0.42613636363636365,0.45967487519912775,-0.3597150116654806,1.1078826671854825,0.04485012245124751,0.9616933581842807,4.604166666666667,pullback_lowvol,screen,"{""surge_pct"": 0.1, ""vol_frac"": 0.3, ""hold_pct"": 0.85}",True,"{""stop_pct"": null, ""target_pct"": 0.4, ""max_hold_days"": 5}"
535,0.4392523364485981,0.8795105671057262,-0.3437295885281545,1.1514122079490163,0.02726867395664684,1.0465051022893248,8.528971962616822,275,0.4109090909090909,-0.13432901842083844,-0.4663640488569386,0.9349207143075302,0.05320471324440598,0.0659148998428828,8.901818181818182,pullback_lowvol,screen,"{""surge_pct"": 0.1, ""vol_frac"": 0.3, ""hold_pct"": 0.85}",True,"{""stop_pct"": null, ""target_pct"": 0.4, ""max_hold_days"": 10}"
3699,0.311705866450392,-0.8957331799566693,-0.9009934277320505,0.8398705552497737,-0.005789920530891803,-1.8808983957838594,0.5120302784536361,2400,0.30833333333333335,-0.8915899167742865,-0.895140218741621,0.7534907051551816,-0.009205107233351714,-4.589484245153723,0.5404166666666667,pullback_lowvol,screen,"{""surge_pct"": 0.15, ""vol_frac"": 0.3, ""hold_pct"": 0.85}",True,"{""stop_pct"": 0.05, ""target_pct"": null, ""max_hold_days"": 1}"
2346,0.23785166240409208,-0.812425057115798,-0.817988820382051,0.8149066636567817,-0.006258866532518155,-1.2775387681763133,1.1773231031543052,1282,0.25117004680187205,-0.5609575551608157,-0.7163108312344506,0.8708300360763914,-0.007190787183146175,-1.1865483515939546,1.28003120124805,pullback_lowvol,screen,"{""surge_pct"": 0.15, ""vol_frac"": 0.3, ""hold_pct"": 0.85}",True,"{""stop_pct"": 0.05, ""target_pct"": null, ""max_hold_days"": 3}"
1849,0.206598161168199,-0.14524912388310918,-0.4502071545882653,0.9774230655234901,0.00457501275501752,0.16135792865267412,1.7009194159004868,981,0.19877675840978593,-0.5613024528681914,-0.7107182181856196,0.8557638555026766,-0.006769728503698473,-1.0952561124004536,1.7879714576962282,pullback_lowvol,screen,"{""surge_pct"": 0.15, ""vol_frac"": 0.3, ""hold_pct"": 0.85}",True,"{""stop_pct"": 0.05, ""target_pct"": null, ""max_hold_days"": 5}"
1315,0.1612167300380228,-0.3577753456464339,-0.6043496092557923,0.9172997789664076,0.00430790978167896,-0.08516062184378718,2.6866920152091254,716,0.14664804469273743,-0.6890663140204096,-0.7669485506230859,0.7023204044020956,-0.016589901327650973,-1.6271174908633563,2.642458100558659,pullback_lowvol,screen,"{""surge_pct"": 0.15, ""vol_frac"": 0.3, ""hold_pct"": 0.85}",True,"{""stop_pct"": 0.05, ""target_pct"": null, ""max_hold_days"": 10}"
3727,0.31580359538502817,-0.9830575555163402,-0.9834694557149997,0.7323644201991513,-0.011270042218352802,-6.398149307109837,0.4292997048564529,2408,0.3127076411960133,-0.9396284677730553,-0.9396284677730553,0.6699945141858935,-0.011588706466278506,-7.672922781631219,0.45099667774086377,pullback_lowvol,screen,"{""surge_pct"": 0.15, ""vol_frac"": 0.3, ""hold_pct"": 0.85}",True,"{""stop_pct"": 0.05, ""target_pct"": 0.15, ""max_hold_days"": 1}"
2621,0.26898130484547883,-0.9435426086589647,-0.9456504608211381,0.7693930769057284,-0.010859810472971312,-4.381923007326149,0.8149561236169401,1451,0.28876636802205374,-0.7330488013389387,-0.7348439830261466,0.7764371456532994,-0.009036371580468954,-3.9796429059733467,0.9062715368711234,pullback_lowvol,screen,"{""surge_pct"": 0.15, ""vol_frac"": 0.3, ""hold_pct"": 0.85}",True,"{""stop_pct"": 0.05, ""target_pct"": 0.15, ""max_hold_days"": 3}"
2287,0.2544818539571491,-0.9211377771813554,-0.9262609540709188,0.7705020751634619,-0.011090418516099843,-3.9483035711220613,1.040227372103192,1229,0.26200162733930027,-0.737576819808981,-0.7381436870983966,0.7446437742663431,-0.010476715591718802,-4.136222308899708,1.1375101708706266,pullback_lowvol,screen,"{""surge_pct"": 0.15, ""vol_frac"": 0.3, ""hold_pct"": 0.85}",True,"{""stop_pct"": 0.05, ""target_pct"": 0.15, ""max_hold_days"": 5}"
1922,0.2336108220603538,-0.909466006409719,-0.9138025763173334,0.7408130140170214,-0.012138497826249421,-3.985843118546448,1.4037460978147762,1022,0.25244618395303325,-0.6431313224186463,-0.6502146823824035,0.7725585490456484,-0.0095945711275436,-3.403509637258289,1.484344422700587,pullback_lowvol,screen,"{""surge_pct"": 0.15, ""vol_frac"": 0.3, ""hold_pct"": 0.85}",True,"{""stop_pct"": 0.05, ""target_pct"": 0.15, ""max_hold_days"": 10}"
3697,0.3121449824181769,-0.9397870972013606,-0.941828448520813,0.8052769544913558,-0.007643768881165762,-3.470245418260675,0.4993237760346227,2401,0.30903790087463556,-0.8890522810181214,-0.8895095561950026,0.745457163482681,-0.009129872804784313,-4.995512217058359,0.5256143273635985,pullback_lowvol,screen,"{""surge_pct"": 0.15, ""vol_frac"": 0.3, ""hold_pct"": 0.85}",True,"{""stop_pct"": 0.05, ""target_pct"": 0.4, ""max_hold_days"": 1}"
2385,0.2431865828092243,-0.7943302829010209,-0.8016673043332074,0.8392875626929668,-0.006178603067715359,-1.7647119380261969,1.108595387840671,1318,0.2503793626707132,-0.5644948506040359,-0.6045812146774101,0.8559597979600438,-0.006609864546069342,-1.8871086954267249,1.1828528072837632,pullback_lowvol,screen,"{""surge_pct"": 0.15, ""vol_frac"": 0.3, ""hold_pct"": 0.85}",True,"{""stop_pct"": 0.05, ""target_pct"": 0.4, ""max_hold_days"": 3}"
1934,0.2156153050672182,-0.5900712892058163,-0.6341644395545869,0.8928788826420461,-0.0036640573443780544,-0.9276375180362814,1.5434332988624613,1029,0.20796890184645286,-0.6124245028937993,-0.6346669693795415,0.8159436824670554,-0.007457192343822422,-1.9542075548415911,1.6239067055393586,pullback_lowvol,screen,"{""surge_pct"": 0.15, ""vol_frac"": 0.3, ""hold_pct"": 0.85}",True,"{""stop_pct"": 0.05, ""target_pct"": 0.4, ""max_hold_days"": 5}"
1471,0.17063222297756628,-0.7015467166819507,-0.7474474421097355,0.8162479361709997,-0.007131279598188405,-1.4292213482841436,2.254248810333107,781,0.16389244558258642,-0.5487829549449328,-0.5585141089186798,0.7774000716035577,-0.009967442776536689,-1.7789438101806472,2.302176696542894,pullback_lowvol,screen,"{""surge_pct"": 0.15, ""vol_frac"": 0.3, ""hold_pct"": 0.85}",True,"{""stop_pct"": 0.05, ""target_pct"": 0.4, ""max_hold_days"": 10}"
3480,0.3701149425287356,-0.7490411806173327,-0.7942734376630672,0.8985257490076948,-0.0021123647936185483,-0.47192565821345284,0.7954022988505747,2336,0.3578767123287671,-0.9441106089513057,-0.945102829394628,0.7417341858286417,-0.011923950021676158,-5.052656065563099,0.8107876712328768,pullback_lowvol,screen,"{""surge_pct"": 0.15, ""vol_frac"": 0.3, ""hold_pct"": 0.85}",True,"{""stop_pct"": 0.1, ""target_pct"": null, ""max_hold_days"": 1}"
1822,0.34851811196487376,-0.43177208564756586,-0.6210973638296662,0.9244700722243444,-0.001999135788079307,-0.16637265168036436,1.9928649835345773,1016,0.33562992125984253,-0.4731179982472241,-0.6419575451622201,0.8993479196911528,-0.0052801844451281915,-0.4621054069376665,2.0413385826771653,pullback_lowvol,screen,"{""surge_pct"": 0.15, ""vol_frac"": 0.3, ""hold_pct"": 0.85}",True,"{""stop_pct"": 0.1, ""target_pct"": null, ""max_hold_days"": 3}"
1312,0.3239329268292683,0.42887184851077964,-0.40327706049974177,1.0608405706464414,0.011843912889933186,0.6042067990479687,2.951219512195122,708,0.2951977401129944,-0.6940475360163731,-0.7940281627159451,0.7548575057919241,-0.014982133678815159,-1.4645670726385602,3.005649717514124,pullback_lowvol,screen,"{""surge_pct"": 0.15, ""vol_frac"": 0.3, ""hold_pct"": 0.85}",True,"{""stop_pct"": 0.1, ""target_pct"": null, ""max_hold_days"": 5}"
836,0.2811004784688995,0.12949562172937723,-0.5027562895098461,1.0278397630895173,0.01439722695757919,0.3982073232689139,4.929425837320574,447,0.2483221476510067,-0.7300000378935423,-0.7503712987479918,0.6131417280622637,-0.02958405955173937,-1.8333019361119214,4.935123042505593,pullback_lowvol,screen,"{""surge_pct"": 0.15, ""vol_frac"": 0.3, ""hold_pct"": 0.85}",True,"{""stop_pct"": 0.1, ""target_pct"": null, ""max_hold_days"": 10}"
3524,0.3796821793416572,-0.958494225518189,-0.9614761074762109,0.7576520274195209,-0.008275200203570641,-2.0748972642233534,0.6878547105561862,2346,0.3699914748508099,-0.9474318644566517,-0.9481044574419257,0.7091552841261104,-0.01215310613985167,-6.3521926032876985,0.6973572037510657,pullback_lowvol,screen,"{""surge_pct"": 0.15, ""vol_frac"": 0.3, ""hold_pct"": 0.85}",True,"{""stop_pct"": 0.1, ""target_pct"": 0.15, ""max_hold_days"": 1}"
2056,0.39348249027237353,-0.8932741276055517,-0.9050142723037388,0.8022478154984725,-0.010887781923796925,-2.74999069676599,1.470330739299611,1149,0.3855526544821584,-0.7549059339946713,-0.7549059339946713,0.7616738154701919,-0.011321089689223235,-3.252637505954433,1.5422106179286337,pullback_lowvol,screen,"{""surge_pct"": 0.15, ""vol_frac"": 0.3, ""hold_pct"": 0.85}",True,"{""stop_pct"": 0.1, ""target_pct"": 0.15, ""max_hold_days"": 3}"
1667,0.3893221355728854,-0.8566556697879782,-0.8680891964119279,0.8113632401736626,-0.011816285809089375,-2.4678497334469975,1.9280143971205759,871,0.38002296211251435,-0.6685395746560281,-0.6765657457373396,0.7773119754626138,-0.01196826408868157,-2.8853028454956626,2.1354764638346726,pullback_lowvol,screen,"{""surge_pct"": 0.15, ""vol_frac"": 0.3, ""hold_pct"": 0.85}",True,"{""stop_pct"": 0.1, ""target_pct"": 0.15, ""max_hold_days"": 5}"
1258,0.3942766295707472,-0.7034243662265453,-0.7273881469850982,0.8352116648674585,-0.009588381432549883,-1.574225505298942,2.7813990461049283,655,0.3755725190839695,-0.622324595375459,-0.6422618753538554,0.7608065243630256,-0.013354995560227645,-2.7799710518684098,2.949618320610687,pullback_lowvol,screen,"{""surge_pct"": 0.15, ""vol_frac"": 0.3, ""hold_pct"": 0.85}",True,"{""stop_pct"": 0.1, ""target_pct"": 0.15, ""max_hold_days"": 10}"
3481,0.37029589198506174,-0.8505383580494645,-0.8676949735378013,0.8548221710768406,-0.004239702130355719,-1.019986896678482,0.776213731686297,2338,0.3592814371257485,-0.9268969607592602,-0.9282006853218214,0.7524274465083725,-0.01079103970789446,-4.880144400274354,0.7934131736526946,pullback_lowvol,screen,"{""surge_pct"": 0.15, ""vol_frac"": 0.3, ""hold_pct"": 0.85}",True,"{""stop_pct"": 0.1, ""target_pct"": 0.4, ""max_hold_days"": 1}"
1874,0.35378868729989327,-0.38609194395973256,-0.6100676394106341,0.9447010658376626,-0.0020456241236536474,-0.29299229287334466,1.855923159018143,1044,0.34099616858237547,-0.5485901821453391,-0.6092879744675377,0.8746515061933694,-0.007126024027250617,-1.3064890180172928,1.9118773946360152,pullback_lowvol,screen,"{""surge_pct"": 0.15, ""vol_frac"": 0.3, ""hold_pct"": 0.85}",True,"{""stop_pct"": 0.1, ""target_pct"": 0.4, ""max_hold_days"": 3}"
1394,0.33787661406025826,-0.2600513845937267,-0.5542846797961687,0.9606557695176222,0.0007736966711607708,-0.14394328618693444,2.662840746054519,742,0.316711590296496,-0.38389799223263077,-0.5231580629502572,0.9009271273388078,-0.004118116220837535,-0.8032691777271038,2.7735849056603774,pullback_lowvol,screen,"{""surge_pct"": 0.15, ""vol_frac"": 0.3, ""hold_pct"": 0.85}",True,"{""stop_pct"": 0.1, ""target_pct"": 0.4, ""max_hold_days"": 5}"
917,0.3075245365321701,0.18777542803501612,-0.3571104379407246,1.0337156238662182,0.006688766840766834,0.4262996711497941,4.339149400218102,499,0.26452905811623245,-0.4279353977804724,-0.4657941502131857,0.8418716711060868,-0.00914499240181258,-1.0271048126412803,4.25250501002004,pullback_lowvol,screen,"{""surge_pct"": 0.15, ""vol_frac"": 0.3, ""hold_pct"": 0.85}",True,"{""stop_pct"": 0.1, ""target_pct"": 0.4, ""max_hold_days"": 10}"
3385,0.38197932053175776,-0.866680913922937,-0.8938722358445343,0.855166973667985,-0.0043408091803455034,-1.1899250080678054,0.9607090103397341,2320,0.36681034482758623,-0.962884064657378,-0.9635461649929657,0.696325732313987,-0.013682808511548383,-5.439087245960035,0.959051724137931,pullback_lowvol,screen,"{""surge_pct"": 0.15, ""vol_frac"": 0.3, ""hold_pct"": 0.85}",True,"{""stop_pct"": 0.2, ""target_pct"": null, ""max_hold_days"": 1}"
1561,0.39782190903267134,-0.2894453386613278,-0.4821052536899896,0.9622641472491743,0.0011234226339593666,0.04955422537010987,2.6976297245355543,872,0.375,-0.4210651550630896,-0.644934766646948,0.9055395866968988,-0.002810485852560711,-0.3620651338910813,2.713302752293578,pullback_lowvol,screen,"{""surge_pct"": 0.15, ""vol_frac"": 0.3, ""hold_pct"": 0.85}",True,"{""stop_pct"": 0.2, ""target_pct"": null, ""max_hold_days"": 3}"
1021,0.38393731635651324,0.4476493690725678,-0.4691852882158942,1.0728781835713106,0.016033596934249248,0.6117563329193518,4.296767874632713,560,0.35714285714285715,-0.483124230061161,-0.6198881717638882,0.8322838272271752,-0.007670835044459702,-0.5937603011482452,4.2196428571428575,pullback_lowvol,screen,"{""surge_pct"": 0.15, ""vol_frac"": 0.3, ""hold_pct"": 0.85}",True,"{""stop_pct"": 0.2, ""target_pct"": null, ""max_hold_days"": 5}"
572,0.3881118881118881,0.1286451592887039,-0.5439004313307942,1.0256723500641258,0.016800841772000197,0.39260166586874695,7.821678321678322,317,0.305993690851735,-0.7842125765326218,-0.803636902615624,0.5155099746801949,-0.04708227028093589,-1.8991023344492224,7.470031545741325,pullback_lowvol,screen,"{""surge_pct"": 0.15, ""vol_frac"": 0.3, ""hold_pct"": 0.85}",True,"{""stop_pct"": 0.2, ""target_pct"": null, ""max_hold_days"": 10}"
3415,0.39619326500732066,-0.9747449066233002,-0.9769290882701134,0.7379107820828684,-0.010325361829613782,-3.7319347441351898,0.8535871156661786,2333,0.3866266609515645,-0.9342461907694859,-0.9350821211192448,0.7180672337126033,-0.011105748025262268,-4.909233935091569,0.8401200171453065,pullback_lowvol,screen,"{""surge_pct"": 0.15, ""vol_frac"": 0.3, ""hold_pct"": 0.85}",True,"{""stop_pct"": 0.2, ""target_pct"": 0.15, ""max_hold_days"": 1}"
1748,0.4502288329519451,-0.8356048235815603,-0.868086034781409,0.8220305301591171,-0.009086573005252417,-1.9600246212142578,2.1052631578947367,988,0.4392712550607287,-0.5320000950424721,-0.5637387760757571,0.8589252594296635,-0.005821019196908303,-1.2149094032689671,2.1153846153846154,pullback_lowvol,screen,"{""surge_pct"": 0.15, ""vol_frac"": 0.3, ""hold_pct"": 0.85}",True,"{""stop_pct"": 0.2, ""target_pct"": 0.15, ""max_hold_days"": 3}"
1262,0.4706814580031696,-0.7422239973607896,-0.7979534482389394,0.8358328099252013,-0.00938781889013972,-1.462359908067629,3.094294770206022,688,0.4491279069767442,-0.6478794052785357,-0.6592020896547632,0.7482318024891059,-0.013509309214724114,-2.316945976985255,3.1061046511627906,pullback_lowvol,screen,"{""surge_pct"": 0.15, ""vol_frac"": 0.3, ""hold_pct"": 0.85}",True,"{""stop_pct"": 0.2, ""target_pct"": 0.15, ""max_hold_days"": 5}"
836,0.48325358851674644,-0.7308452616799823,-0.7581505787773941,0.8046373733793214,-0.014101909230804968,-1.663038109795487,4.883971291866029,442,0.45248868778280543,-0.7179877422838659,-0.7359233058271472,0.6501975838790979,-0.025961469954251495,-2.930937949666959,4.963800904977376,pullback_lowvol,screen,"{""surge_pct"": 0.15, ""vol_frac"": 0.3, ""hold_pct"": 0.85}",True,"{""stop_pct"": 0.2, ""target_pct"": 0.15, ""max_hold_days"": 10}"
3385,0.3828655834564254,-0.9063306116915765,-0.9177570505421858,0.8207434598296313,-0.0061827773881401385,-1.8447155877161412,0.9397341211225997,2321,0.3696682464454976,-0.9409899009195439,-0.9420481849247605,0.7083960086153699,-0.011591852650932028,-4.884525032798872,0.9405428694528221,pullback_lowvol,screen,"{""surge_pct"": 0.15, ""vol_frac"": 0.3, ""hold_pct"": 0.85}",True,"{""stop_pct"": 0.2, ""target_pct"": 0.4, ""max_hold_days"": 1}"
1595,0.40815047021943573,-0.235212727841961,-0.507266309459602,0.9672259423147584,0.0007987058071285488,0.0017869929657798047,2.5492163009404387,888,0.3783783783783784,-0.6164947226081038,-0.6471828961328154,0.837844064367837,-0.00957002115661541,-1.4232682955797795,2.59009009009009,pullback_lowvol,screen,"{""surge_pct"": 0.15, ""vol_frac"": 0.3, ""hold_pct"": 0.85}",True,"{""stop_pct"": 0.2, ""target_pct"": 0.4, ""max_hold_days"": 3}"
1085,0.40921658986175113,0.09926237632521984,-0.49720598920169845,1.015569651932793,0.007754754144177839,0.3411527296686222,3.8986175115207375,589,0.38030560271646857,-0.20276055833862283,-0.455037925695152,0.9432387452775606,0.00037575368561587467,-0.15606219610105695,3.904923599320883,pullback_lowvol,screen,"{""surge_pct"": 0.15, ""vol_frac"": 0.3, ""hold_pct"": 0.85}",True,"{""stop_pct"": 0.2, ""target_pct"": 0.4, ""max_hold_days"": 5}"
647,0.4126738794435858,0.2289576081633924,-0.4721695883224011,1.0443410848546322,0.013320938482918543,0.4698381606716128,6.726429675425039,347,0.3515850144092219,-0.3448667861177457,-0.43888905781928733,0.8584392083083396,-0.009554021748385204,-0.662559768384351,6.70028818443804,pullback_lowvol,screen,"{""surge_pct"": 0.15, ""vol_frac"": 0.3, ""hold_pct"": 0.85}",True,"{""stop_pct"": 0.2, ""target_pct"": 0.4, ""max_hold_days"": 10}"
3379,0.3862089375554898,-0.8411452188351051,-0.8734074038246815,0.8731152216913114,-0.0037506542404368106,-1.0455261518510786,0.9970405445398047,2318,0.365832614322692,-0.9730516101850276,-0.9735968868618381,0.6672279280388487,-0.015094919238482343,-5.924081084035152,0.9956859361518551,pullback_lowvol,screen,"{""surge_pct"": 0.15, ""vol_frac"": 0.3, ""hold_pct"": 0.85}",True,"{""stop_pct"": null, ""target_pct"": null, ""max_hold_days"": 1}"
1502,0.41211717709720375,0.15069518066475807,-0.5464557433141748,1.0213511551361354,0.005410220609900796,0.4521628338325426,2.985352862849534,831,0.38868832731648617,-0.5888794254527784,-0.6597209936247306,0.8464586121872176,-0.0070531092661846985,-0.8023137626073047,2.983152827918171,pullback_lowvol,screen,"{""surge_pct"": 0.15, ""vol_frac"": 0.3, ""hold_pct"": 0.85}",True,"{""stop_pct"": null, ""target_pct"": null, ""max_hold_days"": 3}"
934,0.4057815845824411,0.5251126332018483,-0.5341289135506933,1.0901409448415904,0.02220952055562546,0.6561042898629551,4.972162740899358,500,0.384,1.374721929946677,-0.4263525736517252,1.2790554699198413,0.0436247217549651,0.9063712135129044,4.966,pullback_lowvol,screen,"{""surge_pct"": 0.15, ""vol_frac"": 0.3, ""hold_pct"": 0.85}",True,"{""stop_pct"": null, ""target_pct"": null, ""max_hold_days"": 5}"
470,0.4148936170212766,1.0371371468918986,-0.5107804551768704,1.1988099524257825,0.03582132858501518,0.9298656798305872,9.921276595744681,250,0.328,-0.6335796149887646,-0.6515660840751731,0.6341313405980871,-0.03494828140268214,-1.566519625842177,9.932,pullback_lowvol,screen,"{""surge_pct"": 0.15, ""vol_frac"": 0.3, ""hold_pct"": 0.85}",True,"{""stop_pct"": null, ""target_pct"": null, ""max_hold_days"": 10}"
3408,0.40082159624413144,-0.9606549552393828,-0.9640560251871039,0.7710803321753171,-0.008959074652017026,-3.203092241403697,0.886150234741784,2331,0.38996138996138996,-0.927679002749931,-0.9287743279908843,0.7137523838613041,-0.01071643191890688,-4.621353370121886,0.8738738738738738,pullback_lowvol,screen,"{""surge_pct"": 0.15, ""vol_frac"": 0.3, ""hold_pct"": 0.85}",True,"{""stop_pct"": null, ""target_pct"": 0.15, ""max_hold_days"": 1}"
1669,0.46734571599760333,-0.7473179375753597,-0.8252709045907427,0.8381813683938085,-0.0067741816026357995,-1.357218490730837,2.3936488915518273,942,0.445859872611465,-0.5306978081157672,-0.5601579162080219,0.8569954257835722,-0.006501518591119095,-1.2452354544415714,2.3641188959660298,pullback_lowvol,screen,"{""surge_pct"": 0.15, ""vol_frac"": 0.3, ""hold_pct"": 0.85}",True,"{""stop_pct"": null, ""target_pct"": 0.15, ""max_hold_days"": 3}"
1139,0.5083406496927129,-0.5516964001557867,-0.6658240525852119,0.8819856156420709,-0.004441668276790807,-0.7714202507729919,3.6927129060579458,619,0.47495961227786754,-0.4974116517381614,-0.5267217449454914,0.8267152301071373,-0.009249953699954285,-1.3280772278679986,3.6930533117932147,pullback_lowvol,screen,"{""surge_pct"": 0.15, ""vol_frac"": 0.3, ""hold_pct"": 0.85}",True,"{""stop_pct"": null, ""target_pct"": 0.15, ""max_hold_days"": 5}"
675,0.5481481481481482,-0.1816172212921472,-0.4497163833005998,0.9554287823154423,0.0017641912546557013,-0.09323671947287904,6.466666666666667,350,0.5257142857142857,-0.49955155719990574,-0.5117417439110346,0.7557636436060352,-0.018452005275543405,-1.4426798269510928,6.691428571428571,pullback_lowvol,screen,"{""surge_pct"": 0.15, ""vol_frac"": 0.3, ""hold_pct"": 0.85}",True,"{""stop_pct"": null, ""target_pct"": 0.15, ""max_hold_days"": 10}"
3377,0.38673378738525316,-0.8891800469522273,-0.9028568200975557,0.842617256457754,-0.005503082144685661,-1.7089966571588369,0.9754219721646432,2319,0.3691246226821906,-0.9531906125960139,-0.954135237342528,0.6860483855462615,-0.012608437320085063,-5.2556608415187736,0.9771453212591634,pullback_lowvol,screen,"{""surge_pct"": 0.15, ""vol_frac"": 0.3, ""hold_pct"": 0.85}",True,"{""stop_pct"": null, ""target_pct"": 0.4, ""max_hold_days"": 1}"
1535,0.41042345276872966,-0.006197570773514016,-0.4502013333408591,0.9991398628232004,0.0027863095763500084,0.2582269414548951,2.829967426710098,852,0.3908450704225352,-0.5400309695415586,-0.6163957796020183,0.8707433752337399,-0.006905488972576554,-1.17377089424996,2.8427230046948355,pullback_lowvol,screen,"{""surge_pct"": 0.15, ""vol_frac"": 0.3, ""hold_pct"": 0.85}",True,"{""stop_pct"": null, ""target_pct"": 0.4, ""max_hold_days"": 3}"
989,0.4287158746208291,0.15342485189293487,-0.5139499344429357,1.0273399495427156,0.009864324345036877,0.40360625399308553,4.560161779575329,534,0.4307116104868914,0.3761217610735492,-0.4139408634224081,1.0868434060324434,0.014927001453659937,0.8700967620538631,4.533707865168539,pullback_lowvol,screen,"{""surge_pct"": 0.15, ""vol_frac"": 0.3, ""hold_pct"": 0.85}",True,"{""stop_pct"": null, ""target_pct"": 0.4, ""max_hold_days"": 5}"
525,0.41904761904761906,0.052871886675027735,-0.5575644311955061,1.011151183580104,0.014271377769809513,0.28100687534868907,8.704761904761904,278,0.37050359712230213,-0.5266464746931409,-0.5384356865993356,0.7346862189681365,-0.026666225881819095,-1.3813305190338296,8.805755395683454,pullback_lowvol,screen,"{""surge_pct"": 0.15, ""vol_frac"": 0.3, ""hold_pct"": 0.85}",True,"{""stop_pct"": null, ""target_pct"": 0.4, ""max_hold_days"": 10}"
544,0.19669117647058823,-0.33308492315094385,-0.4541898270482153,0.8134554056817691,-0.0010003930703309679,-0.6518739888740894,0.25183823529411764,753,0.1952191235059761,-0.6475867440399588,-0.6977616591134086,0.6392879308691051,-0.01609132136734385,-2.700231807004004,0.2656042496679947,ross_5pillars,screen,"{""min_ret"": 0.2, ""min_rvol"": 10, ""max_price"": 10}",True,"{""stop_pct"": 0.05, ""target_pct"": null, ""max_hold_days"": 1}"
538,0.13197026022304834,-0.3325706859781292,-0.5742786313018792,0.8353202404061619,-0.0007371117676024157,-0.32142301593117084,0.570631970260223,742,0.12264150943396226,-0.732692350246982,-0.7647928225313758,0.6293947099698891,-0.019803052446006168,-2.3466683613588466,0.578167115902965,ross_5pillars,screen,"{""min_ret"": 0.2, ""min_rvol"": 10, ""max_price"": 10}",True,"{""stop_pct"": 0.05, ""target_pct"": null, ""max_hold_days"": 3}"
538,0.10780669144981413,-0.3024812351672581,-0.6046011923168836,0.8638420968374841,-0.0005731630560339553,-0.27076172517055414,0.8178438661710037,731,0.1012311901504788,-0.5206496787033024,-0.7386176807076336,0.7476962199172615,-0.010268318194911134,-0.4973158334584108,0.786593707250342,ross_5pillars,screen,"{""min_ret"": 0.2, ""min_rvol"": 10, ""max_price"": 10}",True,"{""stop_pct"": 0.05, ""target_pct"": null, ""max_hold_days"": 5}"
533,0.07692307692307693,-0.5078583453922781,-0.659579780321435,0.7169535757805409,-0.01221475225884513,-0.455539149234387,1.2682926829268293,693,0.06637806637806638,-0.8410760031020439,-0.9096855978194636,0.41576835692236136,-0.02428886234547922,-1.6115871232116827,1.155844155844156,ross_5pillars,screen,"{""min_ret"": 0.2, ""min_rvol"": 10, ""max_price"": 10}",True,"{""stop_pct"": 0.05, ""target_pct"": null, ""max_hold_days"": 10}"
557,0.21364452423698385,-0.6299517436377728,-0.6312550809088349,0.5679757457097999,-0.02207980430371169,-4.282677159396962,0.09874326750448834,761,0.21156373193166886,-0.7832745544776072,-0.7944616689313414,0.5449704913424064,-0.02270366861365166,-6.762107416295713,0.12220762155059132,ross_5pillars,screen,"{""min_ret"": 0.2, ""min_rvol"": 10, ""max_price"": 10}",True,"{""stop_pct"": 0.05, ""target_pct"": 0.15, ""max_hold_days"": 1}"
557,0.19389587073608616,-0.5906464340256747,-0.5924302652691735,0.6199968037404532,-0.020788460798935527,-3.3147776667015467,0.15080789946140036,760,0.19473684210526315,-0.7814274503660745,-0.7968131719802173,0.5873880556049216,-0.02283162559906483,-6.372058103646811,0.18947368421052632,ross_5pillars,screen,"{""min_ret"": 0.2, ""min_rvol"": 10, ""max_price"": 10}",True,"{""stop_pct"": 0.05, ""target_pct"": 0.15, ""max_hold_days"": 3}"
557,0.18850987432675045,-0.6012726282321725,-0.6022268431006511,0.612935822189744,-0.02137469441477949,-3.4062177162816836,0.17953321364452424,760,0.19210526315789472,-0.781141203682794,-0.7957088783447193,0.5893138533426698,-0.02276586147989442,-6.32180591270288,0.21578947368421053,ross_5pillars,screen,"{""min_ret"": 0.2, ""min_rvol"": 10, ""max_price"": 10}",True,"{""stop_pct"": 0.05, ""target_pct"": 0.15, ""max_hold_days"": 5}"
557,0.18850987432675045,-0.5964219476812883,-0.5981858720062032,0.6174782814389354,-0.021027052300161102,-3.367126811832741,0.21543985637342908,757,0.18626155878467635,-0.7899663237221622,-0.8039465809270362,0.5826632276769554,-0.0234249571637588,-6.443525539290515,0.24966974900924702,ross_5pillars,screen,"{""min_ret"": 0.2, ""min_rvol"": 10, ""max_price"": 10}",True,"{""stop_pct"": 0.05, ""target_pct"": 0.15, ""max_hold_days"": 10}"
554,0.1967509025270758,-0.5705119687523954,-0.5705119687523954,0.6240321867598512,-0.01793216629063324,-2.552383804879053,0.22021660649819494,761,0.19448094612352168,-0.7230645073309201,-0.7458498381749413,0.5941741440807056,-0.018816413265735715,-3.9825068646201043,0.2325886990801577,ross_5pillars,screen,"{""min_ret"": 0.2, ""min_rvol"": 10, ""max_price"": 10}",True,"{""stop_pct"": 0.05, ""target_pct"": 0.4, ""max_hold_days"": 1}"
553,0.1410488245931284,-0.5455361209577106,-0.5649773278159214,0.6779759686850891,-0.01674175948567527,-2.000161282071994,0.4321880650994575,756,0.12566137566137567,-0.7681302815894381,-0.7950592502946956,0.5945162460126958,-0.021199972298374312,-3.5532330775145415,0.4312169312169312,ross_5pillars,screen,"{""min_ret"": 0.2, ""min_rvol"": 10, ""max_price"": 10}",True,"{""stop_pct"": 0.05, ""target_pct"": 0.4, ""max_hold_days"": 3}"
553,0.12477396021699819,-0.5115024572556617,-0.5345873686196008,0.7061372976680894,-0.01676152874313125,-1.7237540642996922,0.5714285714285714,749,0.11348464619492657,-0.7925534872677268,-0.8130994734134436,0.5602135737021172,-0.022872864340288134,-3.7470491297688437,0.540720961281709,ross_5pillars,screen,"{""min_ret"": 0.2, ""min_rvol"": 10, ""max_price"": 10}",True,"{""stop_pct"": 0.05, ""target_pct"": 0.4, ""max_hold_days"": 5}"
553,0.10126582278481013,-0.565843608093572,-0.5752588980692539,0.6626079028144451,-0.018461635460979276,-1.9015494211296862,0.759493670886076,732,0.0942622950819672,-0.8227578975595413,-0.8389916952661451,0.5220908978012436,-0.025113145454059387,-4.042659602155844,0.73224043715847,ross_5pillars,screen,"{""min_ret"": 0.2, ""min_rvol"": 10, ""max_price"": 10}",True,"{""stop_pct"": 0.05, ""target_pct"": 0.4, ""max_hold_days"": 10}"
541,0.2754158964879852,-0.22044549914668765,-0.5922464449433914,0.9298719903246534,0.004377058658889342,0.175887703891934,0.4898336414048059,750,0.2853333333333333,-0.6830430765801654,-0.7956623274985929,0.7023265669038463,-0.016368920664562817,-1.5429948590839784,0.5,ross_5pillars,screen,"{""min_ret"": 0.2, ""min_rvol"": 10, ""max_price"": 10}",True,"{""stop_pct"": 0.1, ""target_pct"": null, ""max_hold_days"": 1}"
530,0.23018867924528302,0.13402894260723142,-0.591265861496357,1.0304308451703463,0.014173358504306613,0.39694720472821626,1.1867924528301887,721,0.21081830790568654,-0.7958521814888032,-0.844020248254911,0.6848332690188685,-0.023627167167012,-1.7326862320052656,1.145631067961165,ross_5pillars,screen,"{""min_ret"": 0.2, ""min_rvol"": 10, ""max_price"": 10}",True,"{""stop_pct"": 0.1, ""target_pct"": null, ""max_hold_days"": 3}"
523,0.20267686424474188,0.13065518281698907,-0.6541349068423157,1.02687941776409,0.01839553869893718,0.42169713645633156,1.7074569789674952,680,0.18235294117647058,-0.7245410350337678,-0.8440707139706416,0.7164208506506382,-0.02020923385773621,-0.739030257935065,1.6455882352941176,ross_5pillars,screen,"{""min_ret"": 0.2, ""min_rvol"": 10, ""max_price"": 10}",True,"{""stop_pct"": 0.1, ""target_pct"": null, ""max_hold_days"": 5}"
508,0.16141732283464566,-0.3323579651867854,-0.7485723327396308,0.914251543645649,0.006975667905403038,0.20066510568497878,2.75,584,0.1284246575342466,-0.888329767550042,-0.9308107625415287,0.5180438644772244,-0.036066942493838294,-1.5512119542842944,2.518835616438356,ross_5pillars,screen,"{""min_ret"": 0.2, ""min_rvol"": 10, ""max_price"": 10}",True,"{""stop_pct"": 0.1, ""target_pct"": null, ""max_hold_days"": 10}"
557,0.3087971274685817,-0.733297099512338,-0.7381403807386646,0.6298720174104501,-0.029614571344878302,-2.914828838815374,0.29084380610412924,761,0.32063074901445465,-0.852206228712864,-0.8612749617590556,0.6131074506086633,-0.02727406147396287,-5.338419745974391,0.28777923784494086,ross_5pillars,screen,"{""min_ret"": 0.2, ""min_rvol"": 10, ""max_price"": 10}",True,"{""stop_pct"": 0.1, ""target_pct"": 0.15, ""max_hold_days"": 1}"
555,0.31351351351351353,-0.6125472524210803,-0.627554469576803,0.7395681999205121,-0.02438284707503341,-1.7403920588893744,0.5225225225225225,755,0.3152317880794702,-0.872874233181748,-0.8781622568407742,0.6492732685813087,-0.0298421757897243,-4.973370245879259,0.5059602649006623,ross_5pillars,screen,"{""min_ret"": 0.2, ""min_rvol"": 10, ""max_price"": 10}",True,"{""stop_pct"": 0.1, ""target_pct"": 0.15, ""max_hold_days"": 3}"
555,0.31351351351351353,-0.62880996169923,-0.6415858563023571,0.736184827309838,-0.025011958731529352,-1.8044797388404463,0.6252252252252253,750,0.31733333333333336,-0.8693819200429217,-0.8748152127136128,0.6577106629950724,-0.029648378361632817,-4.899492181232237,0.6093333333333333,ross_5pillars,screen,"{""min_ret"": 0.2, ""min_rvol"": 10, ""max_price"": 10}",True,"{""stop_pct"": 0.1, ""target_pct"": 0.15, ""max_hold_days"": 5}"
554,0.315884476534296,-0.6203005200860197,-0.6357206711098702,0.7438001245105949,-0.023653838780060815,-1.7595931278124437,0.7635379061371841,745,0.31409395973154364,-0.8808934653359469,-0.885847914689622,0.6466534656671367,-0.031107244049261084,-5.072569928273474,0.7194630872483222,ross_5pillars,screen,"{""min_ret"": 0.2, ""min_rvol"": 10, ""max_price"": 10}",True,"{""stop_pct"": 0.1, ""target_pct"": 0.15, ""max_hold_days"": 10}"
553,0.27848101265822783,-0.703725594876898,-0.7081711956266458,0.6508714780889028,-0.026863791560946735,-2.27949139144784,0.45027124773960214,761,0.2890932982917214,-0.7804413636314099,-0.8122984822386305,0.6659755916731626,-0.02116650753364095,-3.227908969064189,0.44940867279894875,ross_5pillars,screen,"{""min_ret"": 0.2, ""min_rvol"": 10, ""max_price"": 10}",True,"{""stop_pct"": 0.1, ""target_pct"": 0.4, ""max_hold_days"": 1}"
550,0.24181818181818182,-0.5022153070876143,-0.5706271138212535,0.8230417412846233,-0.018472928709023888,-0.8964646234758331,0.9927272727272727,746,0.22654155495978553,-0.8115567128436829,-0.828874373760877,0.7109319593390131,-0.024129721644486304,-2.6809418269428944,0.9061662198391421,ross_5pillars,screen,"{""min_ret"": 0.2, ""min_rvol"": 10, ""max_price"": 10}",True,"{""stop_pct"": 0.1, ""target_pct"": 0.4, ""max_hold_days"": 3}"
545,0.22568807339449543,-0.47318408539988377,-0.5662272261890134,0.839808048113338,-0.018671210637151117,-0.7539266243329492,1.3412844036697247,729,0.2112482853223594,-0.8277015683225396,-0.8425441877716344,0.6951820876930392,-0.025750883472246393,-2.777343068789992,1.2002743484224965,ross_5pillars,screen,"{""min_ret"": 0.2, ""min_rvol"": 10, ""max_price"": 10}",True,"{""stop_pct"": 0.1, ""target_pct"": 0.4, ""max_hold_days"": 5}"
540,0.1925925925925926,-0.5975398407831507,-0.6154438073741992,0.7809354098577235,-0.02075841006867898,-1.1052824198724407,1.8537037037037036,679,0.1796759941089838,-0.8639280482045253,-0.8745235916219218,0.6559778571847626,-0.031578212410499795,-3.1563211813862404,1.6450662739322532,ross_5pillars,screen,"{""min_ret"": 0.2, ""min_rvol"": 10, ""max_price"": 10}",True,"{""stop_pct"": 0.1, ""target_pct"": 0.4, ""max_hold_days"": 10}"
537,0.3221601489757914,-0.27021343030972755,-0.6218952414797843,0.9213817826669249,0.001542451831531537,0.1632092652286987,0.8342644320297952,747,0.3614457831325301,-0.45096233742181446,-0.6830073724778375,0.8566125304280185,-0.007866939971649395,-0.3871467229569391,0.8406961178045516,ross_5pillars,screen,"{""min_ret"": 0.2, ""min_rvol"": 10, ""max_price"": 10}",True,"{""stop_pct"": 0.2, ""target_pct"": null, ""max_hold_days"": 1}"
514,0.32684824902723736,0.16999861129968385,-0.6306484642382879,1.0264652262028402,0.024386274182040667,0.4399718926828943,2.1828793774319064,672,0.31101190476190477,-0.8346597382152934,-0.8455962052689918,0.7066342042209449,-0.025392432628892885,-1.3681183238334724,2.1651785714285716,ross_5pillars,screen,"{""min_ret"": 0.2, ""min_rvol"": 10, ""max_price"": 10}",True,"{""stop_pct"": 0.2, ""target_pct"": null, ""max_hold_days"": 3}"
492,0.29878048780487804,-0.1025652489512745,-0.74246243343436,0.9843934520162877,0.022338791873314657,0.3490631763523065,3.3597560975609757,558,0.27598566308243727,-0.706080301564064,-0.8290764927439004,0.7361350811250467,-0.019737288282865643,-0.4465602286224615,3.274193548387097,ross_5pillars,screen,"{""min_ret"": 0.2, ""min_rvol"": 10, ""max_price"": 10}",True,"{""stop_pct"": 0.2, ""target_pct"": null, ""max_hold_days"": 5}"
438,0.24429223744292236,-0.4441479714277491,-0.8226156579276409,0.9118819846490053,0.013044534932263728,0.16737084252957135,5.689497716894977,398,0.2135678391959799,-0.939197658078032,-0.9549088553707882,0.43221566207890894,-0.05714625803348906,-2.352874125868916,5.396984924623116,ross_5pillars,screen,"{""min_ret"": 0.2, ""min_rvol"": 10, ""max_price"": 10}",True,"{""stop_pct"": 0.2, ""target_pct"": null, ""max_hold_days"": 10}"
556,0.37410071942446044,-0.7337490226230738,-0.7419032792288689,0.6772230516267822,-0.03012603913232656,-2.5543653092265015,0.5971223021582733,761,0.42706964520367935,-0.6642934596871044,-0.6871124814829915,0.7776929240741122,-0.016185972518927217,-2.3029819648596326,0.5597897503285151,ross_5pillars,screen,"{""min_ret"": 0.2, ""min_rvol"": 10, ""max_price"": 10}",True,"{""stop_pct"": 0.2, ""target_pct"": 0.15, ""max_hold_days"": 1}"
550,0.4509090909090909,-0.47461418756890716,-0.6152233179040819,0.8615453660533426,-0.019205275402094806,-0.862782039667343,1.2654545454545454,738,0.47696476964769646,-0.6175549963876555,-0.6320695521519102,0.8392587791423328,-0.014322802705693716,-1.3969644461868664,1.1951219512195121,ross_5pillars,screen,"{""min_ret"": 0.2, ""min_rvol"": 10, ""max_price"": 10}",True,"{""stop_pct"": 0.2, ""target_pct"": 0.15, ""max_hold_days"": 3}"
545,0.45688073394495415,-0.5980704962518804,-0.698721349308776,0.8268931829789302,-0.023690324624740845,-1.206027250575555,1.7119266055045872,713,0.49228611500701264,-0.5530573760077597,-0.5670959980605532,0.870129821765463,-0.01211684792775156,-0.966431699100086,1.5666199158485274,ross_5pillars,screen,"{""min_ret"": 0.2, ""min_rvol"": 10, ""max_price"": 10}",True,"{""stop_pct"": 0.2, ""target_pct"": 0.15, ""max_hold_days"": 5}"
537,0.47113594040968343,-0.6128085505902039,-0.7090963919425441,0.822809138556922,-0.0211049338611523,-1.2737644645414872,2.387337057728119,655,0.5083969465648855,-0.5547341452527416,-0.5691697159408139,0.8628940603399179,-0.012990444469054495,-0.9972445529905127,2.1282442748091603,ross_5pillars,screen,"{""min_ret"": 0.2, ""min_rvol"": 10, ""max_price"": 10}",True,"{""stop_pct"": 0.2, ""target_pct"": 0.15, ""max_hold_days"": 10}"
550,0.32727272727272727,-0.7375577760577257,-0.7415043808049508,0.6600651842437361,-0.02928291912806361,-2.176383356228233,0.7872727272727272,761,0.3692509855453351,-0.6156318836530978,-0.710394970328162,0.7910279131211716,-0.012891501872412075,-1.486136099923541,0.7752956636005256,ross_5pillars,screen,"{""min_ret"": 0.2, ""min_rvol"": 10, ""max_price"": 10}",True,"{""stop_pct"": 0.2, ""target_pct"": 0.4, ""max_hold_days"": 1}"
540,0.3425925925925926,-0.577811455151533,-0.6633618156344453,0.8397810274354953,-0.01993995384429053,-0.8637190638851386,1.9166666666666667,714,0.34593837535014005,-0.5344791645300839,-0.599229885910499,0.8763058962325742,-0.009879928124345821,-0.6708832333702555,1.8025210084033614,ross_5pillars,screen,"{""min_ret"": 0.2, ""min_rvol"": 10, ""max_price"": 10}",True,"{""stop_pct"": 0.2, ""target_pct"": 0.4, ""max_hold_days"": 3}"
522,0.3371647509578544,-0.5002618923433412,-0.650674023762804,0.8732395703797675,-0.01703567910294702,-0.6147848452809268,2.7835249042145596,632,0.3275316455696203,-0.7139285992591059,-0.7604797302834793,0.7960826680722745,-0.017935991692620955,-1.2298794319633395,2.5712025316455698,ross_5pillars,screen,"{""min_ret"": 0.2, ""min_rvol"": 10, ""max_price"": 10}",True,"{""stop_pct"": 0.2, ""target_pct"": 0.4, ""max_hold_days"": 5}"
488,0.29508196721311475,-0.6914063368765919,-0.7225881502164418,0.8033951244738908,-0.022406548916453817,-1.1500955440266116,4.293032786885246,511,0.32289628180039137,-0.6374996343775774,-0.6655009537070429,0.8416618152801809,-0.01540335333313135,-1.0374258979484565,3.7338551859099804,ross_5pillars,screen,"{""min_ret"": 0.2, ""min_rvol"": 10, ""max_price"": 10}",True,"{""stop_pct"": 0.2, ""target_pct"": 0.4, ""max_hold_days"": 10}"
534,0.3352059925093633,-0.1273377519093125,-0.6217152632086806,0.9666585129580781,0.011377723027797233,0.25415469252110073,0.99812734082397,739,0.37889039242219213,-0.24257350344950857,-0.6411366488331565,0.9311970536215624,-0.004195970272413379,0.04676400407804171,0.9945872801082544,ross_5pillars,screen,"{""min_ret"": 0.2, ""min_rvol"": 10, ""max_price"": 10}",True,"{""stop_pct"": null, ""target_pct"": null, ""max_hold_days"": 1}"
501,0.3592814371257485,0.5807731373440315,-0.5783808597168496,1.0745410712630648,0.03897310839003646,0.5841155656061133,2.9820359281437128,618,0.36245954692556637,-0.13068780972718175,-0.5390413217286141,0.9754118477955794,0.0007135653002984514,0.47503564410606464,2.969255663430421,ross_5pillars,screen,"{""min_ret"": 0.2, ""min_rvol"": 10, ""max_price"": 10}",True,"{""stop_pct"": null, ""target_pct"": null, ""max_hold_days"": 3}"
460,0.34130434782608693,0.29013283606758566,-0.6638257929130721,1.0387064453263126,0.03578838277904847,0.5125487700842859,4.9543478260869565,463,0.32397408207343414,-0.5989502268478843,-0.6525811850219143,0.849389963040295,-0.012008270362700321,-0.31609668574323624,4.920086393088553,ross_5pillars,screen,"{""min_ret"": 0.2, ""min_rvol"": 10, ""max_price"": 10}",True,"{""stop_pct"": null, ""target_pct"": null, ""max_hold_days"": 5}"
350,0.3028571428571429,0.09790381973624385,-0.7255115025143766,1.015017175681278,0.04503238717761213,0.45906401095481053,9.86,250,0.26,-0.9073137471510454,-0.9092795079345319,0.5767148813088435,-0.08277590984538218,-2.0065305889554725,9.752,ross_5pillars,screen,"{""min_ret"": 0.2, ""min_rvol"": 10, ""max_price"": 10}",True,"{""stop_pct"": null, ""target_pct"": null, ""max_hold_days"": 10}"
553,0.40325497287522605,-0.5830268147097974,-0.6736447335720022,0.7710806270338229,-0.02184831199720883,-1.6380570104147636,0.7359855334538878,758,0.46701846965699206,-0.26542671509563776,-0.42844206156294107,0.9276725320277311,-0.006388829954512769,-0.4334883431553918,0.6846965699208444,ross_5pillars,screen,"{""min_ret"": 0.2, ""min_rvol"": 10, ""max_price"": 10}",True,"{""stop_pct"": null, ""target_pct"": 0.15, ""max_hold_days"": 1}"
545,0.5064220183486239,0.05615000086340416,-0.46445890321695604,1.0126400668298783,-0.0054170653605461585,0.25884390047722194,1.8954128440366973,715,0.5552447552447553,0.13778060748052745,-0.29150489828594717,1.0222603855848171,0.0013792307922463364,0.511991729985971,1.7468531468531467,ross_5pillars,screen,"{""min_ret"": 0.2, ""min_rvol"": 10, ""max_price"": 10}",True,"{""stop_pct"": null, ""target_pct"": 0.15, ""max_hold_days"": 3}"
527,0.540796963946869,0.15470043399587463,-0.4317967036802791,1.0309924475346783,-0.005459477775969844,0.3863358412162756,2.888045540796964,619,0.5702746365105008,-0.004650273873110455,-0.33131795917956264,0.999217525867813,-0.002470017402817316,0.32360900966550965,2.6833602584814216,ross_5pillars,screen,"{""min_ret"": 0.2, ""min_rvol"": 10, ""max_price"": 10}",True,"{""stop_pct"": null, ""target_pct"": 0.15, ""max_hold_days"": 5}"
465,0.589247311827957,0.07987762260158604,-0.42612761355490547,1.0171513232618123,0.004424105811889679,0.2949948382942354,5.047311827956989,444,0.6463963963963963,0.3635536939314141,-0.2762507208034408,1.0685547618550066,0.00873242748124577,0.8179708045728191,4.542792792792793,ross_5pillars,screen,"{""min_ret"": 0.2, ""min_rvol"": 10, ""max_price"": 10}",True,"{""stop_pct"": null, ""target_pct"": 0.15, ""max_hold_days"": 10}"
547,0.34552102376599636,-0.6343140835756986,-0.6407473105614685,0.7280839791426473,-0.02263430393328879,-1.5279119984169074,0.9396709323583181,753,0.3904382470119522,-0.45215739016876566,-0.6468040970946074,0.869353442829844,-0.008983614813781035,-0.7374372226816279,0.9243027888446215,ross_5pillars,screen,"{""min_ret"": 0.2, ""min_rvol"": 10, ""max_price"": 10}",True,"{""stop_pct"": null, ""target_pct"": 0.4, ""max_hold_days"": 1}"
532,0.38533834586466165,-0.2554118228060063,-0.519255351566134,0.9444351508880909,-0.007135316230726033,-0.10417642491139391,2.669172932330827,669,0.4020926756352765,0.17849466300492622,-0.40152469322950834,1.0260036675900208,0.004636664531604697,0.6011000585897363,2.523168908819133,ross_5pillars,screen,"{""min_ret"": 0.2, ""min_rvol"": 10, ""max_price"": 10}",True,"{""stop_pct"": null, ""target_pct"": 0.4, ""max_hold_days"": 3}"
497,0.39436619718309857,0.1816206179035098,-0.434121204862282,1.030125994556806,6.830646468911301e-05,0.4197254894012295,4.249496981891348,525,0.3904761904761905,0.6740473700586476,-0.5918882929701325,1.0618500619748275,0.023194353593943846,0.8637438680212332,3.979047619047619,ross_5pillars,screen,"{""min_ret"": 0.2, ""min_rvol"": 10, ""max_price"": 10}",True,"{""stop_pct"": null, ""target_pct"": 0.4, ""max_hold_days"": 5}"
402,0.39303482587064675,1.0230084386881457,-0.5909278528370662,1.1788379246564449,0.033887283091278475,0.6751064552688741,7.875621890547263,314,0.40764331210191085,-0.25925721799133117,-0.5964190229195534,0.9507184301974965,-0.005667241682519348,-0.013791221773185633,7.3789808917197455,ross_5pillars,screen,"{""min_ret"": 0.2, ""min_rvol"": 10, ""max_price"": 10}",True,"{""stop_pct"": null, ""target_pct"": 0.4, ""max_hold_days"": 10}"
568,0.19190140845070422,-0.3927426647383905,-0.4926397539169681,0.7848528045542371,-0.002954320923703799,-0.8072799246591063,0.24647887323943662,776,0.19458762886597938,-0.6660926809846466,-0.7192369410419919,0.6379162474887511,-0.016306456466802198,-2.79932597342799,0.26417525773195877,ross_5pillars,screen,"{""min_ret"": 0.2, ""min_rvol"": 10, ""max_price"": 10}",False,"{""stop_pct"": 0.05, ""target_pct"": null, ""max_hold_days"": 1}"
562,0.12811387900355872,-0.37574429690366984,-0.5948792917819673,0.8192248499085205,-0.0025229843637697875,-0.3930809095964688,0.5569395017793595,762,0.12335958005249344,-0.7406708710608729,-0.7750454087856401,0.6387771051960986,-0.01979082594432197,-2.3848327210191256,0.5761154855643045,ross_5pillars,screen,"{""min_ret"": 0.2, ""min_rvol"": 10, ""max_price"": 10}",False,"{""stop_pct"": 0.05, ""target_pct"": null, ""max_hold_days"": 3}"
562,0.10498220640569395,-0.3400625178356952,-0.6198649691038363,0.8517622982828379,-0.0022065303251457657,-0.3313578454568941,0.797153024911032,746,0.1032171581769437,-0.5383213925280173,-0.7471630461005957,0.7421358293541739,-0.010607879710603325,-0.5392345994901834,0.7908847184986595,ross_5pillars,screen,"{""min_ret"": 0.2, ""min_rvol"": 10, ""max_price"": 10}",False,"{""stop_pct"": 0.05, ""target_pct"": null, ""max_hold_days"": 5}"
557,0.07540394973070018,-0.5409084307209329,-0.6774036045813498,0.7062005277548293,-0.013414815338450424,-0.5084099081386836,1.236983842010772,702,0.06837606837606838,-0.8436779791987133,-0.9122333092867241,0.41717085356943495,-0.024243414147633723,-1.6230450656038042,1.1737891737891737,ross_5pillars,screen,"{""min_ret"": 0.2, ""min_rvol"": 10, ""max_price"": 10}",False,"{""stop_pct"": 0.05, ""target_pct"": null, ""max_hold_days"": 10}"
581,0.2099827882960413,-0.6599772557054038,-0.6608748103526381,0.5570100226294462,-0.02252886643725987,-4.553883046246391,0.09466437177280551,784,0.21045918367346939,-0.7971942942426573,-0.8103585378567644,0.5459981790606305,-0.022883483137119916,-6.940159112335384,0.12244897959183673,ross_5pillars,screen,"{""min_ret"": 0.2, ""min_rvol"": 10, ""max_price"": 10}",False,"{""stop_pct"": 0.05, ""target_pct"": 0.15, ""max_hold_days"": 1}"
581,0.19104991394148021,-0.6231368783898203,-0.6247727555044396,0.6068969161217111,-0.021290865865555352,-3.5823257755601112,0.14457831325301204,780,0.19230769230769232,-0.7990910664092166,-0.8158225311386804,0.5867926809126383,-0.023346063169871825,-6.5864965801652575,0.191025641025641,ross_5pillars,screen,"{""min_ret"": 0.2, ""min_rvol"": 10, ""max_price"": 10}",False,"{""stop_pct"": 0.05, ""target_pct"": 0.15, ""max_hold_days"": 3}"
581,0.18588640275387264,-0.632966332663209,-0.6338364846826722,0.6003540881245435,-0.021852883290727623,-3.67461747944192,0.1721170395869191,779,0.18998716302952504,-0.798553917997108,-0.8145693839428498,0.5883144751534032,-0.023244048817431515,-6.554791843590197,0.21822849807445444,ross_5pillars,screen,"{""min_ret"": 0.2, ""min_rvol"": 10, ""max_price"": 10}",False,"{""stop_pct"": 0.05, ""target_pct"": 0.15, ""max_hold_days"": 5}"
581,0.18588640275387264,-0.6284681873397584,-0.6300897725796392,0.6046315043016143,-0.021519601607694155,-3.636889919095005,0.20654044750430292,774,0.1847545219638243,-0.8049162755280443,-0.8204259181817259,0.5837236931540942,-0.02384307686192939,-6.59508919086735,0.2558139534883721,ross_5pillars,screen,"{""min_ret"": 0.2, ""min_rvol"": 10, ""max_price"": 10}",False,"{""stop_pct"": 0.05, ""target_pct"": 0.15, ""max_hold_days"": 10}"
578,0.19204152249134948,-0.6139089905688544,-0.6139089905688544,0.602183279750051,-0.019149239756772532,-2.8276091832346633,0.21626297577854672,784,0.19387755102040816,-0.7376195158004313,-0.7641293308700419,0.5961381745136346,-0.018949407811037586,-4.0651054462451635,0.23214285714285715,ross_5pillars,screen,"{""min_ret"": 0.2, ""min_rvol"": 10, ""max_price"": 10}",False,"{""stop_pct"": 0.05, ""target_pct"": 0.4, ""max_hold_days"": 1}"
577,0.1369150779896014,-0.5838209783114789,-0.5990595893512632,0.6623190088562678,-0.017815501000081366,-2.2173563773357134,0.4246100519930676,776,0.12628865979381443,-0.770027219883535,-0.8040273925917774,0.6155167275067447,-0.020847902052311226,-3.533092909409638,0.43041237113402064,ross_5pillars,screen,"{""min_ret"": 0.2, ""min_rvol"": 10, ""max_price"": 10}",False,"{""stop_pct"": 0.05, ""target_pct"": 0.4, ""max_hold_days"": 3}"
577,0.12131715771230503,-0.548908211590719,-0.5674323164704049,0.6913937373754759,-0.017697932175935713,-1.9143941881761442,0.5580589254766031,764,0.11518324607329843,-0.7873657821495299,-0.8154016664617155,0.5855139978166047,-0.022280473277724876,-3.665370817878975,0.5418848167539267,ross_5pillars,screen,"{""min_ret"": 0.2, ""min_rvol"": 10, ""max_price"": 10}",False,"{""stop_pct"": 0.05, ""target_pct"": 0.4, ""max_hold_days"": 5}"
577,0.09878682842287695,-0.5994749456354216,-0.6056065428950408,0.6494490134457305,-0.01932732388298937,-2.083160666382544,0.7383015597920277,745,0.09664429530201342,-0.8145103778344271,-0.8376710549564791,0.5520288948539215,-0.024233084470057106,-3.911426922482711,0.7395973154362416,ross_5pillars,screen,"{""min_ret"": 0.2, ""min_rvol"": 10, ""max_price"": 10}",False,"{""stop_pct"": 0.05, ""target_pct"": 0.4, ""max_hold_days"": 10}"
565,0.27079646017699116,-0.28726122368563456,-0.6167491228720914,0.9096713237075454,0.0021737137233225645,0.1313237244803433,0.49734513274336284,773,0.2846054333764554,-0.7129215738408337,-0.8066715730655496,0.6934798817982322,-0.017185863596996115,-1.737359318381453,0.49935316946959896,ross_5pillars,screen,"{""min_ret"": 0.2, ""min_rvol"": 10, ""max_price"": 10}",False,"{""stop_pct"": 0.1, ""target_pct"": null, ""max_hold_days"": 1}"
553,0.2314647377938517,0.10421701968756425,-0.607049694249436,1.0224453615563363,0.012746908270679536,0.3840523201513006,1.2061482820976492,740,0.20810810810810812,-0.8268587485694736,-0.8502630666064153,0.6781466310612525,-0.024773180409870768,-2.1808058011943934,1.1324324324324324,ross_5pillars,screen,"{""min_ret"": 0.2, ""min_rvol"": 10, ""max_price"": 10}",False,"{""stop_pct"": 0.1, ""target_pct"": null, ""max_hold_days"": 3}"
544,0.20404411764705882,0.16460734219027606,-0.6559841659578285,1.031361872068876,0.018016180955858184,0.4352426608242037,1.7481617647058822,695,0.18273381294964028,-0.7403760338327704,-0.852186856171927,0.7115309966161621,-0.020977249849368197,-0.8667164439462162,1.6345323741007194,ross_5pillars,screen,"{""min_ret"": 0.2, ""min_rvol"": 10, ""max_price"": 10}",False,"{""stop_pct"": 0.1, ""target_pct"": null, ""max_hold_days"": 5}"
528,0.17045454545454544,-0.309091004542263,-0.7477001904456411,0.925741410414035,0.007616372113235484,0.21566902492468798,2.846590909090909,586,0.1348122866894198,-0.8649647606146634,-0.9164450375873272,0.547866772266329,-0.035149659064145605,-1.1994636898961952,2.539249146757679,ross_5pillars,screen,"{""min_ret"": 0.2, ""min_rvol"": 10, ""max_price"": 10}",False,"{""stop_pct"": 0.1, ""target_pct"": null, ""max_hold_days"": 10}"
581,0.306368330464716,-0.7501318429386089,-0.7542624350483076,0.6299003959812915,-0.029500167259900213,-3.025473109260864,0.2977624784853701,784,0.31887755102040816,-0.8682467932907477,-0.8780636323324589,0.6107182592240639,-0.02792048033115579,-5.627908320905498,0.29081632653061223,ross_5pillars,screen,"{""min_ret"": 0.2, ""min_rvol"": 10, ""max_price"": 10}",False,"{""stop_pct"": 0.1, ""target_pct"": 0.15, ""max_hold_days"": 1}"
579,0.3143350604490501,-0.6325361128673205,-0.6537946586512822,0.7408650234586969,-0.024310915062140896,-1.8348418569709246,0.540587219343696,771,0.3099870298313878,-0.8924880575472838,-0.8969602090988307,0.6448063967569193,-0.03139220508650816,-5.287258420514607,0.5149156939040207,ross_5pillars,screen,"{""min_ret"": 0.2, ""min_rvol"": 10, ""max_price"": 10}",False,"{""stop_pct"": 0.1, ""target_pct"": 0.15, ""max_hold_days"": 3}"
579,0.3143350604490501,-0.6394759512558309,-0.6606611980855768,0.7431947563926502,-0.024589444091792836,-1.8536974708409035,0.6493955094991365,765,0.3137254901960784,-0.8860461350750141,-0.8918273251852937,0.6555596924024536,-0.030863973800898704,-5.162517634433108,0.6196078431372549,ross_5pillars,screen,"{""min_ret"": 0.2, ""min_rvol"": 10, ""max_price"": 10}",False,"{""stop_pct"": 0.1, ""target_pct"": 0.15, ""max_hold_days"": 5}"
578,0.32006920415224915,-0.6222347310033747,-0.646393315518331,0.754597241355968,-0.023019381444799297,-1.7613618571817067,0.8062283737024222,759,0.31225296442687744,-0.8877715890345937,-0.8934652421633641,0.6519640108470376,-0.03142072123219018,-5.192985461125609,0.7325428194993412,ross_5pillars,screen,"{""min_ret"": 0.2, ""min_rvol"": 10, ""max_price"": 10}",False,"{""stop_pct"": 0.1, ""target_pct"": 0.15, ""max_hold_days"": 10}"
577,0.2738301559792028,-0.7356412593819643,-0.7396105457656676,0.6366075645773527,-0.027721866921985135,-2.4590889257268937,0.4592720970537262,784,0.288265306122449,-0.8008877336535677,-0.8272933038316,0.6625452563735569,-0.021831242723414086,-3.4173948048288922,0.4502551020408163,ross_5pillars,screen,"{""min_ret"": 0.2, ""min_rvol"": 10, ""max_price"": 10}",False,"{""stop_pct"": 0.1, ""target_pct"": 0.4, ""max_hold_days"": 1}"
573,0.2425828970331588,-0.5105012611756886,-0.5925185198780326,0.8299584868975941,-0.01835896827881366,-0.9208705256583625,1.0157068062827226,763,0.2254259501965924,-0.8177165297428202,-0.8354084086289097,0.7207727449743223,-0.02417635638088619,-2.731460598078104,0.9017038007863696,ross_5pillars,screen,"{""min_ret"": 0.2, ""min_rvol"": 10, ""max_price"": 10}",False,"{""stop_pct"": 0.1, ""target_pct"": 0.4, ""max_hold_days"": 3}"
566,0.22614840989399293,-0.44681158606956906,-0.5651248041947095,0.8605512650164656,-0.017604520586659234,-0.6840494636393231,1.3816254416961131,744,0.20967741935483872,-0.8425862949187803,-0.8580175334924571,0.702919603031378,-0.0267562332034738,-2.914839029085999,1.1989247311827957,ross_5pillars,screen,"{""min_ret"": 0.2, ""min_rvol"": 10, ""max_price"": 10}",False,"{""stop_pct"": 0.1, ""target_pct"": 0.4, ""max_hold_days"": 5}"
560,0.2,-0.5634252770848142,-0.5891752217166351,0.8103764095704955,-0.019014106562959914,-0.9860626635678864,1.9375,692,0.1777456647398844,-0.878673053532373,-0.8905171159028747,0.659238429344327,-0.032869564350369584,-3.3045646071996213,1.6445086705202312,ross_5pillars,screen,"{""min_ret"": 0.2, ""min_rvol"": 10, ""max_price"": 10}",False,"{""stop_pct"": 0.1, ""target_pct"": 0.4, ""max_hold_days"": 10}"
561,0.3155080213903743,-0.35267959297721174,-0.6521175525380012,0.8979251294204833,-0.00106989449415794,0.10555092488498848,0.8377896613190731,770,0.36233766233766235,-0.47506932405078917,-0.6925467162889376,0.8527117966809901,-0.008407689442270385,-0.4663402770856149,0.8415584415584415,ross_5pillars,screen,"{""min_ret"": 0.2, ""min_rvol"": 10, ""max_price"": 10}",False,"{""stop_pct"": 0.2, ""target_pct"": null, ""max_hold_days"": 1}"
535,0.32897196261682243,0.13950838043520308,-0.6493779044085314,1.0206363663650972,0.022753716201180347,0.4274157740935192,2.1981308411214955,687,0.31149927219796214,-0.8183108113997483,-0.830340207865036,0.7277743999631676,-0.022972024408902388,-1.412889026966587,2.1688500727802036,ross_5pillars,screen,"{""min_ret"": 0.2, ""min_rvol"": 10, ""max_price"": 10}",False,"{""stop_pct"": 0.2, ""target_pct"": null, ""max_hold_days"": 3}"
512,0.30078125,-0.08597909908606349,-0.751353638506131,0.9878140753234115,0.021719261718179804,0.35671690108774,3.400390625,566,0.2756183745583039,-0.8111123015195729,-0.8817924739518597,0.6868014575677358,-0.02629074470496377,-0.9491609068915228,3.2738515901060072,ross_5pillars,screen,"{""min_ret"": 0.2, ""min_rvol"": 10, ""max_price"": 10}",False,"{""stop_pct"": 0.2, ""target_pct"": null, ""max_hold_days"": 5}"
449,0.2561247216035635,-0.4296956453164825,-0.8221837429121193,0.9178927904019408,0.013900165199263804,0.17938094667620758,5.77728285077951,401,0.2144638403990025,-0.9455771204815586,-0.9608776671330059,0.42014556116155344,-0.06595890726067039,-2.4726707319752883,5.381546134663342,ross_5pillars,screen,"{""min_ret"": 0.2, ""min_rvol"": 10, ""max_price"": 10}",False,"{""stop_pct"": 0.2, ""target_pct"": null, ""max_hold_days"": 10}"
580,0.3689655172413793,-0.7579529842763506,-0.7650151375731006,0.6726918773642119,-0.030487975276640582,-2.7009578275629105,0.6017241379310345,784,0.4260204081632653,-0.6812681203003694,-0.7070895641196784,0.7780719011088144,-0.016438723548592746,-2.4297208641665597,0.5637755102040817,ross_5pillars,screen,"{""min_ret"": 0.2, ""min_rvol"": 10, ""max_price"": 10}",False,"{""stop_pct"": 0.2, ""target_pct"": 0.15, ""max_hold_days"": 1}"
573,0.450261780104712,-0.49987296516877056,-0.6433745051950293,0.8598607922013566,-0.019281422484314692,-0.9324139277792577,1.2897033158813263,752,0.4734042553191489,-0.6668793675192974,-0.6795219643651066,0.8299665438196483,-0.015767914815036588,-1.6280034478614596,1.2074468085106382,ross_5pillars,screen,"{""min_ret"": 0.2, ""min_rvol"": 10, ""max_price"": 10}",False,"{""stop_pct"": 0.2, ""target_pct"": 0.15, ""max_hold_days"": 3}"
566,0.45936395759717313,-0.5829664672014421,-0.7043669893144777,0.8409182358846805,-0.022066894405832444,-1.1400258921846753,1.7473498233215548,721,0.4895977808599168,-0.6278392046715849,-0.6395289036799601,0.8533230529932575,-0.014036783853446496,-1.2997074877441752,1.5839112343966713,ross_5pillars,screen,"{""min_ret"": 0.2, ""min_rvol"": 10, ""max_price"": 10}",False,"{""stop_pct"": 0.2, ""target_pct"": 0.15, ""max_hold_days"": 5}"
554,0.4747292418772563,-0.6203368893474654,-0.7289005251140939,0.8296716175097172,-0.020639618385793774,-1.2962524986768094,2.427797833935018,657,0.5068493150684932,-0.5641873083818117,-0.5785004795241002,0.8620048522317086,-0.013181157863278548,-1.029553593972751,2.1750380517503807,ross_5pillars,screen,"{""min_ret"": 0.2, ""min_rvol"": 10, ""max_price"": 10}",False,"{""stop_pct"": 0.2, ""target_pct"": 0.15, ""max_hold_days"": 10}"
574,0.3205574912891986,-0.7745231770165149,-0.7779140816700214,0.6420679579388752,-0.030547235130993076,-2.3854980690240337,0.7926829268292683,784,0.36989795918367346,-0.6360162056703831,-0.7193174737254846,0.7895003172196666,-0.013275190863050623,-1.6022225787696591,0.7780612244897959,ross_5pillars,screen,"{""min_ret"": 0.2, ""min_rvol"": 10, ""max_price"": 10}",False,"{""stop_pct"": 0.2, ""target_pct"": 0.4, ""max_hold_days"": 1}"
561,0.34402852049910876,-0.5819488911325407,-0.6792562477540696,0.8470108461289564,-0.019653511832539543,-0.8748305184850286,1.9376114081996434,728,0.3489010989010989,-0.5244506601660734,-0.5905410067440005,0.8851379699992338,-0.008778583387267221,-0.63375439639202,1.8131868131868132,ross_5pillars,screen,"{""min_ret"": 0.2, ""min_rvol"": 10, ""max_price"": 10}",False,"{""stop_pct"": 0.2, ""target_pct"": 0.4, ""max_hold_days"": 3}"
542,0.3376383763837638,-0.4843949494112937,-0.6663945686728612,0.886591929700127,-0.016474018938691822,-0.5738055586620807,2.8339483394833946,636,0.3238993710691824,-0.7778023924822246,-0.8007721965224471,0.7756158178527569,-0.02159004417599982,-1.574735042710716,2.588050314465409,ross_5pillars,screen,"{""min_ret"": 0.2, ""min_rvol"": 10, ""max_price"": 10}",False,"{""stop_pct"": 0.2, ""target_pct"": 0.4, ""max_hold_days"": 5}"
501,0.30538922155688625,-0.6742755371340506,-0.7285876015077877,0.8221849615982385,-0.020921064469341794,-1.069615668840025,4.367265469061876,501,0.31736526946107785,-0.6824795618247039,-0.7105906070711394,0.8247588108922622,-0.01954377436802823,-1.201121257230505,3.8882235528942117,ross_5pillars,screen,"{""min_ret"": 0.2, ""min_rvol"": 10, ""max_price"": 10}",False,"{""stop_pct"": 0.2, ""target_pct"": 0.4, ""max_hold_days"": 10}"
558,0.3279569892473118,-0.2257028301717332,-0.6532549837983863,0.9414050243003634,0.008258734582465309,0.19605736409708333,0.9982078853046595,761,0.3797634691195795,-0.2738938077721299,-0.6522585695980763,0.9241663181899445,-0.004979002253431914,-0.02532985056817396,0.9947437582128777,ross_5pillars,screen,"{""min_ret"": 0.2, ""min_rvol"": 10, ""max_price"": 10}",False,"{""stop_pct"": null, ""target_pct"": null, ""max_hold_days"": 1}"
521,0.362763915547025,0.5406006594592667,-0.6010279486287611,1.0657820929020878,0.037058345946428775,0.5715825522428315,2.9827255278310942,631,0.36608557844690964,-0.04349019730345405,-0.5387578699841389,0.9923533695683466,0.0027843326010486683,0.5207301238565262,2.969889064976228,ross_5pillars,screen,"{""min_ret"": 0.2, ""min_rvol"": 10, ""max_price"": 10}",False,"{""stop_pct"": null, ""target_pct"": null, ""max_hold_days"": 3}"
475,0.3494736842105263,0.4278025934045684,-0.6538022606599831,1.0521734628094759,0.03807983805447757,0.5558410934532696,4.95578947368421,466,0.3218884120171674,-0.6726227981507267,-0.7180814804226382,0.8292810041641698,-0.016264386822992506,-0.5584319461435008,4.920600858369099,ross_5pillars,screen,"{""min_ret"": 0.2, ""min_rvol"": 10, ""max_price"": 10}",False,"{""stop_pct"": null, ""target_pct"": null, ""max_hold_days"": 5}"
355,0.3183098591549296,0.2574872570396769,-0.7065889931031345,1.0368473871396446,0.04792315061224025,0.5186684492920594,9.861971830985915,250,0.26,-0.9015717158332919,-0.9036592579989688,0.5786907950285717,-0.08078884047410616,-2.1615408459946783,9.752,ross_5pillars,screen,"{""min_ret"": 0.2, ""min_rvol"": 10, ""max_price"": 10}",False,"{""stop_pct"": null, ""target_pct"": null, ""max_hold_days"": 10}"
577,0.3968804159445407,-0.6192940977483,-0.6962161002242813,0.7622072522490385,-0.02262372130399912,-1.7901532453217335,0.7383015597920277,781,0.4660691421254802,-0.30015644280065845,-0.43748060051615734,0.9210325938256522,-0.00691579413371502,-0.5344880584494227,0.6875800256081946,ross_5pillars,screen,"{""min_ret"": 0.2, ""min_rvol"": 10, ""max_price"": 10}",False,"{""stop_pct"": null, ""target_pct"": 0.15, ""max_hold_days"": 1}"
566,0.5070671378091873,0.004164179867789164,-0.4844051832172569,1.0008971218237308,-0.005725821003447716,0.18725104064323364,1.9063604240282686,727,0.5529573590096286,0.032501328941622054,-0.31895184142972877,1.005126570254802,0.0002975883291387645,0.35410622154085053,1.764786795048143,ross_5pillars,screen,"{""min_ret"": 0.2, ""min_rvol"": 10, ""max_price"": 10}",False,"{""stop_pct"": null, ""target_pct"": 0.15, ""max_hold_days"": 3}"
546,0.5402930402930403,0.15145622610819132,-0.4657417550161397,1.0282998978988724,-0.004513322657127855,0.3823984634356685,2.891941391941392,625,0.568,-0.12181735470727306,-0.4004363056840923,0.9798142569255578,-0.0038853958389139073,0.12078093187307985,2.6992,ross_5pillars,screen,"{""min_ret"": 0.2, ""min_rvol"": 10, ""max_price"": 10}",False,"{""stop_pct"": null, ""target_pct"": 0.15, ""max_hold_days"": 5}"
474,0.5907172995780591,0.06450614470329774,-0.46882623372110943,1.0132218297089748,0.005863813531658983,0.27611352211313756,5.050632911392405,447,0.6442953020134228,0.2993835821946593,-0.3182961456366882,1.054970298049978,0.00800339014784877,0.7384651065507277,4.565995525727069,ross_5pillars,screen,"{""min_ret"": 0.2, ""min_rvol"": 10, ""max_price"": 10}",False,"{""stop_pct"": null, ""target_pct"": 0.15, ""max_hold_days"": 10}"
571,0.3380035026269702,-0.6833331227277819,-0.6887017884188026,0.7069560960253016,-0.024252704818453666,-1.7349513282369273,0.9422066549912435,775,0.3909677419354839,-0.48267128368970835,-0.6581084118556509,0.8641049570063436,-0.00961659437203267,-0.8505922920448559,0.9264516129032258,ross_5pillars,screen,"{""min_ret"": 0.2, ""min_rvol"": 10, ""max_price"": 10}",False,"{""stop_pct"": null, ""target_pct"": 0.4, ""max_hold_days"": 1}"
552,0.38768115942028986,-0.25899829626577064,-0.5449925140683171,0.9468932489078409,-0.007084883333814305,-0.1113658167175569,2.677536231884058,676,0.40236686390532544,0.023957966494686067,-0.4015242662411811,1.0033880767009902,0.0032508029839479467,0.4306996601304206,2.5414201183431953,ross_5pillars,screen,"{""min_ret"": 0.2, ""min_rvol"": 10, ""max_price"": 10}",False,"{""stop_pct"": null, ""target_pct"": 0.4, ""max_hold_days"": 3}"
511,0.39921722113502933,0.263750611193033,-0.43450718927552956,1.0399884502866836,0.002732230690188474,0.4960275386705071,4.256360078277886,527,0.396584440227704,1.0132083757776216,-0.538481153090171,1.089653321211123,0.026964671899475122,0.9763714711616003,4.001897533206831,ross_5pillars,screen,"{""min_ret"": 0.2, ""min_rvol"": 10, ""max_price"": 10}",False,"{""stop_pct"": null, ""target_pct"": 0.4, ""max_hold_days"": 5}"
408,0.40441176470588236,1.1981415490878309,-0.5796500809940432,1.1940766551811013,0.03758175147015482,0.7128156558429934,7.865196078431373,317,0.4195583596214511,-0.17278350017285238,-0.5850712006606567,0.9681847221355255,-7.308422153447301e-05,0.11529984260253597,7.296529968454259,ross_5pillars,screen,"{""min_ret"": 0.2, ""min_rvol"": 10, ""max_price"": 10}",False,"{""stop_pct"": null, ""target_pct"": 0.4, ""max_hold_days"": 10}"
205,0.32682926829268294,0.22873298679988885,-0.19480598344859046,1.4285907817171295,0.01654761375074331,0.5848183257634029,0.47317073170731705,112,0.32142857142857145,-0.006436712562454039,-0.0664238721234226,0.9774073149475324,-0.006339924045187105,-0.0402754640430908,0.5267857142857143,toss_pullback_after_green,screen,"{""day2_max_ret"": -0.08, ""day2_vol_frac"": 0.5, ""base_adv"": 10000000.0}",False,"{""stop_pct"": 0.05, ""target_pct"": null, ""max_hold_days"": 1}"
203,0.26108374384236455,0.22607743468610075,-0.20241710886433995,1.3763240584582601,0.009287929953116305,0.5473285069337309,1.1477832512315271,112,0.25892857142857145,-0.058895087937754886,-0.09263010101842373,0.8222364723490179,-0.01248226742149275,-0.486495351227611,1.2142857142857142,toss_pullback_after_green,screen,"{""day2_max_ret"": -0.08, ""day2_vol_frac"": 0.5, ""base_adv"": 10000000.0}",False,"{""stop_pct"": 0.05, ""target_pct"": null, ""max_hold_days"": 3}"
202,0.19306930693069307,-0.0013123072928798996,-0.2278164051987659,0.997847934836331,0.004372008641719692,0.09559053451657104,1.6336633663366336,112,0.23214285714285715,-0.07486556719358739,-0.1288665594851055,0.7870719932028656,-0.015664515966377468,-0.6169140918107416,1.8035714285714286,toss_pullback_after_green,screen,"{""day2_max_ret"": -0.08, ""day2_vol_frac"": 0.5, ""base_adv"": 10000000.0}",False,"{""stop_pct"": 0.05, ""target_pct"": null, ""max_hold_days"": 5}"
201,0.17412935323383086,-0.04578756343075996,-0.24442185419529283,0.927748781635842,-0.0023133015750309406,-0.0056333711473145935,2.6218905472636815,112,0.16964285714285715,-0.10373569939864102,-0.17304788257270654,0.7287842204816583,-0.02056976291776213,-0.5699743575834879,2.8392857142857144,toss_pullback_after_green,screen,"{""day2_max_ret"": -0.08, ""day2_vol_frac"": 0.5, ""base_adv"": 10000000.0}",False,"{""stop_pct"": 0.05, ""target_pct"": null, ""max_hold_days"": 10}"
205,0.33658536585365856,0.12594457004179094,-0.17550501788036277,1.2359396109361855,0.006796558113795654,0.45111817440136337,0.35121951219512193,112,0.32142857142857145,0.015206290873745365,-0.05683119780446422,1.0525567155809907,-0.0038778688138076975,0.24898011397489944,0.3482142857142857,toss_pullback_after_green,screen,"{""day2_max_ret"": -0.08, ""day2_vol_frac"": 0.5, ""base_adv"": 10000000.0}",False,"{""stop_pct"": 0.05, ""target_pct"": 0.15, ""max_hold_days"": 1}"
205,0.28780487804878047,0.1153579500384021,-0.18595119314034603,1.1965892337080604,0.0045120810438220495,0.41780705110322597,0.6878048780487804,112,0.32142857142857145,0.038271587725703826,-0.05332754549272223,1.1184620895540318,-0.0009120454487668102,0.515097394750858,0.6607142857142857,toss_pullback_after_green,screen,"{""day2_max_ret"": -0.08, ""day2_vol_frac"": 0.5, ""base_adv"": 10000000.0}",False,"{""stop_pct"": 0.05, ""target_pct"": 0.15, ""max_hold_days"": 3}"
205,0.25853658536585367,0.10495624053284991,-0.19677402692081603,1.17624389558745,0.0033935774217305746,0.3881875280555848,0.8682926829268293,112,0.32142857142857145,0.04250356742828498,-0.05512823602290673,1.1299424629489272,-0.00011904559833857528,0.5549544149882263,0.8392857142857143,toss_pullback_after_green,screen,"{""day2_max_ret"": -0.08, ""day2_vol_frac"": 0.5, ""base_adv"": 10000000.0}",False,"{""stop_pct"": 0.05, ""target_pct"": 0.15, ""max_hold_days"": 5}"
205,0.25853658536585367,0.13880026787101452,-0.17817895812193407,1.2263272315502551,0.005154594459715988,0.47988864265862363,1.1560975609756097,112,0.32142857142857145,0.04554787216188516,-0.04497846935387695,1.136761969262651,0.00021342998574266466,0.5798857955612435,1.125,toss_pullback_after_green,screen,"{""day2_max_ret"": -0.08, ""day2_vol_frac"": 0.5, ""base_adv"": 10000000.0}",False,"{""stop_pct"": 0.05, ""target_pct"": 0.15, ""max_hold_days"": 10}"
205,0.32682926829268294,0.1380262167470907,-0.1883078370208856,1.2591306642259037,0.010740233426158137,0.4843473423446913,0.4585365853658537,112,0.32142857142857145,0.026993932368642115,-0.05479678636107199,1.0933900887738155,-0.0031422015060083236,0.3305970411341375,0.49107142857142855,toss_pullback_after_green,screen,"{""day2_max_ret"": -0.08, ""day2_vol_frac"": 0.5, ""base_adv"": 10000000.0}",False,"{""stop_pct"": 0.05, ""target_pct"": 0.4, ""max_hold_days"": 1}"
205,0.25853658536585367,0.22949546031165702,-0.19371350892975292,1.3656090706080168,0.012108172286968377,0.5458128008309493,1.024390243902439,112,0.25892857142857145,-0.00607896854672163,-0.0609250260509846,0.9822124131719885,-0.0056834556884065345,-0.0036573113516691564,1.0892857142857142,toss_pullback_after_green,screen,"{""day2_max_ret"": -0.08, ""day2_vol_frac"": 0.5, ""base_adv"": 10000000.0}",False,"{""stop_pct"": 0.05, ""target_pct"": 0.4, ""max_hold_days"": 3}"
204,0.19607843137254902,0.1550611095424934,-0.19896302866820614,1.2388890993130734,0.00772377760806529,0.41403404513723274,1.411764705882353,112,0.25,-0.03369640484034386,-0.0723359044731553,0.904789399970368,-0.009017788295334625,-0.2420186111556797,1.5982142857142858,toss_pullback_after_green,screen,"{""day2_max_ret"": -0.08, ""day2_vol_frac"": 0.5, ""base_adv"": 10000000.0}",False,"{""stop_pct"": 0.05, ""target_pct"": 0.4, ""max_hold_days"": 5}"
204,0.18627450980392157,0.2193025050404347,-0.18605619601795587,1.3171435507471816,0.011977047005590413,0.5252909241500499,2.0637254901960786,112,0.1875,-0.05630729711638671,-0.12296483057313812,0.8539956931309377,-0.013393219322899075,-0.3953216330357536,2.4285714285714284,toss_pullback_after_green,screen,"{""day2_max_ret"": -0.08, ""day2_vol_frac"": 0.5, ""base_adv"": 10000000.0}",False,"{""stop_pct"": 0.05, ""target_pct"": 0.4, ""max_hold_days"": 10}"
205,0.37073170731707317,0.14264809020491387,-0.194118411678464,1.1964680600773518,0.013779980270418437,0.4036498741827215,0.751219512195122,112,0.39285714285714285,-0.06301860876126952,-0.10403271715257845,0.8359893504586863,-0.010422919624540042,-0.6100763530865334,0.8125,toss_pullback_after_green,screen,"{""day2_max_ret"": -0.08, ""day2_vol_frac"": 0.5, ""base_adv"": 10000000.0}",False,"{""stop_pct"": 0.1, ""target_pct"": null, ""max_hold_days"": 1}"
203,0.3448275862068966,0.1741130407175553,-0.1618167807152976,1.191546771287251,0.019272609367291395,0.44048833012355565,1.9507389162561577,112,0.33035714285714285,-0.14463429556774432,-0.15662442439893176,0.6784064792848116,-0.019240937790899502,-0.9537555818046496,2.1607142857142856,toss_pullback_after_green,screen,"{""day2_max_ret"": -0.08, ""day2_vol_frac"": 0.5, ""base_adv"": 10000000.0}",False,"{""stop_pct"": 0.1, ""target_pct"": null, ""max_hold_days"": 3}"
202,0.29207920792079206,0.013216137921306492,-0.23432139332085555,1.013719721295505,0.01677111846696906,0.14927110343505492,2.900990099009901,112,0.29464285714285715,-0.1937778996594265,-0.20943381810158979,0.6086439114765483,-0.029211886476701976,-1.3432475676861177,3.232142857142857,toss_pullback_after_green,screen,"{""day2_max_ret"": -0.08, ""day2_vol_frac"": 0.5, ""base_adv"": 10000000.0}",False,"{""stop_pct"": 0.1, ""target_pct"": null, ""max_hold_days"": 5}"
199,0.2814070351758794,-0.0633567545840471,-0.27833520122852873,0.9377647254464692,0.007701309605409502,0.00903843374188686,4.919597989949748,112,0.2857142857142857,-0.11807878863211163,-0.20946051977936464,0.7945656159003159,-0.02555804434322603,-0.3718783936520059,5.455357142857143,toss_pullback_after_green,screen,"{""day2_max_ret"": -0.08, ""day2_vol_frac"": 0.5, ""base_adv"": 10000000.0}",False,"{""stop_pct"": 0.1, ""target_pct"": null, ""max_hold_days"": 10}"
205,0.3853658536585366,-0.006429857122238203,-0.2155308023757595,0.9908987529125773,0.0021469301949033053,0.06107829145747966,0.5951219512195122,112,0.39285714285714285,-0.032575052225139234,-0.09539561151946452,0.9168640793125342,-0.006007103551852791,-0.32524165639133645,0.5892857142857143,toss_pullback_after_green,screen,"{""day2_max_ret"": -0.08, ""day2_vol_frac"": 0.5, ""base_adv"": 10000000.0}",False,"{""stop_pct"": 0.1, ""target_pct"": 0.15, ""max_hold_days"": 1}"
205,0.3951219512195122,-0.006669737725053859,-0.22709169337523993,0.9918883785261009,0.004593920929811454,0.06461420092234374,1.351219512195122,112,0.41964285714285715,0.0021323903645833475,-0.0858151842450181,1.004880848229594,-0.0019681044124612262,0.07212790591976344,1.3928571428571428,toss_pullback_after_green,screen,"{""day2_max_ret"": -0.08, ""day2_vol_frac"": 0.5, ""base_adv"": 10000000.0}",False,"{""stop_pct"": 0.1, ""target_pct"": 0.15, ""max_hold_days"": 3}"
205,0.37073170731707317,-0.028298063798275597,-0.23458021442534394,0.966249986597232,0.002565978188290769,0.0004505557849737846,1.824390243902439,112,0.4017857142857143,-0.012911502815210252,-0.08999503422997723,0.9713728125297122,-0.004352978885529996,-0.07014805390156928,1.9464285714285714,toss_pullback_after_green,screen,"{""day2_max_ret"": -0.08, ""day2_vol_frac"": 0.5, ""base_adv"": 10000000.0}",False,"{""stop_pct"": 0.1, ""target_pct"": 0.15, ""max_hold_days"": 5}"
205,0.3804878048780488,-0.028645495087813222,-0.24188403943221704,0.9679476101935874,0.004546054844895109,7.889616023484819e-05,2.682926829268293,112,0.45535714285714285,0.20503944502025928,-0.08590341985891492,1.3979425149143558,0.013315261325473006,1.0038916188948885,2.9910714285714284,toss_pullback_after_green,screen,"{""day2_max_ret"": -0.08, ""day2_vol_frac"": 0.5, ""base_adv"": 10000000.0}",False,"{""stop_pct"": 0.1, ""target_pct"": 0.15, ""max_hold_days"": 10}"
205,0.37073170731707317,0.034579097599257036,-0.20829251556575434,1.0480328079126755,0.007793526893729395,0.18450728583450487,0.7268292682926829,112,0.39285714285714285,-0.030902839946430505,-0.0923614827936764,0.9207891803643655,-0.007225197085361261,-0.2325742061176459,0.7767857142857143,toss_pullback_after_green,screen,"{""day2_max_ret"": -0.08, ""day2_vol_frac"": 0.5, ""base_adv"": 10000000.0}",False,"{""stop_pct"": 0.1, ""target_pct"": 0.4, ""max_hold_days"": 1}"
205,0.3463414634146341,0.12212494900648796,-0.22376934953533056,1.1363901547067128,0.013671369459689808,0.3483869506560383,1.7804878048780488,112,0.3482142857142857,0.011271869538955093,-0.1112600502597334,1.023710258593221,-0.001429758265465732,0.14958539203185703,1.9732142857142858,toss_pullback_after_green,screen,"{""day2_max_ret"": -0.08, ""day2_vol_frac"": 0.5, ""base_adv"": 10000000.0}",False,"{""stop_pct"": 0.1, ""target_pct"": 0.4, ""max_hold_days"": 3}"
204,0.30392156862745096,0.09863975964545202,-0.23299386820493406,1.1026843328344005,0.012734190152372041,0.3052678349608597,2.5637254901960786,112,0.33035714285714285,-0.0445000134647171,-0.12215329379896844,0.9119639884312425,-0.009416822281823611,-0.22521310706994632,2.919642857142857,toss_pullback_after_green,screen,"{""day2_max_ret"": -0.08, ""day2_vol_frac"": 0.5, ""base_adv"": 10000000.0}",False,"{""stop_pct"": 0.1, ""target_pct"": 0.4, ""max_hold_days"": 5}"
204,0.3088235294117647,0.12072450385824318,-0.24931901070075912,1.1144648779375856,0.018218622527183658,0.34532423600499024,4.044117647058823,112,0.32142857142857145,0.1506389580216012,-0.12310225111649198,1.2412196324487168,0.00569637832222438,0.7467569409955098,4.785714285714286,toss_pullback_after_green,screen,"{""day2_max_ret"": -0.08, ""day2_vol_frac"": 0.5, ""base_adv"": 10000000.0}",False,"{""stop_pct"": 0.1, ""target_pct"": 0.4, ""max_hold_days"": 10}"
205,0.3853658536585366,0.07741925025500795,-0.2111734666226326,1.0976868290317505,0.012258551966161517,0.2728002324033321,0.9512195121951219,112,0.41964285714285715,-0.10733244097227523,-0.12243599186912046,0.7492093169318506,-0.015109747043168633,-1.0104290368883404,0.9553571428571429,toss_pullback_after_green,screen,"{""day2_max_ret"": -0.08, ""day2_vol_frac"": 0.5, ""base_adv"": 10000000.0}",False,"{""stop_pct"": 0.2, ""target_pct"": null, ""max_hold_days"": 1}"
203,0.3793103448275862,0.09891768180311367,-0.20508213801644914,1.0987049122622052,0.01930519964825889,0.3077791797977715,2.7241379310344827,112,0.3482142857142857,-0.17513388731667134,-0.18353089656193367,0.6486135074813689,-0.023711257307497523,-1.1255529414953138,2.705357142857143,toss_pullback_after_green,screen,"{""day2_max_ret"": -0.08, ""day2_vol_frac"": 0.5, ""base_adv"": 10000000.0}",False,"{""stop_pct"": 0.2, ""target_pct"": null, ""max_hold_days"": 3}"
202,0.3465346534653465,0.004506857719067225,-0.2761459211047086,1.0037418135939065,0.021314435625683487,0.14576739076666353,4.306930693069307,112,0.33035714285714285,-0.2318889184363122,-0.2318889184363122,0.5747484138216286,-0.0319732104962945,-1.4642059144431006,4.321428571428571,toss_pullback_after_green,screen,"{""day2_max_ret"": -0.08, ""day2_vol_frac"": 0.5, ""base_adv"": 10000000.0}",False,"{""stop_pct"": 0.2, ""target_pct"": null, ""max_hold_days"": 5}"
193,0.3626943005181347,-0.20635523245111775,-0.3818592728567223,0.8428786742647173,0.014694082562716572,-0.24700346687838043,7.94300518134715,110,0.35454545454545455,-0.21665184259442816,-0.26793188011405056,0.6854654692399714,-0.0367928275315168,-0.754446299376566,8.0,toss_pullback_after_green,screen,"{""day2_max_ret"": -0.08, ""day2_vol_frac"": 0.5, ""base_adv"": 10000000.0}",False,"{""stop_pct"": 0.2, ""target_pct"": null, ""max_hold_days"": 10}"
205,0.40487804878048783,-0.05279545333930935,-0.24605097288758548,0.9320840762976584,0.001525324655619442,-0.0760494502647778,0.7902439024390244,112,0.41964285714285715,-0.07859962243990926,-0.11472834627568262,0.8201760089254803,-0.010693930970481389,-0.7872150154420742,0.7321428571428571,toss_pullback_after_green,screen,"{""day2_max_ret"": -0.08, ""day2_vol_frac"": 0.5, ""base_adv"": 10000000.0}",False,"{""stop_pct"": 0.2, ""target_pct"": 0.15, ""max_hold_days"": 1}"
205,0.43414634146341463,-0.07173662510528378,-0.2647958661186315,0.9225375334463459,0.005360817206681382,-0.11296256235376129,2.053658536585366,112,0.44642857142857145,-0.010407519164752688,-0.09684956130688793,0.9788553834549129,-0.004285350116512692,-0.031039789339932008,1.875,toss_pullback_after_green,screen,"{""day2_max_ret"": -0.08, ""day2_vol_frac"": 0.5, ""base_adv"": 10000000.0}",False,"{""stop_pct"": 0.2, ""target_pct"": 0.15, ""max_hold_days"": 3}"
205,0.43902439024390244,-0.10310694809644683,-0.2677808113729412,0.8980923114814467,0.004060696532133358,-0.19538365414407086,3.053658536585366,112,0.45535714285714285,-0.0240771541460304,-0.09854288015518464,0.9534099277563205,-0.004236317594603441,-0.13432862140129492,2.7857142857142856,toss_pullback_after_green,screen,"{""day2_max_ret"": -0.08, ""day2_vol_frac"": 0.5, ""base_adv"": 10000000.0}",False,"{""stop_pct"": 0.2, ""target_pct"": 0.15, ""max_hold_days"": 5}"
205,0.4585365853658537,-0.20969263302153018,-0.36584938067684425,0.820562866758795,0.0034196124940695455,-0.5101952864485149,4.970731707317073,112,0.5446428571428571,0.20293681122271745,-0.09810665353448811,1.3311287231073003,0.014100170276970195,0.9525114548250944,4.6875,toss_pullback_after_green,screen,"{""day2_max_ret"": -0.08, ""day2_vol_frac"": 0.5, ""base_adv"": 10000000.0}",False,"{""stop_pct"": 0.2, ""target_pct"": 0.15, ""max_hold_days"": 10}"
205,0.3902439024390244,0.009966513753825401,-0.22450408203704908,1.01235543237901,0.008382302452006506,0.11479565368346886,0.9219512195121952,112,0.41964285714285715,-0.07678750862580985,-0.10877299992307621,0.8233597600961567,-0.011912024503989859,-0.6260448677294429,0.9196428571428571,toss_pullback_after_green,screen,"{""day2_max_ret"": -0.08, ""day2_vol_frac"": 0.5, ""base_adv"": 10000000.0}",False,"{""stop_pct"": 0.2, ""target_pct"": 0.4, ""max_hold_days"": 1}"
205,0.3853658536585366,0.07516498339251654,-0.25771322700664245,1.073872024318787,0.016810373122313958,0.2625871491946481,2.521951219512195,112,0.36607142857142855,-0.02364634495874629,-0.099011990987948,0.9551805110763514,-0.0059000777820637585,-0.07610067371433371,2.517857142857143,toss_pullback_after_green,screen,"{""day2_max_ret"": -0.08, ""day2_vol_frac"": 0.5, ""base_adv"": 10000000.0}",False,"{""stop_pct"": 0.2, ""target_pct"": 0.4, ""max_hold_days"": 3}"
204,0.37254901960784315,0.14117656916609644,-0.19626604549064397,1.114125694084118,0.022722478692400024,0.3712574675547917,3.892156862745098,112,0.36607142857142855,-0.08444662565674299,-0.12470789359549384,0.849153131160389,-0.012330034934314575,-0.4318385962220251,3.9910714285714284,toss_pullback_after_green,screen,"{""day2_max_ret"": -0.08, ""day2_vol_frac"": 0.5, ""base_adv"": 10000000.0}",False,"{""stop_pct"": 0.2, ""target_pct"": 0.4, ""max_hold_days"": 5}"
199,0.38190954773869346,0.01767133943783361,-0.2806490820773614,1.0122683418577594,0.027719051664954336,0.16667217418207408,6.668341708542713,111,0.38738738738738737,0.054357612944070155,-0.17484359903259417,1.073403419918966,-0.0026041094098994003,0.3363709125771039,7.252252252252252,toss_pullback_after_green,screen,"{""day2_max_ret"": -0.08, ""day2_vol_frac"": 0.5, ""base_adv"": 10000000.0}",False,"{""stop_pct"": 0.2, ""target_pct"": 0.4, ""max_hold_days"": 10}"
205,0.3853658536585366,0.07279212938141111,-0.20868734136734501,1.0911024601220756,0.012199961652229375,0.2638796999251973,0.9951219512195122,112,0.41964285714285715,-0.11316348208336191,-0.12776467993008267,0.7385170701299689,-0.015951206189314376,-1.0963277603299453,1.0,toss_pullback_after_green,screen,"{""day2_max_ret"": -0.08, ""day2_vol_frac"": 0.5, ""base_adv"": 10000000.0}",False,"{""stop_pct"": null, ""target_pct"": null, ""max_hold_days"": 1}"
203,0.3891625615763547,0.0875834192641256,-0.2172255521665678,1.083545849816464,0.018346354880149476,0.2886107776676625,2.9753694581280787,112,0.35714285714285715,-0.12861827722246144,-0.1770381173299711,0.7330459444147676,-0.01953047758795644,-0.7719725685197671,2.9642857142857144,toss_pullback_after_green,screen,"{""day2_max_ret"": -0.08, ""day2_vol_frac"": 0.5, ""base_adv"": 10000000.0}",False,"{""stop_pct"": null, ""target_pct"": null, ""max_hold_days"": 3}"
199,0.36683417085427134,-0.02972016775784858,-0.34582916621664583,0.977535875856618,0.020884203999402873,0.09522123740000168,4.899497487437186,112,0.33035714285714285,-0.2956230575017499,-0.2956230575017499,0.49805748917063175,-0.04188165385593492,-1.8809773219153214,4.892857142857143,toss_pullback_after_green,screen,"{""day2_max_ret"": -0.08, ""day2_vol_frac"": 0.5, ""base_adv"": 10000000.0}",False,"{""stop_pct"": null, ""target_pct"": null, ""max_hold_days"": 5}"
185,0.372972972972973,-0.2952472305310806,-0.45671253183868943,0.7796019799425777,0.005969602525417062,-0.44742666153033855,9.702702702702704,106,0.3490566037735849,-0.2988536506603686,-0.35428099002836355,0.5946447760007146,-0.04756568766290391,-1.058466985989013,9.69811320754717,toss_pullback_after_green,screen,"{""day2_max_ret"": -0.08, ""day2_vol_frac"": 0.5, ""base_adv"": 10000000.0}",False,"{""stop_pct"": null, ""target_pct"": null, ""max_hold_days"": 10}"
205,0.424390243902439,0.06777216148856713,-0.22310687919276617,1.0890785000489773,0.0075483598905809555,0.277291574819592,0.8146341463414634,112,0.42857142857142855,-0.04752222529702266,-0.08441416688643721,0.8871938166492316,-0.008064307046450926,-0.47768046695791594,0.7678571428571429,toss_pullback_after_green,screen,"{""day2_max_ret"": -0.08, ""day2_vol_frac"": 0.5, ""base_adv"": 10000000.0}",False,"{""stop_pct"": null, ""target_pct"": 0.15, ""max_hold_days"": 1}"
205,0.4585365853658537,0.026944315550966547,-0.252687196777419,1.0279265390488053,0.00987252518102633,0.1658313153802086,2.2536585365853656,112,0.4642857142857143,0.1455145286123789,-0.0668563425291232,1.3171974725191926,0.008598594606374011,0.8705473197855793,2.0982142857142856,toss_pullback_after_green,screen,"{""day2_max_ret"": -0.08, ""day2_vol_frac"": 0.5, ""base_adv"": 10000000.0}",False,"{""stop_pct"": null, ""target_pct"": 0.15, ""max_hold_days"": 3}"
205,0.4634146341463415,-0.06169216656768772,-0.3048211054078279,0.9436846755143614,0.006090068653229449,-0.06314417957632133,3.5073170731707317,112,0.49107142857142855,0.09807999729953698,-0.08334607985578224,1.185233152863703,0.003954046902267092,0.6242890121316685,3.232142857142857,toss_pullback_after_green,screen,"{""day2_max_ret"": -0.08, ""day2_vol_frac"": 0.5, ""base_adv"": 10000000.0}",False,"{""stop_pct"": null, ""target_pct"": 0.15, ""max_hold_days"": 5}"
202,0.504950495049505,-0.09996004103071654,-0.3446033616330665,0.9237744799154128,0.012768888902094417,-0.13570794413526202,6.356435643564357,112,0.5892857142857143,0.3852513544129581,-0.07667364114788489,1.6115093271179548,0.02502230424929156,1.4754860413035762,5.794642857142857,toss_pullback_after_green,screen,"{""day2_max_ret"": -0.08, ""day2_vol_frac"": 0.5, ""base_adv"": 10000000.0}",False,"{""stop_pct"": null, ""target_pct"": 0.15, ""max_hold_days"": 10}"
205,0.3951219512195122,0.04965384585885646,-0.1861205545929433,1.060003126709547,0.010607869024333602,0.22562205355170745,0.9609756097560975,112,0.41964285714285715,-0.08273551978171423,-0.10954052314755702,0.8117650108177584,-0.012753483650135592,-0.6950086442127907,0.9642857142857143,toss_pullback_after_green,screen,"{""day2_max_ret"": -0.08, ""day2_vol_frac"": 0.5, ""base_adv"": 10000000.0}",False,"{""stop_pct"": null, ""target_pct"": 0.4, ""max_hold_days"": 1}"
205,0.4,0.08104549370010772,-0.23100907206867072,1.0716200733098942,0.017030425234196244,0.27385698467824793,2.765853658536585,112,0.375,0.09121762594251881,-0.11660808384619958,1.1781631668591532,0.003858972762248697,0.5363364225579095,2.767857142857143,toss_pullback_after_green,screen,"{""day2_max_ret"": -0.08, ""day2_vol_frac"": 0.5, ""base_adv"": 10000000.0}",False,"{""stop_pct"": null, ""target_pct"": 0.4, ""max_hold_days"": 3}"
202,0.3910891089108911,0.14133903981876794,-0.24650646436553703,1.1010860978074204,0.023847662514755473,0.36813380958430614,4.435643564356436,112,0.375,-0.06134177168030264,-0.17849737482529648,0.8983686254247255,-0.012304156769000886,-0.195390716818537,4.517857142857143,toss_pullback_after_green,screen,"{""day2_max_ret"": -0.08, ""day2_vol_frac"": 0.5, ""base_adv"": 10000000.0}",False,"{""stop_pct"": null, ""target_pct"": 0.4, ""max_hold_days"": 5}"
194,0.4175257731958763,0.13426958397279964,-0.29561232193653497,1.0779206295129233,0.03814022893369096,0.35556572016788573,8.34020618556701,107,0.38317757009345793,0.006632037944910518,-0.24018281992807944,1.0080446902119502,-0.009662074989166563,0.15700703920775014,8.785046728971963,toss_pullback_after_green,screen,"{""day2_max_ret"": -0.08, ""day2_vol_frac"": 0.5, ""base_adv"": 10000000.0}",False,"{""stop_pct"": null, ""target_pct"": 0.4, ""max_hold_days"": 10}"
231,0.3203463203463203,0.20638975345950694,-0.2090060172799234,1.3643098620497471,0.011719360911572801,0.538264751384285,0.4805194805194805,120,0.325,-0.004421528670153885,-0.06734690673005694,0.9848356220416034,-0.006910804059944464,-0.015002481858100268,0.5333333333333333,toss_pullback_after_green,screen,"{""day2_max_ret"": -0.08, ""day2_vol_frac"": 0.7, ""base_adv"": 10000000.0}",False,"{""stop_pct"": 0.05, ""target_pct"": null, ""max_hold_days"": 1}"
229,0.2663755458515284,0.20477243643647602,-0.21159949584503712,1.3185610917505801,0.007446833983873348,0.5078763978924514,1.1615720524017468,120,0.25833333333333336,-0.07112057553776219,-0.0887581585309013,0.7980539886372734,-0.013859119447664681,-0.5975394965163453,1.2333333333333334,toss_pullback_after_green,screen,"{""day2_max_ret"": -0.08, ""day2_vol_frac"": 0.7, ""base_adv"": 10000000.0}",False,"{""stop_pct"": 0.05, ""target_pct"": null, ""max_hold_days"": 3}"
228,0.20175438596491227,-0.017845028274548924,-0.23760354757479607,0.9726381261368395,0.003837670927535922,0.05401261409375867,1.6710526315789473,120,0.23333333333333334,-0.08290807842677361,-0.12456230560121206,0.777650792832394,-0.01647686641585696,-0.6882626858982074,1.8166666666666667,toss_pullback_after_green,screen,"{""day2_max_ret"": -0.08, ""day2_vol_frac"": 0.7, ""base_adv"": 10000000.0}",False,"{""stop_pct"": 0.05, ""target_pct"": null, ""max_hold_days"": 5}"
227,0.18502202643171806,-0.07135922434318132,-0.2568709067149705,0.8947561992588209,-0.003959540625016272,-0.06873829853513384,2.7224669603524227,120,0.175,-0.1057403296811551,-0.17304788257270654,0.7387959028963634,-0.020545211303870263,-0.5807363592979746,2.8666666666666667,toss_pullback_after_green,screen,"{""day2_max_ret"": -0.08, ""day2_vol_frac"": 0.7, ""base_adv"": 10000000.0}",False,"{""stop_pct"": 0.05, ""target_pct"": null, ""max_hold_days"": 10}"
231,0.329004329004329,0.10302210103772169,-0.18914591660519642,1.1815412040821343,0.003641157706389928,0.38569792353587523,0.36796536796536794,120,0.325,0.017172623695513423,-0.058805853689898435,1.058016916993688,-0.004612885843990352,0.2762224731752531,0.36666666666666664,toss_pullback_after_green,screen,"{""day2_max_ret"": -0.08, ""day2_vol_frac"": 0.7, ""base_adv"": 10000000.0}",False,"{""stop_pct"": 0.05, ""target_pct"": 0.15, ""max_hold_days"": 1}"
231,0.29004329004329005,0.09347578235466347,-0.19641578147886618,1.1486652032650781,0.002780614790112585,0.3554648551150638,0.7229437229437229,120,0.31666666666666665,0.024720379021794914,-0.0657498326962177,1.0716331364977103,-0.003060245606453803,0.34519072997844663,0.7166666666666667,toss_pullback_after_green,screen,"{""day2_max_ret"": -0.08, ""day2_vol_frac"": 0.7, ""base_adv"": 10000000.0}",False,"{""stop_pct"": 0.05, ""target_pct"": 0.15, ""max_hold_days"": 3}"
231,0.2597402597402597,0.08563528168651224,-0.20938930153532043,1.1341351100931636,0.0019127329410568825,0.33281834542919,0.9264069264069265,120,0.31666666666666665,0.03837042416497938,-0.06241891028643731,1.1093668972496207,-0.0014518561370925004,0.4970130310507617,0.9,toss_pullback_after_green,screen,"{""day2_max_ret"": -0.08, ""day2_vol_frac"": 0.7, ""base_adv"": 10000000.0}",False,"{""stop_pct"": 0.05, ""target_pct"": 0.15, ""max_hold_days"": 5}"
231,0.2597402597402597,0.11687855877952891,-0.18626017768745473,1.1766300740284357,0.0030731822526380774,0.4186535235266648,1.2683982683982684,120,0.31666666666666665,0.038244388820321884,-0.05246309578769792,1.1073401960127385,-0.001410681431633363,0.4870514307170131,1.2083333333333333,toss_pullback_after_green,screen,"{""day2_max_ret"": -0.08, ""day2_vol_frac"": 0.7, ""base_adv"": 10000000.0}",False,"{""stop_pct"": 0.05, ""target_pct"": 0.15, ""max_hold_days"": 10}"
231,0.3203463203463203,0.11527686670359127,-0.20252775256260203,1.2038418269954407,0.006565625125685533,0.4199551631404145,0.4675324675324675,120,0.325,0.029216262878071664,-0.05563165067823639,1.0987898498602706,-0.0039262630233776,0.35351976895150694,0.5,toss_pullback_after_green,screen,"{""day2_max_ret"": -0.08, ""day2_vol_frac"": 0.7, ""base_adv"": 10000000.0}",False,"{""stop_pct"": 0.05, ""target_pct"": 0.4, ""max_hold_days"": 1}"
231,0.26406926406926406,0.2067018575888726,-0.20299455216696427,1.3086951281435304,0.009965586669493091,0.5071004209969838,1.051948051948052,120,0.25833333333333336,-0.018960971927819315,-0.07540213793262607,0.9477985454548024,-0.0075135618301175435,-0.12377025750569295,1.1166666666666667,toss_pullback_after_green,screen,"{""day2_max_ret"": -0.08, ""day2_vol_frac"": 0.7, ""base_adv"": 10000000.0}",False,"{""stop_pct"": 0.05, ""target_pct"": 0.4, ""max_hold_days"": 3}"
230,0.20434782608695654,0.13942639825556058,-0.2091538513601825,1.20137226534239,0.006488876027484054,0.38446826819009067,1.4652173913043478,120,0.25,-0.04233602116161206,-0.07983439127288283,0.8873550207629695,-0.010273253922883637,-0.3166811352978685,1.625,toss_pullback_after_green,screen,"{""day2_max_ret"": -0.08, ""day2_vol_frac"": 0.7, ""base_adv"": 10000000.0}",False,"{""stop_pct"": 0.05, ""target_pct"": 0.4, ""max_hold_days"": 5}"
230,0.1956521739130435,0.19255662642759264,-0.19836644824504934,1.2608838262356261,0.009739326707135175,0.47709291712884777,2.1956521739130435,120,0.19166666666666668,-0.05976840689987195,-0.12296483057313812,0.8536370641968912,-0.013847103948664756,-0.42248845189047507,2.4833333333333334,toss_pullback_after_green,screen,"{""day2_max_ret"": -0.08, ""day2_vol_frac"": 0.7, ""base_adv"": 10000000.0}",False,"{""stop_pct"": 0.05, ""target_pct"": 0.4, ""max_hold_days"": 10}"
231,0.3722943722943723,0.12007968811665193,-0.2090261589209711,1.1582883443985128,0.009426600466467637,0.3583937137930676,0.7619047619047619,120,0.4,-0.06238454452928388,-0.10485905395227035,0.8409685599095114,-0.01071670451721721,-0.5959872906332827,0.8083333333333333,toss_pullback_after_green,screen,"{""day2_max_ret"": -0.08, ""day2_vol_frac"": 0.7, ""base_adv"": 10000000.0}",False,"{""stop_pct"": 0.1, ""target_pct"": null, ""max_hold_days"": 1}"
229,0.3624454148471616,0.14942556312205402,-0.16750051597561944,1.1559164460882392,0.017124483746431128,0.3970870594451771,1.9912663755458515,120,0.3333333333333333,-0.1565143538853827,-0.1683379534425855,0.6670773312659962,-0.020439246793963407,-1.0368107152384909,2.158333333333333,toss_pullback_after_green,screen,"{""day2_max_ret"": -0.08, ""day2_vol_frac"": 0.7, ""base_adv"": 10000000.0}",False,"{""stop_pct"": 0.1, ""target_pct"": null, ""max_hold_days"": 3}"
228,0.30701754385964913,-0.013482149166601398,-0.24357914367827493,0.9867606189702842,0.014261252899912306,0.09546302493292727,2.973684210526316,120,0.2916666666666667,-0.20169526988952702,-0.2172022119100453,0.6092292829264873,-0.029514005457928903,-1.397857546244497,3.2416666666666667,toss_pullback_after_green,screen,"{""day2_max_ret"": -0.08, ""day2_vol_frac"": 0.7, ""base_adv"": 10000000.0}",False,"{""stop_pct"": 0.1, ""target_pct"": null, ""max_hold_days"": 5}"
225,0.28888888888888886,-0.0945643423907725,-0.2866434950879555,0.9120946808651026,0.005710273619881787,-0.05366763846330643,5.1066666666666665,120,0.2833333333333333,-0.1319381593464014,-0.22189095815744242,0.7832932865852444,-0.026799978473612186,-0.43179860487698635,5.508333333333334,toss_pullback_after_green,screen,"{""day2_max_ret"": -0.08, ""day2_vol_frac"": 0.7, ""base_adv"": 10000000.0}",False,"{""stop_pct"": 0.1, ""target_pct"": null, ""max_hold_days"": 10}"
231,0.3852813852813853,-0.028404183995521692,-0.22942572465042255,0.9616024119284853,-0.0003217709634179722,-0.006452319381078044,0.6190476190476191,120,0.4,-0.031925374550288876,-0.09949764194958988,0.9201658359930184,-0.006595276182709114,-0.31160246565774147,0.6,toss_pullback_after_green,screen,"{""day2_max_ret"": -0.08, ""day2_vol_frac"": 0.7, ""base_adv"": 10000000.0}",False,"{""stop_pct"": 0.1, ""target_pct"": 0.15, ""max_hold_days"": 1}"
231,0.4069264069264069,-0.03069724251705719,-0.23835699049869918,0.964712216773312,0.004102235133808689,-0.006139180813386865,1.4242424242424243,120,0.4166666666666667,-0.011669502401837839,-0.0930416202617047,0.9745797738058812,-0.004317935640754353,-0.060618944553359935,1.4416666666666667,toss_pullback_after_green,screen,"{""day2_max_ret"": -0.08, ""day2_vol_frac"": 0.7, ""base_adv"": 10000000.0}",False,"{""stop_pct"": 0.1, ""target_pct"": 0.15, ""max_hold_days"": 3}"
231,0.38095238095238093,-0.054593457620613295,-0.25148610583694553,0.9386309912675876,0.001698570717606274,-0.07817018118402856,1.948051948051948,120,0.39166666666666666,-0.017915674275019833,-0.09572603661945434,0.9623483998022464,-0.0057964537709068896,-0.11246921055450376,2.025,toss_pullback_after_green,screen,"{""day2_max_ret"": -0.08, ""day2_vol_frac"": 0.7, ""base_adv"": 10000000.0}",False,"{""stop_pct"": 0.1, ""target_pct"": 0.15, ""max_hold_days"": 5}"
231,0.38095238095238093,-0.05419675213659736,-0.2562787960198173,0.9429851908832262,0.0032226436394468924,-0.07557683705556541,2.935064935064935,120,0.44166666666666665,0.1818275002071259,-0.08706450441410774,1.3277181844896306,0.009218656646139346,0.9030200585883323,3.15,toss_pullback_after_green,screen,"{""day2_max_ret"": -0.08, ""day2_vol_frac"": 0.7, ""base_adv"": 10000000.0}",False,"{""stop_pct"": 0.1, ""target_pct"": 0.15, ""max_hold_days"": 10}"
231,0.3722943722943723,0.011461672294438507,-0.22321968625551092,1.015232478328059,0.004113947036938402,0.11683207524376507,0.7402597402597403,120,0.4,-0.030060819510409065,-0.09308752083330618,0.9245105811000712,-0.007732163480650353,-0.22186624206386604,0.775,toss_pullback_after_green,screen,"{""day2_max_ret"": -0.08, ""day2_vol_frac"": 0.7, ""base_adv"": 10000000.0}",False,"{""stop_pct"": 0.1, ""target_pct"": 0.4, ""max_hold_days"": 1}"
231,0.36363636363636365,0.09438789877724219,-0.23379847662600217,1.1000558127921407,0.01217228491605621,0.2981589434017303,1.8398268398268398,120,0.35,-0.0023555957387829674,-0.11818727322432776,0.9952657733777508,-0.003815479236891891,0.05652995640549406,1.9833333333333334,toss_pullback_after_green,screen,"{""day2_max_ret"": -0.08, ""day2_vol_frac"": 0.7, ""base_adv"": 10000000.0}",False,"{""stop_pct"": 0.1, ""target_pct"": 0.4, ""max_hold_days"": 3}"
230,0.3173913043478261,0.06822496949420098,-0.24684571588102655,1.0672448240662886,0.010376183262440667,0.24936487148132733,2.6652173913043478,120,0.325,-0.054154626684282725,-0.12788994090624317,0.8975697239825754,-0.011038612209375758,-0.28737075202281076,2.95,toss_pullback_after_green,screen,"{""day2_max_ret"": -0.08, ""day2_vol_frac"": 0.7, ""base_adv"": 10000000.0}",False,"{""stop_pct"": 0.1, ""target_pct"": 0.4, ""max_hold_days"": 5}"
230,0.3130434782608696,0.08573361822006165,-0.2641572779215129,1.0770959792918036,0.016084433075393464,0.28226011055654826,4.2956521739130435,120,0.31666666666666665,0.131232773869139,-0.12310225111649198,1.1976164872778357,0.002370816014141523,0.6664818616016132,4.883333333333334,toss_pullback_after_green,screen,"{""day2_max_ret"": -0.08, ""day2_vol_frac"": 0.7, ""base_adv"": 10000000.0}",False,"{""stop_pct"": 0.1, ""target_pct"": 0.4, ""max_hold_days"": 10}"
231,0.3939393939393939,0.07119043795997038,-0.21234481704418795,1.0873391708665041,0.009524392035621356,0.2604768102595271,0.9523809523809523,120,0.43333333333333335,-0.10498678644487347,-0.12254691136358742,0.7585293494199483,-0.014890265754972855,-0.972337654044066,0.95,toss_pullback_after_green,screen,"{""day2_max_ret"": -0.08, ""day2_vol_frac"": 0.7, ""base_adv"": 10000000.0}",False,"{""stop_pct"": 0.2, ""target_pct"": null, ""max_hold_days"": 1}"
229,0.40611353711790393,0.10233337738092207,-0.1916629830905826,1.098011340056183,0.019738283562337425,0.3137763785066815,2.7423580786026203,120,0.35833333333333334,-0.18563554913158908,-0.19392565308641152,0.6425140014600459,-0.024293645860924164,-1.189074856122964,2.7,toss_pullback_after_green,screen,"{""day2_max_ret"": -0.08, ""day2_vol_frac"": 0.7, ""base_adv"": 10000000.0}",False,"{""stop_pct"": 0.2, ""target_pct"": null, ""max_hold_days"": 3}"
225,0.37333333333333335,0.010577333075705075,-0.2720233902075987,1.0085624569883935,0.021896686460696757,0.1570818119158348,4.377777777777778,120,0.325,-0.24290620416338327,-0.24290620416338327,0.5732675562268043,-0.033174605326037325,-1.5368022779715755,4.325,toss_pullback_after_green,screen,"{""day2_max_ret"": -0.08, ""day2_vol_frac"": 0.7, ""base_adv"": 10000000.0}",False,"{""stop_pct"": 0.2, ""target_pct"": null, ""max_hold_days"": 5}"
214,0.37383177570093457,-0.21171825716755266,-0.3979165982050854,0.8430864703222857,0.02187278530671088,-0.2503297749600009,8.14018691588785,118,0.3474576271186441,-0.24021231009762556,-0.2899500172420221,0.6721246848204648,-0.03930047823829316,-0.8574202655438133,8.033898305084746,toss_pullback_after_green,screen,"{""day2_max_ret"": -0.08, ""day2_vol_frac"": 0.7, ""base_adv"": 10000000.0}",False,"{""stop_pct"": 0.2, ""target_pct"": null, ""max_hold_days"": 10}"
231,0.41125541125541126,-0.058142404979902196,-0.24663676462730033,0.9273640901367862,0.0005745646179412664,-0.09211251769003857,0.8051948051948052,120,0.43333333333333335,-0.07626834789697745,-0.11248772108197169,0.8281852302553049,-0.010768837420464757,-0.7467015231548825,0.7416666666666667,toss_pullback_after_green,screen,"{""day2_max_ret"": -0.08, ""day2_vol_frac"": 0.7, ""base_adv"": 10000000.0}",False,"{""stop_pct"": 0.2, ""target_pct"": 0.15, ""max_hold_days"": 1}"
231,0.45454545454545453,-0.0659517506394256,-0.2527727519334605,0.9318326272165874,0.007578329449729273,-0.0937915474819494,2.1082251082251084,120,0.45,-0.021038597276473725,-0.11086905979437855,0.9592382690779682,-0.005373390480531106,-0.11917173218372663,1.9166666666666667,toss_pullback_after_green,screen,"{""day2_max_ret"": -0.08, ""day2_vol_frac"": 0.7, ""base_adv"": 10000000.0}",False,"{""stop_pct"": 0.2, ""target_pct"": 0.15, ""max_hold_days"": 3}"
230,0.45652173913043476,-0.10827493679877775,-0.27120340839050383,0.8971001824418993,0.006366704576169175,-0.20723785387662688,3.152173913043478,120,0.45,-0.026743280320637552,-0.11058468731459703,0.9508761276767086,-0.004645063505913673,-0.14954668664854984,2.85,toss_pullback_after_green,screen,"{""day2_max_ret"": -0.08, ""day2_vol_frac"": 0.7, ""base_adv"": 10000000.0}",False,"{""stop_pct"": 0.2, ""target_pct"": 0.15, ""max_hold_days"": 5}"
230,0.4608695652173913,-0.2120154621069228,-0.3698751242082674,0.8273649604752766,0.005458524377554612,-0.5067800885478394,5.182608695652174,120,0.5333333333333333,0.16892310661747434,-0.1164927541219406,1.2528391287486942,0.01010420090032389,0.8140713012911334,4.816666666666666,toss_pullback_after_green,screen,"{""day2_max_ret"": -0.08, ""day2_vol_frac"": 0.7, ""base_adv"": 10000000.0}",False,"{""stop_pct"": 0.2, ""target_pct"": 0.15, ""max_hold_days"": 10}"
231,0.39826839826839827,0.003919868856216757,-0.2256909967356454,1.0047234759466483,0.006084430345570376,0.09770879076600443,0.9264069264069265,120,0.43333333333333335,-0.07426115320990312,-0.11089575920784656,0.8318191978796496,-0.011905724718405992,-0.5956432608417044,0.9166666666666666,toss_pullback_after_green,screen,"{""day2_max_ret"": -0.08, ""day2_vol_frac"": 0.7, ""base_adv"": 10000000.0}",False,"{""stop_pct"": 0.2, ""target_pct"": 0.4, ""max_hold_days"": 1}"
231,0.41125541125541126,0.07931125179995879,-0.24527443056986542,1.074806352608418,0.01752051037771895,0.27022080140327503,2.5627705627705626,120,0.375,-0.036258154739158055,-0.10760306852203683,0.9341545985139664,-0.0076698783038526485,-0.1557817366120692,2.525,toss_pullback_after_green,screen,"{""day2_max_ret"": -0.08, ""day2_vol_frac"": 0.7, ""base_adv"": 10000000.0}",False,"{""stop_pct"": 0.2, ""target_pct"": 0.4, ""max_hold_days"": 3}"
227,0.3964757709251101,0.15165099152244288,-0.1874312590515279,1.1197004516407374,0.022826307220015465,0.38706978264260655,3.995594713656388,120,0.35833333333333334,-0.09786087322429393,-0.12470789359549384,0.8331375329380433,-0.014840974801522723,-0.5079567876290035,4.016666666666667,toss_pullback_after_green,screen,"{""day2_max_ret"": -0.08, ""day2_vol_frac"": 0.7, ""base_adv"": 10000000.0}",False,"{""stop_pct"": 0.2, ""target_pct"": 0.4, ""max_hold_days"": 5}"
220,0.39545454545454545,0.05172772277999038,-0.25830824676061126,1.0350019207110528,0.031567750648866355,0.22572647048515776,6.972727272727273,119,0.37815126050420167,0.020892123163087417,-0.17484359903259417,1.0263274971348912,-0.00738908863992084,0.2039714878559807,7.336134453781512,toss_pullback_after_green,screen,"{""day2_max_ret"": -0.08, ""day2_vol_frac"": 0.7, ""base_adv"": 10000000.0}",False,"{""stop_pct"": 0.2, ""target_pct"": 0.4, ""max_hold_days"": 10}"
231,0.3939393939393939,0.06682904697917436,-0.2098198257439332,1.0813241522967059,0.00947239630247811,0.25206925602166386,0.9913419913419913,120,0.43333333333333335,-0.10899905388557163,-0.12366736963594682,0.7510624461808746,-0.014565844128781927,-1.0437760630996835,1.0,toss_pullback_after_green,screen,"{""day2_max_ret"": -0.08, ""day2_vol_frac"": 0.7, ""base_adv"": 10000000.0}",False,"{""stop_pct"": null, ""target_pct"": null, ""max_hold_days"": 1}"
229,0.4148471615720524,0.09203129908851104,-0.22115889147934342,1.0843082654308558,0.018888303265716416,0.2959913522261498,2.965065502183406,120,0.36666666666666664,-0.13777454531802114,-0.17442338923602263,0.7252908238034275,-0.019343679341870083,-0.8334988372805218,2.966666666666667,toss_pullback_after_green,screen,"{""day2_max_ret"": -0.08, ""day2_vol_frac"": 0.7, ""base_adv"": 10000000.0}",False,"{""stop_pct"": null, ""target_pct"": null, ""max_hold_days"": 3}"
223,0.3901345291479821,-0.037906509188135984,-0.3639916876385233,0.9723675688899026,0.020732702638609338,0.08180335630142259,4.887892376681615,120,0.3333333333333333,-0.29254869127918315,-0.29254869127918315,0.5204275552656658,-0.03388732910931776,-1.8528345226944087,4.9,toss_pullback_after_green,screen,"{""day2_max_ret"": -0.08, ""day2_vol_frac"": 0.7, ""base_adv"": 10000000.0}",False,"{""stop_pct"": null, ""target_pct"": null, ""max_hold_days"": 5}"
205,0.3902439024390244,-0.2730010178557153,-0.4665934501903415,0.8022162254095797,0.017385309456094202,-0.3877075519536096,9.731707317073171,112,0.3482142857142857,-0.3174252365913385,-0.37138444652106817,0.5905114143072364,-0.048263648831515224,-1.1458917150870152,9.714285714285714,toss_pullback_after_green,screen,"{""day2_max_ret"": -0.08, ""day2_vol_frac"": 0.7, ""base_adv"": 10000000.0}",False,"{""stop_pct"": null, ""target_pct"": null, ""max_hold_days"": 10}"
231,0.42857142857142855,0.06267494118429129,-0.2230603131885842,1.0798207765544585,0.005919682467149542,0.2629694687650468,0.8268398268398268,120,0.45,-0.04037499202682815,-0.07754150506915636,0.9051324806683884,-0.0054898016175669905,-0.39529599409127947,0.775,toss_pullback_after_green,screen,"{""day2_max_ret"": -0.08, ""day2_vol_frac"": 0.7, ""base_adv"": 10000000.0}",False,"{""stop_pct"": null, ""target_pct"": 0.15, ""max_hold_days"": 1}"
231,0.47619047619047616,0.03412638413052815,-0.24283906593714977,1.0338368698655684,0.011582226136918514,0.1841982903330904,2.2857142857142856,120,0.475,0.1384390797156767,-0.065192240228651,1.2871921692184518,0.009476344734632484,0.8313610628110369,2.125,toss_pullback_after_green,screen,"{""day2_max_ret"": -0.08, ""day2_vol_frac"": 0.7, ""base_adv"": 10000000.0}",False,"{""stop_pct"": null, ""target_pct"": 0.15, ""max_hold_days"": 3}"
230,0.4782608695652174,-0.0659510975825145,-0.30867119416454125,0.9420407646945732,0.008175492771059162,-0.07200824792945422,3.5565217391304347,120,0.49166666666666664,0.1009712067870645,-0.08172749654308575,1.1815961950549532,0.00582399683163483,0.6358409806132528,3.2666666666666666,toss_pullback_after_green,screen,"{""day2_max_ret"": -0.08, ""day2_vol_frac"": 0.7, ""base_adv"": 10000000.0}",False,"{""stop_pct"": null, ""target_pct"": 0.15, ""max_hold_days"": 5}"
228,0.5,-0.08508376787027261,-0.3343618363263836,0.9376864169357827,0.014852084682706648,-0.09893758958330277,6.447368421052632,120,0.5833333333333334,0.3520258993127807,-0.0752688768254749,1.5111834571276892,0.02313792503953312,1.366222417331332,5.866666666666666,toss_pullback_after_green,screen,"{""day2_max_ret"": -0.08, ""day2_vol_frac"": 0.7, ""base_adv"": 10000000.0}",False,"{""stop_pct"": null, ""target_pct"": 0.15, ""max_hold_days"": 10}"
231,0.4025974025974026,0.04315555481091349,-0.18731544495268648,1.0507157213361804,0.008059500247419095,0.20789646374387272,0.961038961038961,120,0.43333333333333335,-0.07845322018933631,-0.10995570735922411,0.8235675567690813,-0.011581303092215068,-0.6505778425380236,0.9666666666666667,toss_pullback_after_green,screen,"{""day2_max_ret"": -0.08, ""day2_vol_frac"": 0.7, ""base_adv"": 10000000.0}",False,"{""stop_pct"": null, ""target_pct"": 0.4, ""max_hold_days"": 1}"
231,0.42424242424242425,0.08772105691013343,-0.2369173641368807,1.0745081448843108,0.01771579471943267,0.28502567294086883,2.779220779220779,120,0.38333333333333336,0.07925211673924837,-0.11660808384619958,1.1481786103822706,0.0024864743183213855,0.4795497790497221,2.783333333333333,toss_pullback_after_green,screen,"{""day2_max_ret"": -0.08, ""day2_vol_frac"": 0.7, ""base_adv"": 10000000.0}",False,"{""stop_pct"": null, ""target_pct"": 0.4, ""max_hold_days"": 3}"
226,0.41150442477876104,0.1352676023131607,-0.2532338946605285,1.093374225666905,0.023051378535108476,0.3585701058246167,4.464601769911504,120,0.375,-0.060592340138325484,-0.17514631807687953,0.9036413545416652,-0.006281665161512648,-0.1878479149791732,4.55,toss_pullback_after_green,screen,"{""day2_max_ret"": -0.08, ""day2_vol_frac"": 0.7, ""base_adv"": 10000000.0}",False,"{""stop_pct"": null, ""target_pct"": 0.4, ""max_hold_days"": 5}"
216,0.4305555555555556,0.15117421442134504,-0.305720438319269,1.0842200357933516,0.042169919145169606,0.3795842777202135,8.453703703703704,115,0.3826086956521739,-0.010786640671698877,-0.24018281992807944,0.9876710497813359,-0.005200583915284324,0.09319122179596336,8.826086956521738,toss_pullback_after_green,screen,"{""day2_max_ret"": -0.08, ""day2_vol_frac"": 0.7, ""base_adv"": 10000000.0}",False,"{""stop_pct"": null, ""target_pct"": 0.4, ""max_hold_days"": 10}"
257,0.33073929961089493,-0.1077010487618294,-0.16700722044712613,0.7503231889555625,0.00015571792274763824,-0.9131390741537477,0.708171206225681,151,0.33112582781456956,-0.13611252518850558,-0.14230627529354645,0.4579669358201537,-0.01354266687638424,-3.0101717143257334,0.7019867549668874,volume_3x_after_base,screen,"{""min_rvol"": 5, ""max_range40"": 0.15}",False,"{""stop_pct"": 0.05, ""target_pct"": null, ""max_hold_days"": 1}"
253,0.308300395256917,-0.06460914800678319,-0.15440068449367284,0.8754282085363967,-0.00047054911005333966,-0.45751749409258874,1.8695652173913044,148,0.30405405405405406,-0.11238208052774712,-0.13019296683179105,0.6533538234931204,-0.00801316423803063,-1.7497167344270195,1.7905405405405406,volume_3x_after_base,screen,"{""min_rvol"": 5, ""max_range40"": 0.15}",False,"{""stop_pct"": 0.05, ""target_pct"": null, ""max_hold_days"": 3}"
249,0.321285140562249,-0.08169661775058457,-0.16731863544868975,0.8491550786205394,7.513484159639288e-05,-0.4979707630838028,2.823293172690763,147,0.2653061224489796,-0.11971595338182117,-0.13758910537962898,0.6584987129532376,-0.008760031166793147,-1.6859084045541175,2.673469387755102,volume_3x_after_base,screen,"{""min_rvol"": 5, ""max_range40"": 0.15}",False,"{""stop_pct"": 0.05, ""target_pct"": null, ""max_hold_days"": 5}"
239,0.30962343096234307,-0.1278176967735588,-0.20411987820379773,0.7785970782315869,-0.0008609638388424427,-0.5942023732239728,5.01255230125523,145,0.2689655172413793,-0.12011238226984056,-0.18101765327717467,0.6709096030063866,-0.007122115776057937,-1.2695787848709186,4.558620689655172,volume_3x_after_base,screen,"{""min_rvol"": 5, ""max_range40"": 0.15}",False,"{""stop_pct"": 0.05, ""target_pct"": null, ""max_hold_days"": 10}"
258,0.32945736434108525,-0.17656157983354281,-0.19892578427998275,0.5883493292849038,-0.009305019696229462,-2.048226546491389,0.6782945736434108,151,0.33112582781456956,-0.1270270390298608,-0.13643761464052673,0.4974273332515448,-0.012768076204062801,-2.7018346091628724,0.6887417218543046,volume_3x_after_base,screen,"{""min_rvol"": 5, ""max_range40"": 0.15}",False,"{""stop_pct"": 0.05, ""target_pct"": 0.15, ""max_hold_days"": 1}"
255,0.30980392156862746,-0.1334234194714049,-0.17273218534640855,0.7445311350767719,-0.007805303671514922,-1.2100406921201752,1.7176470588235293,148,0.30405405405405406,-0.11974577563393107,-0.1332518396789616,0.6312826759516702,-0.010663839768185334,-2.0091764954785596,1.6554054054054055,volume_3x_after_base,screen,"{""min_rvol"": 5, ""max_range40"": 0.15}",False,"{""stop_pct"": 0.05, ""target_pct"": 0.15, ""max_hold_days"": 3}"
251,0.33067729083665337,-0.14325375142824526,-0.19740790805555186,0.734977957966059,-0.008607909781267353,-1.231153698671356,2.50199203187251,147,0.2653061224489796,-0.13927480980604134,-0.1507878389584435,0.6027536970482668,-0.012172017979154981,-2.1589031505994485,2.326530612244898,volume_3x_after_base,screen,"{""min_rvol"": 5, ""max_range40"": 0.15}",False,"{""stop_pct"": 0.05, ""target_pct"": 0.15, ""max_hold_days"": 5}"
243,0.34156378600823045,-0.09867784159519821,-0.18483243429946117,0.8270138617579891,-0.005212672724153901,-0.7231276309037156,4.156378600823046,146,0.2945205479452055,-0.11907400976458227,-0.1560726275967561,0.6757937606727393,-0.01027842277527921,-1.6705146098426655,3.6232876712328768,volume_3x_after_base,screen,"{""min_rvol"": 5, ""max_range40"": 0.15}",False,"{""stop_pct"": 0.05, ""target_pct"": 0.15, ""max_hold_days"": 10}"
257,0.33073929961089493,-0.1489870808964161,-0.16484195557883696,0.6520814096653365,-0.006246338845373111,-1.632185081002038,0.7003891050583657,151,0.33112582781456956,-0.13611252518850558,-0.14230627529354645,0.4579669358201537,-0.01354266687638424,-3.0101717143257334,0.7019867549668874,volume_3x_after_base,screen,"{""min_rvol"": 5, ""max_range40"": 0.15}",False,"{""stop_pct"": 0.05, ""target_pct"": 0.4, ""max_hold_days"": 1}"
253,0.308300395256917,-0.12563428238647578,-0.16497612084086533,0.7543667976379854,-0.005760427562927597,-1.0761129093443471,1.8379446640316206,148,0.30405405405405406,-0.11878439023637721,-0.13019296683179105,0.6334749492512038,-0.009725180874588232,-1.8823876890032751,1.7837837837837838,volume_3x_after_base,screen,"{""min_rvol"": 5, ""max_range40"": 0.15}",False,"{""stop_pct"": 0.05, ""target_pct"": 0.4, ""max_hold_days"": 3}"
249,0.3253012048192771,-0.14894200833112325,-0.19648326373419722,0.7209076659784885,-0.007099132229068338,-1.198611193594308,2.7751004016064256,147,0.2653061224489796,-0.11835788818829096,-0.13696559495158644,0.6624713042782748,-0.010164425183672204,-1.6930841724675338,2.6462585034013606,volume_3x_after_base,screen,"{""min_rvol"": 5, ""max_range40"": 0.15}",False,"{""stop_pct"": 0.05, ""target_pct"": 0.4, ""max_hold_days"": 5}"
239,0.3138075313807531,-0.18572976316355272,-0.25736301508824366,0.6739458206852043,-0.00769461983470463,-1.2271600607597806,4.945606694560669,145,0.2689655172413793,-0.11992957152845762,-0.18101765327717467,0.671234309692636,-0.009008554556809554,-1.3632933153469464,4.4206896551724135,volume_3x_after_base,screen,"{""min_rvol"": 5, ""max_range40"": 0.15}",False,"{""stop_pct"": 0.05, ""target_pct"": 0.4, ""max_hold_days"": 10}"
257,0.38132295719844356,-0.09270114463823698,-0.1365766059536817,0.796240478277475,0.0024625650954045297,-0.70224966306187,0.8988326848249028,150,0.38666666666666666,-0.06104293939196015,-0.08579564433310238,0.7421755478264804,-0.0064348006230284804,-0.9993140579394743,0.96,volume_3x_after_base,screen,"{""min_rvol"": 5, ""max_range40"": 0.15}",False,"{""stop_pct"": 0.1, ""target_pct"": null, ""max_hold_days"": 1}"
253,0.38735177865612647,-0.01855970440526744,-0.11426564945631301,0.9657617912473617,0.004106775540548824,-0.07503207310331232,2.5731225296442686,147,0.3877551020408163,0.08373740824824871,-0.11063809538961833,1.2477459660249313,0.00748393632352428,0.8201958215563061,2.687074829931973,volume_3x_after_base,screen,"{""min_rvol"": 5, ""max_range40"": 0.15}",False,"{""stop_pct"": 0.1, ""target_pct"": null, ""max_hold_days"": 3}"
247,0.41700404858299595,0.02793280754794969,-0.09574938159198287,1.0491820639978842,0.007540568900197969,0.20226939388307455,4.17004048582996,145,0.3793103448275862,0.03353891096438888,-0.11723171761278361,1.0851817090666802,0.0031934591218637527,0.34834449989976074,4.2827586206896555,volume_3x_after_base,screen,"{""min_rvol"": 5, ""max_range40"": 0.15}",False,"{""stop_pct"": 0.1, ""target_pct"": null, ""max_hold_days"": 5}"
233,0.4248927038626609,-0.03262465785807278,-0.1464579046805099,0.9502619782767054,0.0069139750236118114,-0.07312524594636566,7.871244635193133,137,0.38686131386861317,-0.02789284693530436,-0.15947526947891477,0.9333299287993453,-0.00108770165518689,-0.11821621794288051,7.62043795620438,volume_3x_after_base,screen,"{""min_rvol"": 5, ""max_range40"": 0.15}",False,"{""stop_pct"": 0.1, ""target_pct"": null, ""max_hold_days"": 10}"
258,0.38372093023255816,-0.13383094332380685,-0.16383984647016991,0.7015165138515963,-0.0062211120296107765,-1.29119946770618,0.8565891472868217,150,0.38666666666666666,-0.06640784584436721,-0.09267284374051887,0.7201099338994896,-0.006571941180492448,-1.2645378929132556,0.9266666666666666,volume_3x_after_base,screen,"{""min_rvol"": 5, ""max_range40"": 0.15}",False,"{""stop_pct"": 0.1, ""target_pct"": 0.15, ""max_hold_days"": 1}"
255,0.403921568627451,-0.000982330053392766,-0.06599505984365883,0.9981396250279205,0.0005294719669865323,0.027660189702815835,2.372549019607843,147,0.40816326530612246,-0.018169609587593838,-0.09828603711647155,0.9426432563029393,0.00019439609584534482,-0.19972514755727255,2.4693877551020407,volume_3x_after_base,screen,"{""min_rvol"": 5, ""max_range40"": 0.15}",False,"{""stop_pct"": 0.1, ""target_pct"": 0.15, ""max_hold_days"": 3}"
249,0.4497991967871486,0.04534000762862345,-0.06661556675569591,1.0836599432140723,0.0026216958268332254,0.3495368293826819,3.7389558232931726,145,0.4,-0.06336104096642692,-0.12632268699043936,0.8289258124735891,-0.0036807080561446688,-0.7119428322813405,3.779310344827586,volume_3x_after_base,screen,"{""min_rvol"": 5, ""max_range40"": 0.15}",False,"{""stop_pct"": 0.1, ""target_pct"": 0.15, ""max_hold_days"": 5}"
240,0.4791666666666667,0.07199195606350894,-0.08455309076202078,1.1132157245601502,0.004921965552051635,0.44947414793477763,6.695833333333334,140,0.44285714285714284,-0.04248787025610978,-0.1265149978687361,0.8931342648908344,-0.002589906202815413,-0.3965135284037384,6.357142857142857,volume_3x_after_base,screen,"{""min_rvol"": 5, ""max_range40"": 0.15}",False,"{""stop_pct"": 0.1, ""target_pct"": 0.15, ""max_hold_days"": 10}"
257,0.38132295719844356,-0.13232380883407913,-0.14422959197805107,0.706662689506566,-0.003353033528255907,-1.2347770405117249,0.8871595330739299,150,0.38666666666666666,-0.06104293939196015,-0.08579564433310238,0.7421755478264804,-0.0064348006230284804,-0.9993140579394743,0.96,volume_3x_after_base,screen,"{""min_rvol"": 5, ""max_range40"": 0.15}",False,"{""stop_pct"": 0.1, ""target_pct"": 0.4, ""max_hold_days"": 1}"
253,0.38735177865612647,-0.06034182830731205,-0.10485267761038464,0.887782564398562,0.0016189837856688703,-0.3773182466203389,2.5177865612648223,147,0.3877551020408163,-0.0007534195641043517,-0.11063809538961833,0.9977072108252849,0.0004131464820688439,0.036560397459149116,2.6530612244897958,volume_3x_after_base,screen,"{""min_rvol"": 5, ""max_range40"": 0.15}",False,"{""stop_pct"": 0.1, ""target_pct"": 0.4, ""max_hold_days"": 3}"
247,0.4251012145748988,-0.05009326233885014,-0.11016152530256995,0.9096381645587931,0.0013328353692051548,-0.2746351922193544,4.0728744939271255,145,0.3793103448275862,-0.024821500788861584,-0.11723171761278361,0.935642165984749,-0.0025450918720321164,-0.20474324106306624,4.2,volume_3x_after_base,screen,"{""min_rvol"": 5, ""max_range40"": 0.15}",False,"{""stop_pct"": 0.1, ""target_pct"": 0.4, ""max_hold_days"": 5}"
233,0.4291845493562232,-0.09621035781646192,-0.18268400203057655,0.8512345443885942,0.0013272309539332883,-0.43941209445398705,7.643776824034335,137,0.38686131386861317,-0.0464830306522499,-0.17661214742531817,0.8879356851026458,-0.004605201653296074,-0.33207206491714875,7.343065693430657,volume_3x_after_base,screen,"{""min_rvol"": 5, ""max_range40"": 0.15}",False,"{""stop_pct"": 0.1, ""target_pct"": 0.4, ""max_hold_days"": 10}"
256,0.38671875,-0.09538696609839903,-0.13006667080022027,0.7928318156642375,0.003533237699249535,-0.7083725154261009,0.9765625,150,0.38666666666666666,-0.05921645582617174,-0.08401694098650203,0.7479546964861672,-0.006475884198263169,-0.9823260214607129,0.9933333333333333,volume_3x_after_base,screen,"{""min_rvol"": 5, ""max_range40"": 0.15}",False,"{""stop_pct"": 0.2, ""target_pct"": null, ""max_hold_days"": 1}"
252,0.4007936507936508,-0.016342877673107048,-0.11885999194905361,0.9700805077142054,0.006311205376272815,-0.04688535410055293,2.8968253968253967,147,0.3945578231292517,0.06305167699118108,-0.1356325871914218,1.178934207568659,0.006479012591156491,0.6317721335587299,2.925170068027211,volume_3x_after_base,screen,"{""min_rvol"": 5, ""max_range40"": 0.15}",False,"{""stop_pct"": 0.2, ""target_pct"": null, ""max_hold_days"": 3}"
244,0.4385245901639344,0.03438041874482756,-0.12440989217688148,1.0568883865244705,0.014071175504791469,0.22055882597980414,4.762295081967213,145,0.3931034482758621,0.01986441144492268,-0.14667034347862384,1.047761359055323,0.002293352841486983,0.2263617650989481,4.8,volume_3x_after_base,screen,"{""min_rvol"": 5, ""max_range40"": 0.15}",False,"{""stop_pct"": 0.2, ""target_pct"": null, ""max_hold_days"": 5}"
228,0.4517543859649123,-0.05929217099351125,-0.19089518276281325,0.9157476254939145,0.0076157328464259155,-0.15286889581635948,9.214912280701755,135,0.4148148148148148,-0.020089171771202285,-0.19922737703926185,0.9521955696245699,0.00039120744633090883,-0.052664300275664544,9.37037037037037,volume_3x_after_base,screen,"{""min_rvol"": 5, ""max_range40"": 0.15}",False,"{""stop_pct"": 0.2, ""target_pct"": null, ""max_hold_days"": 10}"
257,0.3968871595330739,-0.10019283714553995,-0.1372534737052057,0.7699785744882632,-0.0030614787755003617,-0.922064433177813,0.9260700389105059,150,0.3933333333333333,-0.04753341519720833,-0.07454989508156629,0.7929068936950636,-0.0048051482184430306,-0.9017968997700805,0.9533333333333334,volume_3x_after_base,screen,"{""min_rvol"": 5, ""max_range40"": 0.15}",False,"{""stop_pct"": 0.2, ""target_pct"": 0.15, ""max_hold_days"": 1}"
254,0.4251968503937008,0.0688679465312394,-0.07085539905141502,1.1397398364379294,0.0057163623670017085,0.5121825385764428,2.6692913385826773,147,0.4217687074829932,-0.011029798565705407,-0.10072352595979917,0.965590222013,0.0018647890536183042,-0.10445344129336971,2.693877551020408,volume_3x_after_base,screen,"{""min_rvol"": 5, ""max_range40"": 0.15}",False,"{""stop_pct"": 0.2, ""target_pct"": 0.15, ""max_hold_days"": 3}"
247,0.4817813765182186,0.09158324841023835,-0.07790643209115278,1.173165683534775,0.007832878564831254,0.5986183835603865,4.267206477732794,145,0.4206896551724138,-0.051021298392624925,-0.11928738417228013,0.8667010072245092,-0.002131924766997588,-0.5177956556487365,4.268965517241379,volume_3x_after_base,screen,"{""min_rvol"": 5, ""max_range40"": 0.15}",False,"{""stop_pct"": 0.2, ""target_pct"": 0.15, ""max_hold_days"": 5}"
234,0.5085470085470085,0.10303743653689867,-0.07174155204739607,1.1664282801287242,0.008845244573511699,0.5662948594318439,7.888888888888889,138,0.4855072463768116,0.0142988449280399,-0.13811611419782466,1.0370487460400268,0.002821062623270823,0.18168311489398345,7.855072463768116,volume_3x_after_base,screen,"{""min_rvol"": 5, ""max_range40"": 0.15}",False,"{""stop_pct"": 0.2, ""target_pct"": 0.15, ""max_hold_days"": 10}"
256,0.38671875,-0.13466467987933461,-0.14607301643063542,0.7047627036466637,-0.002305078106534575,-1.2175893245914535,0.96484375,150,0.38666666666666666,-0.05921645582617174,-0.08401694098650203,0.7479546964861672,-0.006475884198263169,-0.9823260214607129,0.9933333333333333,volume_3x_after_base,screen,"{""min_rvol"": 5, ""max_range40"": 0.15}",False,"{""stop_pct"": 0.2, ""target_pct"": 0.4, ""max_hold_days"": 1}"
252,0.4007936507936508,-0.05707566506822537,-0.10957912600564323,0.8944959987673915,0.0038135414318893686,-0.3093934357058623,2.8412698412698414,147,0.3945578231292517,-0.019584287946725065,-0.1356325871914218,0.9429638199893512,-0.0005917772502989437,-0.17289582718088212,2.891156462585034,volume_3x_after_base,screen,"{""min_rvol"": 5, ""max_range40"": 0.15}",False,"{""stop_pct"": 0.2, ""target_pct"": 0.4, ""max_hold_days"": 3}"
245,0.4489795918367347,-0.06512523269097914,-0.14800720567985537,0.8888625450734942,0.004444565071510379,-0.31355833717039217,4.648979591836735,145,0.3931034482758621,-0.03797631522966427,-0.14667034347862384,0.9070318782535091,-0.003445198152408886,-0.3223895422641607,4.7172413793103445,volume_3x_after_base,screen,"{""min_rvol"": 5, ""max_range40"": 0.15}",False,"{""stop_pct"": 0.2, ""target_pct"": 0.4, ""max_hold_days"": 5}"
228,0.45614035087719296,-0.11453808073824145,-0.2263752821219316,0.8346513729728318,0.003015502118069566,-0.44752347792927,8.929824561403509,135,0.4148148148148148,-0.03862178257204696,-0.19922737703926185,0.9074248276514856,-0.003178403662861376,-0.23763153187764077,9.088888888888889,volume_3x_after_base,screen,"{""min_rvol"": 5, ""max_range40"": 0.15}",False,"{""stop_pct"": 0.2, ""target_pct"": 0.4, ""max_hold_days"": 10}"
256,0.38671875,-0.11435428716544238,-0.13952031748568638,0.7603610631224229,0.0026413785162736113,-0.8335533052531641,0.9921875,150,0.38666666666666666,-0.07659927288755908,-0.10081111862913639,0.693474311554808,-0.011330935052332538,-1.2169152034476096,1.0,volume_3x_after_base,screen,"{""min_rvol"": 5, ""max_range40"": 0.15}",False,"{""stop_pct"": null, ""target_pct"": null, ""max_hold_days"": 1}"
252,0.4007936507936508,-0.07358398661916143,-0.14780344946576673,0.8761474411334875,0.003760842907365514,-0.3574251350281626,2.9563492063492065,147,0.4013605442176871,0.07813285991314567,-0.1355572989613013,1.212798593640854,0.0050445589056449,0.7396085541866333,2.9727891156462585,volume_3x_after_base,screen,"{""min_rvol"": 5, ""max_range40"": 0.15}",False,"{""stop_pct"": null, ""target_pct"": null, ""max_hold_days"": 3}"
244,0.4385245901639344,-0.04408395245583352,-0.14852238270941032,0.9344476844871277,0.010638416173770137,-0.15427998472147378,4.901639344262295,145,0.4,0.019251946835985523,-0.16606208870506645,1.0455156606808045,-0.0008295365706438973,0.2157372632291812,4.917241379310345,volume_3x_after_base,screen,"{""min_rvol"": 5, ""max_range40"": 0.15}",False,"{""stop_pct"": null, ""target_pct"": null, ""max_hold_days"": 5}"
227,0.44933920704845814,-0.13845945868626452,-0.2353860700746604,0.8196707132835537,0.0042276468916290656,-0.4547646819676294,9.678414096916299,134,0.417910447761194,-0.053099121981791786,-0.24393781565101036,0.8802467255043974,-0.006909156539812125,-0.2534461277175197,9.723880597014926,volume_3x_after_base,screen,"{""min_rvol"": 5, ""max_range40"": 0.15}",False,"{""stop_pct"": null, ""target_pct"": null, ""max_hold_days"": 10}"
257,0.4046692607003891,-0.06630891341227674,-0.1429117628380845,0.8461347618174828,-0.0014758195906137623,-0.6022001840398193,0.933852140077821,150,0.3933333333333333,-0.06465947626818191,-0.09102337731261434,0.7356602456612725,-0.0096601990725124,-1.1567735383939723,0.96,volume_3x_after_base,screen,"{""min_rvol"": 5, ""max_range40"": 0.15}",False,"{""stop_pct"": null, ""target_pct"": 0.15, ""max_hold_days"": 1}"
254,0.4330708661417323,0.1032321180305027,-0.07931874093029423,1.20986543546629,0.0069455258433569625,0.7378186340895009,2.6929133858267718,147,0.4217687074829932,-0.033765642036982735,-0.12114039594599013,0.9004461734225795,-0.0034737748928609096,-0.37627801750413886,2.7210884353741496,volume_3x_after_base,screen,"{""min_rvol"": 5, ""max_range40"": 0.15}",False,"{""stop_pct"": null, ""target_pct"": 0.15, ""max_hold_days"": 3}"
247,0.4898785425101215,0.12429654142072488,-0.07893371493707724,1.2326844063628082,0.008992353148361722,0.792828000498422,4.331983805668016,145,0.4206896551724138,-0.06847621621118305,-0.1351779943578676,0.8273976918527046,-0.00717084611507926,-0.672899360150215,4.337931034482758,volume_3x_after_base,screen,"{""min_rvol"": 5, ""max_range40"": 0.15}",False,"{""stop_pct"": null, ""target_pct"": 0.15, ""max_hold_days"": 5}"
233,0.5150214592274678,0.15701939718817104,-0.0771184422039507,1.2638858237573967,0.01073777802808034,0.8228823879381024,8.163090128755364,138,0.4855072463768116,-0.023867077572672146,-0.17097086094375757,0.9424063635871542,-0.004687415196172187,-0.14354538531301672,8.079710144927537,volume_3x_after_base,screen,"{""min_rvol"": 5, ""max_range40"": 0.15}",False,"{""stop_pct"": null, ""target_pct"": 0.15, ""max_hold_days"": 10}"
256,0.38671875,-0.15309217924754737,-0.16429676355966094,0.6759182609226069,-0.0031969372895104976,-1.34231299019995,0.98046875,150,0.38666666666666666,-0.07659927288755908,-0.10081111862913639,0.693474311554808,-0.011330935052332538,-1.2169152034476096,1.0,volume_3x_after_base,screen,"{""min_rvol"": 5, ""max_range40"": 0.15}",False,"{""stop_pct"": null, ""target_pct"": 0.4, ""max_hold_days"": 1}"
252,0.4007936507936508,-0.11285174782984975,-0.14712504744444654,0.8079272926701201,0.00126317896298207,-0.6271474113437913,2.9007936507936507,147,0.4013605442176871,-0.005037370456113077,-0.1355399147351426,0.9859393000725032,-0.0019681571883200947,-0.004710021205196868,2.931972789115646,volume_3x_after_base,screen,"{""min_rvol"": 5, ""max_range40"": 0.15}",False,"{""stop_pct"": null, ""target_pct"": 0.4, ""max_hold_days"": 3}"
245,0.4489795918367347,-0.1378489435690713,-0.19990678230329328,0.7874856339256794,0.0010258170030646436,-0.7059110792379379,4.7877551020408164,145,0.4,-0.019369591507187978,-0.15073303302397867,0.9539645635456062,-0.0045554304583849846,-0.12333080693782894,4.813793103448276,volume_3x_after_base,screen,"{""min_rvol"": 5, ""max_range40"": 0.15}",False,"{""stop_pct"": null, ""target_pct"": 0.4, ""max_hold_days"": 5}"
227,0.44933920704845814,-0.19531096437505124,-0.2863321141213674,0.7414055574123548,-0.0008169444867135381,-0.8123362733084976,9.37885462555066,134,0.4253731343283582,-0.03176463750708369,-0.21263591814430283,0.9275452961578178,-0.006129546415280311,-0.17064256458178909,9.380597014925373,volume_3x_after_base,screen,"{""min_rvol"": 5, ""max_range40"": 0.15}",False,"{""stop_pct"": null, ""target_pct"": 0.4, ""max_hold_days"": 10}"
162,0.30864197530864196,-0.045667829908791924,-0.11061711457992118,0.8245062145703688,0.00411617343132114,-0.42689398701435183,0.6851851851851852,112,0.3125,-0.09823776050632271,-0.10306051333635446,0.426374015105625,-0.013936037523181921,-2.8339001266981994,0.7232142857142857,volume_3x_after_base,screen,"{""min_rvol"": 5, ""max_range40"": 0.15}",True,"{""stop_pct"": 0.05, ""target_pct"": null, ""max_hold_days"": 1}"
158,0.2911392405063291,-0.030091865650615057,-0.11009013972457926,0.8982504148183074,0.0009441454414605962,-0.2214043424636649,1.8227848101265822,110,0.2818181818181818,-0.06615651286937063,-0.08176808409854885,0.7146152907980131,-0.005874372553160483,-1.1167784463669421,1.8636363636363635,volume_3x_after_base,screen,"{""min_rvol"": 5, ""max_range40"": 0.15}",True,"{""stop_pct"": 0.05, ""target_pct"": null, ""max_hold_days"": 3}"
158,0.2974683544303797,-0.0479397162305123,-0.1297904450883326,0.8507606655656474,0.0018503112791425113,-0.30339799096548986,2.740506329113924,109,0.25688073394495414,-0.07562300290970292,-0.09233981813503078,0.6986804710715935,-0.007553470590379386,-1.2087793239306224,2.770642201834862,volume_3x_after_base,screen,"{""min_rvol"": 5, ""max_range40"": 0.15}",True,"{""stop_pct"": 0.05, ""target_pct"": null, ""max_hold_days"": 5}"
154,0.2792207792207792,-0.05167131715616724,-0.12398335001747862,0.8554501596287872,0.004754597394768245,-0.24733095129953406,4.675324675324675,108,0.25925925925925924,-0.10105523503136526,-0.1317010686346093,0.6197411156270461,-0.009041760754409624,-1.2659808515727395,4.675925925925926,volume_3x_after_base,screen,"{""min_rvol"": 5, ""max_range40"": 0.15}",True,"{""stop_pct"": 0.05, ""target_pct"": null, ""max_hold_days"": 10}"
163,0.3067484662576687,-0.12134093116417599,-0.1276947256876857,0.5359659039510726,-0.01143609833279717,-1.849329386000762,0.6503067484662577,112,0.3125,-0.08884117082628318,-0.09833737419407929,0.4841007657606714,-0.012891723313177126,-2.4072511669241647,0.7053571428571429,volume_3x_after_base,screen,"{""min_rvol"": 5, ""max_range40"": 0.15}",True,"{""stop_pct"": 0.05, ""target_pct"": 0.15, ""max_hold_days"": 1}"
160,0.29375,-0.09500703283881895,-0.10088174874716171,0.6865003916383448,-0.01086340838656811,-1.1213360549000393,1.64375,110,0.2818181818181818,-0.07737041413984025,-0.09768577931086586,0.6667232789576547,-0.009872821769880052,-1.4367473806853686,1.709090909090909,volume_3x_after_base,screen,"{""min_rvol"": 5, ""max_range40"": 0.15}",True,"{""stop_pct"": 0.05, ""target_pct"": 0.15, ""max_hold_days"": 3}"
160,0.3125,-0.11330914739413522,-0.12114344179761416,0.6476852935541341,-0.01254195316939748,-1.2411592946301366,2.39375,109,0.25688073394495414,-0.09292450075023984,-0.11265283052125918,0.6300091297696628,-0.011227908382262154,-1.626098146591359,2.36697247706422,volume_3x_after_base,screen,"{""min_rvol"": 5, ""max_range40"": 0.15}",True,"{""stop_pct"": 0.05, ""target_pct"": 0.15, ""max_hold_days"": 5}"
156,0.3141025641025641,-0.09279028422874092,-0.10226316389519907,0.7289698374467198,-0.008772351728397191,-1.0113220967465189,3.858974358974359,108,0.2962962962962963,-0.08565100193777242,-0.10649412428105098,0.6715910261602588,-0.01023104889882277,-1.398021396081703,3.6666666666666665,volume_3x_after_base,screen,"{""min_rvol"": 5, ""max_range40"": 0.15}",True,"{""stop_pct"": 0.05, ""target_pct"": 0.15, ""max_hold_days"": 10}"
162,0.30864197530864196,-0.0865185600343914,-0.11061711457992118,0.6652693387281323,-0.00604017588600622,-1.067276661412688,0.6728395061728395,112,0.3125,-0.09823776050632271,-0.10306051333635446,0.426374015105625,-0.013936037523181921,-2.8339001266981994,0.7232142857142857,volume_3x_after_base,screen,"{""min_rvol"": 5, ""max_range40"": 0.15}",True,"{""stop_pct"": 0.05, ""target_pct"": 0.4, ""max_hold_days"": 1}"
158,0.2911392405063291,-0.08880031635347463,-0.11009013972457926,0.6960082998128356,-0.007526356131812741,-0.9072479511384555,1.7721518987341771,110,0.2818181818181818,-0.07250966079149368,-0.08176808409854885,0.6871507997914796,-0.008177813118710712,-1.2488628611479107,1.8545454545454545,volume_3x_after_base,screen,"{""min_rvol"": 5, ""max_range40"": 0.15}",True,"{""stop_pct"": 0.05, ""target_pct"": 0.4, ""max_hold_days"": 3}"
158,0.3037974683544304,-0.11241453512300403,-0.1297904450883326,0.6449030569016447,-0.009455970370196213,-1.0457777863260445,2.6645569620253164,109,0.25688073394495414,-0.07370025281374826,-0.09220455777436853,0.7063764701819477,-0.009447469860849309,-1.2014563503511306,2.7339449541284404,volume_3x_after_base,screen,"{""min_rvol"": 5, ""max_range40"": 0.15}",True,"{""stop_pct"": 0.05, ""target_pct"": 0.4, ""max_hold_days"": 5}"
154,0.2857142857142857,-0.13899940571117242,-0.15184602327892383,0.602830505296919,-0.009071576657162147,-1.1617952933674138,4.5064935064935066,108,0.25925925925925924,-0.10085613481373701,-0.1208231522608858,0.6203324190954768,-0.011850745726866922,-1.390130776185196,4.537037037037037,volume_3x_after_base,screen,"{""min_rvol"": 5, ""max_range40"": 0.15}",True,"{""stop_pct"": 0.05, ""target_pct"": 0.4, ""max_hold_days"": 10}"
162,0.3765432098765432,-0.01940200462114605,-0.06214414740500329,0.9268060872570568,0.008519202908237652,-0.14868722636458223,0.8888888888888888,112,0.38392857142857145,-0.022427599670018505,-0.057405978774427546,0.8579969941541915,-0.0047815843453374906,-0.37767869070604904,0.9553571428571429,volume_3x_after_base,screen,"{""min_rvol"": 5, ""max_range40"": 0.15}",True,"{""stop_pct"": 0.1, ""target_pct"": null, ""max_hold_days"": 1}"
158,0.3860759493670886,-0.0023145881660454615,-0.08454695975398152,0.9926108150487988,0.007119213861908193,0.02001264043454848,2.5253164556962027,110,0.38181818181818183,0.14742162276944315,-0.09007228131011702,1.6545123032097862,0.015277523229476266,1.4268242989871482,2.7,volume_3x_after_base,screen,"{""min_rvol"": 5, ""max_range40"": 0.15}",True,"{""stop_pct"": 0.1, ""target_pct"": null, ""max_hold_days"": 3}"
156,0.38461538461538464,0.00996804184219413,-0.08245961178522332,1.0290212521661244,0.0096447220465381,0.10463696167787064,4.083333333333333,108,0.37962962962962965,0.08334285359027005,-0.09300201796751484,1.2985415364393442,0.009363054795429957,0.8348706450823735,4.324074074074074,volume_3x_after_base,screen,"{""min_rvol"": 5, ""max_range40"": 0.15}",True,"{""stop_pct"": 0.1, ""target_pct"": null, ""max_hold_days"": 5}"
153,0.39869281045751637,-0.020650057750968398,-0.12809655475180526,0.9494468721042986,0.009595042076574809,-0.04628572914331754,7.65359477124183,105,0.38095238095238093,0.002948145816686898,-0.11808970154249054,1.0095537478625745,0.0019340448697167687,0.08878186120046755,7.866666666666666,volume_3x_after_base,screen,"{""min_rvol"": 5, ""max_range40"": 0.15}",True,"{""stop_pct"": 0.1, ""target_pct"": null, ""max_hold_days"": 10}"
163,0.3803680981595092,-0.0665442317397491,-0.07979860061238808,0.7424747212116707,-0.0058159803581022285,-0.8191259022452365,0.8343558282208589,112,0.38392857142857145,-0.027970575786297247,-0.049556831305577975,0.8231985742037061,-0.004965254734798163,-0.582089272540377,0.9107142857142857,volume_3x_after_base,screen,"{""min_rvol"": 5, ""max_range40"": 0.15}",True,"{""stop_pct"": 0.1, ""target_pct"": 0.15, ""max_hold_days"": 1}"
160,0.4125,0.01934156989433089,-0.06094136318546761,1.066149926090985,0.0012801257487209104,0.2151420161038898,2.26875,110,0.4090909090909091,0.034929992191480075,-0.07513789311411989,1.1665738273898951,0.005103960967248429,0.5230645416063893,2.4363636363636365,volume_3x_after_base,screen,"{""min_rvol"": 5, ""max_range40"": 0.15}",True,"{""stop_pct"": 0.1, ""target_pct"": 0.15, ""max_hold_days"": 3}"
158,0.43670886075949367,0.01939204107872272,-0.05709410535920978,1.0622864635778981,0.0011081685015190696,0.20256683010657428,3.5632911392405062,108,0.4074074074074074,-0.015771182125918548,-0.08719258648263717,0.9395828393959759,0.0010694816592331634,-0.17257235676658078,3.712962962962963,volume_3x_after_base,screen,"{""min_rvol"": 5, ""max_range40"": 0.15}",True,"{""stop_pct"": 0.1, ""target_pct"": 0.15, ""max_hold_days"": 5}"
155,0.47096774193548385,0.05497636357476621,-0.0454739532122026,1.1521797943934546,0.005094128229423387,0.4816881293937518,6.438709677419355,105,0.45714285714285713,-0.00995143500696738,-0.08440097801051583,0.9644066283034386,0.0019776746815780726,-0.07994505489528193,6.3619047619047615,volume_3x_after_base,screen,"{""min_rvol"": 5, ""max_range40"": 0.15}",True,"{""stop_pct"": 0.1, ""target_pct"": 0.15, ""max_hold_days"": 10}"
162,0.3765432098765432,-0.05854934941963419,-0.06510340683071536,0.7770879483354652,-0.0007067776243594564,-0.6182844057396866,0.8703703703703703,112,0.38392857142857145,-0.022427599670018505,-0.057405978774427546,0.8579969941541915,-0.0047815843453374906,-0.37767869070604904,0.9553571428571429,volume_3x_after_base,screen,"{""min_rvol"": 5, ""max_range40"": 0.15}",True,"{""stop_pct"": 0.1, ""target_pct"": 0.4, ""max_hold_days"": 1}"
158,0.3860759493670886,-0.04216594651668226,-0.08526730003479466,0.8642412570400391,0.003135597950613076,-0.30776849889699964,2.4367088607594938,110,0.38181818181818183,0.05864984874207124,-0.09007228131011702,1.265422055397706,0.0058283768049858095,0.7176211321049397,2.6545454545454548,volume_3x_after_base,screen,"{""min_rvol"": 5, ""max_range40"": 0.15}",True,"{""stop_pct"": 0.1, ""target_pct"": 0.4, ""max_hold_days"": 3}"
156,0.3974358974358974,-0.06472679896730538,-0.08910056821065793,0.8069109224643726,-0.000184189377533858,-0.4447359022499937,3.9294871794871793,108,0.37962962962962965,0.02279314704988522,-0.09300201796751484,1.0828399035981733,0.0016585187388104999,0.30430911277015527,4.212962962962963,volume_3x_after_base,screen,"{""min_rvol"": 5, ""max_range40"": 0.15}",True,"{""stop_pct"": 0.1, ""target_pct"": 0.4, ""max_hold_days"": 5}"
153,0.40522875816993464,-0.08362159206479791,-0.10363681241970502,0.7925989797131665,0.0010871246371297392,-0.4943209006943068,7.30718954248366,105,0.38095238095238093,-0.016017673116857423,-0.11833221824255102,0.9477020647718124,-0.00293961468797239,-0.10511228966786568,7.552380952380952,volume_3x_after_base,screen,"{""min_rvol"": 5, ""max_range40"": 0.15}",True,"{""stop_pct"": 0.1, ""target_pct"": 0.4, ""max_hold_days"": 10}"
162,0.38271604938271603,-0.03019501620641618,-0.07461963814701733,0.8910944616528672,0.009712110972925509,-0.23758808200942694,0.9691358024691358,112,0.38392857142857145,-0.02577527464903384,-0.06057211911542437,0.8399349086127529,-0.005311792048091757,-0.4470667478533157,0.9910714285714286,volume_3x_after_base,screen,"{""min_rvol"": 5, ""max_range40"": 0.15}",True,"{""stop_pct"": 0.2, ""target_pct"": null, ""max_hold_days"": 1}"
158,0.4050632911392405,-0.03444785420837182,-0.10566731684645381,0.900798541544382,0.008002759289629263,-0.19058423390400173,2.8734177215189876,110,0.39090909090909093,0.11693928916039731,-0.11974247720356068,1.468618393104414,0.013238129287798965,1.1459672326731898,2.9272727272727272,volume_3x_after_base,screen,"{""min_rvol"": 5, ""max_range40"": 0.15}",True,"{""stop_pct"": 0.2, ""target_pct"": null, ""max_hold_days"": 3}"
156,0.40384615384615385,-0.027660994751976142,-0.12339911612303567,0.9346294276529832,0.01629395964488302,-0.10656638602436226,4.711538461538462,108,0.39814814814814814,0.06585925983707397,-0.12699308514533925,1.2153706255696288,0.007827664032017699,0.6496713867313113,4.796296296296297,volume_3x_after_base,screen,"{""min_rvol"": 5, ""max_range40"": 0.15}",True,"{""stop_pct"": 0.2, ""target_pct"": null, ""max_hold_days"": 5}"
151,0.4105960264900662,-0.16717884846047848,-0.1926423190773765,0.6646009736804137,-0.0010374842765971406,-0.712896591546922,9.013245033112582,105,0.4,0.00567179939253859,-0.15900821921495856,1.0179123099784475,0.0024699657865481935,0.11056486567930232,9.361904761904762,volume_3x_after_base,screen,"{""min_rvol"": 5, ""max_range40"": 0.15}",True,"{""stop_pct"": 0.2, ""target_pct"": null, ""max_hold_days"": 10}"
163,0.3987730061349693,-0.03887332210233929,-0.05577096736169229,0.8439355987056201,-0.0012769107671420882,-0.44450656049586773,0.901840490797546,112,0.39285714285714285,-0.01380940345177728,-0.041722456155425025,0.9104599510277822,-0.0030741992179755006,-0.279358024718664,0.9375,volume_3x_after_base,screen,"{""min_rvol"": 5, ""max_range40"": 0.15}",True,"{""stop_pct"": 0.2, ""target_pct"": 0.15, ""max_hold_days"": 1}"
160,0.44375,0.05057831765612897,-0.05479944198192388,1.178486167966305,0.00693719652468904,0.4927872762115268,2.575,110,0.42727272727272725,0.03433093016759181,-0.0831411280247849,1.1557434218382114,0.006639762966031948,0.5114479630797473,2.6454545454545455,volume_3x_after_base,screen,"{""min_rvol"": 5, ""max_range40"": 0.15}",True,"{""stop_pct"": 0.2, ""target_pct"": 0.15, ""max_hold_days"": 3}"
158,0.46835443037974683,0.011871083090638335,-0.06941633762419974,1.0347679314093883,0.005611612737366558,0.13002765018023074,4.094936708860759,108,0.4351851851851852,-0.005796616834036206,-0.09954397014279526,0.9789386749837711,0.0028219518919408862,-0.02919874258694027,4.148148148148148,volume_3x_after_base,screen,"{""min_rvol"": 5, ""max_range40"": 0.15}",True,"{""stop_pct"": 0.2, ""target_pct"": 0.15, ""max_hold_days"": 5}"
153,0.49673202614379086,0.03365778260439978,-0.06660766351705005,1.0861803355984296,0.006831366851508598,0.2789677174582414,7.588235294117647,105,0.49523809523809526,0.04295889593339797,-0.10197127953631091,1.15954955742405,0.007752409604357085,0.47576164458725906,7.6,volume_3x_after_base,screen,"{""min_rvol"": 5, ""max_range40"": 0.15}",True,"{""stop_pct"": 0.2, ""target_pct"": 0.15, ""max_hold_days"": 10}"
162,0.38271604938271603,-0.06893277463927794,-0.07545362255328736,0.7487833914408984,0.00048613044032839813,-0.6979806767114687,0.9506172839506173,112,0.38392857142857145,-0.02577527464903384,-0.06057211911542437,0.8399349086127529,-0.005311792048091757,-0.4470667478533157,0.9910714285714286,volume_3x_after_base,screen,"{""min_rvol"": 5, ""max_range40"": 0.15}",True,"{""stop_pct"": 0.2, ""target_pct"": 0.4, ""max_hold_days"": 1}"
158,0.4050632911392405,-0.07311556516080497,-0.1060885071477281,0.7870593401916463,0.004019143378334148,-0.5054740745068991,2.7848101265822787,110,0.39090909090909093,0.030505141652759526,-0.11974247720356068,1.1244037434973344,0.0037889828633085104,0.3942865648579113,2.881818181818182,volume_3x_after_base,screen,"{""min_rvol"": 5, ""max_range40"": 0.15}",True,"{""stop_pct"": 0.2, ""target_pct"": 0.4, ""max_hold_days"": 3}"
156,0.4166666666666667,-0.12464217749863649,-0.1458976864642676,0.6955109255353876,0.0010294872311740007,-0.7966622630031805,4.532051282051282,108,0.39814814814814814,0.006001760702394332,-0.12699308514533925,1.0198601779809906,0.00012312797539823798,0.11103203332034198,4.685185185185185,volume_3x_after_base,screen,"{""min_rvol"": 5, ""max_range40"": 0.15}",True,"{""stop_pct"": 0.2, ""target_pct"": 0.4, ""max_hold_days"": 5}"
151,0.41721854304635764,-0.19016224272502413,-0.21488370683678304,0.615273095403696,-0.004698845767186737,-1.0518720182530104,8.649006622516556,105,0.4,-0.013245077038863351,-0.15900821921495856,0.9579361335191973,-0.0024036937711409646,-0.0635038245805773,9.047619047619047,volume_3x_after_base,screen,"{""min_rvol"": 5, ""max_range40"": 0.15}",True,"{""stop_pct"": 0.2, ""target_pct"": 0.4, ""max_hold_days"": 10}"
162,0.38271604938271603,-0.05075872268213799,-0.0851042883497779,0.8290720931617181,0.008295240923977614,-0.403652048102872,0.9876543209876543,112,0.38392857142857145,-0.04372855053653946,-0.07756086467175749,0.7533452254824422,-0.01181409229907752,-0.7297370477777486,1.0,volume_3x_after_base,screen,"{""min_rvol"": 5, ""max_range40"": 0.15}",True,"{""stop_pct"": null, ""target_pct"": null, ""max_hold_days"": 1}"
158,0.4050632911392405,-0.08090576346511602,-0.12371546152406665,0.7929939213795106,0.004564832231946018,-0.47368589976097625,2.949367088607595,110,0.4,0.13261000104100873,-0.11899861678874801,1.5040610663653644,0.011321177544433467,1.234264247791978,2.9909090909090907,volume_3x_after_base,screen,"{""min_rvol"": 5, ""max_range40"": 0.15}",True,"{""stop_pct"": null, ""target_pct"": null, ""max_hold_days"": 3}"
156,0.40384615384615385,-0.08471105316867,-0.14795122136684502,0.8225400875639572,0.012084031337820355,-0.41560771332080504,4.903846153846154,108,0.4074074074074074,0.06540703276728688,-0.14548394898550376,1.2090618942912217,0.003634895839804945,0.6105630630489376,4.953703703703703,volume_3x_after_base,screen,"{""min_rvol"": 5, ""max_range40"": 0.15}",True,"{""stop_pct"": null, ""target_pct"": null, ""max_hold_days"": 5}"
151,0.4105960264900662,-0.2119575239646383,-0.23848416366869918,0.6069423388192616,-0.004104086947971061,-0.9096896585623736,9.708609271523178,105,0.4,-0.03673481027644554,-0.2136988147639305,0.8950333911282191,-0.007598641453066187,-0.17604430241645316,9.80952380952381,volume_3x_after_base,screen,"{""min_rvol"": 5, ""max_range40"": 0.15}",True,"{""stop_pct"": null, ""target_pct"": null, ""max_hold_days"": 10}"
163,0.4049079754601227,-0.026357802354584292,-0.06306475191435401,0.8951457789214601,-0.0002600079217903188,-0.29412788641020365,0.9141104294478528,112,0.39285714285714285,-0.031413363365108915,-0.05867053951822476,0.8157747626758198,-0.009576499468961263,-0.607288904579141,0.9464285714285714,volume_3x_after_base,screen,"{""min_rvol"": 5, ""max_range40"": 0.15}",True,"{""stop_pct"": null, ""target_pct"": 0.15, ""max_hold_days"": 1}"
160,0.45,0.058043715510018856,-0.061109653457018465,1.1989935825258613,0.007377498251381016,0.5524245470425803,2.6125,110,0.42727272727272725,0.010646768593085776,-0.10452351095508294,1.044144080018666,-0.0004944997624448175,0.17721448516110988,2.6818181818181817,volume_3x_after_base,screen,"{""min_rvol"": 5, ""max_range40"": 0.15}",True,"{""stop_pct"": null, ""target_pct"": 0.15, ""max_hold_days"": 3}"
158,0.47468354430379744,0.01666244051727661,-0.08112627411667472,1.0469054957913597,0.005894087265268509,0.17003327108801183,4.19620253164557,108,0.4351851851851852,-0.023955469357912373,-0.11613861785975299,0.9176824881141059,-0.00394326658465024,-0.22840612589989942,4.2407407407407405,volume_3x_after_base,screen,"{""min_rvol"": 5, ""max_range40"": 0.15}",True,"{""stop_pct"": null, ""target_pct"": 0.15, ""max_hold_days"": 5}"
153,0.5032679738562091,0.07319532465410084,-0.07246386510915159,1.1960349662190546,0.009182776448311832,0.5525733433113333,7.954248366013072,105,0.49523809523809526,0.004902243899697067,-0.135319959471093,1.016283427759366,-0.0019271741586588639,0.09910599419168596,7.885714285714286,volume_3x_after_base,screen,"{""min_rvol"": 5, ""max_range40"": 0.15}",True,"{""stop_pct"": null, ""target_pct"": 0.15, ""max_hold_days"": 10}"
162,0.38271604938271603,-0.08908728815027123,-0.0955441449362785,0.696649490099368,-0.000930739608619496,-0.8673539111414168,0.9691358024691358,112,0.38392857142857145,-0.04372855053653946,-0.07756086467175749,0.7533452254824422,-0.01181409229907752,-0.7297370477777486,1.0,volume_3x_after_base,screen,"{""min_rvol"": 5, ""max_range40"": 0.15}",True,"{""stop_pct"": null, ""target_pct"": 0.4, ""max_hold_days"": 1}"
158,0.4050632911392405,-0.11876753185959155,-0.1303257567633369,0.692480548563469,0.0005812163206508987,-0.7964518681390417,2.8607594936708862,110,0.4,0.04565435161482245,-0.11899291773451426,1.1763812694747606,0.0019496387643166083,0.5363927756995851,2.9363636363636365,volume_3x_after_base,screen,"{""min_rvol"": 5, ""max_range40"": 0.15}",True,"{""stop_pct"": null, ""target_pct"": 0.4, ""max_hold_days"": 3}"
156,0.4166666666666667,-0.1779363443286004,-0.198098655564098,0.6130659067427326,-0.0031804410758886695,-1.1224169638471462,4.7243589743589745,108,0.4074074074074074,0.025354605119634055,-0.12966926726332761,1.0810940338517756,-0.0013674616946622632,0.3022762481735358,4.814814814814815,volume_3x_after_base,screen,"{""min_rvol"": 5, ""max_range40"": 0.15}",True,"{""stop_pct"": null, ""target_pct"": 0.4, ""max_hold_days"": 5}"
151,0.41721854304635764,-0.23376804110418747,-0.25957805938618805,0.5621891474872405,-0.007633559143622246,-1.278691154677672,9.324503311258278,105,0.4095238095238095,-0.01571694549955227,-0.18179976140547205,0.9541738334003866,-0.006887869997153237,-0.07427486548010466,9.41904761904762,volume_3x_after_base,screen,"{""min_rvol"": 5, ""max_range40"": 0.15}",True,"{""stop_pct"": null, ""target_pct"": 0.4, ""max_hold_days"": 10}"
3204,0.21348314606741572,-0.8916672691392535,-0.8952591926269136,0.6018131681949065,-0.006913405036281607,-5.293633501486995,0.0,2370,0.20928270042194091,-0.8007071938132786,-0.8071941667836694,0.6850448230201693,-0.006673276964784238,-5.9098753161699396,0.0,gap_day,strategy,"{""gap_pct"": 0.03, ""stop_pct"": 0.02}",False,{}
3204,0.27715355805243447,-0.9095955465253001,-0.9143147869673066,0.6318697496170234,-0.007359508017864308,-4.650493540284306,0.0,2370,0.27848101265822783,-0.8117726180466991,-0.822029561072259,0.7229896472123368,-0.006885096742965375,-5.017292038983576,0.0,gap_day,strategy,"{""gap_pct"": 0.03, ""stop_pct"": 0.03}",False,{}
3204,0.34737827715355807,-0.888121716081302,-0.8922955705408265,0.7112111505139187,-0.006601109058104107,-3.160294196958275,0.0,2370,0.3493670886075949,-0.8437388263356295,-0.8471418459965621,0.7292883699657675,-0.007576655786508268,-4.687009967096995,0.0,gap_day,strategy,"{""gap_pct"": 0.03, ""stop_pct"": 0.05}",False,{}
2260,0.18761061946902655,-0.8299701542835365,-0.8313012574478542,0.5754940174650048,-0.007794564055360431,-5.045205048400705,0.0,1842,0.18892508143322476,-0.7240559795210302,-0.7327220044605909,0.6738517626589688,-0.006858170561631287,-5.281284426418292,0.0,gap_day,strategy,"{""gap_pct"": 0.05, ""stop_pct"": 0.02}",False,{}
2260,0.252212389380531,-0.8548951339550825,-0.8605836426100408,0.612171840796383,-0.008431979521038855,-4.312197024520627,0.0,1842,0.26058631921824105,-0.734851153965392,-0.745078291970038,0.7152582406859108,-0.0070462194783841355,-4.438108365955625,0.0,gap_day,strategy,"{""gap_pct"": 0.05, ""stop_pct"": 0.03}",False,{}
2260,0.32876106194690263,-0.8296033357153993,-0.8323607921815429,0.7112076801801345,-0.007564175736573064,-2.9286438353668074,0.0,1841,0.33840304182509506,-0.7768756163509728,-0.7801860425751744,0.7241369355419504,-0.007908795305725767,-4.2411166467138806,0.0,gap_day,strategy,"{""gap_pct"": 0.05, ""stop_pct"": 0.05}",False,{}
791,0.1529709228824273,-0.5433023264072849,-0.5538628371555729,0.5293697306157223,-0.009903036628926951,-4.574835663618913,0.0,709,0.15514809590973203,-0.38639674797243106,-0.4004685694858129,0.681026523543293,-0.006810545204599515,-2.959149912384444,0.0,gap_day,strategy,"{""gap_pct"": 0.1, ""stop_pct"": 0.02}",False,{}
791,0.22629582806573956,-0.5096513538487769,-0.5308726947996648,0.6408298799058121,-0.0088788889657322,-2.8161014200184007,0.0,709,0.2157968970380818,-0.4502912920376745,-0.4620840622439323,0.6874451850166277,-0.008374912823359917,-3.212693728941874,0.0,gap_day,strategy,"{""gap_pct"": 0.1, ""stop_pct"": 0.03}",False,{}
791,0.3173198482932996,-0.49577682170373094,-0.5101440928967551,0.7391685414288972,-0.008435312346600126,-2.0885144738616344,0.0,709,0.304654442877292,-0.5301554164633497,-0.5319354883425903,0.6821500563806574,-0.010543589967659363,-3.3319380735045296,0.0,gap_day,strategy,"{""gap_pct"": 0.1, ""stop_pct"": 0.05}",False,{}
3120,0.2141025641025641,-0.9856679601711986,-0.986049749063563,0.7139675925995785,-0.012638928741890128,-3.2392457929066536,0.7416666666666667,1665,0.206006006006006,-0.9677619620951432,-0.9681945389525588,0.5652121044587074,-0.020043472520568196,-4.639244865052328,0.76996996996997,surge_pullback,strategy,"{""pullback_pct"": 0.05, ""max_hold_days"": 3, ""stop_pct"": 0.05}",False,{}
2417,0.31650806785270996,-0.9849999642947077,-0.9857064506109365,0.7118654414289517,-0.015654385452150376,-2.715182064601185,1.3959453868431941,1308,0.3058103975535168,-0.9731494253390327,-0.973573441962861,0.5867263716637827,-0.025710918393020442,-4.621970630172379,1.422782874617737,surge_pullback,strategy,"{""pullback_pct"": 0.05, ""max_hold_days"": 3, ""stop_pct"": 0.1}",False,{}
2881,0.19784796945505034,-0.9836591688573253,-0.9845066277225016,0.7161011716277192,-0.013441042438148483,-3.101031587271424,0.8323498785144047,1516,0.19920844327176782,-0.9576041868335505,-0.9652556449305133,0.6261584150639675,-0.019551984073764832,-3.986611529213206,0.8799472295514512,surge_pullback,strategy,"{""pullback_pct"": 0.05, ""max_hold_days"": 5, ""stop_pct"": 0.05}",False,{}
2086,0.3068072866730585,-0.9810550974560446,-0.9835569638878692,0.7453308905477273,-0.017417935607114955,-2.6316763976140485,1.6476510067114094,1094,0.2915904936014625,-0.925195351503713,-0.9395799922793088,0.7422575571477917,-0.018025536255969723,-1.3498463875559996,1.7202925045703839,surge_pullback,strategy,"{""pullback_pct"": 0.05, ""max_hold_days"": 5, ""stop_pct"": 0.1}",False,{}
2783,0.19259791591807401,-0.9825383211245899,-0.9849244256610192,0.7405842092596738,-0.013395175010219064,-3.0586764972838676,0.8774703557312253,1474,0.19402985074626866,-0.951930530444561,-0.961184593755976,0.6494796816481082,-0.019143842761633396,-3.7762465274531833,0.9158751696065129,surge_pullback,strategy,"{""pullback_pct"": 0.05, ""max_hold_days"": 10, ""stop_pct"": 0.05}",False,{}
1916,0.2990605427974948,-0.9842068021174872,-0.9860973256973435,0.6989871789879926,-0.019967367067320347,-2.7770640313619896,1.8032359081419624,995,0.2914572864321608,-0.9122939830814285,-0.9304468795179223,0.7505622670163975,-0.01892173440983137,-1.2601113746904402,1.899497487437186,surge_pullback,strategy,"{""pullback_pct"": 0.05, ""max_hold_days"": 10, ""stop_pct"": 0.1}",False,{}
3036,0.20553359683794467,-0.9841920764559923,-0.9862496518960208,0.7199831701999876,-0.012695779050802004,-3.0880332920966027,0.7467061923583662,1661,0.20048163756773027,-0.9621914816337067,-0.962698804384139,0.565500889623696,-0.019046956626117814,-4.345245990546886,0.7676098735701384,surge_pullback,strategy,"{""pullback_pct"": 0.08, ""max_hold_days"": 3, ""stop_pct"": 0.05}",False,{}
2358,0.3061916878710772,-0.9805625115351246,-0.9828201482447884,0.7343562906820399,-0.014751666573696453,-2.4295381630605237,1.4185750636132315,1298,0.3012326656394453,-0.9627883559000435,-0.9633759915800091,0.5894634347743248,-0.02317234889498051,-4.124843094788533,1.433744221879815,surge_pullback,strategy,"{""pullback_pct"": 0.08, ""max_hold_days"": 3, ""stop_pct"": 0.1}",False,{}
2795,0.1935599284436494,-0.9780628057667128,-0.9820559054187257,0.7366274530966389,-0.012415277740359333,-2.8641184063869156,0.8493738819320215,1510,0.1947019867549669,-0.9419291069723871,-0.9514324650233071,0.6545958463031337,-0.017446169614579777,-3.54401923228611,0.8807947019867549,surge_pullback,strategy,"{""pullback_pct"": 0.08, ""max_hold_days"": 5, ""stop_pct"": 0.05}",False,{}
2020,0.30247524752475247,-0.96809202024266,-0.9734222920354122,0.751214797847184,-0.01501641896008803,-2.122718421728805,1.684158415841584,1097,0.2853236098450319,-0.8937239034626518,-0.9263183096749442,0.8066000423923123,-0.01489317242747912,-0.9948124066317978,1.706472196900638,surge_pullback,strategy,"{""pullback_pct"": 0.08, ""max_hold_days"": 5, ""stop_pct"": 0.1}",False,{}
2707,0.189878093830809,-0.974009188301101,-0.9804248497959713,0.7662919894934641,-0.012105007593453645,-2.735364609126478,0.8987809383080901,1475,0.1871186440677966,-0.9421066689834673,-0.9527782691673259,0.66848608851244,-0.017997082832467322,-3.4920702048893024,0.9057627118644068,surge_pullback,strategy,"{""pullback_pct"": 0.08, ""max_hold_days"": 10, ""stop_pct"": 0.05}",False,{}
1861,0.2890918860827512,-0.9748926052977821,-0.9800605945595205,0.7506236595228004,-0.017666651356154358,-2.381134061385857,1.8382590005373456,1013,0.29318854886475815,-0.8726027754195667,-0.8971764034081131,0.7735120551556497,-0.014069784264489387,-0.8588226093369694,1.857847976307996,surge_pullback,strategy,"{""pullback_pct"": 0.08, ""max_hold_days"": 10, ""stop_pct"": 0.1}",False,{}
2730,0.1956043956043956,-0.987643938172831,-0.9896244989618488,0.632771393225648,-0.015732731856235662,-3.9733744703011324,0.7446886446886447,1626,0.1881918819188192,-0.9580335059808679,-0.9703754500608388,0.6684487157946628,-0.01808812215664217,-3.019860768156435,0.7847478474784748,surge_pullback,strategy,"{""pullback_pct"": 0.15, ""max_hold_days"": 3, ""stop_pct"": 0.05}",False,{}
2106,0.2910731244064577,-0.9824700924655082,-0.9872531108804472,0.6778521208245971,-0.01770969150015518,-2.9593049481369715,1.4121557454890787,1271,0.28560188827694727,-0.8311711285523171,-0.8969614241253094,0.7853433208614496,-0.005451197210932943,-0.10266815863624189,1.4421715184893784,surge_pullback,strategy,"{""pullback_pct"": 0.15, ""max_hold_days"": 3, ""stop_pct"": 0.1}",False,{}
2536,0.17074132492113564,-0.9918575421077258,-0.9935071742855149,0.6223506584413568,-0.018179042033312835,-4.4396454048281715,0.8217665615141956,1480,0.17972972972972973,-0.9616934908423939,-0.969153041250689,0.5824768274755464,-0.021326469302353285,-3.9096537804768525,0.8959459459459459,surge_pullback,strategy,"{""pullback_pct"": 0.15, ""max_hold_days"": 5, ""stop_pct"": 0.05}",False,{}
1833,0.2722313147845063,-0.9895209179963319,-0.9911830827279026,0.6828435451419748,-0.023912413331027255,-3.6243250970759413,1.6841243862520459,1079,0.27710843373493976,-0.9128867023248033,-0.9306647534117563,0.7034496924175004,-0.016757434711352236,-1.0612365238297454,1.7201112140871178,surge_pullback,strategy,"{""pullback_pct"": 0.15, ""max_hold_days"": 5, ""stop_pct"": 0.1}",False,{}
2475,0.16686868686868686,-0.9904125257025735,-0.9930663333839268,0.6564933993374443,-0.018166539183940775,-4.325855621967757,0.8622222222222222,1429,0.172148355493352,-0.9588506942524312,-0.9663211985077683,0.5797519830124213,-0.021514262419551775,-3.8212017951126502,0.9419174247725682,surge_pullback,strategy,"{""pullback_pct"": 0.15, ""max_hold_days"": 10, ""stop_pct"": 0.05}",False,{}
1702,0.26556991774383076,-0.9870512629664686,-0.9899772605727137,0.7075166964521578,-0.02429480506139911,-3.403470836770837,1.8537015276145712,993,0.2769385699899295,-0.9008028058383674,-0.9222868529284034,0.7119203419186262,-0.01746566937945757,-1.00134268161366,1.8841893252769386,surge_pullback,strategy,"{""pullback_pct"": 0.15, ""max_hold_days"": 10, ""stop_pct"": 0.1}",False,{}
