train_n_trades,train_win_rate,train_total_return,train_max_drawdown,train_profit_factor,train_expectancy,train_sharpe,train_avg_hold_days,test_n_trades,test_win_rate,test_total_return,test_max_drawdown,test_profit_factor,test_expectancy,test_sharpe,test_avg_hold_days,model,kind,params,exclude_earnings,exit
4128,0.2558139534883721,-0.9969673965756339,-0.9970580741188576,0.7215766256765421,-0.015110775132105202,-6.929085337879132,0.42466085271317827,2360,0.22923728813559321,-0.9733900941099892,-0.9733900941099892,0.4888104530424682,-0.015376524472583447,-4.373879698664657,0.37457627118644066,dryup_first_spike,screen,"{""dry_frac"": 0.5, ""min_rvol"": 3, ""min_ret"": 0.03}",False,"{""stop_pct"": 0.05, ""target_pct"": null, ""max_hold_days"": 1}"
2752,0.18459302325581395,-0.9837771514127744,-0.9853245446918614,0.742666411469834,-0.01784755675619501,-4.280849611050029,0.9040697674418605,1549,0.17172369270497095,-0.942538077319186,-0.942538077319186,0.5020568605455259,-0.020106128913161745,-2.430061004802051,0.7998708844415752,dryup_first_spike,screen,"{""dry_frac"": 0.5, ""min_rvol"": 3, ""min_ret"": 0.03}",False,"{""stop_pct"": 0.05, ""target_pct"": null, ""max_hold_days"": 3}"
2237,0.15556548949485918,-0.9204499990316907,-0.9385051856009065,0.7696253455512587,-0.014471242864796858,-1.9507081661520926,1.2641931157800625,1270,0.14724409448818898,-0.7861178520890791,-0.7879355600627408,0.6505995244504752,-0.012630863349398936,-0.9720714020159159,1.115748031496063,dryup_first_spike,screen,"{""dry_frac"": 0.5, ""min_rvol"": 3, ""min_ret"": 0.03}",False,"{""stop_pct"": 0.05, ""target_pct"": null, ""max_hold_days"": 5}"
1652,0.12469733656174334,-0.7073177058867093,-0.8381753934557492,0.856093618313096,-0.006949117923220639,-0.9852163477565853,1.9691283292978208,963,0.10176531671858775,-0.8292261463675361,-0.8343431855780019,0.6011461149009959,-0.018803849057059417,-1.1462891040596412,1.6801661474558671,dryup_first_spike,screen,"{""dry_frac"": 0.5, ""min_rvol"": 3, ""min_ret"": 0.03}",False,"{""stop_pct"": 0.05, ""target_pct"": null, ""max_hold_days"": 10}"
4039,0.26244119831641494,-0.99871077653425,-0.998745314126722,0.6739223909154277,-0.017936412205263846,-11.658761674147158,0.33993562763060164,2364,0.23730964467005075,-0.9919213089392488,-0.9919213089392488,0.43247550188842576,-0.021349618671044346,-15.63053186742735,0.2893401015228426,dryup_first_spike,screen,"{""dry_frac"": 0.5, ""min_rvol"": 3, ""min_ret"": 0.03}",False,"{""stop_pct"": 0.05, ""target_pct"": 0.15, ""max_hold_days"": 1}"
3021,0.2234359483614697,-0.996012154593783,-0.9960864793527151,0.669789528254101,-0.02019002077118239,-9.879300321358489,0.6428334988414433,1758,0.2025028441410694,-0.9813512629160752,-0.9813512629160752,0.46569488920826685,-0.02437717574404348,-13.595928938182775,0.5062571103526735,dryup_first_spike,screen,"{""dry_frac"": 0.5, ""min_rvol"": 3, ""min_ret"": 0.03}",False,"{""stop_pct"": 0.05, ""target_pct"": 0.15, ""max_hold_days"": 3}"
2653,0.20844327176781002,-0.9938498599251135,-0.9939644851504926,0.6507929590866933,-0.021330355622607607,-9.405362630997736,0.8281191104410102,1578,0.19391634980988592,-0.9705238857986663,-0.9705238857986663,0.4891283156804029,-0.024299708445951525,-12.054521761658295,0.6343472750316856,dryup_first_spike,screen,"{""dry_frac"": 0.5, ""min_rvol"": 3, ""min_ret"": 0.03}",False,"{""stop_pct"": 0.05, ""target_pct"": 0.15, ""max_hold_days"": 5}"
2273,0.19665640123185218,-0.9848501606093911,-0.9853581620862584,0.667695355147153,-0.02099510459922127,-8.043859058649566,1.0928288605367356,1379,0.18491660623640319,-0.952584403449018,-0.952584403449018,0.5040383918225064,-0.024535209899779226,-10.70209846431389,0.8252356780275562,dryup_first_spike,screen,"{""dry_frac"": 0.5, ""min_rvol"": 3, ""min_ret"": 0.03}",False,"{""stop_pct"": 0.05, ""target_pct"": 0.15, ""max_hold_days"": 10}"
4150,0.25542168674698795,-0.9967468056175006,-0.9968440790268306,0.7348767094966356,-0.01501630288439752,-7.4488315081046315,0.407710843373494,2363,0.2302158273381295,-0.9804279798990503,-0.9804279798990503,0.4922357076714658,-0.017530066518923075,-9.607221532460228,0.3554803216250529,dryup_first_spike,screen,"{""dry_frac"": 0.5, ""min_rvol"": 3, ""min_ret"": 0.03}",False,"{""stop_pct"": 0.05, ""target_pct"": 0.4, ""max_hold_days"": 1}"
2836,0.191114245416079,-0.9820108191298847,-0.9845116199179104,0.7595189087228144,-0.016885016824712315,-5.08639022309067,0.8187588152327221,1611,0.17442582247051522,-0.9303661384246114,-0.9303661384246114,0.5649692686062272,-0.018467579792513622,-5.702493683551837,0.6945996275605214,dryup_first_spike,screen,"{""dry_frac"": 0.5, ""min_rvol"": 3, ""min_ret"": 0.03}",False,"{""stop_pct"": 0.05, ""target_pct"": 0.4, ""max_hold_days"": 3}"
2373,0.1639275179098188,-0.9637572240916946,-0.9705053313973797,0.7681666406757551,-0.017567891919144814,-4.3607393870712805,1.1036662452591657,1367,0.15874177029992684,-0.8944338112282453,-0.8944338112282453,0.581163178787942,-0.017683280437929192,-5.034804636682634,0.9348939283101683,dryup_first_spike,screen,"{""dry_frac"": 0.5, ""min_rvol"": 3, ""min_ret"": 0.03}",False,"{""stop_pct"": 0.05, ""target_pct"": 0.4, ""max_hold_days"": 5}"
1833,0.14566284779050737,-0.8721913279399066,-0.9114045710838383,0.7818439723119155,-0.014960165385172348,-2.8796314292249754,1.6486633933442445,1101,0.1298819255222525,-0.8683519622937141,-0.8683519622937141,0.5686174238061896,-0.019262078608140148,-5.04414058317015,1.3297002724795641,dryup_first_spike,screen,"{""dry_frac"": 0.5, ""min_rvol"": 3, ""min_ret"": 0.03}",False,"{""stop_pct"": 0.05, ""target_pct"": 0.4, ""max_hold_days"": 10}"
4091,0.3304815448545588,-0.9973796989431746,-0.9976928901732488,0.758726415774448,-0.014587674875085499,-2.4106165232070995,0.6924957223172818,2348,0.30877342419080067,-0.9917852755322191,-0.9917852755322191,0.46084138030033284,-0.019535318492456412,-5.396828015039228,0.6631175468483816,dryup_first_spike,screen,"{""dry_frac"": 0.5, ""min_rvol"": 3, ""min_ret"": 0.03}",False,"{""stop_pct"": 0.1, ""target_pct"": null, ""max_hold_days"": 1}"
2162,0.2761332099907493,-0.898463615573407,-0.9208524387718157,0.8626337149797334,-0.015034828944383865,-0.5779904501116642,1.57631822386679,1183,0.28233305156382077,-0.899880943872861,-0.899880943872861,0.695571988039026,-0.019329407109824157,-1.4828265539779697,1.52240067624683,dryup_first_spike,screen,"{""dry_frac"": 0.5, ""min_rvol"": 3, ""min_ret"": 0.03}",False,"{""stop_pct"": 0.1, ""target_pct"": null, ""max_hold_days"": 3}"
1608,0.2568407960199005,-0.23443745385043557,-0.6974583354916779,0.9715995082450327,-0.0062650237403591375,0.3239606332415755,2.2605721393034828,870,0.25057471264367814,-0.6447802841756731,-0.7757304948873531,0.7486178488712705,-0.012044863263842165,-0.2107239155237417,2.2287356321839082,dryup_first_spike,screen,"{""dry_frac"": 0.5, ""min_rvol"": 3, ""min_ret"": 0.03}",False,"{""stop_pct"": 0.1, ""target_pct"": null, ""max_hold_days"": 5}"
1078,0.22634508348794063,0.15576071007559533,-0.6687220102008868,1.0194949910283932,-7.746344838351238e-05,0.48147091655422186,3.6196660482374767,575,0.19826086956521738,-0.8307249379624256,-0.8307249379624256,0.5818291910563933,-0.03192532176296461,-0.8792869465392841,3.591304347826087,dryup_first_spike,screen,"{""dry_frac"": 0.5, ""min_rvol"": 3, ""min_ret"": 0.03}",False,"{""stop_pct"": 0.1, ""target_pct"": null, ""max_hold_days"": 10}"
3866,0.3448008277289188,-0.9992793711941969,-0.9992956202819593,0.7152617388619086,-0.020931615731042203,-9.29510728231621,0.5752715985514744,2349,0.32396764580672627,-0.9966172612263251,-0.9966172612263251,0.4515376389415361,-0.02461567615745549,-12.672758803511568,0.5389527458492975,dryup_first_spike,screen,"{""dry_frac"": 0.5, ""min_rvol"": 3, ""min_ret"": 0.03}",False,"{""stop_pct"": 0.1, ""target_pct"": 0.15, ""max_hold_days"": 1}"
2447,0.3391908459337965,-0.9945771421287002,-0.9948876002015377,0.7371442677442299,-0.024302376052712384,-6.426751115248023,1.1552921945239067,1380,0.33768115942028987,-0.9702190490910112,-0.9702190490910112,0.5777953342624328,-0.02727921554027213,-8.293294647050143,1.0557971014492753,dryup_first_spike,screen,"{""dry_frac"": 0.5, ""min_rvol"": 3, ""min_ret"": 0.03}",False,"{""stop_pct"": 0.1, ""target_pct"": 0.15, ""max_hold_days"": 3}"
2025,0.3274074074074074,-0.9911696644279445,-0.9919458284422706,0.7232987645225188,-0.027475540286839906,-6.14712633621418,1.4755555555555555,1132,0.3295053003533569,-0.9346356234600672,-0.935624930063817,0.6097954536066257,-0.025873706605878417,-5.977461527600987,1.36660777385159,dryup_first_spike,screen,"{""dry_frac"": 0.5, ""min_rvol"": 3, ""min_ret"": 0.03}",False,"{""stop_pct"": 0.1, ""target_pct"": 0.15, ""max_hold_days"": 5}"
1612,0.3238213399503722,-0.9690835685477296,-0.9735103580370726,0.7321524626261249,-0.026276997896946243,-4.913110169683239,2.002481389578164,896,0.32142857142857145,-0.8894334787899255,-0.891566544332218,0.6113990347792331,-0.02689316421368734,-4.7231355379570275,1.8671875,dryup_first_spike,screen,"{""dry_frac"": 0.5, ""min_rvol"": 3, ""min_ret"": 0.03}",False,"{""stop_pct"": 0.1, ""target_pct"": 0.15, ""max_hold_days"": 10}"
4030,0.33300248138957816,-0.9981563914205757,-0.9983985305355784,0.7696050547737237,-0.01718636858051176,-6.309207797464811,0.6712158808933002,2353,0.31321716957076073,-0.9901665926985173,-0.9901665926985173,0.5086443273731436,-0.019556263486434997,-8.264803939597497,0.6370590735231619,dryup_first_spike,screen,"{""dry_frac"": 0.5, ""min_rvol"": 3, ""min_ret"": 0.03}",False,"{""stop_pct"": 0.1, ""target_pct"": 0.4, ""max_hold_days"": 1}"
2249,0.2841262783459315,-0.9688460377669103,-0.9804018837250087,0.8309056017564569,-0.020197903405880287,-3.3565714575914822,1.4273010226767453,1233,0.29683698296836986,-0.819265602086317,-0.8347266798212116,0.7644704510017355,-0.015857827822083156,-2.3716875629756307,1.3779399837793997,dryup_first_spike,screen,"{""dry_frac"": 0.5, ""min_rvol"": 3, ""min_ret"": 0.03}",False,"{""stop_pct"": 0.1, ""target_pct"": 0.4, ""max_hold_days"": 3}"
1731,0.2668977469670711,-0.8864477520743458,-0.9248069536873547,0.847735374236233,-0.020394962040052027,-2.264668712804722,1.9838243789716927,938,0.2771855010660981,-0.5680463253735473,-0.6250324559980813,0.8432907489081127,-0.0076710937520680055,-1.116538694412689,1.9360341151385927,dryup_first_spike,screen,"{""dry_frac"": 0.5, ""min_rvol"": 3, ""min_ret"": 0.03}",False,"{""stop_pct"": 0.1, ""target_pct"": 0.4, ""max_hold_days"": 5}"
1250,0.252,-0.6820272433848278,-0.7627568548580898,0.8670482020739527,-0.01769159159214377,-1.1714335335477912,2.9296,712,0.2247191011235955,-0.6921565132787042,-0.7232704297311625,0.7678525871020222,-0.01422078193581866,-1.5749440584956915,2.6502808988764044,dryup_first_spike,screen,"{""dry_frac"": 0.5, ""min_rvol"": 3, ""min_ret"": 0.03}",False,"{""stop_pct"": 0.1, ""target_pct"": 0.4, ""max_hold_days"": 10}"
4144,0.3597972972972973,-0.9962189935112636,-0.9968947554448575,0.819227512722216,-0.01419716729048738,-1.9735139158444877,0.9005791505791506,2341,0.345578812473302,-0.993523233731242,-0.993523233731242,0.46175411856359105,-0.020865025575866503,-4.826061666857918,0.8974797095258437,dryup_first_spike,screen,"{""dry_frac"": 0.5, ""min_rvol"": 3, ""min_ret"": 0.03}",False,"{""stop_pct"": 0.2, ""target_pct"": null, ""max_hold_days"": 1}"
1774,0.342728297632469,-0.8858497587688338,-0.9304614146442401,0.8919245757597961,-0.015266248793960168,-0.39019260223449026,2.3404735062006763,955,0.34554973821989526,-0.9482250204182037,-0.9513090537087789,0.6303184585298435,-0.028759529983591423,-1.9112610522998243,2.305759162303665,dryup_first_spike,screen,"{""dry_frac"": 0.5, ""min_rvol"": 3, ""min_ret"": 0.03}",False,"{""stop_pct"": 0.2, ""target_pct"": null, ""max_hold_days"": 3}"
1186,0.33558178752107926,0.2586014002745438,-0.6665341909295542,1.0233114024438017,0.0027019729622861136,0.5572392808255741,3.5775716694772344,644,0.3167701863354037,-0.8852186963229642,-0.9315176538487931,0.5759990814141297,-0.03145247528695706,-1.3675995827689018,3.459627329192547,dryup_first_spike,screen,"{""dry_frac"": 0.5, ""min_rvol"": 3, ""min_ret"": 0.03}",False,"{""stop_pct"": 0.2, ""target_pct"": null, ""max_hold_days"": 5}"
720,0.30972222222222223,0.4886556996457041,-0.7113838384991276,1.0514888613022382,0.004375880056820468,0.5878225656000814,6.013888888888889,388,0.2551546391752577,-0.8766323881810322,-0.888243779037879,0.6200317938838115,-0.04998644632992437,-1.0564068059311893,5.881443298969073,dryup_first_spike,screen,"{""dry_frac"": 0.5, ""min_rvol"": 3, ""min_ret"": 0.03}",False,"{""stop_pct"": 0.2, ""target_pct"": null, ""max_hold_days"": 10}"
4042,0.38916378030677884,-0.9987683187576604,-0.9988734409595044,0.784729673665602,-0.018819682997718908,-6.658392069620185,0.7607619990103909,2348,0.3739352640545145,-0.9952884179862402,-0.9952884179862402,0.468961409387086,-0.022928715772596638,-9.938074858224555,0.7461669505962522,dryup_first_spike,screen,"{""dry_frac"": 0.5, ""min_rvol"": 3, ""min_ret"": 0.03}",False,"{""stop_pct"": 0.2, ""target_pct"": 0.15, ""max_hold_days"": 1}"
2076,0.4190751445086705,-0.9880253509382163,-0.9915177438589904,0.8119312186072287,-0.02483472218039517,-4.312978367896862,1.716281310211946,1141,0.43821209465381245,-0.9449608134577497,-0.9471235475935846,0.6346146809387364,-0.027874502015128148,-6.053081343910395,1.6231375985977212,dryup_first_spike,screen,"{""dry_frac"": 0.5, ""min_rvol"": 3, ""min_ret"": 0.03}",False,"{""stop_pct"": 0.2, ""target_pct"": 0.15, ""max_hold_days"": 3}"
1552,0.4426546391752577,-0.9491262091568733,-0.962391357252894,0.8161570163215366,-0.023503685530284143,-3.027813521731227,2.36340206185567,853,0.4501758499413834,-0.8610153866223571,-0.8683159534892996,0.6752906317814158,-0.025200636779812255,-3.6933967202801345,2.23915592028136,dryup_first_spike,screen,"{""dry_frac"": 0.5, ""min_rvol"": 3, ""min_ret"": 0.03}",False,"{""stop_pct"": 0.2, ""target_pct"": 0.15, ""max_hold_days"": 5}"
1086,0.4622467771639042,-0.8400340930280457,-0.9093237307047003,0.8188566422393747,-0.02370502589425842,-2.1305843199913435,3.544198895027624,629,0.47058823529411764,-0.37530511699150226,-0.5759972825651314,0.9016611244564102,-0.008266186995562547,-0.038017677793927375,3.1526232114467407,dryup_first_spike,screen,"{""dry_frac"": 0.5, ""min_rvol"": 3, ""min_ret"": 0.03}",False,"{""stop_pct"": 0.2, ""target_pct"": 0.15, ""max_hold_days"": 10}"
4093,0.3630588810163694,-0.9972105286663032,-0.9976280571288089,0.824005248016628,-0.01563689931882629,-4.376699445395006,0.8734424627412656,2353,0.3501912452188695,-0.9912015480834594,-0.9912015480834594,0.523495548253806,-0.019777335939036987,-7.119879676983365,0.8635784105397365,dryup_first_spike,screen,"{""dry_frac"": 0.5, ""min_rvol"": 3, ""min_ret"": 0.03}",False,"{""stop_pct"": 0.2, ""target_pct"": 0.4, ""max_hold_days"": 1}"
1859,0.36040882194728346,-0.9442437405178039,-0.9674599487329155,0.8833939988535223,-0.018523928911566182,-2.261920759233554,2.126949973103819,1004,0.351593625498008,-0.9315393340179512,-0.9408522251916605,0.6676980179033425,-0.027130675375906545,-3.1843904584650287,2.0866533864541834,dryup_first_spike,screen,"{""dry_frac"": 0.5, ""min_rvol"": 3, ""min_ret"": 0.03}",False,"{""stop_pct"": 0.2, ""target_pct"": 0.4, ""max_hold_days"": 3}"
1314,0.3622526636225266,-0.7379664170997758,-0.8562193029617791,0.9056014377811082,-0.01608291846201175,-1.1029213015349513,3.0593607305936072,707,0.3606789250353607,-0.6346044575243888,-0.6888931917054877,0.8310309685449471,-0.015147762336132657,-0.9926940873898936,2.994342291371994,dryup_first_spike,screen,"{""dry_frac"": 0.5, ""min_rvol"": 3, ""min_ret"": 0.03}",False,"{""stop_pct"": 0.2, ""target_pct"": 0.4, ""max_hold_days"": 5}"
842,0.36104513064133015,-0.13927956351162163,-0.6545939599855066,0.979098273155974,-0.011567348457391132,0.06874514216940579,4.933491686460807,476,0.3319327731092437,-0.4075110092665811,-0.5774136572274849,0.901986786074436,-0.00594841692689381,-0.03662410461483326,4.55672268907563,dryup_first_spike,screen,"{""dry_frac"": 0.5, ""min_rvol"": 3, ""min_ret"": 0.03}",False,"{""stop_pct"": 0.2, ""target_pct"": 0.4, ""max_hold_days"": 10}"
4116,0.36661807580174927,-0.9967293126705279,-0.9974080888763236,0.8228624509013251,-0.014847554519633295,-2.0158371260325985,0.9980563654033042,2335,0.3533190578158458,-0.99580567289693,-0.99580567289693,0.4938962002350291,-0.02210145947184049,-5.410209317779376,0.9961456102783726,dryup_first_spike,screen,"{""dry_frac"": 0.5, ""min_rvol"": 3, ""min_ret"": 0.03}",False,"{""stop_pct"": null, ""target_pct"": null, ""max_hold_days"": 1}"
1559,0.3713919178960872,-0.7929196240042657,-0.9108220076298901,0.9250579946378843,-0.014010815441751286,-0.19582064152538814,2.9890955740859524,833,0.368547418967587,-0.7766622242987773,-0.7992515535456615,0.8135130983236637,-0.018225731712934935,-0.6231075231361387,2.9759903961584633,dryup_first_spike,screen,"{""dry_frac"": 0.5, ""min_rvol"": 3, ""min_ret"": 0.03}",False,"{""stop_pct"": null, ""target_pct"": null, ""max_hold_days"": 3}"
940,0.37553191489361704,-0.8380407041787276,-0.9329693670881998,0.8707206765996223,-0.02118032148206959,-1.0474938242295893,4.962765957446808,500,0.336,-0.9183904136422977,-0.9203253245442726,0.5088100570380242,-0.04798949668931658,-2.6571066681190887,4.966,dryup_first_spike,screen,"{""dry_frac"": 0.5, ""min_rvol"": 3, ""min_ret"": 0.03}",False,"{""stop_pct"": null, ""target_pct"": null, ""max_hold_days"": 5}"
470,0.3829787234042553,-0.7895130753469171,-0.8326239382407785,0.7081630985135169,-0.050323178222892645,-1.2178774209275942,9.936170212765957,250,0.328,-0.5725464583962252,-0.6049058674645751,0.7206659929889923,-0.035971065325502066,-0.6984738575099771,9.948,dryup_first_spike,screen,"{""dry_frac"": 0.5, ""min_rvol"": 3, ""min_ret"": 0.03}",False,"{""stop_pct"": null, ""target_pct"": null, ""max_hold_days"": 10}"
4197,0.4131522516082916,-0.9958756837124573,-0.9967520140830195,0.8394599076283793,-0.01467996237874257,-5.05246530279031,0.8344055277579223,2353,0.39524011899702505,-0.9942384430934027,-0.9942384430934027,0.5215605956920997,-0.021758061081543482,-8.549061360536225,0.8300042498937527,dryup_first_spike,screen,"{""dry_frac"": 0.5, ""min_rvol"": 3, ""min_ret"": 0.03}",False,"{""stop_pct"": null, ""target_pct"": 0.15, ""max_hold_days"": 1}"
1882,0.48034006376195537,-0.8959250540946285,-0.9357487034601034,0.8625125493712762,-0.014055914159039019,-2.090847418833924,2.136556854410202,1019,0.507360157016683,-0.8028157721873619,-0.8071297037817375,0.7434147868700389,-0.018995055198167368,-2.6072534227504476,2.0814524043179587,dryup_first_spike,screen,"{""dry_frac"": 0.5, ""min_rvol"": 3, ""min_ret"": 0.03}",False,"{""stop_pct"": null, ""target_pct"": 0.15, ""max_hold_days"": 3}"
1274,0.5274725274725275,-0.5622468869426082,-0.7839897506340456,0.9129785210421189,-0.010866627293386681,-0.7923699613181469,3.2519623233908947,688,0.5290697674418605,-0.756952776832504,-0.7608217973875344,0.7332419946264354,-0.022204903106469477,-2.166039434253952,3.184593023255814,dryup_first_spike,screen,"{""dry_frac"": 0.5, ""min_rvol"": 3, ""min_ret"": 0.03}",False,"{""stop_pct"": null, ""target_pct"": 0.15, ""max_hold_days"": 5}"
770,0.5818181818181818,-0.0899981270415755,-0.6180245481658373,0.9804534092322725,-0.00575396516824824,0.059085279261846944,5.558441558441558,414,0.5748792270531401,0.4233938108626949,-0.32861834961833947,1.103692175580035,0.010491875467136114,0.7009429479580456,5.480676328502415,dryup_first_spike,screen,"{""dry_frac"": 0.5, ""min_rvol"": 3, ""min_ret"": 0.03}",False,"{""stop_pct"": null, ""target_pct"": 0.15, ""max_hold_days"": 10}"
4131,0.3730331638828371,-0.9960971641786155,-0.9972671671546971,0.8455005110214787,-0.01489850519211759,-3.7330182990109364,0.9648995400629388,2345,0.35863539445629,-0.9949261259912826,-0.9949261259912826,0.5212796605077945,-0.022047021007873407,-6.805295870052515,0.9599147121535181,dryup_first_spike,screen,"{""dry_frac"": 0.5, ""min_rvol"": 3, ""min_ret"": 0.03}",False,"{""stop_pct"": null, ""target_pct"": 0.4, ""max_hold_days"": 1}"
1640,0.39390243902439026,-0.579877749064168,-0.8596541640311443,0.9422569172309413,-0.011067527745592323,-0.35798675531880925,2.7195121951219514,880,0.3795454545454545,-0.9159537403554338,-0.92158126910557,0.7170380852284649,-0.029730176701052928,-2.5713730675905944,2.705681818181818,dryup_first_spike,screen,"{""dry_frac"": 0.5, ""min_rvol"": 3, ""min_ret"": 0.03}",False,"{""stop_pct"": null, ""target_pct"": 0.4, ""max_hold_days"": 3}"
1036,0.4266409266409266,-0.2779679719106687,-0.657633026193166,0.9702458248631399,-0.007417495220424559,-0.08287895649222451,4.324324324324325,566,0.37985865724381623,-0.7930095594649161,-0.8203077588561194,0.726771989838319,-0.029401127923288323,-2.0356274795938507,4.210247349823321,dryup_first_spike,screen,"{""dry_frac"": 0.5, ""min_rvol"": 3, ""min_ret"": 0.03}",False,"{""stop_pct"": null, ""target_pct"": 0.4, ""max_hold_days"": 5}"
554,0.44404332129963897,0.5055897596522028,-0.47350789813312844,1.0747910689694546,0.002309289815090577,0.6103858977444425,8.220216606498195,306,0.39215686274509803,-0.2513422607108078,-0.5760496981243481,0.9390718368169555,0.0010096281809619189,0.12111486031143973,7.869281045751634,dryup_first_spike,screen,"{""dry_frac"": 0.5, ""min_rvol"": 3, ""min_ret"": 0.03}",False,"{""stop_pct"": null, ""target_pct"": 0.4, ""max_hold_days"": 10}"
3557,0.24346359291537814,-0.9944602460383332,-0.9945548704672235,0.7141662092844506,-0.015891301125583384,-6.167056571045369,0.3623840314872083,2091,0.22142515542802488,-0.9572321693281183,-0.9572321693281183,0.48768404987989933,-0.015043262267676749,-3.7152404087905353,0.3400286944045911,dryup_first_spike,screen,"{""dry_frac"": 0.5, ""min_rvol"": 3, ""min_ret"": 0.1}",False,"{""stop_pct"": 0.05, ""target_pct"": null, ""max_hold_days"": 1}"
2677,0.18005229734777736,-0.9783549801164115,-0.9813561465893541,0.7491129515775344,-0.01688317852672103,-3.8444792137442656,0.8121031004856182,1514,0.15587846763540292,-0.9223205219788599,-0.9223205219788599,0.5116443815626008,-0.018402692905193512,-2.1192849934209335,0.73778071334214,dryup_first_spike,screen,"{""dry_frac"": 0.5, ""min_rvol"": 3, ""min_ret"": 0.1}",False,"{""stop_pct"": 0.05, ""target_pct"": null, ""max_hold_days"": 3}"
2241,0.15484158857652833,-0.9199871853219288,-0.9444698032714341,0.7797946532637269,-0.013741864011557955,-1.8484503852672662,1.1659973226238287,1271,0.13926042486231313,-0.43241351538935735,-0.7676193551644244,0.8235343435987335,-0.004883182800817608,0.06211420074095995,1.03933910306845,dryup_first_spike,screen,"{""dry_frac"": 0.5, ""min_rvol"": 3, ""min_ret"": 0.1}",False,"{""stop_pct"": 0.05, ""target_pct"": null, ""max_hold_days"": 5}"
1686,0.12336892052194544,-0.637086356538624,-0.7788477918636209,0.8730096745861897,-0.003779520268131084,-0.5568914447050307,1.860023724792408,963,0.102803738317757,-0.6336881716892138,-0.6764459225790347,0.7699211000663373,-0.009860797027236827,-0.3714391872000184,1.6458982346832813,dryup_first_spike,screen,"{""dry_frac"": 0.5, ""min_rvol"": 3, ""min_ret"": 0.1}",False,"{""stop_pct"": 0.05, ""target_pct"": null, ""max_hold_days"": 10}"
3523,0.25063866023275616,-0.9978925350125831,-0.9979127656476706,0.6678144625621429,-0.018950408233437955,-10.32220561544227,0.2642634118648879,2106,0.23171889838556506,-0.9888326099981206,-0.9888326099981206,0.40845850973847536,-0.02222104997564395,-14.243479147278393,0.248338081671415,dryup_first_spike,screen,"{""dry_frac"": 0.5, ""min_rvol"": 3, ""min_ret"": 0.1}",False,"{""stop_pct"": 0.05, ""target_pct"": 0.15, ""max_hold_days"": 1}"
2958,0.2187288708586883,-0.9957259452695276,-0.9958316795133795,0.6933767895967264,-0.020146215263444574,-9.18033842286158,0.5070993914807302,1705,0.19882697947214076,-0.9772831155455038,-0.9772831155455038,0.4619750378850321,-0.023645754133045777,-12.089801679398963,0.436950146627566,dryup_first_spike,screen,"{""dry_frac"": 0.5, ""min_rvol"": 3, ""min_ret"": 0.1}",False,"{""stop_pct"": 0.05, ""target_pct"": 0.15, ""max_hold_days"": 3}"
2721,0.21131936787945607,-0.9926582392775603,-0.9928398643543273,0.6869422950154133,-0.019901599179726646,-8.413761777994601,0.6504961411245865,1581,0.1935483870967742,-0.9591172672601036,-0.9591172672601036,0.5080027627316553,-0.0218576375229804,-9.548874661292597,0.5306767868437697,dryup_first_spike,screen,"{""dry_frac"": 0.5, ""min_rvol"": 3, ""min_ret"": 0.1}",False,"{""stop_pct"": 0.05, ""target_pct"": 0.15, ""max_hold_days"": 5}"
2440,0.2012295081967213,-0.9874869539796709,-0.9877965095522306,0.7005724781800211,-0.01986223859314725,-7.735212839687861,0.8459016393442623,1451,0.18401102687801515,-0.9607389244348724,-0.9607389244348724,0.5056521665950703,-0.02439755743985001,-10.511154828122367,0.6464507236388698,dryup_first_spike,screen,"{""dry_frac"": 0.5, ""min_rvol"": 3, ""min_ret"": 0.1}",False,"{""stop_pct"": 0.05, ""target_pct"": 0.15, ""max_hold_days"": 10}"
3582,0.24288107202680068,-0.9935649573930967,-0.9936472506729155,0.729311802929114,-0.015483887302555876,-6.3801228694178445,0.3442211055276382,2101,0.22084721561161352,-0.9729429823857156,-0.9729429823857156,0.47210704729288094,-0.01788883462899355,-8.84036714717634,0.3165159447881961,dryup_first_spike,screen,"{""dry_frac"": 0.5, ""min_rvol"": 3, ""min_ret"": 0.1}",False,"{""stop_pct"": 0.05, ""target_pct"": 0.4, ""max_hold_days"": 1}"
2758,0.18564176939811458,-0.9754037850986005,-0.9802750220088438,0.7754022936960298,-0.016223764063224323,-4.452584866413432,0.7240754169688179,1580,0.16329113924050634,-0.9197680428862882,-0.9273423020510261,0.545152771594628,-0.017558800038132615,-5.974846219091357,0.6234177215189873,dryup_first_spike,screen,"{""dry_frac"": 0.5, ""min_rvol"": 3, ""min_ret"": 0.1}",False,"{""stop_pct"": 0.05, ""target_pct"": 0.4, ""max_hold_days"": 3}"
2391,0.15809284818067754,-0.9668820606499086,-0.973967853800134,0.7702210549157432,-0.017472491346207573,-4.133566030401527,0.9757423672103722,1381,0.15206372194062273,-0.8761302085918788,-0.8864796197653284,0.5859847892198485,-0.016137576767406993,-4.737571976835413,0.8204199855177408,dryup_first_spike,screen,"{""dry_frac"": 0.5, ""min_rvol"": 3, ""min_ret"": 0.1}",False,"{""stop_pct"": 0.05, ""target_pct"": 0.4, ""max_hold_days"": 5}"
1926,0.14174454828660435,-0.9112183811119482,-0.9281069909482771,0.767140691357394,-0.015798711227496126,-3.1412196086607675,1.4439252336448598,1165,0.12532188841201716,-0.8732935661920306,-0.8747194893309372,0.5907524115110677,-0.019207082863442148,-4.845431662711145,1.1450643776824034,dryup_first_spike,screen,"{""dry_frac"": 0.5, ""min_rvol"": 3, ""min_ret"": 0.1}",False,"{""stop_pct"": 0.05, ""target_pct"": 0.4, ""max_hold_days"": 10}"
3540,0.32937853107344633,-0.9949267949187741,-0.9955541031316419,0.7690577877551185,-0.015291112714758396,-2.0788153062277464,0.6491525423728813,2078,0.307507218479307,-0.9860826503971717,-0.9860826503971717,0.46501555926229154,-0.019815470197358468,-4.390205618889871,0.6342637151106834,dryup_first_spike,screen,"{""dry_frac"": 0.5, ""min_rvol"": 3, ""min_ret"": 0.1}",False,"{""stop_pct"": 0.1, ""target_pct"": null, ""max_hold_days"": 1}"
2139,0.27395979429640016,-0.9148006542329798,-0.9312865116845006,0.8618704202871713,-0.013471231780816986,-0.6343627331415267,1.503973819541842,1167,0.2707797772065124,-0.8411317940581985,-0.8513818757326601,0.7389492552844313,-0.016364600276355553,-1.048527117920033,1.4961439588688945,dryup_first_spike,screen,"{""dry_frac"": 0.5, ""min_rvol"": 3, ""min_ret"": 0.1}",False,"{""stop_pct"": 0.1, ""target_pct"": null, ""max_hold_days"": 3}"
1615,0.2625386996904025,-0.3070076739593224,-0.7485712352114883,0.9639766631165027,-0.0036776898097517076,0.292907755067946,2.1733746130030958,884,0.23642533936651583,-0.6337960507892619,-0.7881126967552137,0.7800110732323551,-0.011794635235135497,-0.17863862314753753,2.1357466063348416,dryup_first_spike,screen,"{""dry_frac"": 0.5, ""min_rvol"": 3, ""min_ret"": 0.1}",False,"{""stop_pct"": 0.1, ""target_pct"": null, ""max_hold_days"": 5}"
1088,0.22794117647058823,0.49588576463611767,-0.6318876664333617,1.058199732307784,0.01293380117270247,0.6137569705906402,3.532169117647059,588,0.18197278911564627,-0.8552545496477163,-0.8840181077960908,0.6310226026799597,-0.034682700848025036,-1.007012549738814,3.4625850340136055,dryup_first_spike,screen,"{""dry_frac"": 0.5, ""min_rvol"": 3, ""min_ret"": 0.1}",False,"{""stop_pct"": 0.1, ""target_pct"": null, ""max_hold_days"": 10}"
3427,0.34870148818208346,-0.9988106753327334,-0.9988126268551252,0.7067611006614161,-0.021602091291063115,-8.323049686508453,0.5126933177706449,2099,0.3301572177227251,-0.9944898761224009,-0.9944898761224009,0.4497609611755161,-0.02497001537761744,-11.493837986897292,0.5026202953787517,dryup_first_spike,screen,"{""dry_frac"": 0.5, ""min_rvol"": 3, ""min_ret"": 0.1}",False,"{""stop_pct"": 0.1, ""target_pct"": 0.15, ""max_hold_days"": 1}"
2433,0.33908754623921084,-0.9960146531577277,-0.996202349971816,0.7407403568317591,-0.02529086801501324,-6.490608722932151,1.0238388820386355,1367,0.3262618873445501,-0.9762936796074259,-0.9762936796074259,0.5348755218832081,-0.02872379773768715,-8.827692735890261,0.9897585954645208,dryup_first_spike,screen,"{""dry_frac"": 0.5, ""min_rvol"": 3, ""min_ret"": 0.1}",False,"{""stop_pct"": 0.1, ""target_pct"": 0.15, ""max_hold_days"": 3}"
2079,0.3386243386243386,-0.9890744318815516,-0.9896628865459174,0.7308252701750934,-0.025287300080790512,-5.609193318090987,1.312169312169312,1178,0.32597623089983024,-0.9516742515844275,-0.9517481632648654,0.5973666733826349,-0.02787312955297232,-7.233640103169346,1.2071307300509337,dryup_first_spike,screen,"{""dry_frac"": 0.5, ""min_rvol"": 3, ""min_ret"": 0.1}",False,"{""stop_pct"": 0.1, ""target_pct"": 0.15, ""max_hold_days"": 5}"
1766,0.33125707814269534,-0.9662779841607301,-0.9714718667356282,0.7801665047774988,-0.024175083771796474,-3.9265756785725903,1.6568516421291053,954,0.31761006289308175,-0.9325121381420038,-0.9392008620871923,0.5628111514396794,-0.030512257769368202,-6.7998324827920555,1.6352201257861636,dryup_first_spike,screen,"{""dry_frac"": 0.5, ""min_rvol"": 3, ""min_ret"": 0.1}",False,"{""stop_pct"": 0.1, ""target_pct"": 0.15, ""max_hold_days"": 10}"
3480,0.3307471264367816,-0.9972899446156152,-0.9974986842286603,0.7550936414075603,-0.018408994884109405,-5.929976247353295,0.6261494252873563,2089,0.3121110579224509,-0.9855618726505365,-0.9855896856663466,0.5028767554339995,-0.02012833026570485,-7.598725306495382,0.6050741981809479,dryup_first_spike,screen,"{""dry_frac"": 0.5, ""min_rvol"": 3, ""min_ret"": 0.1}",False,"{""stop_pct"": 0.1, ""target_pct"": 0.4, ""max_hold_days"": 1}"
2211,0.2840343735866124,-0.9703997545953312,-0.9814010485784064,0.8278791251824501,-0.019701517049811317,-3.268464772025433,1.3604703753957486,1235,0.28259109311740893,-0.8474567463084359,-0.8674051059985743,0.7341796603560011,-0.01690018602681582,-2.4791964299642144,1.2963562753036437,dryup_first_spike,screen,"{""dry_frac"": 0.5, ""min_rvol"": 3, ""min_ret"": 0.1}",False,"{""stop_pct"": 0.1, ""target_pct"": 0.4, ""max_hold_days"": 3}"
1770,0.2706214689265537,-0.899474917324272,-0.9392559023327481,0.8480363968135971,-0.018391930084024337,-2.0286838768950335,1.8384180790960452,969,0.25593395252837975,-0.7625075166251362,-0.8111463949665416,0.7758560227178212,-0.01554291828312659,-2.1177389202655594,1.7936016511867905,dryup_first_spike,screen,"{""dry_frac"": 0.5, ""min_rvol"": 3, ""min_ret"": 0.1}",False,"{""stop_pct"": 0.1, ""target_pct"": 0.4, ""max_hold_days"": 5}"
1289,0.2637703646237393,-0.5112316657627036,-0.7328395971545141,0.9276053572178514,-0.009837165847190995,-0.6678895258927903,2.760279286268425,695,0.21726618705035972,-0.7729802200957887,-0.8070923874348406,0.7270009524696908,-0.021676473670846616,-2.405012896763694,2.7179856115107914,dryup_first_spike,screen,"{""dry_frac"": 0.5, ""min_rvol"": 3, ""min_ret"": 0.1}",False,"{""stop_pct"": 0.1, ""target_pct"": 0.4, ""max_hold_days"": 10}"
3551,0.36496761475640666,-0.9912117787249916,-0.9927297371948792,0.8339776562950422,-0.013899934486236595,-1.6006604254031824,0.8921430582934384,2068,0.3481624758220503,-0.9888810593814704,-0.9888810593814704,0.463398586235431,-0.02150274415485542,-4.802597659234479,0.8945841392649904,dryup_first_spike,screen,"{""dry_frac"": 0.5, ""min_rvol"": 3, ""min_ret"": 0.1}",False,"{""stop_pct"": 0.2, ""target_pct"": null, ""max_hold_days"": 1}"
1736,0.3467741935483871,-0.6316340606968318,-0.860087285753038,0.9482590491630556,-0.004542001811334747,0.06960211759419481,2.357142857142857,943,0.3297985153764581,-0.9376718351264848,-0.9429832977464555,0.6680283968548902,-0.02739980694139568,-1.7549837873880507,2.2937433722163307,dryup_first_spike,screen,"{""dry_frac"": 0.5, ""min_rvol"": 3, ""min_ret"": 0.1}",False,"{""stop_pct"": 0.2, ""target_pct"": null, ""max_hold_days"": 3}"
1179,0.3435114503816794,1.0772595123942184,-0.5140073982677296,1.0789319115432963,0.01170507106533138,0.7576872623520932,3.5623409669211195,632,0.3338607594936709,-0.622476827852524,-0.8053294133979539,0.7791570834518424,-0.01509584074550909,-0.251135587135315,3.5490506329113924,dryup_first_spike,screen,"{""dry_frac"": 0.5, ""min_rvol"": 3, ""min_ret"": 0.1}",False,"{""stop_pct"": 0.2, ""target_pct"": null, ""max_hold_days"": 5}"
716,0.32122905027932963,1.069153772783841,-0.6856696706858043,1.0951484606702426,0.025984352378598263,0.7371201648507262,6.022346368715084,393,0.23918575063613232,-0.708209619196525,-0.8490514582286145,0.8079916420590596,-0.03546974066001164,-0.24187541544539154,5.7735368956743,dryup_first_spike,screen,"{""dry_frac"": 0.5, ""min_rvol"": 3, ""min_ret"": 0.1}",False,"{""stop_pct"": 0.2, ""target_pct"": null, ""max_hold_days"": 10}"
3520,0.3977272727272727,-0.9980504477825377,-0.9981937933270097,0.7880505500367755,-0.019794931456009978,-6.097447095514758,0.7258522727272727,2099,0.3854216293473082,-0.9915511433473563,-0.9915511433473563,0.466874714576606,-0.022746260317234993,-8.812901658667048,0.7260600285850405,dryup_first_spike,screen,"{""dry_frac"": 0.5, ""min_rvol"": 3, ""min_ret"": 0.1}",False,"{""stop_pct"": 0.2, ""target_pct"": 0.15, ""max_hold_days"": 1}"
2050,0.43658536585365854,-0.9794637142295943,-0.9878003100992055,0.8559641441436555,-0.02197608103594296,-3.6603697422807517,1.6473170731707316,1120,0.43214285714285716,-0.9484918708461899,-0.9499993587998468,0.6145536201629922,-0.02845876766276827,-6.410051594356197,1.6178571428571429,dryup_first_spike,screen,"{""dry_frac"": 0.5, ""min_rvol"": 3, ""min_ret"": 0.1}",False,"{""stop_pct"": 0.2, ""target_pct"": 0.15, ""max_hold_days"": 3}"
1563,0.45361484325015994,-0.9401674674291225,-0.958702690983032,0.8365698185329383,-0.021898667091959652,-2.818009157528954,2.269993602047345,866,0.4561200923787529,-0.8821137003813305,-0.8842502925252682,0.668927443554317,-0.027182862253833266,-4.229091076144327,2.155889145496536,dryup_first_spike,screen,"{""dry_frac"": 0.5, ""min_rvol"": 3, ""min_ret"": 0.1}",False,"{""stop_pct"": 0.2, ""target_pct"": 0.15, ""max_hold_days"": 5}"
1138,0.48857644991212656,-0.8022590332032533,-0.8875773119238038,0.864187338858894,-0.01753382867704709,-1.8704071504328026,3.282952548330404,647,0.4806800618238022,-0.4419077435644787,-0.5839273868271516,0.8909679792899403,-0.010453545885443088,-0.13521934824976603,3.0139103554868623,dryup_first_spike,screen,"{""dry_frac"": 0.5, ""min_rvol"": 3, ""min_ret"": 0.1}",False,"{""stop_pct"": 0.2, ""target_pct"": 0.15, ""max_hold_days"": 10}"
3549,0.36799098337559877,-0.9941574873950322,-0.9946787786306686,0.8255056306906497,-0.016207525566281605,-3.648273425739231,0.8610876303183995,2084,0.35460652591170827,-0.9860254966137585,-0.9860254966137585,0.514193392218412,-0.02013283496785684,-6.379701131072849,0.8565259117082533,dryup_first_spike,screen,"{""dry_frac"": 0.5, ""min_rvol"": 3, ""min_ret"": 0.1}",False,"{""stop_pct"": 0.2, ""target_pct"": 0.4, ""max_hold_days"": 1}"
1827,0.3672687465790914,-0.8873911635722258,-0.9394027524868197,0.9041688200571802,-0.01390522061434311,-1.4527519130668147,2.1094690749863165,993,0.34541792547834843,-0.9205201430102914,-0.9307504941676952,0.6573358428160504,-0.027647205671119824,-3.8352509801363914,2.0513595166163143,dryup_first_spike,screen,"{""dry_frac"": 0.5, ""min_rvol"": 3, ""min_ret"": 0.1}",False,"{""stop_pct"": 0.2, ""target_pct"": 0.4, ""max_hold_days"": 3}"
1306,0.3675344563552833,-0.5577238272704531,-0.8184148843002226,0.9301135424162239,-0.007115743914608105,-0.41586495282182734,3.0382848392036754,709,0.3610719322990127,-0.764068825557939,-0.8125727638453667,0.7707930660323538,-0.02295443257530375,-2.1776661832953104,2.9816643159379406,dryup_first_spike,screen,"{""dry_frac"": 0.5, ""min_rvol"": 3, ""min_ret"": 0.1}",False,"{""stop_pct"": 0.2, ""target_pct"": 0.4, ""max_hold_days"": 5}"
848,0.3785377358490566,-0.35309980899376403,-0.6562496089615032,0.9461324653405189,-0.007953027395036042,-0.24418664402570042,4.860849056603773,478,0.3054393305439331,-0.6544865725595459,-0.7131459805430702,0.8294426729841783,-0.023638801659061667,-0.5478361922730246,4.52510460251046,dryup_first_spike,screen,"{""dry_frac"": 0.5, ""min_rvol"": 3, ""min_ret"": 0.1}",False,"{""stop_pct"": 0.2, ""target_pct"": 0.4, ""max_hold_days"": 10}"
3542,0.3718238283455675,-0.9914474741547145,-0.9933289871469817,0.844203120340312,-0.014246916755194244,-1.5729136867095022,0.9977413890457368,2065,0.3559322033898305,-0.9890259392928533,-0.9890259392928533,0.5109702053377932,-0.020916299479033357,-4.440784088174757,0.9961259079903148,dryup_first_spike,screen,"{""dry_frac"": 0.5, ""min_rvol"": 3, ""min_ret"": 0.1}",False,"{""stop_pct"": null, ""target_pct"": null, ""max_hold_days"": 1}"
1542,0.38002594033722437,-0.3701120109534952,-0.7988775191612317,0.9728490964605192,-0.008715124194894133,0.2757085362198347,2.987029831387808,830,0.3674698795180723,-0.8228815798509699,-0.8345566197873437,0.801830925969528,-0.02116580567860826,-0.7458641448926908,2.9759036144578315,dryup_first_spike,screen,"{""dry_frac"": 0.5, ""min_rvol"": 3, ""min_ret"": 0.1}",False,"{""stop_pct"": null, ""target_pct"": null, ""max_hold_days"": 3}"
937,0.368196371398079,0.33132193961316747,-0.7338711957084099,1.0244963874054411,0.013008740562312243,0.5922532314802285,4.970117395944504,500,0.296,-0.9477321971906121,-0.9519767362537654,0.62069440111885,-0.060189097867235274,-2.1311521549629537,4.954,dryup_first_spike,screen,"{""dry_frac"": 0.5, ""min_rvol"": 3, ""min_ret"": 0.1}",False,"{""stop_pct"": null, ""target_pct"": null, ""max_hold_days"": 5}"
470,0.42127659574468085,0.4308786687242747,-0.6771949068066045,1.099631546531611,0.008320956026480905,0.61099967322513,9.91063829787234,250,0.34,-0.694414484331158,-0.701946376115826,0.6921510130460935,-0.053331217982788066,-0.41128182001995867,9.928,dryup_first_spike,screen,"{""dry_frac"": 0.5, ""min_rvol"": 3, ""min_ret"": 0.1}",False,"{""stop_pct"": null, ""target_pct"": null, ""max_hold_days"": 10}"
3622,0.42159028161236883,-0.9913155459335328,-0.9930188955240102,0.8470471353857264,-0.015118404139587505,-4.430901247003572,0.8114301490889012,2098,0.40800762631077214,-0.9858141387181455,-0.9858141387181455,0.5243170530550199,-0.020243395683705083,-7.308234868166247,0.8112488083889419,dryup_first_spike,screen,"{""dry_frac"": 0.5, ""min_rvol"": 3, ""min_ret"": 0.1}",False,"{""stop_pct"": null, ""target_pct"": 0.15, ""max_hold_days"": 1}"
1853,0.49433351322180247,-0.8691589149816443,-0.9312234900012768,0.9015971643138592,-0.012492852873329165,-1.9749122683707676,2.1068537506745817,1010,0.48514851485148514,-0.8714867336084859,-0.8714867336084859,0.7033080802714566,-0.023683306853583858,-3.3424829054344904,2.0821782178217823,dryup_first_spike,screen,"{""dry_frac"": 0.5, ""min_rvol"": 3, ""min_ret"": 0.1}",False,"{""stop_pct"": null, ""target_pct"": 0.15, ""max_hold_days"": 3}"
1278,0.5312989045383412,-0.33970628210108234,-0.7527343896221571,0.9571653203431116,-0.006060881686628568,-0.24971415650082718,3.192488262910798,701,0.5178316690442225,-0.8143102126415548,-0.8169432213882444,0.7378678776259221,-0.028002348340893646,-2.741183913866626,3.0884450784593436,dryup_first_spike,screen,"{""dry_frac"": 0.5, ""min_rvol"": 3, ""min_ret"": 0.1}",False,"{""stop_pct"": null, ""target_pct"": 0.15, ""max_hold_days"": 5}"
782,0.5946291560102301,-0.06012987109367063,-0.6876183603176855,0.9899257023252148,-0.0029305568477416637,0.11350436699226989,5.4258312020460355,408,0.5490196078431373,0.045188036206432525,-0.41535504655818534,1.0108453246480396,8.94675555759218e-05,0.41872518817781434,5.58578431372549,dryup_first_spike,screen,"{""dry_frac"": 0.5, ""min_rvol"": 3, ""min_ret"": 0.1}",False,"{""stop_pct"": null, ""target_pct"": 0.15, ""max_hold_days"": 10}"
3563,0.37973617737861354,-0.9874633632377988,-0.9893936283844219,0.8528397789113998,-0.013861477540753037,-2.895844084199619,0.9615492562447375,2080,0.3629807692307692,-0.989338446351437,-0.989338446351437,0.517290036529535,-0.021229310655219224,-5.847443329114974,0.9538461538461539,dryup_first_spike,screen,"{""dry_frac"": 0.5, ""min_rvol"": 3, ""min_ret"": 0.1}",False,"{""stop_pct"": null, ""target_pct"": 0.4, ""max_hold_days"": 1}"
1620,0.4074074074074074,-0.7304033377942462,-0.9053763758506372,0.9252405233145903,-0.009330059368092771,-0.6441068656248846,2.7012345679012344,875,0.3782857142857143,-0.8561947388185746,-0.8719915810660416,0.7364967665337598,-0.022823152697096987,-2.103196943427916,2.678857142857143,dryup_first_spike,screen,"{""dry_frac"": 0.5, ""min_rvol"": 3, ""min_ret"": 0.1}",False,"{""stop_pct"": null, ""target_pct"": 0.4, ""max_hold_days"": 3}"
1036,0.4189189189189189,-0.14687337874533823,-0.7195921396489668,0.9864053771354386,-0.003432506927965136,0.10974548947596338,4.30019305019305,563,0.38010657193605685,-0.8899212008551487,-0.8957595053916325,0.6860130433363147,-0.03908720046352188,-2.94235937585169,4.229129662522203,dryup_first_spike,screen,"{""dry_frac"": 0.5, ""min_rvol"": 3, ""min_ret"": 0.1}",False,"{""stop_pct"": null, ""target_pct"": 0.4, ""max_hold_days"": 5}"
557,0.47217235188509876,0.7091159318049856,-0.5121285026066984,1.0932425222341735,0.017027262065669097,0.7201936379982239,8.136445242369838,301,0.37209302325581395,-0.6693959657398658,-0.6913142052839432,0.7493773775594239,-0.03974707970398637,-1.4150174497230745,8.03654485049834,dryup_first_spike,screen,"{""dry_frac"": 0.5, ""min_rvol"": 3, ""min_ret"": 0.1}",False,"{""stop_pct"": null, ""target_pct"": 0.4, ""max_hold_days"": 10}"
446,0.14573991031390135,-0.36360931786885686,-0.45540973074601654,0.80229225018768,-0.008947638407175886,-0.8681983002902947,0.0,543,0.13259668508287292,-0.4706556036179207,-0.6357323228528089,0.7313932971888509,-0.009734412930559513,-1.0411106165322335,0.0,gap_and_go,screen,"{""min_gap"": 0.2, ""max_price"": 10}",False,"{""stop_pct"": 0.05, ""target_pct"": null, ""max_hold_days"": 1}"
446,0.15246636771300448,-0.7279906449844076,-0.7279906449844076,0.4070088266922152,-0.028942452864717968,-5.795409010223632,0.0,543,0.13812154696132597,-0.8303807048138623,-0.8303807048138623,0.35007155250491456,-0.032536174527746,-11.005642399471567,0.0,gap_and_go,screen,"{""min_gap"": 0.2, ""max_price"": 10}",False,"{""stop_pct"": 0.05, ""target_pct"": 0.15, ""max_hold_days"": 1}"
446,0.14798206278026907,-0.4781372753559552,-0.5016073038994322,0.7109210070346111,-0.013901276843001659,-1.7822913888005496,0.0,543,0.13443830570902393,-0.7346454144550609,-0.7478143963439581,0.49921701488199827,-0.024096379217778904,-5.824946681430782,0.0,gap_and_go,screen,"{""min_gap"": 0.2, ""max_price"": 10}",False,"{""stop_pct"": 0.05, ""target_pct"": 0.4, ""max_hold_days"": 1}"
446,0.273542600896861,0.10036055786815479,-0.41302831771161874,1.0294277536131635,0.004906469478781895,0.3137142146068408,0.0,543,0.27440147329650094,-0.5258358537965646,-0.7216120486180408,0.8132542947102995,-0.011197258768550685,-1.041070567523154,0.0,gap_and_go,screen,"{""min_gap"": 0.2, ""max_price"": 10}",False,"{""stop_pct"": 0.1, ""target_pct"": null, ""max_hold_days"": 1}"
446,0.2914798206278027,-0.7960780387221743,-0.7961226506365914,0.5199914817388578,-0.035021359282260855,-4.663377274238525,0.0,543,0.2983425414364641,-0.8676463882088986,-0.8706814735472297,0.5170944415456209,-0.03679512762558386,-7.694709259332289,0.0,gap_and_go,screen,"{""min_gap"": 0.2, ""max_price"": 10}",False,"{""stop_pct"": 0.1, ""target_pct"": 0.15, ""max_hold_days"": 1}"
446,0.2757847533632287,-0.38604778594332345,-0.45371248073709536,0.8571022567996033,-0.00960856947663518,-0.8973583593418929,0.0,543,0.27624309392265195,-0.7554394570702375,-0.7767859492890007,0.6488559117907184,-0.025091774554215997,-3.989998943209036,0.0,gap_and_go,screen,"{""min_gap"": 0.2, ""max_price"": 10}",False,"{""stop_pct"": 0.1, ""target_pct"": 0.4, ""max_hold_days"": 1}"
446,0.3654708520179372,-0.09713318218804745,-0.4566281943026257,0.9763534245076404,0.0013092112001818839,0.063778171003813,0.0,543,0.36279926335174956,-0.6181322238711234,-0.7321639239196713,0.8123335659643593,-0.013280851554537497,-1.064593219352846,0.0,gap_and_go,screen,"{""min_gap"": 0.2, ""max_price"": 10}",False,"{""stop_pct"": 0.2, ""target_pct"": null, ""max_hold_days"": 1}"
446,0.45067264573991034,-0.7022192402159497,-0.7022192402159497,0.6994271186589057,-0.02602847198128017,-2.6356978952444905,0.0,543,0.42357274401473294,-0.8889198825304838,-0.8889198825304838,0.6052373103859835,-0.03887551507136218,-5.721652298650767,0.0,gap_and_go,screen,"{""min_gap"": 0.2, ""max_price"": 10}",False,"{""stop_pct"": 0.2, ""target_pct"": 0.15, ""max_hold_days"": 1}"
446,0.3721973094170404,-0.4637661864048682,-0.5096946017925934,0.8588455854261893,-0.01205521262457676,-0.941833011398646,0.0,543,0.3701657458563536,-0.7868824970170128,-0.7929514208936961,0.7071586406868722,-0.02589329583905872,-3.217061800611652,0.0,gap_and_go,screen,"{""min_gap"": 0.2, ""max_price"": 10}",False,"{""stop_pct"": 0.2, ""target_pct"": 0.4, ""max_hold_days"": 1}"
446,0.3744394618834081,-0.07057436377875015,-0.48850642617430695,0.9827912499135331,0.002175168394504258,0.10983070797035585,0.0,543,0.3812154696132597,-0.730145383964761,-0.768484121004395,0.7807734312614077,-0.019279206121250263,-1.4777776788540236,0.0,gap_and_go,screen,"{""min_gap"": 0.2, ""max_price"": 10}",False,"{""stop_pct"": null, ""target_pct"": null, ""max_hold_days"": 1}"
446,0.5089686098654709,-0.34606970712070806,-0.3935296251076602,0.8685283586100483,-0.008335872133815118,-0.8305831875435037,0.0,543,0.4990791896869245,-0.727435718137925,-0.7481685442983393,0.7405767745362228,-0.022211569751695612,-3.0696715413386775,0.0,gap_and_go,screen,"{""min_gap"": 0.2, ""max_price"": 10}",False,"{""stop_pct"": null, ""target_pct"": 0.15, ""max_hold_days"": 1}"
446,0.3923766816143498,-0.19223862887890686,-0.4212279854287956,0.94528182685074,-0.0025842750667933946,-0.18962117456476602,0.0,543,0.4014732965009208,-0.7474332331373208,-0.7814923356462358,0.7610831262956238,-0.022126035612022435,-2.3872624704956764,0.0,gap_and_go,screen,"{""min_gap"": 0.2, ""max_price"": 10}",False,"{""stop_pct"": null, ""target_pct"": 0.4, ""max_hold_days"": 1}"
726,0.17355371900826447,-0.27450755052007325,-0.36898880435595993,0.9010682260849058,-0.0026721993828924488,-0.2530657804972248,0.0,755,0.12980132450331125,-0.7213635622753323,-0.7899373286341076,0.606864916425373,-0.015410639118654501,-2.2425128788238395,0.0,gap_and_go,screen,"{""min_gap"": 0.2, ""max_price"": 20}",False,"{""stop_pct"": 0.05, ""target_pct"": null, ""max_hold_days"": 1}"
726,0.1790633608815427,-0.8477497500071621,-0.8477497500071621,0.45668133862775506,-0.02576998488289068,-6.784833765580149,0.0,755,0.13774834437086092,-0.9167925279210354,-0.9167925279210354,0.32521850333647023,-0.032774724716636436,-13.935257838845901,0.0,gap_and_go,screen,"{""min_gap"": 0.2, ""max_price"": 20}",False,"{""stop_pct"": 0.05, ""target_pct"": 0.15, ""max_hold_days"": 1}"
726,0.174931129476584,-0.6059246747546975,-0.616051199112146,0.7309763190346318,-0.012293674560956962,-2.118806180979574,0.0,755,0.13112582781456952,-0.865154750833075,-0.8673175799458405,0.44523485215332276,-0.026226572340847056,-8.182219085613262,0.0,gap_and_go,screen,"{""min_gap"": 0.2, ""max_price"": 20}",False,"{""stop_pct"": 0.05, ""target_pct"": 0.4, ""max_hold_days"": 1}"
726,0.2878787878787879,-0.09232400571265875,-0.39128651314247964,0.9783264254933169,0.0015429896003943207,0.12177771996500068,0.0,755,0.2635761589403974,-0.758977657895767,-0.8352414210338015,0.7516319334800823,-0.01658831371839378,-1.987033022640685,0.0,gap_and_go,screen,"{""min_gap"": 0.2, ""max_price"": 20}",False,"{""stop_pct"": 0.1, ""target_pct"": null, ""max_hold_days"": 1}"
726,0.30578512396694213,-0.9139163533537853,-0.9149128004308624,0.5342660065944052,-0.03326112677326007,-6.0167739062193935,0.0,755,0.28741721854304636,-0.9492474011814405,-0.9492474011814405,0.4853424110998011,-0.038937203928248496,-9.53316032862014,0.0,gap_and_go,screen,"{""min_gap"": 0.2, ""max_price"": 20}",False,"{""stop_pct"": 0.1, ""target_pct"": 0.15, ""max_hold_days"": 1}"
726,0.2892561983471074,-0.6727749997321377,-0.6909023616280012,0.7796440630500543,-0.014348996246094994,-1.897579594286643,0.0,755,0.26490066225165565,-0.891802348965345,-0.8958872680199541,0.6138796632932506,-0.028633178330204817,-5.646100424542239,0.0,gap_and_go,screen,"{""min_gap"": 0.2, ""max_price"": 20}",False,"{""stop_pct"": 0.1, ""target_pct"": 0.4, ""max_hold_days"": 1}"
726,0.36639118457300274,-0.3470454459714555,-0.44007397575267093,0.9253298537322473,-0.0024197677254543444,-0.1717159156506183,0.0,755,0.3536423841059603,-0.8090962661490905,-0.8485915812962204,0.7582941943192367,-0.018080363838691247,-1.8128548856726656,0.0,gap_and_go,screen,"{""min_gap"": 0.2, ""max_price"": 20}",False,"{""stop_pct"": 0.2, ""target_pct"": null, ""max_hold_days"": 1}"
726,0.4393939393939394,-0.8655440198249855,-0.8655440198249855,0.6718676394550135,-0.026630991557456206,-3.604270907804608,0.0,755,0.42119205298013246,-0.9447357687777534,-0.9447357687777534,0.6129542389557767,-0.03690733176971869,-6.6370283369127945,0.0,gap_and_go,screen,"{""min_gap"": 0.2, ""max_price"": 20}",False,"{""stop_pct"": 0.2, ""target_pct"": 0.15, ""max_hold_days"": 1}"
726,0.37052341597796146,-0.7523813319273304,-0.7529691885341526,0.7752083527577543,-0.01764824574288826,-1.9167248353289459,0.0,755,0.36423841059602646,-0.8860979289588531,-0.8860979289588531,0.6880827242617427,-0.026570401692305106,-4.055172130752857,0.0,gap_and_go,screen,"{""min_gap"": 0.2, ""max_price"": 20}",False,"{""stop_pct"": 0.2, ""target_pct"": 0.4, ""max_hold_days"": 1}"
726,0.3774104683195592,-0.29179611832187546,-0.37889760485497903,0.9396402712871615,-0.0011357558476392958,-0.07871510852797682,0.0,755,0.3708609271523179,-0.8661838971697613,-0.8847317529948051,0.751489290240575,-0.022397876124710704,-2.149362040143771,0.0,gap_and_go,screen,"{""min_gap"": 0.2, ""max_price"": 20}",False,"{""stop_pct"": null, ""target_pct"": null, ""max_hold_days"": 1}"
726,0.49173553719008267,-0.5822116797806292,-0.5831770425989267,0.831534506621272,-0.010998227650440236,-1.4886270105338502,0.0,755,0.4966887417218543,-0.759844962470869,-0.769669735939349,0.7786476344410496,-0.017450796965482015,-3.0691274942206492,0.0,gap_and_go,screen,"{""min_gap"": 0.2, ""max_price"": 20}",False,"{""stop_pct"": null, ""target_pct"": 0.15, ""max_hold_days"": 1}"
726,0.3925619834710744,-0.535907248739087,-0.5891053056787132,0.8664733798183392,-0.00878295652013906,-0.9031525742179719,0.0,755,0.3933774834437086,-0.8376472112259692,-0.8584490872373713,0.7649504252486998,-0.02127868450319235,-2.80849182823903,0.0,gap_and_go,screen,"{""min_gap"": 0.2, ""max_price"": 20}",False,"{""stop_pct"": null, ""target_pct"": 0.4, ""max_hold_days"": 1}"
388,0.19329896907216496,-0.34072718842423433,-0.5113197563271079,0.8148943261148847,5.940746778692418e-05,-0.7780985303834775,0.2603092783505155,259,0.2084942084942085,0.2584713212014895,-0.2023771062485017,1.1940844958637824,0.01081855660283243,0.8627797871864614,0.2702702702702703,multiday_runner_day2,screen,"{""day1_ret"": 0.5, ""day1_rvol"": 5}",True,"{""stop_pct"": 0.05, ""target_pct"": null, ""max_hold_days"": 1}"
387,0.12661498708010335,-0.2911151169380476,-0.5342537172641413,0.8639350386906,-0.003110443833902454,-0.39336429184917565,0.5891472868217055,259,0.1583011583011583,0.062021640759490904,-0.23448818202344035,1.0418192232588848,0.004247453219420117,0.34107703212845586,0.667953667953668,multiday_runner_day2,screen,"{""day1_ret"": 0.5, ""day1_rvol"": 5}",True,"{""stop_pct"": 0.05, ""target_pct"": null, ""max_hold_days"": 3}"
387,0.09560723514211886,-0.43629869819760003,-0.5839184736783862,0.7379695300252284,-0.013662220620579682,-0.5701391184760409,0.8191214470284238,259,0.11583011583011583,-0.1092597282284895,-0.34824980910285996,0.9243382561836353,-0.0022143809799042473,-0.05944743488035905,0.9498069498069498,multiday_runner_day2,screen,"{""day1_ret"": 0.5, ""day1_rvol"": 5}",True,"{""stop_pct"": 0.05, ""target_pct"": null, ""max_hold_days"": 5}"
386,0.06994818652849741,-0.5785035981454465,-0.6614826553603302,0.5881609399254796,-0.020911098480038724,-0.7729839253390534,1.261658031088083,256,0.07421875,-0.5661745311616999,-0.6228337291954527,0.4754694514333377,-0.029051665741440854,-1.2233327315118074,1.4765625,multiday_runner_day2,screen,"{""day1_ret"": 0.5, ""day1_rvol"": 5}",True,"{""stop_pct"": 0.05, ""target_pct"": null, ""max_hold_days"": 10}"
391,0.21739130434782608,-0.540042991124547,-0.5672365530282988,0.6018333329003976,-0.019988119000669782,-3.7095859831794957,0.10485933503836317,262,0.22519083969465647,-0.3232383182907387,-0.3750169265873916,0.6670510798744897,-0.014571554694091741,-2.7443493513605977,0.08778625954198473,multiday_runner_day2,screen,"{""day1_ret"": 0.5, ""day1_rvol"": 5}",True,"{""stop_pct"": 0.05, ""target_pct"": 0.15, ""max_hold_days"": 1}"
391,0.19437340153452684,-0.5490022754472099,-0.5782876637587127,0.6192356764509146,-0.020427415030792172,-3.5718866619727367,0.16112531969309463,262,0.22900763358778625,-0.3145809058135658,-0.35717877085324323,0.6920266187257006,-0.014054756149383825,-2.6014167746416303,0.1450381679389313,multiday_runner_day2,screen,"{""day1_ret"": 0.5, ""day1_rvol"": 5}",True,"{""stop_pct"": 0.05, ""target_pct"": 0.15, ""max_hold_days"": 3}"
391,0.1969309462915601,-0.5470957183442069,-0.5744419399280027,0.6198326313999032,-0.020347218998842058,-3.523331376546215,0.1918158567774936,262,0.22519083969465647,-0.31190444846568266,-0.3546674758683478,0.6959728684385691,-0.013906893161056033,-2.5650671543357104,0.183206106870229,multiday_runner_day2,screen,"{""day1_ret"": 0.5, ""day1_rvol"": 5}",True,"{""stop_pct"": 0.05, ""target_pct"": 0.15, ""max_hold_days"": 5}"
391,0.18925831202046037,-0.5571837408882768,-0.5839221792790226,0.6108569995756372,-0.020948802852796135,-3.6191498810618525,0.24296675191815856,262,0.22137404580152673,-0.32813306794312413,-0.36988631986441767,0.6774460883878167,-0.014831809200631292,-2.703677669054804,0.26717557251908397,multiday_runner_day2,screen,"{""day1_ret"": 0.5, ""day1_rvol"": 5}",True,"{""stop_pct"": 0.05, ""target_pct"": 0.15, ""max_hold_days"": 10}"
389,0.1928020565552699,-0.489488695015896,-0.5562980853904047,0.6873446678302226,-0.016793510652386403,-2.4175747475946014,0.2210796915167095,262,0.20610687022900764,0.006133144737288765,-0.24956871359154276,1.0051881544739412,0.001532306179170276,0.13765796358417423,0.19083969465648856,multiday_runner_day2,screen,"{""day1_ret"": 0.5, ""day1_rvol"": 5}",True,"{""stop_pct"": 0.05, ""target_pct"": 0.4, ""max_hold_days"": 1}"
389,0.13624678663239073,-0.3868744406560467,-0.5592396522722302,0.8048681306928012,-0.01190724011368997,-1.3887155054028826,0.40102827763496146,262,0.18702290076335878,0.12770838946062812,-0.19195234821995766,1.0877860997753523,0.00619995399114829,0.6130740315533263,0.40458015267175573,multiday_runner_day2,screen,"{""day1_ret"": 0.5, ""day1_rvol"": 5}",True,"{""stop_pct"": 0.05, ""target_pct"": 0.4, ""max_hold_days"": 3}"
389,0.12339331619537275,-0.4168596022106329,-0.5604083921799407,0.7762236083574588,-0.013141888436506188,-1.4994920606467688,0.493573264781491,262,0.16030534351145037,0.016421600472445563,-0.2426460642620193,1.0115320706509234,0.0022995553974940307,0.188873575653,0.5305343511450382,multiday_runner_day2,screen,"{""day1_ret"": 0.5, ""day1_rvol"": 5}",True,"{""stop_pct"": 0.05, ""target_pct"": 0.4, ""max_hold_days"": 5}"
389,0.11311053984575835,-0.37100818515609624,-0.5315277368348954,0.8082110409389615,-0.011104589585308078,-1.1832928810379935,0.6452442159383034,262,0.1450381679389313,-0.03483066370543708,-0.25539027791700863,0.975240006716526,0.0002692224009664643,-0.013389478498374043,0.7290076335877863,multiday_runner_day2,screen,"{""day1_ret"": 0.5, ""day1_rvol"": 5}",True,"{""stop_pct"": 0.05, ""target_pct"": 0.4, ""max_hold_days"": 10}"
387,0.28165374677002586,-0.577385767497339,-0.6779769245614303,0.7664861897470331,-0.010978498598556711,-1.4515088000747258,0.46511627906976744,255,0.2980392156862745,-0.04493091106959202,-0.29155245923524464,0.974798007354204,0.00034804360523304193,0.05424123276887867,0.4745098039215686,multiday_runner_day2,screen,"{""day1_ret"": 0.5, ""day1_rvol"": 5}",True,"{""stop_pct"": 0.1, ""target_pct"": null, ""max_hold_days"": 1}"
385,0.22857142857142856,-0.47187397344633886,-0.6580068912885666,0.8506905619028747,-0.008686069963492993,-0.5450932918139818,1.103896103896104,255,0.24313725490196078,0.16180420423652753,-0.35799263636718504,1.0712507236402247,0.012508848293603271,0.5294333135497693,1.1450980392156862,multiday_runner_day2,screen,"{""day1_ret"": 0.5, ""day1_rvol"": 5}",True,"{""stop_pct"": 0.1, ""target_pct"": null, ""max_hold_days"": 3}"
384,0.18229166666666666,-0.539516706132311,-0.7338661783594675,0.8364148758337142,-0.014989207125250814,-0.5640998331555441,1.5833333333333333,252,0.1746031746031746,-0.2566242306862875,-0.368614792346573,0.8707583609250539,-0.008308222705815901,-0.2528865459492309,1.6349206349206349,multiday_runner_day2,screen,"{""day1_ret"": 0.5, ""day1_rvol"": 5}",True,"{""stop_pct"": 0.1, ""target_pct"": null, ""max_hold_days"": 5}"
383,0.1409921671018277,-0.619040240341332,-0.7099414217511886,0.7629638054933502,-0.021577994966943275,-0.5288860680959238,2.4490861618798956,247,0.12955465587044535,-0.6977881242933319,-0.763815078402498,0.5061085779622012,-0.04145440108840295,-1.484733633464895,2.5587044534412957,multiday_runner_day2,screen,"{""day1_ret"": 0.5, ""day1_rvol"": 5}",True,"{""stop_pct"": 0.1, ""target_pct"": null, ""max_hold_days"": 10}"
390,0.3128205128205128,-0.7319633185335298,-0.7405941524734234,0.568037965590441,-0.03325544889776957,-4.278146089248812,0.23846153846153847,261,0.3371647509578544,-0.419772620203971,-0.44895501282702543,0.6874182197249766,-0.020323286029050223,-2.795960581724378,0.21839080459770116,multiday_runner_day2,screen,"{""day1_ret"": 0.5, ""day1_rvol"": 5}",True,"{""stop_pct"": 0.1, ""target_pct"": 0.15, ""max_hold_days"": 1}"
390,0.3230769230769231,-0.7037939248015617,-0.724138819374636,0.6261811724152195,-0.03070632308115286,-3.6811338699348735,0.4282051282051282,261,0.3486590038314176,-0.443809876298363,-0.46876415910599756,0.6943153539024615,-0.022060012289203353,-2.80706121285839,0.36015325670498083,multiday_runner_day2,screen,"{""day1_ret"": 0.5, ""day1_rvol"": 5}",True,"{""stop_pct"": 0.1, ""target_pct"": 0.15, ""max_hold_days"": 3}"
390,0.3230769230769231,-0.7318496632919985,-0.7535988128804199,0.6236923599780145,-0.03319986299689652,-3.6991902402743286,0.5384615384615384,261,0.34099616858237547,-0.45912484043272106,-0.4833897866188306,0.6864459179265562,-0.02310378922714975,-2.833750266207772,0.4367816091954023,multiday_runner_day2,screen,"{""day1_ret"": 0.5, ""day1_rvol"": 5}",True,"{""stop_pct"": 0.1, ""target_pct"": 0.15, ""max_hold_days"": 5}"
390,0.3128205128205128,-0.7382487103701991,-0.7643956267725837,0.6266433386921689,-0.033764253353567114,-3.711797696133162,0.7025641025641025,261,0.3371647509578544,-0.4670041050874151,-0.4909122099544515,0.6785982787366787,-0.023699808363138872,-2.8683734618880457,0.5823754789272031,multiday_runner_day2,screen,"{""day1_ret"": 0.5, ""day1_rvol"": 5}",True,"{""stop_pct"": 0.1, ""target_pct"": 0.15, ""max_hold_days"": 10}"
388,0.27835051546391754,-0.6653551571293335,-0.716791490648005,0.6828748939311363,-0.026956517849769233,-2.7748350402385435,0.4072164948453608,260,0.3,-0.12121587802596578,-0.27941981513751557,0.9290129298322874,-0.0032215694093419905,-0.34410317136096463,0.38076923076923075,multiday_runner_day2,screen,"{""day1_ret"": 0.5, ""day1_rvol"": 5}",True,"{""stop_pct"": 0.1, ""target_pct"": 0.4, ""max_hold_days"": 1}"
389,0.2544987146529563,-0.484116191217135,-0.6372796117779189,0.8352926723704261,-0.015561187061295473,-1.3017762504970867,0.8303341902313625,260,0.27692307692307694,0.3196888843241039,-0.29819347125832696,1.127462568152091,0.014737021918690424,0.8082153287647874,0.7884615384615384,multiday_runner_day2,screen,"{""day1_ret"": 0.5, ""day1_rvol"": 5}",True,"{""stop_pct"": 0.1, ""target_pct"": 0.4, ""max_hold_days"": 3}"
389,0.22879177377892032,-0.5949428419118536,-0.6936138187397052,0.7964900256533116,-0.021565728627401026,-1.714029743747353,1.095115681233933,260,0.23076923076923078,0.07235775453661386,-0.32869234884510534,1.0298357905689264,0.0066828435480345925,0.36235684601317275,1.0307692307692307,multiday_runner_day2,screen,"{""day1_ret"": 0.5, ""day1_rvol"": 5}",True,"{""stop_pct"": 0.1, ""target_pct"": 0.4, ""max_hold_days"": 5}"
389,0.20565552699228792,-0.5639991208828049,-0.6767005682411877,0.8207723485752275,-0.01972352200900039,-1.4457296267192938,1.480719794344473,260,0.21923076923076923,0.035266712015197044,-0.3160680517466842,1.014783581788797,0.005105788989196133,0.2862942632224994,1.4038461538461537,multiday_runner_day2,screen,"{""day1_ret"": 0.5, ""day1_rvol"": 5}",True,"{""stop_pct"": 0.1, ""target_pct"": 0.4, ""max_hold_days"": 10}"
384,0.3385416666666667,-0.5644628387384136,-0.6779332432307656,0.8136092413308786,-0.009383371399343386,-1.1639937410705876,0.8151041666666666,252,0.36904761904761907,-0.2718790013316662,-0.41220016223648626,0.8745905088446433,-0.009946269868162149,-0.6133902002799334,0.7341269841269841,multiday_runner_day2,screen,"{""day1_ret"": 0.5, ""day1_rvol"": 5}",True,"{""stop_pct"": 0.2, ""target_pct"": null, ""max_hold_days"": 1}"
378,0.3306878306878307,-0.46670726980555477,-0.7196246640027151,0.8858953097334187,-0.00794704024552435,-0.31084947455018647,2.0238095238095237,251,0.3426294820717131,0.8344894644404532,-0.4673118309975757,1.16695355440842,0.038317819452804,1.0986723279542199,1.8764940239043826,multiday_runner_day2,screen,"{""day1_ret"": 0.5, ""day1_rvol"": 5}",True,"{""stop_pct"": 0.2, ""target_pct"": null, ""max_hold_days"": 3}"
371,0.3018867924528302,-0.3783820313016665,-0.7684254925448097,0.9262818087932899,-0.005696810598847903,-0.059378176896220436,3.01078167115903,244,0.26229508196721313,-0.38276024015547405,-0.5615281316878893,0.8785110355069895,-0.00909302757708775,-0.22246471341446822,2.8237704918032787,multiday_runner_day2,screen,"{""day1_ret"": 0.5, ""day1_rvol"": 5}",True,"{""stop_pct"": 0.2, ""target_pct"": null, ""max_hold_days"": 5}"
354,0.2627118644067797,-0.49043492250303145,-0.753935151553661,0.8842462779003074,-0.013728636953239184,-0.08804424184795197,4.963276836158192,233,0.19313304721030042,-0.7833916214002677,-0.8235996890400755,0.641199074178729,-0.053264169155024146,-1.178258645798842,4.549356223175966,multiday_runner_day2,screen,"{""day1_ret"": 0.5, ""day1_rvol"": 5}",True,"{""stop_pct"": 0.2, ""target_pct"": null, ""max_hold_days"": 10}"
388,0.39690721649484534,-0.7578777779101136,-0.7722441158922604,0.6201630768803672,-0.03572896729779512,-3.511570453544185,0.5257731958762887,261,0.42911877394636017,-0.547033155252445,-0.5686923263588259,0.6629387392760278,-0.029402750691396737,-3.0711356389169113,0.39846743295019155,multiday_runner_day2,screen,"{""day1_ret"": 0.5, ""day1_rvol"": 5}",True,"{""stop_pct"": 0.2, ""target_pct"": 0.15, ""max_hold_days"": 1}"
388,0.46649484536082475,-0.7352010039540551,-0.7684283517266844,0.6912808537190396,-0.03255100439964963,-2.524669682480909,1.0309278350515463,261,0.4827586206896552,-0.5479545558330711,-0.5763950720449085,0.7071556717814531,-0.02888077379538845,-2.5157313882936196,0.7624521072796935,multiday_runner_day2,screen,"{""day1_ret"": 0.5, ""day1_rvol"": 5}",True,"{""stop_pct"": 0.2, ""target_pct"": 0.15, ""max_hold_days"": 3}"
388,0.47680412371134023,-0.7698624164856469,-0.8071058257352512,0.6949308650691529,-0.03583914545387462,-2.6731147218869675,1.291237113402062,261,0.48659003831417624,-0.576206999608758,-0.6016860578859695,0.6937363176089243,-0.030896489950308137,-2.5854900119411157,0.9770114942528736,multiday_runner_day2,screen,"{""day1_ret"": 0.5, ""day1_rvol"": 5}",True,"{""stop_pct"": 0.2, ""target_pct"": 0.15, ""max_hold_days"": 5}"
388,0.4742268041237113,-0.7974330068403683,-0.8291694823746423,0.694371456827343,-0.03873246683052961,-2.7960775939925075,1.6417525773195876,261,0.4827586206896552,-0.6113285650807472,-0.6388706805325706,0.6689466008754332,-0.034054202207619136,-2.798299646942092,1.2681992337164751,multiday_runner_day2,screen,"{""day1_ret"": 0.5, ""day1_rvol"": 5}",True,"{""stop_pct"": 0.2, ""target_pct"": 0.15, ""max_hold_days"": 10}"
385,0.33506493506493507,-0.7081298446370544,-0.7433667009524709,0.7005261310272285,-0.030140117644576147,-2.476805144229884,0.7506493506493507,258,0.37209302325581395,-0.2457556992039358,-0.3699356312521551,0.8883152750802557,-0.008594581508149767,-0.7174059457485489,0.6085271317829457,multiday_runner_day2,screen,"{""day1_ret"": 0.5, ""day1_rvol"": 5}",True,"{""stop_pct"": 0.2, ""target_pct"": 0.4, ""max_hold_days"": 1}"
386,0.3626943005181347,-0.42422577088606417,-0.6290621138060508,0.8922482678563872,-0.011625842659793903,-0.6747741093637828,1.621761658031088,258,0.375968992248062,0.1234097682876163,-0.43265336905061613,1.0320691581803083,0.010436980724224398,0.4666283498516518,1.3372093023255813,multiday_runner_day2,screen,"{""day1_ret"": 0.5, ""day1_rvol"": 5}",True,"{""stop_pct"": 0.2, ""target_pct"": 0.4, ""max_hold_days"": 3}"
386,0.35751295336787564,-0.4451280193768976,-0.6758006923118816,0.9020809238923613,-0.0124384932793114,-0.6415851209243024,2.1761658031088085,258,0.32945736434108525,-0.17839139474260546,-0.4851803354628107,0.9525744673562788,-0.0004652592450097519,-0.11049574806376078,1.8410852713178294,multiday_runner_day2,screen,"{""day1_ret"": 0.5, ""day1_rvol"": 5}",True,"{""stop_pct"": 0.2, ""target_pct"": 0.4, ""max_hold_days"": 5}"
382,0.3481675392670157,-0.322111442199542,-0.669226012639978,0.942923600797382,-0.006891701639620974,-0.2951889520386681,3.018324607329843,257,0.31906614785992216,-0.2942591000814684,-0.49154333562184926,0.9198884028589251,-0.006954322085621418,-0.37590172916233483,2.603112840466926,multiday_runner_day2,screen,"{""day1_ret"": 0.5, ""day1_rvol"": 5}",True,"{""stop_pct"": 0.2, ""target_pct"": 0.4, ""max_hold_days"": 10}"
382,0.3507853403141361,-0.5334143005198551,-0.6571564251789057,0.8244735956873352,-0.0077171452425540575,-1.0021496983376135,0.9947643979057592,249,0.40160642570281124,-0.3192966958353657,-0.36143571543354946,0.8554322229851398,-0.011463923906593461,-0.5900388979632661,0.9919678714859438,multiday_runner_day2,screen,"{""day1_ret"": 0.5, ""day1_rvol"": 5}",True,"{""stop_pct"": null, ""target_pct"": null, ""max_hold_days"": 1}"
375,0.376,-0.17312636394240577,-0.55203547066522,0.9624836381968401,0.003856467891753039,0.1702687216214112,2.976,246,0.4105691056910569,1.1616570219975575,-0.5810579099547384,1.169061808496479,0.0465070476940786,1.17700498553669,2.975609756097561,multiday_runner_day2,screen,"{""day1_ret"": 0.5, ""day1_rvol"": 5}",True,"{""stop_pct"": null, ""target_pct"": null, ""max_hold_days"": 3}"
358,0.3715083798882682,-0.3933414175709693,-0.7034660332076994,0.9257624759929747,-0.004543709049176344,0.013050213227980037,4.93854748603352,234,0.3333333333333333,-0.5911655147020334,-0.674238240296736,0.8219157173937431,-0.02640323966682502,-0.18041147806673477,4.948717948717949,multiday_runner_day2,screen,"{""day1_ret"": 0.5, ""day1_rvol"": 5}",True,"{""stop_pct"": null, ""target_pct"": null, ""max_hold_days"": 5}"
299,0.33444816053511706,-0.7375240065394133,-0.8227543123188685,0.7640100721807,-0.026182064782487476,-0.4170958178690819,9.782608695652174,186,0.26344086021505375,-0.9564221983173788,-0.9588267650855711,0.38412252891776777,-0.1450132432462309,-2.250311049551531,9.78494623655914,multiday_runner_day2,screen,"{""day1_ret"": 0.5, ""day1_rvol"": 5}",True,"{""stop_pct"": null, ""target_pct"": null, ""max_hold_days"": 10}"
386,0.4326424870466321,-0.6480155011525977,-0.6854633622524768,0.7023795765510262,-0.026088973181211304,-2.311908078737842,0.6839378238341969,260,0.5153846153846153,-0.34396704356131813,-0.3843014864422243,0.8039011052949645,-0.014783720122967822,-1.1678076267529496,0.5923076923076923,multiday_runner_day2,screen,"{""day1_ret"": 0.5, ""day1_rvol"": 5}",True,"{""stop_pct"": null, ""target_pct"": 0.15, ""max_hold_days"": 1}"
386,0.538860103626943,-0.5398371009474363,-0.6450443026258585,0.8116699163964446,-0.018490874111572738,-0.9693261911901531,1.7901554404145077,260,0.6230769230769231,-0.130329801227983,-0.35441596822025645,0.9474858201809682,-0.002778314430355211,-0.10613924956963865,1.4576923076923076,multiday_runner_day2,screen,"{""day1_ret"": 0.5, ""day1_rvol"": 5}",True,"{""stop_pct"": null, ""target_pct"": 0.15, ""max_hold_days"": 3}"
383,0.587467362924282,-0.6252431666943848,-0.7110866244416255,0.8001565176990534,-0.023894113215576083,-1.1812448481116244,2.691906005221932,260,0.6307692307692307,-0.501662273449571,-0.5145776626873377,0.777870944463906,-0.023058867389493164,-1.2847796046657836,2.230769230769231,multiday_runner_day2,screen,"{""day1_ret"": 0.5, ""day1_rvol"": 5}",True,"{""stop_pct"": null, ""target_pct"": 0.15, ""max_hold_days"": 5}"
366,0.6147540983606558,-0.6709005107577617,-0.735042729182777,0.7974027128542678,-0.028669498385078,-1.2228012802112795,4.66120218579235,254,0.6456692913385826,-0.645994839387097,-0.6551695700926019,0.7212316852331722,-0.036270072879773886,-1.9385535488295254,4.062992125984252,multiday_runner_day2,screen,"{""day1_ret"": 0.5, ""day1_rvol"": 5}",True,"{""stop_pct"": null, ""target_pct"": 0.15, ""max_hold_days"": 10}"
383,0.34986945169712796,-0.6792355997915362,-0.713100249366434,0.7117716217555216,-0.02776492622538955,-2.1550022271016145,0.9295039164490861,256,0.41015625,-0.2903650891875065,-0.38667123348641985,0.8772501314839091,-0.010082804458848835,-0.6544997653056873,0.84765625,multiday_runner_day2,screen,"{""day1_ret"": 0.5, ""day1_rvol"": 5}",True,"{""stop_pct"": null, ""target_pct"": 0.4, ""max_hold_days"": 1}"
384,0.4088541666666667,-0.1757018268368069,-0.4815121488278389,0.9594403092436532,-0.0016552550737112253,-0.012928263765291844,2.5260416666666665,255,0.4549019607843137,0.42312608672890994,-0.5130951085958568,1.077717295715957,0.022333165542190538,0.8448183104509474,2.3137254901960786,multiday_runner_day2,screen,"{""day1_ret"": 0.5, ""day1_rvol"": 5}",True,"{""stop_pct"": null, ""target_pct"": 0.4, ""max_hold_days"": 3}"
377,0.4323607427055703,-0.36614740356780184,-0.6322774783856522,0.9283187629410313,-0.008968884729207323,-0.26817413611948643,3.9363395225464193,254,0.421259842519685,-0.2948934833145892,-0.6261221644568103,0.9375390376578161,-0.004412114513289682,-0.18477954223817866,3.645669291338583,multiday_runner_day2,screen,"{""day1_ret"": 0.5, ""day1_rvol"": 5}",True,"{""stop_pct"": null, ""target_pct"": 0.4, ""max_hold_days"": 5}"
338,0.4349112426035503,-0.5612252564663429,-0.736149063182862,0.8940180608315014,-0.018509040578291086,-0.5920698200299854,7.136094674556213,220,0.4090909090909091,-0.6924195907371683,-0.7545549852874552,0.8173343141302625,-0.04043162409282399,-1.3889057194475227,6.918181818181818,multiday_runner_day2,screen,"{""day1_ret"": 0.5, ""day1_rvol"": 5}",True,"{""stop_pct"": null, ""target_pct"": 0.4, ""max_hold_days"": 10}"
403,0.19106699751861042,-0.36710916166451624,-0.5240609543850476,0.8052369682186864,-0.001095720755132634,-0.8575560706315644,0.26054590570719605,263,0.21292775665399238,0.25778193561470664,-0.20080394414006797,1.1917856174636283,0.010699874104908467,0.8601041782089617,0.2737642585551331,multiday_runner_day2,screen,"{""day1_ret"": 0.5, ""day1_rvol"": 5}",False,"{""stop_pct"": 0.05, ""target_pct"": null, ""max_hold_days"": 1}"
402,0.12686567164179105,-0.3024195784972663,-0.5417478564001272,0.8629897579516279,-0.003347948041747016,-0.39768847858419776,0.5870646766169154,263,0.1634980988593156,0.06838757831141806,-0.22957956097544763,1.0456595463863547,0.004408545834144113,0.3558257557138493,0.6806083650190115,multiday_runner_day2,screen,"{""day1_ret"": 0.5, ""day1_rvol"": 5}",False,"{""stop_pct"": 0.05, ""target_pct"": null, ""max_hold_days"": 3}"
402,0.09701492537313433,-0.44465262937143446,-0.5804669881122921,0.741640164521247,-0.013380672280590701,-0.5652659877528451,0.818407960199005,263,0.12167300380228137,-0.0995455770310022,-0.346903299385774,0.9319222709789126,-0.0017815033781888976,-0.034016406058205356,0.973384030418251,multiday_runner_day2,screen,"{""day1_ret"": 0.5, ""day1_rvol"": 5}",False,"{""stop_pct"": 0.05, ""target_pct"": null, ""max_hold_days"": 5}"
401,0.07231920199501247,-0.5852273145828575,-0.6606900546582832,0.5950734863364096,-0.020466886734264462,-0.7638075093796031,1.2693266832917707,261,0.08045977011494253,-0.5546211147679809,-0.6127928924490142,0.49237442299659423,-0.02797543434874033,-1.177236882109782,1.524904214559387,multiday_runner_day2,screen,"{""day1_ret"": 0.5, ""day1_rvol"": 5}",False,"{""stop_pct"": 0.05, ""target_pct"": null, ""max_hold_days"": 10}"
406,0.21428571428571427,-0.5622004366541871,-0.5871901052200351,0.5943403209917906,-0.020466170850147753,-3.9098717507542817,0.10837438423645321,266,0.22932330827067668,-0.32276476764676365,-0.374580916466123,0.6704279878730496,-0.014307092482686877,-2.716386985856548,0.09398496240601503,multiday_runner_day2,screen,"{""day1_ret"": 0.5, ""day1_rvol"": 5}",False,"{""stop_pct"": 0.05, ""target_pct"": 0.15, ""max_hold_days"": 1}"
406,0.1921182266009852,-0.5697603383536449,-0.5952827535277239,0.6123894779108372,-0.02086552718710528,-3.7232017457065583,0.1625615763546798,266,0.23308270676691728,-0.30800665211594724,-0.3510130980867996,0.701744943656546,-0.013478617556242134,-2.5001638434845366,0.16165413533834586,multiday_runner_day2,screen,"{""day1_ret"": 0.5, ""day1_rvol"": 5}",False,"{""stop_pct"": 0.05, ""target_pct"": 0.15, ""max_hold_days"": 3}"
406,0.19458128078817735,-0.5682518357852435,-0.591846585129768,0.6125606469297247,-0.02078829406273953,-3.678416309753376,0.1921182266009852,266,0.22932330827067668,-0.3005720211163271,-0.3440393241100763,0.7110633032673546,-0.013074933417151132,-2.412752866198166,0.20676691729323307,multiday_runner_day2,screen,"{""day1_ret"": 0.5, ""day1_rvol"": 5}",False,"{""stop_pct"": 0.05, ""target_pct"": 0.15, ""max_hold_days"": 5}"
406,0.18719211822660098,-0.5788438357635808,-0.6018531011317305,0.6035001675024522,-0.021367651912237176,-3.7788719917753704,0.2413793103448276,266,0.22556390977443608,-0.3166481046038959,-0.35911509096385497,0.6929865788060456,-0.013978497683971235,-2.546548677083101,0.2894736842105263,multiday_runner_day2,screen,"{""day1_ret"": 0.5, ""day1_rvol"": 5}",False,"{""stop_pct"": 0.05, ""target_pct"": 0.15, ""max_hold_days"": 10}"
404,0.1905940594059406,-0.5123528370101009,-0.5704299614521189,0.6797753608458096,-0.017320052489104187,-2.6148905598203056,0.22277227722772278,266,0.21052631578947367,0.007041058604145833,-0.2480147196465856,1.0059027112099912,0.001554605069172704,0.14190439720212783,0.19548872180451127,multiday_runner_day2,screen,"{""day1_ret"": 0.5, ""day1_rvol"": 5}",False,"{""stop_pct"": 0.05, ""target_pct"": 0.4, ""max_hold_days"": 1}"
404,0.13613861386138615,-0.39472629677011106,-0.5571375350478014,0.8072471582148948,-0.011808843784978734,-1.4132771414830547,0.4034653465346535,266,0.19172932330827067,0.13360336306690734,-0.18913053479247144,1.0908763222128306,0.006329868858011062,0.6332147078364485,0.42105263157894735,multiday_runner_day2,screen,"{""day1_ret"": 0.5, ""day1_rvol"": 5}",False,"{""stop_pct"": 0.05, ""target_pct"": 0.4, ""max_hold_days"": 3}"
404,0.12376237623762376,-0.4275584131879929,-0.5579529598678135,0.7773162080925909,-0.013101768950641872,-1.5384699009411906,0.4975247524752475,266,0.16541353383458646,0.027012331166016645,-0.24142939408963393,1.018717942346565,0.0026596721784772834,0.23012597049892203,0.5601503759398496,multiday_runner_day2,screen,"{""day1_ret"": 0.5, ""day1_rvol"": 5}",False,"{""stop_pct"": 0.05, ""target_pct"": 0.4, ""max_hold_days"": 5}"
404,0.11386138613861387,-0.38026254821968997,-0.5273106984537295,0.8092949504447571,-0.011081112481958942,-1.2115772297383227,0.655940594059406,266,0.15037593984962405,-0.01735312361549357,-0.2545168382702929,0.9878706743481328,0.0009978860682304744,0.059231777541749006,0.793233082706767,multiday_runner_day2,screen,"{""day1_ret"": 0.5, ""day1_rvol"": 5}",False,"{""stop_pct"": 0.05, ""target_pct"": 0.4, ""max_hold_days"": 10}"
402,0.27860696517412936,-0.5990989240349154,-0.6937378024954748,0.7608928798094843,-0.011866862418839268,-1.5401304693407416,0.4701492537313433,259,0.30115830115830117,-0.05467806097347183,-0.2931378653537752,0.9695832606002044,-9.672874823152396e-06,0.027571340727567003,0.4749034749034749,multiday_runner_day2,screen,"{""day1_ret"": 0.5, ""day1_rvol"": 5}",False,"{""stop_pct"": 0.1, ""target_pct"": null, ""max_hold_days"": 1}"
400,0.23,-0.49298345929822773,-0.6743515543211929,0.8461628715607078,-0.0094058683091365,-0.5695817566762655,1.1125,259,0.2471042471042471,0.15396307073412552,-0.3604154237803734,1.067220502585673,0.012145931899799126,0.5188542100408989,1.1505791505791505,multiday_runner_day2,screen,"{""day1_ret"": 0.5, ""day1_rvol"": 5}",False,"{""stop_pct"": 0.1, ""target_pct"": null, ""max_hold_days"": 3}"
399,0.18796992481203006,-0.5489431401976015,-0.7392473375524877,0.8385531312454978,-0.014869458101035696,-0.5671159572290311,1.5989974937343359,256,0.1796875,-0.25614200637334017,-0.3709171550272147,0.872318366408096,-0.008171874843379057,-0.2513187830283877,1.6484375,multiday_runner_day2,screen,"{""day1_ret"": 0.5, ""day1_rvol"": 5}",False,"{""stop_pct"": 0.1, ""target_pct"": null, ""max_hold_days"": 5}"
398,0.14824120603015076,-0.6119079951178785,-0.709920807056423,0.7772904147608826,-0.02051075367897112,-0.5027551925141859,2.4949748743718594,252,0.1349206349206349,-0.685988562575407,-0.7546344959015896,0.5187388620136865,-0.040725901358669714,-1.4299359731946266,2.5873015873015874,multiday_runner_day2,screen,"{""day1_ret"": 0.5, ""day1_rvol"": 5}",False,"{""stop_pct"": 0.1, ""target_pct"": null, ""max_hold_days"": 10}"
405,0.30864197530864196,-0.7466566915234933,-0.7543015069868358,0.5650250210617078,-0.033384469330717016,-4.392131156208681,0.24938271604938272,265,0.33962264150943394,-0.42518486553368673,-0.45409135373548437,0.6860839986632692,-0.020360883198097098,-2.8016119286528007,0.22264150943396227,multiday_runner_day2,screen,"{""day1_ret"": 0.5, ""day1_rvol"": 5}",False,"{""stop_pct"": 0.1, ""target_pct"": 0.15, ""max_hold_days"": 1}"
405,0.32098765432098764,-0.7266857257202193,-0.7444155630902538,0.6150779682124048,-0.03144648839807992,-3.835074544701446,0.44938271604938274,265,0.35094339622641507,-0.4447587981779939,-0.4696705062185883,0.6966371808206689,-0.021750741470471208,-2.7663398082748576,0.37358490566037733,multiday_runner_day2,screen,"{""day1_ret"": 0.5, ""day1_rvol"": 5}",False,"{""stop_pct"": 0.1, ""target_pct"": 0.15, ""max_hold_days"": 3}"
405,0.3234567901234568,-0.7482536701745108,-0.7716155649124843,0.6214896640845514,-0.03341477938141551,-3.776971933816558,0.5679012345679012,265,0.3433962264150943,-0.45588719881936723,-0.48029739330931975,0.6925098816230483,-0.022519744877066247,-2.764162323851697,0.45660377358490567,multiday_runner_day2,screen,"{""day1_ret"": 0.5, ""day1_rvol"": 5}",False,"{""stop_pct"": 0.1, ""target_pct"": 0.15, ""max_hold_days"": 5}"
405,0.3135802469135803,-0.7530448197388546,-0.7805319312240206,0.6248018449675679,-0.03372894268425282,-3.7715301799121064,0.7407407407407407,265,0.33962264150943394,-0.463837056667015,-0.48788722290164654,0.6847435776475506,-0.023099296149136396,-2.799898743134195,0.6,multiday_runner_day2,screen,"{""day1_ret"": 0.5, ""day1_rvol"": 5}",False,"{""stop_pct"": 0.1, ""target_pct"": 0.15, ""max_hold_days"": 10}"
403,0.27543424317617865,-0.6827201603727485,-0.731178279064881,0.6784896815500201,-0.027247961936581643,-2.895438566192801,0.4143920595533499,264,0.30303030303030304,-0.129557234928515,-0.2811148972037223,0.9247846139839466,-0.0035184259103884113,-0.3744152925627068,0.38257575757575757,multiday_runner_day2,screen,"{""day1_ret"": 0.5, ""day1_rvol"": 5}",False,"{""stop_pct"": 0.1, ""target_pct"": 0.4, ""max_hold_days"": 1}"
404,0.25495049504950495,-0.5074287515038829,-0.6446278910711075,0.8293538324934784,-0.016010483392073508,-1.3790614824911775,0.8465346534653465,264,0.2803030303030303,0.3099764655028556,-0.3011843545745143,1.1224245129229282,0.014347218734994883,0.7913442705413835,0.7992424242424242,multiday_runner_day2,screen,"{""day1_ret"": 0.5, ""day1_rvol"": 5}",False,"{""stop_pct"": 0.1, ""target_pct"": 0.4, ""max_hold_days"": 3}"
404,0.23267326732673269,-0.6057463670269811,-0.6998062682568353,0.7981700134725956,-0.021423999653220817,-1.7225532717289163,1.1212871287128714,264,0.23484848484848486,0.0716858243865155,-0.33182979797653067,1.0292132440584179,0.006587922289581689,0.3613204667719605,1.053030303030303,multiday_runner_day2,screen,"{""day1_ret"": 0.5, ""day1_rvol"": 5}",False,"{""stop_pct"": 0.1, ""target_pct"": 0.4, ""max_hold_days"": 5}"
404,0.2103960396039604,-0.5611880236399849,-0.6801953411849392,0.8300375232038204,-0.018794318020479827,-1.3984022731380465,1.5420792079207921,264,0.22348484848484848,0.043647492668861254,-0.3195417788477315,1.01800962479073,0.00537533878377324,0.3046964220139302,1.4583333333333333,multiday_runner_day2,screen,"{""day1_ret"": 0.5, ""day1_rvol"": 5}",False,"{""stop_pct"": 0.1, ""target_pct"": 0.4, ""max_hold_days"": 10}"
399,0.3383458646616541,-0.5806163170442888,-0.6889974661465599,0.8102145000036268,-0.009922065279678809,-1.2123508231665554,0.8195488721804511,256,0.37109375,-0.280089758856226,-0.4108560055156354,0.8711857520741134,-0.010197892824795773,-0.6361600063744318,0.73828125,multiday_runner_day2,screen,"{""day1_ret"": 0.5, ""day1_rvol"": 5}",False,"{""stop_pct"": 0.2, ""target_pct"": null, ""max_hold_days"": 1}"
393,0.33078880407124683,-0.49134440483795017,-0.734225650752298,0.8814022978773762,-0.008979379966589953,-0.33838887320927996,2.0432569974554706,255,0.34509803921568627,0.8343900843934016,-0.46746974540915787,1.1663901419562448,0.03818707714938633,1.09872961722135,1.8941176470588235,multiday_runner_day2,screen,"{""day1_ret"": 0.5, ""day1_rvol"": 5}",False,"{""stop_pct"": 0.2, ""target_pct"": null, ""max_hold_days"": 3}"
383,0.3133159268929504,-0.32794740835296765,-0.7597154830655883,0.9393433131409842,-0.003959006371966397,0.005433030316163382,3.0574412532637076,248,0.2701612903225806,-0.37432372928196533,-0.5618257978094743,0.8823953907515186,-0.008184774941600264,-0.1989714038573589,2.8588709677419355,multiday_runner_day2,screen,"{""day1_ret"": 0.5, ""day1_rvol"": 5}",False,"{""stop_pct"": 0.2, ""target_pct"": null, ""max_hold_days"": 5}"
364,0.28296703296703296,-0.43035372801497584,-0.7509913076598067,0.9030732249457519,-0.011474989847870503,-0.014954418345994563,5.104395604395604,237,0.19831223628691982,-0.7716191189066074,-0.8143027395841838,0.6487271861469234,-0.05060126675303761,-1.161290802562486,4.662447257383966,multiday_runner_day2,screen,"{""day1_ret"": 0.5, ""day1_rvol"": 5}",False,"{""stop_pct"": 0.2, ""target_pct"": null, ""max_hold_days"": 10}"
403,0.3945409429280397,-0.7674402630384902,-0.7807598781409831,0.6189610659079268,-0.03535437720810625,-3.597444738453877,0.5384615384615384,265,0.43018867924528303,-0.5522318843089182,-0.5736424717419563,0.6611490431977296,-0.029352145233303407,-3.079442993117539,0.4075471698113208,multiday_runner_day2,screen,"{""day1_ret"": 0.5, ""day1_rvol"": 5}",False,"{""stop_pct"": 0.2, ""target_pct"": 0.15, ""max_hold_days"": 1}"
403,0.46153846153846156,-0.7587333174246853,-0.7868254456282671,0.6811984404427404,-0.03349095839451279,-2.6657350158887048,1.0744416873449132,265,0.4867924528301887,-0.5340625088570008,-0.5633533251109281,0.717614690562743,-0.02728894563062564,-2.345595712292863,0.7886792452830189,multiday_runner_day2,screen,"{""day1_ret"": 0.5, ""day1_rvol"": 5}",False,"{""stop_pct"": 0.2, ""target_pct"": 0.15, ""max_hold_days"": 3}"
402,0.48258706467661694,-0.766088925904784,-0.8061229538576491,0.7056197290052125,-0.034233192531639395,-2.6485021600866725,1.36318407960199,265,0.49056603773584906,-0.5629674722780906,-0.5892324211552484,0.7048311330992667,-0.0291607917751047,-2.414222462260561,1.0150943396226415,multiday_runner_day2,screen,"{""day1_ret"": 0.5, ""day1_rvol"": 5}",False,"{""stop_pct"": 0.2, ""target_pct"": 0.15, ""max_hold_days"": 5}"
402,0.48009950248756217,-0.7915566158317104,-0.8321642262920885,0.705450520563454,-0.03674396310596376,-2.7232679967191826,1.7412935323383085,265,0.4867924528301887,-0.5942068351054459,-0.6229736681605949,0.6819001055390372,-0.031943106055607864,-2.5915269046536995,1.320754716981132,multiday_runner_day2,screen,"{""day1_ret"": 0.5, ""day1_rvol"": 5}",False,"{""stop_pct"": 0.2, ""target_pct"": 0.15, ""max_hold_days"": 10}"
400,0.335,-0.717819263245687,-0.7516764368614246,0.6992299071470428,-0.029899086806014514,-2.5320768625222008,0.7575,262,0.37404580152671757,-0.25355074548322953,-0.3686726741415144,0.8851408154243741,-0.008861078570509523,-0.742072235539039,0.6145038167938931,multiday_runner_day2,screen,"{""day1_ret"": 0.5, ""day1_rvol"": 5}",False,"{""stop_pct"": 0.2, ""target_pct"": 0.4, ""max_hold_days"": 1}"
401,0.36159600997506236,-0.4539844053711709,-0.6339328744620447,0.8856156482495104,-0.012491804280763217,-0.7461489691037835,1.653366583541147,262,0.37786259541984735,0.13279602334995033,-0.4309331898972514,1.0343100625700072,0.010735393195761847,0.48236447420675477,1.3625954198473282,multiday_runner_day2,screen,"{""day1_ret"": 0.5, ""day1_rvol"": 5}",False,"{""stop_pct"": 0.2, ""target_pct"": 0.4, ""max_hold_days"": 3}"
400,0.365,-0.43412656636894287,-0.682141309455201,0.9081140531746763,-0.011633015314385852,-0.6069826468533082,2.23,262,0.33587786259541985,-0.16417965492911024,-0.48585236428059897,0.9569075062277514,0.0002627391529772114,-0.07377866847702787,1.8893129770992367,multiday_runner_day2,screen,"{""day1_ret"": 0.5, ""day1_rvol"": 5}",False,"{""stop_pct"": 0.2, ""target_pct"": 0.4, ""max_hold_days"": 5}"
393,0.361323155216285,-0.24781788423271167,-0.661068116431774,0.9586685212264099,-0.0042184912616694175,-0.15707963736712072,3.1755725190839694,261,0.3218390804597701,-0.2865179218528312,-0.4877527197417397,0.9226270828945508,-0.006450680755093084,-0.34975671202355274,2.7049808429118776,multiday_runner_day2,screen,"{""day1_ret"": 0.5, ""day1_rvol"": 5}",False,"{""stop_pct"": 0.2, ""target_pct"": 0.4, ""max_hold_days"": 10}"
397,0.3501259445843829,-0.5458337010870569,-0.6617143160174019,0.822473127381774,-0.0080869852625129,-1.0382708381043362,0.9949622166246851,253,0.4031620553359684,-0.3237484866878918,-0.36350702313341343,0.8538321096046171,-0.011694536004397738,-0.6035620949257476,0.9920948616600791,multiday_runner_day2,screen,"{""day1_ret"": 0.5, ""day1_rvol"": 5}",False,"{""stop_pct"": null, ""target_pct"": null, ""max_hold_days"": 1}"
390,0.37435897435897436,-0.2281000222025753,-0.5854521910512753,0.9505872337337592,0.001966274027628781,0.12134283029313987,2.976923076923077,250,0.412,1.151668426134433,-0.5818014007429466,1.1673737811449287,0.04624266289273217,1.1733558696830082,2.976,multiday_runner_day2,screen,"{""day1_ret"": 0.5, ""day1_rvol"": 5}",False,"{""stop_pct"": null, ""target_pct"": null, ""max_hold_days"": 3}"
370,0.3783783783783784,-0.386550473041233,-0.7050415138558982,0.9282731533835897,-0.004347963811756814,0.00047220836948116675,4.940540540540541,238,0.3445378151260504,-0.5701292343227196,-0.6747785963944676,0.8317578592958288,-0.024575976689217807,-0.13512000530467264,4.949579831932773,multiday_runner_day2,screen,"{""day1_ret"": 0.5, ""day1_rvol"": 5}",False,"{""stop_pct"": null, ""target_pct"": null, ""max_hold_days"": 5}"
307,0.34201954397394135,-0.7280467486556855,-0.8226097128175751,0.7775084585181778,-0.025445344009933805,-0.3978496137849815,9.791530944625407,188,0.26595744680851063,-0.9511863633663121,-0.9538798367392654,0.3868328254404897,-0.14289975024656829,-2.210314148344763,9.787234042553191,multiday_runner_day2,screen,"{""day1_ret"": 0.5, ""day1_rvol"": 5}",False,"{""stop_pct"": null, ""target_pct"": null, ""max_hold_days"": 10}"
401,0.428927680798005,-0.659330239034108,-0.6949128967457696,0.7007589487447043,-0.02584092914859814,-2.3782348257063672,0.6932668329177057,264,0.5151515151515151,-0.35190408978095145,-0.3917394084449869,0.8003050010163971,-0.014954423440691237,-1.1965912718005238,0.5984848484848485,multiday_runner_day2,screen,"{""day1_ret"": 0.5, ""day1_rvol"": 5}",False,"{""stop_pct"": null, ""target_pct"": 0.15, ""max_hold_days"": 1}"
401,0.5311720698254364,-0.5856283738931503,-0.673697863998475,0.7940204120070454,-0.020346527200903224,-1.1088293320568816,1.8229426433915212,264,0.625,-0.10720887377261534,-0.3485884153910448,0.9574520362648479,-0.0015759484220142555,-0.038196628793196005,1.4734848484848484,multiday_runner_day2,screen,"{""day1_ret"": 0.5, ""day1_rvol"": 5}",False,"{""stop_pct"": null, ""target_pct"": 0.15, ""max_hold_days"": 3}"
396,0.5883838383838383,-0.6191213937870881,-0.7083624806504499,0.8092868256650458,-0.022696051925045833,-1.1658311070515983,2.744949494949495,264,0.6325757575757576,-0.483330852804831,-0.49672133638182603,0.7894410264421915,-0.021435346456971763,-1.197681334952666,2.25,multiday_runner_day2,screen,"{""day1_ret"": 0.5, ""day1_rvol"": 5}",False,"{""stop_pct"": null, ""target_pct"": 0.15, ""max_hold_days"": 5}"
376,0.6143617021276596,-0.6669365242837091,-0.7422945578757902,0.8006663936002255,-0.028565282928079756,-1.2192300064617143,4.784574468085107,258,0.6511627906976745,-0.6194991589648632,-0.6293605766449655,0.7357711033838401,-0.032968774351869255,-1.779007593101249,4.038759689922481,multiday_runner_day2,screen,"{""day1_ret"": 0.5, ""day1_rvol"": 5}",False,"{""stop_pct"": null, ""target_pct"": 0.15, ""max_hold_days"": 10}"
398,0.3492462311557789,-0.6861833840755449,-0.7190867402555177,0.7119833962294213,-0.027378267364035605,-2.195105804840413,0.9321608040201005,260,0.4115384615384615,-0.29893830347592154,-0.38517146171285654,0.8738873467589088,-0.010328455760908295,-0.6787065832372722,0.85,multiday_runner_day2,screen,"{""day1_ret"": 0.5, ""day1_rvol"": 5}",False,"{""stop_pct"": null, ""target_pct"": 0.4, ""max_hold_days"": 1}"
399,0.40601503759398494,-0.2277760572894132,-0.49538949213723316,0.9473116766593476,-0.003287392663612106,-0.08795842281688501,2.5413533834586466,259,0.4555984555984556,0.4320761062866909,-0.5129463467112158,1.0788602507026106,0.022451309666788783,0.8527594663030804,2.324324324324324,multiday_runner_day2,screen,"{""day1_ret"": 0.5, ""day1_rvol"": 5}",False,"{""stop_pct"": null, ""target_pct"": 0.4, ""max_hold_days"": 3}"
390,0.43846153846153846,-0.33384272262103853,-0.6182568463412308,0.9379074690315805,-0.007603037956593735,-0.2091596888187723,3.9641025641025642,258,0.4263565891472868,-0.28222711232742526,-0.627457373232251,0.9410763033563693,-0.003611637763887735,-0.1632791263030307,3.6666666666666665,multiday_runner_day2,screen,"{""day1_ret"": 0.5, ""day1_rvol"": 5}",False,"{""stop_pct"": null, ""target_pct"": 0.4, ""max_hold_days"": 5}"
347,0.4438040345821326,-0.5714629453937534,-0.7575433456682799,0.8952709340269229,-0.018086571962830738,-0.6192877202909495,7.22478386167147,222,0.4144144144144144,-0.663136334493887,-0.7194208753204923,0.8201882013828247,-0.037676817799751905,-1.2917158041955037,6.981981981981982,multiday_runner_day2,screen,"{""day1_ret"": 0.5, ""day1_rvol"": 5}",False,"{""stop_pct"": null, ""target_pct"": 0.4, ""max_hold_days"": 10}"
847,0.2089728453364817,-0.40110013480773843,-0.40300033970006144,0.5446446505255518,-0.012426430618916112,-2.6964161373057167,0.6765053128689492,659,0.16995447647951442,-0.5259779172282366,-0.5259779172282366,0.3674360159992508,-0.01688349890114363,-5.350112906148698,0.6433990895295902,quiet_volume_spike,screen,"{""max_abs_ret"": 0.02, ""min_rvol"": 10}",True,"{""stop_pct"": 0.05, ""target_pct"": null, ""max_hold_days"": 1}"
799,0.19774718397997496,-0.32108535116294235,-0.33956504518014785,0.674583507859482,-0.010564205617662595,-1.6005995099747659,1.869837296620776,616,0.16883116883116883,-0.48763014864945387,-0.48763014864945387,0.4573901279788298,-0.016501161061640946,-3.192810898340302,1.7435064935064934,quiet_volume_spike,screen,"{""max_abs_ret"": 0.02, ""min_rvol"": 10}",True,"{""stop_pct"": 0.05, ""target_pct"": null, ""max_hold_days"": 3}"
761,0.19842312746386334,-0.4190100271471795,-0.42443855215767934,0.5681455251514262,-0.01216898228155644,-2.003746801207473,2.9369250985545334,548,0.1478102189781022,-0.4920884521717035,-0.4920884521717035,0.41874258993961166,-0.018014984855466386,-2.883178598831961,2.7062043795620436,quiet_volume_spike,screen,"{""max_abs_ret"": 0.02, ""min_rvol"": 10}",True,"{""stop_pct"": 0.05, ""target_pct"": null, ""max_hold_days"": 5}"
622,0.20096463022508038,-0.35409340489991303,-0.4409245093125175,0.6048500523238372,-0.013093456797081272,-0.7450169958786176,5.282958199356913,401,0.15211970074812967,-0.26962085683742965,-0.3716204721659053,0.6527085483472608,-0.015261666057837386,-0.9710168016179813,4.967581047381546,quiet_volume_spike,screen,"{""max_abs_ret"": 0.02, ""min_rvol"": 10}",True,"{""stop_pct"": 0.05, ""target_pct"": null, ""max_hold_days"": 10}"
847,0.21723730814639905,-0.36278612540893473,-0.3682563894080353,0.5885366181245488,-0.010913902534021188,-2.977424036164652,0.6245572609208973,659,0.17450682852807284,-0.538664992877482,-0.538664992877482,0.34840762425898164,-0.016878175015505714,-7.582177510315973,0.6069802731411229,quiet_volume_spike,screen,"{""max_abs_ret"": 0.02, ""min_rvol"": 10}",True,"{""stop_pct"": 0.05, ""target_pct"": 0.15, ""max_hold_days"": 1}"
804,0.22263681592039802,-0.2889683899378752,-0.2894176376542086,0.6943558711005657,-0.009297212764038009,-2.0877062589331317,1.6927860696517414,620,0.18387096774193548,-0.4943161500247425,-0.4943161500247425,0.45001707708841976,-0.014996213092550479,-5.898929767439197,1.5919354838709678,quiet_volume_spike,screen,"{""max_abs_ret"": 0.02, ""min_rvol"": 10}",True,"{""stop_pct"": 0.05, ""target_pct"": 0.15, ""max_hold_days"": 3}"
771,0.23086900129701687,-0.3105315371800056,-0.3184308479330412,0.6808102669940594,-0.009689232577568607,-2.2003990547065007,2.630350194552529,561,0.17825311942959002,-0.47718242448223525,-0.47718242448223525,0.4489824631102243,-0.015513885171711954,-5.8353437230749075,2.411764705882353,quiet_volume_spike,screen,"{""max_abs_ret"": 0.02, ""min_rvol"": 10}",True,"{""stop_pct"": 0.05, ""target_pct"": 0.15, ""max_hold_days"": 5}"
648,0.24537037037037038,-0.3369700537974968,-0.33767498777070226,0.6340365163859123,-0.011292748857127367,-2.5639235735709485,4.6342592592592595,445,0.18651685393258427,-0.40422567436000245,-0.40422567436000245,0.471478265012181,-0.016530800000431178,-5.17886816454004,4.166292134831461,quiet_volume_spike,screen,"{""max_abs_ret"": 0.02, ""min_rvol"": 10}",True,"{""stop_pct"": 0.05, ""target_pct"": 0.15, ""max_hold_days"": 10}"
847,0.21133412042502953,-0.33240188960258676,-0.33452006205379525,0.6261190969427468,-0.01034549509350904,-2.153759028295271,0.6658795749704841,659,0.16995447647951442,-0.4936300090062137,-0.4936300090062137,0.4170959705449564,-0.015259655354275781,-5.0975232921149605,0.6358118361153262,quiet_volume_spike,screen,"{""max_abs_ret"": 0.02, ""min_rvol"": 10}",True,"{""stop_pct"": 0.05, ""target_pct"": 0.4, ""max_hold_days"": 1}"
802,0.20199501246882792,-0.2102871491777527,-0.26697620317553084,0.7889452587224978,-0.007223045772019765,-1.0490528984240772,1.8204488778054864,617,0.17341977309562398,-0.4108201020411345,-0.41198008206984504,0.5520541114653774,-0.012952268220161727,-3.6829705524074035,1.7017828200972447,quiet_volume_spike,screen,"{""max_abs_ret"": 0.02, ""min_rvol"": 10}",True,"{""stop_pct"": 0.05, ""target_pct"": 0.4, ""max_hold_days"": 3}"
764,0.2054973821989529,-0.3041749265837279,-0.356565467656063,0.6946526746852073,-0.008523374350404886,-1.5003520056402306,2.856020942408377,549,0.15846994535519127,-0.4145831812103846,-0.42815386920664333,0.5257667901246474,-0.013950634247344532,-3.6449266943624647,2.639344262295082,quiet_volume_spike,screen,"{""max_abs_ret"": 0.02, ""min_rvol"": 10}",True,"{""stop_pct"": 0.05, ""target_pct"": 0.4, ""max_hold_days"": 5}"
624,0.20833333333333334,-0.3882354653728043,-0.39045949439606953,0.5649029283009208,-0.011699058403843892,-2.2250712785503106,5.1298076923076925,411,0.1678832116788321,-0.24125422512095251,-0.2697747539610267,0.6655209423008124,-0.012027231831424786,-2.044439792637589,4.768856447688565,quiet_volume_spike,screen,"{""max_abs_ret"": 0.02, ""min_rvol"": 10}",True,"{""stop_pct"": 0.05, ""target_pct"": 0.4, ""max_hold_days"": 10}"
847,0.24793388429752067,-0.3084045156994596,-0.3444041185975061,0.7047240441628776,-0.011208079189687067,-1.3096348682626455,0.8252656434474617,659,0.20637329286798178,-0.6685384081322301,-0.6781019527529865,0.3264627243205634,-0.02159626351563238,-6.203034169876822,0.795144157814871,quiet_volume_spike,screen,"{""max_abs_ret"": 0.02, ""min_rvol"": 10}",True,"{""stop_pct"": 0.1, ""target_pct"": null, ""max_hold_days"": 1}"
788,0.24873096446700507,-0.16571758899974487,-0.2810292902589616,0.8725027202257262,-0.010046133781377885,-0.329666982768668,2.2753807106598987,601,0.2113144758735441,-0.699770474049288,-0.699770474049288,0.3758208006615512,-0.02401492438326227,-4.623231237803904,2.168053244592346,quiet_volume_spike,screen,"{""max_abs_ret"": 0.02, ""min_rvol"": 10}",True,"{""stop_pct"": 0.1, ""target_pct"": null, ""max_hold_days"": 3}"
731,0.25170998632010944,-0.2989900303534907,-0.41001541592959656,0.7680127745312242,-0.010534482145068259,-0.6557896922867638,3.632010943912449,516,0.19767441860465115,-0.7088898625169177,-0.7088898625169177,0.33699681525744957,-0.026896001049746404,-4.385128897939803,3.36046511627907,quiet_volume_spike,screen,"{""max_abs_ret"": 0.02, ""min_rvol"": 10}",True,"{""stop_pct"": 0.1, ""target_pct"": null, ""max_hold_days"": 5}"
554,0.2545126353790614,-0.3508373158397198,-0.4734769740213238,0.6950331779999475,-0.016381193953598685,-0.7285463557783453,6.64259927797834,342,0.21929824561403508,-0.5988912619328073,-0.5988912619328073,0.3034437939103793,-0.026961699256000827,-4.44788359775471,6.318713450292398,quiet_volume_spike,screen,"{""max_abs_ret"": 0.02, ""min_rvol"": 10}",True,"{""stop_pct"": 0.1, ""target_pct"": null, ""max_hold_days"": 10}"
847,0.2632821723730815,-0.3324773332233171,-0.3676719702298977,0.6710003047936015,-0.010913002817583287,-2.1830844607454742,0.7497048406139315,659,0.22306525037936267,-0.6208626079399935,-0.6290668210666068,0.383657962433865,-0.018153036403944806,-6.53663742428256,0.7329286798179059,quiet_volume_spike,screen,"{""max_abs_ret"": 0.02, ""min_rvol"": 10}",True,"{""stop_pct"": 0.1, ""target_pct"": 0.15, ""max_hold_days"": 1}"
794,0.28463476070528965,-0.31021918499894674,-0.336663013998883,0.7359738114616035,-0.011430718665373134,-1.7619119240620622,2.017632241813602,611,0.2520458265139116,-0.6253809682856261,-0.6273803139094425,0.46000760199856555,-0.017681287329848246,-5.922159513095419,1.9198036006546644,quiet_volume_spike,screen,"{""max_abs_ret"": 0.02, ""min_rvol"": 10}",True,"{""stop_pct"": 0.1, ""target_pct"": 0.15, ""max_hold_days"": 3}"
749,0.2883845126835781,-0.3935656078665425,-0.40718902800506085,0.6819635815490146,-0.012966418298138004,-2.2744977340415953,3.137516688918558,541,0.24399260628465805,-0.607177129429013,-0.6092736291279657,0.4603710257113278,-0.018276190373550945,-5.643455283118262,2.9038817005545288,quiet_volume_spike,screen,"{""max_abs_ret"": 0.02, ""min_rvol"": 10}",True,"{""stop_pct"": 0.1, ""target_pct"": 0.15, ""max_hold_days"": 5}"
593,0.31534569983136596,-0.40046537408121086,-0.4031166404832217,0.6417214639089337,-0.015957306026451658,-2.3027998286290763,5.620573355817875,398,0.2914572864321608,-0.4701901014737795,-0.47301770234932883,0.5327503403022498,-0.016641119705403017,-4.264410217789627,5.07286432160804,quiet_volume_spike,screen,"{""max_abs_ret"": 0.02, ""min_rvol"": 10}",True,"{""stop_pct"": 0.1, ""target_pct"": 0.15, ""max_hold_days"": 10}"
847,0.2538370720188902,-0.26810663117388234,-0.32467725399001635,0.7414918754933552,-0.008747081741956908,-1.3415815220091436,0.8040141676505312,659,0.20637329286798178,-0.623661338813823,-0.6444928426224847,0.4038900128832304,-0.01900022263598648,-5.368681487699235,0.7845220030349014,quiet_volume_spike,screen,"{""max_abs_ret"": 0.02, ""min_rvol"": 10}",True,"{""stop_pct"": 0.1, ""target_pct"": 0.4, ""max_hold_days"": 1}"
791,0.2579013906447535,-0.22559181513132487,-0.3231171986625746,0.8189715649825418,-0.008007178112825688,-0.917100470567155,2.1946902654867255,604,0.2185430463576159,-0.614532246146281,-0.6228371156243655,0.48920289039883297,-0.01662710595593166,-4.804840043707701,2.1109271523178808,quiet_volume_spike,screen,"{""max_abs_ret"": 0.02, ""min_rvol"": 10}",True,"{""stop_pct"": 0.1, ""target_pct"": 0.4, ""max_hold_days"": 3}"
738,0.26151761517615174,-0.29589984632998967,-0.4251088008495727,0.7676174502862284,-0.008142123404959564,-1.092969681637691,3.459349593495935,517,0.20696324951644102,-0.5849836753484974,-0.5939251662333953,0.49608440087898403,-0.01585565135859907,-4.691625824236031,3.2843326885880075,quiet_volume_spike,screen,"{""max_abs_ret"": 0.02, ""min_rvol"": 10}",True,"{""stop_pct"": 0.1, ""target_pct"": 0.4, ""max_hold_days"": 5}"
572,0.26573426573426573,-0.39568180686158416,-0.4662165490093553,0.6537830034127317,-0.013912885216063053,-1.642472875761861,6.2622377622377625,354,0.2655367231638418,-0.32395291798274906,-0.3718885798600021,0.6603261760819551,-0.0038877124421520695,-2.1394446722028606,5.9209039548022595,quiet_volume_spike,screen,"{""max_abs_ret"": 0.02, ""min_rvol"": 10}",True,"{""stop_pct"": 0.1, ""target_pct"": 0.4, ""max_hold_days"": 10}"
845,0.26272189349112424,-0.39032891054740537,-0.422206137153753,0.6503375440487635,-0.013602692997514525,-1.6703667829086517,0.9313609467455621,657,0.2237442922374429,-0.7617558313516958,-0.7663690197976385,0.29867325469752315,-0.025017152468652666,-4.475195079067798,0.9223744292237442,quiet_volume_spike,screen,"{""max_abs_ret"": 0.02, ""min_rvol"": 10}",True,"{""stop_pct"": 0.2, ""target_pct"": null, ""max_hold_days"": 1}"
781,0.28425096030729835,0.09344115686351007,-0.29025485197959455,1.062110889260214,0.0004465111267132871,0.29467169927740944,2.679897567221511,586,0.24744027303754265,-0.7684127734390196,-0.7692130475157439,0.40207170860246777,-0.026333770029640803,-3.215562035354077,2.598976109215017,quiet_volume_spike,screen,"{""max_abs_ret"": 0.02, ""min_rvol"": 10}",True,"{""stop_pct"": 0.2, ""target_pct"": null, ""max_hold_days"": 3}"
702,0.292022792022792,-0.07897991767424983,-0.25028583307216146,0.9499771720813104,0.005983153802196915,0.04628554717398065,4.3746438746438745,472,0.23516949152542374,-0.7860362856986662,-0.7860362856986662,0.3435271041385641,-0.03256716780435401,-3.214661052359511,4.1059322033898304,quiet_volume_spike,screen,"{""max_abs_ret"": 0.02, ""min_rvol"": 10}",True,"{""stop_pct"": 0.2, ""target_pct"": null, ""max_hold_days"": 5}"
480,0.3229166666666667,-0.16679055168140655,-0.2669043141192965,0.8786922872394743,0.007258090633139228,-0.03835485899150477,8.358333333333333,291,0.27491408934707906,-0.5617107529392885,-0.5617107529392885,0.4473589947523228,-0.022823956300157842,-2.122780214792249,7.81786941580756,quiet_volume_spike,screen,"{""max_abs_ret"": 0.02, ""min_rvol"": 10}",True,"{""stop_pct"": 0.2, ""target_pct"": null, ""max_hold_days"": 10}"
845,0.2828402366863905,-0.3707660773786431,-0.4142790747945976,0.6579555995593095,-0.011953819124188522,-2.2650634417478828,0.8485207100591716,658,0.25227963525835867,-0.6806057504690484,-0.6844630807944052,0.4007113081355489,-0.01925143481049481,-5.689428584780019,0.8419452887537994,quiet_volume_spike,screen,"{""max_abs_ret"": 0.02, ""min_rvol"": 10}",True,"{""stop_pct"": 0.2, ""target_pct"": 0.15, ""max_hold_days"": 1}"
788,0.3248730964467005,-0.2113691966181923,-0.25418500346600925,0.8383025496111592,-0.006815106592961602,-0.7546937252132788,2.3654822335025383,600,0.3,-0.6777903899980333,-0.6826856478259635,0.503203780827611,-0.017574027341547928,-4.930371994007533,2.2683333333333335,quiet_volume_spike,screen,"{""max_abs_ret"": 0.02, ""min_rvol"": 10}",True,"{""stop_pct"": 0.2, ""target_pct"": 0.15, ""max_hold_days"": 3}"
726,0.3402203856749311,-0.2884298267372142,-0.32302693308508823,0.794043196274257,-0.007696909542435838,-0.9810404838066304,3.763085399449036,510,0.3176470588235294,-0.644789634343438,-0.6477176429566079,0.5180307769345596,-0.017385247528070347,-4.2813326025008065,3.443137254901961,quiet_volume_spike,screen,"{""max_abs_ret"": 0.02, ""min_rvol"": 10}",True,"{""stop_pct"": 0.2, ""target_pct"": 0.15, ""max_hold_days"": 5}"
537,0.3780260707635009,-0.2860315008629224,-0.30164340459375805,0.7749009521086494,-0.008928076527329746,-0.9889180987554855,6.851024208566108,354,0.3644067796610169,-0.49693569105434,-0.5035559321747853,0.5862526181975323,-0.018275871790333673,-3.4962859047093864,5.997175141242938,quiet_volume_spike,screen,"{""max_abs_ret"": 0.02, ""min_rvol"": 10}",True,"{""stop_pct"": 0.2, ""target_pct"": 0.15, ""max_hold_days"": 10}"
845,0.2698224852071006,-0.3210426420648106,-0.3547322215984904,0.712568164665465,-0.01027285262890691,-1.5358939999321672,0.9076923076923077,657,0.228310502283105,-0.6704412285838619,-0.6856434569108759,0.43780327700544946,-0.01988000949197069,-4.637676335532765,0.9041095890410958,quiet_volume_spike,screen,"{""max_abs_ret"": 0.02, ""min_rvol"": 10}",True,"{""stop_pct"": 0.2, ""target_pct"": 0.4, ""max_hold_days"": 1}"
785,0.2968152866242038,-0.09820651129090485,-0.2587706160303619,0.930664497363203,-0.0019717485205276667,-0.2301067071578213,2.5745222929936307,591,0.25888324873096447,-0.643153873124684,-0.6522501630158098,0.5580420971149118,-0.015019105738239872,-3.310446011999343,2.517766497461929,quiet_volume_spike,screen,"{""max_abs_ret"": 0.02, ""min_rvol"": 10}",True,"{""stop_pct"": 0.2, ""target_pct"": 0.4, ""max_hold_days"": 3}"
712,0.3146067415730337,-0.06125913924226911,-0.3344887952721002,0.9589515725091368,0.001130748946420148,-0.06555504971203806,4.160112359550562,480,0.2604166666666667,-0.6084834914305974,-0.6160035061330638,0.5611249363708717,-0.014026052246336627,-3.022193694199828,3.966666666666667,quiet_volume_spike,screen,"{""max_abs_ret"": 0.02, ""min_rvol"": 10}",True,"{""stop_pct"": 0.2, ""target_pct"": 0.4, ""max_hold_days"": 5}"
496,0.3487903225806452,-0.109308964050292,-0.32128461392853946,0.9139461073358988,-0.0003134086216190956,-0.21418062910174832,7.877016129032258,312,0.2916666666666667,-0.2858981398198561,-0.31841352591328653,0.7725469333909517,0.004036114141184792,-1.281613236366995,7.121794871794871,quiet_volume_spike,screen,"{""max_abs_ret"": 0.02, ""min_rvol"": 10}",True,"{""stop_pct"": 0.2, ""target_pct"": 0.4, ""max_hold_days"": 10}"
844,0.26540284360189575,-0.5219539085491083,-0.5389505563449231,0.5713729895178876,-0.01756026482474638,-2.263398200138384,0.9940758293838863,657,0.2237442922374429,-0.8757409760896768,-0.8757409760896768,0.2301366672215207,-0.03408723294279674,-5.5992038755598985,0.9984779299847792,quiet_volume_spike,screen,"{""max_abs_ret"": 0.02, ""min_rvol"": 10}",True,"{""stop_pct"": null, ""target_pct"": null, ""max_hold_days"": 1}"
777,0.2947232947232947,-0.07017687232524172,-0.38714499426676696,0.9574554575373863,-0.004626468846036578,0.05890013784625676,2.969111969111969,571,0.2539404553415061,-0.8835243616631789,-0.8835243616631789,0.3030886559901538,-0.03786910403171253,-3.9807978688540735,2.9842381786339756,quiet_volume_spike,screen,"{""max_abs_ret"": 0.02, ""min_rvol"": 10}",True,"{""stop_pct"": null, ""target_pct"": null, ""max_hold_days"": 3}"
678,0.29793510324483774,-0.16383631844935387,-0.3439019183110579,0.9033151043319977,0.0011750166797856818,-0.05025768966406896,4.960176991150442,437,0.2448512585812357,-0.8581621336608296,-0.8581621336608296,0.2867336949772262,-0.0425744027931096,-2.669616426782142,4.940503432494279,quiet_volume_spike,screen,"{""max_abs_ret"": 0.02, ""min_rvol"": 10}",True,"{""stop_pct"": null, ""target_pct"": null, ""max_hold_days"": 5}"
431,0.345707656612529,-0.42079620910585214,-0.43650342345667814,0.700881168768584,-0.003602456876681931,-0.5850507316905087,9.844547563805104,245,0.2530612244897959,-0.709983521693198,-0.710223978404203,0.32243092405789336,-0.046729393403263854,-1.8596662883143413,9.779591836734694,quiet_volume_spike,screen,"{""max_abs_ret"": 0.02, ""min_rvol"": 10}",True,"{""stop_pct"": null, ""target_pct"": null, ""max_hold_days"": 10}"
844,0.29739336492890994,-0.3819823188112489,-0.4260137047774084,0.673870771995901,-0.011122610948956752,-2.061007139948364,0.8981042654028436,658,0.26443768996960487,-0.7530195718544133,-0.7530195718544133,0.39486256575801015,-0.022922131321384116,-5.431885858334791,0.9057750759878419,quiet_volume_spike,screen,"{""max_abs_ret"": 0.02, ""min_rvol"": 10}",True,"{""stop_pct"": null, ""target_pct"": 0.15, ""max_hold_days"": 1}"
784,0.3482142857142857,-0.19411507791922966,-0.2838142162969107,0.8619584712284919,-0.005463332655538809,-0.5018366912214592,2.576530612244898,586,0.3242320819112628,-0.7667052435171373,-0.7667852066695293,0.4745126030484321,-0.023618687992193403,-4.735121852331105,2.561433447098976,quiet_volume_spike,screen,"{""max_abs_ret"": 0.02, ""min_rvol"": 10}",True,"{""stop_pct"": null, ""target_pct"": 0.15, ""max_hold_days"": 3}"
706,0.3640226628895184,-0.22511100342350754,-0.3016587102750867,0.8476723461030137,-0.0066906086659189665,-0.5742404067178066,4.196883852691218,478,0.3389121338912134,-0.7136840186830522,-0.7136840186830522,0.49721155808504824,-0.02350840467396123,-3.9469544591042296,4.071129707112971,quiet_volume_spike,screen,"{""max_abs_ret"": 0.02, ""min_rvol"": 10}",True,"{""stop_pct"": null, ""target_pct"": 0.15, ""max_hold_days"": 5}"
498,0.4357429718875502,0.016989275420955297,-0.1979264663941508,1.0144348223630688,0.0008929189431931109,0.13604859010637207,7.863453815261044,302,0.40066225165562913,-0.5763373671250365,-0.5781271590608836,0.5688791520986373,-0.029014977819568397,-2.734312915643953,7.470198675496689,quiet_volume_spike,screen,"{""max_abs_ret"": 0.02, ""min_rvol"": 10}",True,"{""stop_pct"": null, ""target_pct"": 0.15, ""max_hold_days"": 10}"
844,0.2772511848341232,-0.37472182203683213,-0.4116380448074295,0.6982585442833682,-0.011378055187239835,-1.6305990979561027,0.9644549763033176,657,0.228310502283105,-0.8263420632711087,-0.8282239010318815,0.342411587800688,-0.028950089966114766,-5.83475438866887,0.9802130898021308,quiet_volume_spike,screen,"{""max_abs_ret"": 0.02, ""min_rvol"": 10}",True,"{""stop_pct"": null, ""target_pct"": 0.4, ""max_hold_days"": 1}"
780,0.31153846153846154,-0.1620132448361319,-0.3424147541180065,0.8975628191282337,-0.00283385361264695,-0.3673980046039794,2.8282051282051284,576,0.265625,-0.8030043427735497,-0.8030043427735497,0.4364479335185528,-0.026172313169770416,-3.754824255050461,2.892361111111111,quiet_volume_spike,screen,"{""max_abs_ret"": 0.02, ""min_rvol"": 10}",True,"{""stop_pct"": null, ""target_pct"": 0.4, ""max_hold_days"": 3}"
691,0.32127351664254705,-0.1950083704747252,-0.408658277288815,0.8834422814049182,-0.002500913047535131,-0.4060144155170467,4.667149059334298,444,0.2635135135135135,-0.7356904815591905,-0.7367131622730143,0.475954343603517,-0.025221666974077624,-3.1066583442971365,4.731981981981982,quiet_volume_spike,screen,"{""max_abs_ret"": 0.02, ""min_rvol"": 10}",True,"{""stop_pct"": null, ""target_pct"": 0.4, ""max_hold_days"": 5}"
458,0.3624454148471616,-0.15656983421230475,-0.27212903829916957,0.8839391841454682,-0.0029442909436497083,-0.36292429788029135,9.102620087336245,261,0.28735632183908044,-0.5984602562121404,-0.5984602562121404,0.5191380128532851,-0.019853728352589244,-2.617526901564531,9.091954022988507,quiet_volume_spike,screen,"{""max_abs_ret"": 0.02, ""min_rvol"": 10}",True,"{""stop_pct"": null, ""target_pct"": 0.4, ""max_hold_days"": 10}"
868,0.20967741935483872,-0.41110349927266243,-0.4132306067294935,0.5477552085510405,-0.012525681554795155,-2.7651999033760655,0.6693548387096774,686,0.17201166180758018,-0.5481033032005618,-0.5481033032005618,0.37037422150380583,-0.01676857620349415,-5.490871352046937,0.6311953352769679,quiet_volume_spike,screen,"{""max_abs_ret"": 0.02, ""min_rvol"": 10}",False,"{""stop_pct"": 0.05, ""target_pct"": null, ""max_hold_days"": 1}"
818,0.1980440097799511,-0.3423258880865747,-0.3608489755108648,0.6630602080035161,-0.011027610435599002,-1.721097369775664,1.8459657701711492,638,0.17084639498432602,-0.5151583197510993,-0.5151583197510993,0.45653703012904123,-0.01639116161191824,-3.4485968329917727,1.7006269592476488,quiet_volume_spike,screen,"{""max_abs_ret"": 0.02, ""min_rvol"": 10}",False,"{""stop_pct"": 0.05, ""target_pct"": null, ""max_hold_days"": 3}"
778,0.19665809768637532,-0.450147005660951,-0.45515447183889357,0.5486569253454674,-0.012863523429795255,-2.1658783189070516,2.8881748071979434,561,0.15151515151515152,-0.5095726558078337,-0.5095726558078337,0.41944622848656093,-0.017612657974435,-3.0800599041159757,2.6541889483065955,quiet_volume_spike,screen,"{""max_abs_ret"": 0.02, ""min_rvol"": 10}",False,"{""stop_pct"": 0.05, ""target_pct"": null, ""max_hold_days"": 5}"
633,0.19747235387045814,-0.3867202073880297,-0.4676781962538207,0.5783494882337582,-0.013723279216021895,-0.8414486035213324,5.225908372827804,416,0.14903846153846154,-0.3091346910960443,-0.3974076451420172,0.6255126976475237,-0.015714881514588722,-1.153053155785355,4.7860576923076925,quiet_volume_spike,screen,"{""max_abs_ret"": 0.02, ""min_rvol"": 10}",False,"{""stop_pct"": 0.05, ""target_pct"": null, ""max_hold_days"": 10}"
868,0.21774193548387097,-0.37166082580550874,-0.37705490352553095,0.5920529342982722,-0.010983476733304532,-3.0033102217556427,0.6163594470046083,686,0.17638483965014579,-0.5583642419918527,-0.5583642419918527,0.35599679562218806,-0.016755878030545217,-7.553468973181781,0.5918367346938775,quiet_volume_spike,screen,"{""max_abs_ret"": 0.02, ""min_rvol"": 10}",False,"{""stop_pct"": 0.05, ""target_pct"": 0.15, ""max_hold_days"": 1}"
823,0.2235722964763062,-0.3076343986223449,-0.3080718526832965,0.6849664128381732,-0.009606601696418825,-2.2016505278145595,1.6658566221142164,643,0.18662519440124417,-0.5128035125460537,-0.5128035125460537,0.4547135316466151,-0.014926434952915004,-5.946732095250724,1.5412130637636081,quiet_volume_spike,screen,"{""max_abs_ret"": 0.02, ""min_rvol"": 10}",False,"{""stop_pct"": 0.05, ""target_pct"": 0.15, ""max_hold_days"": 3}"
789,0.229404309252218,-0.3403735192676052,-0.3461734586538323,0.6614453508538921,-0.010162926009379288,-2.3856495097354404,2.5754119138149556,578,0.18166089965397925,-0.4789160774249507,-0.4789160774249507,0.4707814027543006,-0.01485573909567239,-5.6022788747653625,2.3442906574394464,quiet_volume_spike,screen,"{""max_abs_ret"": 0.02, ""min_rvol"": 10}",False,"{""stop_pct"": 0.05, ""target_pct"": 0.15, ""max_hold_days"": 5}"
661,0.24205748865355523,-0.3674809138134928,-0.36815340861573753,0.6108287144501885,-0.011673039519926877,-2.7626056457814987,4.553706505295008,462,0.19480519480519481,-0.39299860876602843,-0.39299860876602843,0.5068897699224498,-0.015064878229537549,-4.79564254797246,4.004329004329004,quiet_volume_spike,screen,"{""max_abs_ret"": 0.02, ""min_rvol"": 10}",False,"{""stop_pct"": 0.05, ""target_pct"": 0.15, ""max_hold_days"": 10}"
868,0.2119815668202765,-0.3423121247081645,-0.3446877081631057,0.6268903962865506,-0.010495091243712446,-2.197304261870492,0.6589861751152074,686,0.17201166180758018,-0.5173060750024603,-0.5173060750024603,0.41670917683178427,-0.015208644866196903,-5.234894316432089,0.6239067055393586,quiet_volume_spike,screen,"{""max_abs_ret"": 0.02, ""min_rvol"": 10}",False,"{""stop_pct"": 0.05, ""target_pct"": 0.4, ""max_hold_days"": 1}"
821,0.20219244823386115,-0.23522654000310106,-0.28762579323870674,0.7708395577452678,-0.007762080093748386,-1.1761946359238376,1.797807551766139,640,0.175,-0.4423034117630653,-0.4442266873688433,0.5429104997056642,-0.012970966469917179,-3.9083476801474353,1.6625,quiet_volume_spike,screen,"{""max_abs_ret"": 0.02, ""min_rvol"": 10}",False,"{""stop_pct"": 0.05, ""target_pct"": 0.4, ""max_hold_days"": 3}"
781,0.20358514724711907,-0.3400926624207534,-0.3879350155190394,0.6679151393161797,-0.009294601428713946,-1.6873968370990176,2.8092189500640203,566,0.1607773851590106,-0.44345529814153783,-0.4569248684727497,0.5177892068110472,-0.013907383890967613,-3.8895708927305734,2.5618374558303887,quiet_volume_spike,screen,"{""max_abs_ret"": 0.02, ""min_rvol"": 10}",False,"{""stop_pct"": 0.05, ""target_pct"": 0.4, ""max_hold_days"": 5}"
636,0.2059748427672956,-0.418561436065382,-0.4206752170517615,0.546594519843808,-0.012377979226950993,-2.3739354401090145,5.0581761006289305,427,0.17330210772833723,-0.27780792448048497,-0.30880809041829493,0.6447212062349077,-0.011348865757283512,-2.317486176119055,4.571428571428571,quiet_volume_spike,screen,"{""max_abs_ret"": 0.02, ""min_rvol"": 10}",False,"{""stop_pct"": 0.05, ""target_pct"": 0.4, ""max_hold_days"": 10}"
868,0.2488479262672811,-0.329196544838133,-0.3640169838772329,0.6970626643299643,-0.011465408391924309,-1.4011507263079717,0.8202764976958525,686,0.2099125364431487,-0.6847002512472569,-0.6937974838983119,0.34246374055226386,-0.021381287530469088,-6.218649098481309,0.7857142857142857,quiet_volume_spike,screen,"{""max_abs_ret"": 0.02, ""min_rvol"": 10}",False,"{""stop_pct"": 0.1, ""target_pct"": null, ""max_hold_days"": 1}"
806,0.24813895781637718,-0.21067300239980902,-0.31180730446115035,0.8436702288284144,-0.011021657402670094,-0.44262307396421685,2.2506203473945408,619,0.2148626817447496,-0.7098849505442246,-0.7098849505442246,0.3963580144759364,-0.02344370933191362,-4.687862082960787,2.132471728594507,quiet_volume_spike,screen,"{""max_abs_ret"": 0.02, ""min_rvol"": 10}",False,"{""stop_pct"": 0.1, ""target_pct"": null, ""max_hold_days"": 3}"
747,0.25301204819277107,-0.29997668921350207,-0.436779727759564,0.7747204959788059,-0.010506192007983358,-0.6445745823003677,3.5930388219544844,529,0.2003780718336484,-0.718474436249269,-0.718474436249269,0.3560252735470242,-0.026213821678251308,-4.342411553327833,3.294896030245747,quiet_volume_spike,screen,"{""max_abs_ret"": 0.02, ""min_rvol"": 10}",False,"{""stop_pct"": 0.1, ""target_pct"": null, ""max_hold_days"": 5}"
562,0.25622775800711745,-0.37328128671063565,-0.48384579539793804,0.6812739238590739,-0.017083926227133287,-0.7891146949729845,6.569395017793594,348,0.21264367816091953,-0.628173357019258,-0.628173357019258,0.29331165343445137,-0.028444536649685742,-4.991001510189412,6.2011494252873565,quiet_volume_spike,screen,"{""max_abs_ret"": 0.02, ""min_rvol"": 10}",False,"{""stop_pct"": 0.1, ""target_pct"": null, ""max_hold_days"": 10}"
868,0.26497695852534564,-0.3493945528371747,-0.3836417252965708,0.6678399951536149,-0.010915460965767761,-2.254880148232591,0.7419354838709677,686,0.2259475218658892,-0.6448961168896734,-0.6525802651697883,0.38969303384786136,-0.018381632269172533,-6.758646869494861,0.7201166180758017,quiet_volume_spike,screen,"{""max_abs_ret"": 0.02, ""min_rvol"": 10}",False,"{""stop_pct"": 0.1, ""target_pct"": 0.15, ""max_hold_days"": 1}"
813,0.2853628536285363,-0.34893139232230375,-0.37225108827643105,0.7141245906383389,-0.01196565375598089,-1.9693835248970144,1.98769987699877,633,0.2575039494470774,-0.643023570692306,-0.6449287575656897,0.4679306902437734,-0.01774386248663098,-6.031790339982777,1.867298578199052,quiet_volume_spike,screen,"{""max_abs_ret"": 0.02, ""min_rvol"": 10}",False,"{""stop_pct"": 0.1, ""target_pct"": 0.15, ""max_hold_days"": 3}"
765,0.28888888888888886,-0.42580068353777756,-0.4385446453116737,0.6640120432228195,-0.013207309174551377,-2.424997978217324,3.0941176470588236,557,0.2495511669658887,-0.6259852014401099,-0.6279813222653685,0.46689694662818315,-0.018958331018550843,-5.768524333684775,2.8402154398563733,quiet_volume_spike,screen,"{""max_abs_ret"": 0.02, ""min_rvol"": 10}",False,"{""stop_pct"": 0.1, ""target_pct"": 0.15, ""max_hold_days"": 5}"
602,0.31893687707641194,-0.40463541423458327,-0.40726823985456795,0.6453834787546563,-0.015611875327364138,-2.2896951088619493,5.5365448504983386,406,0.29310344827586204,-0.4702399410791618,-0.4730672759602248,0.5476587893503879,-0.015944232806276784,-4.259680933782538,4.972906403940887,quiet_volume_spike,screen,"{""max_abs_ret"": 0.02, ""min_rvol"": 10}",False,"{""stop_pct"": 0.1, ""target_pct"": 0.15, ""max_hold_days"": 10}"
868,0.25460829493087556,-0.28684788488364865,-0.337620134386704,0.7343295545117565,-0.00906395120502633,-1.417341302476271,0.7995391705069125,686,0.2099125364431487,-0.6412002109111341,-0.6610608841393202,0.41622526977753804,-0.018887423186902542,-5.419051901386296,0.7755102040816326,quiet_volume_spike,screen,"{""max_abs_ret"": 0.02, ""min_rvol"": 10}",False,"{""stop_pct"": 0.1, ""target_pct"": 0.4, ""max_hold_days"": 1}"
809,0.25710754017305315,-0.2675268716126389,-0.3582706585112104,0.7927352732335187,-0.009024450351138988,-1.094357554184046,2.171817058096415,624,0.22435897435897437,-0.6238984283316366,-0.6320015042231508,0.5062616071250737,-0.016132677859832124,-4.76105747313374,2.0721153846153846,quiet_volume_spike,screen,"{""max_abs_ret"": 0.02, ""min_rvol"": 10}",False,"{""stop_pct"": 0.1, ""target_pct"": 0.4, ""max_hold_days"": 3}"
754,0.2625994694960212,-0.31022522204005853,-0.4565715051599327,0.7638807961963852,-0.00836948539625021,-1.1244758254063207,3.4217506631299734,532,0.212406015037594,-0.6077765818561498,-0.6162270015381266,0.5012126717547768,-0.015791231381480367,-4.806237377162053,3.218045112781955,quiet_volume_spike,screen,"{""max_abs_ret"": 0.02, ""min_rvol"": 10}",False,"{""stop_pct"": 0.1, ""target_pct"": 0.4, ""max_hold_days"": 5}"
579,0.26770293609671847,-0.4048838507823722,-0.47180707420116175,0.6514293311840648,-0.0137852807896421,-1.6708577434022711,6.212435233160622,364,0.260989010989011,-0.3443173091743569,-0.36840867505382024,0.6582012184604201,-0.003391909813566712,-2.317021458172237,5.769230769230769,quiet_volume_spike,screen,"{""max_abs_ret"": 0.02, ""min_rvol"": 10}",False,"{""stop_pct"": 0.1, ""target_pct"": 0.4, ""max_hold_days"": 10}"
866,0.2632794457274827,-0.4242970253157694,-0.4542109663321453,0.63628009896453,-0.014292542454924168,-1.8188716102803866,0.9260969976905312,684,0.22660818713450293,-0.7812463664802372,-0.7854821542453139,0.30316466719395874,-0.02496837086920911,-4.647331416581315,0.9166666666666666,quiet_volume_spike,screen,"{""max_abs_ret"": 0.02, ""min_rvol"": 10}",False,"{""stop_pct"": 0.2, ""target_pct"": null, ""max_hold_days"": 1}"
799,0.28410513141426785,0.013501212206718849,-0.3456528948366676,1.0086329753641192,-0.0017622572789980347,0.16833840514359916,2.6595744680851063,603,0.2570480928689884,-0.7736545551379483,-0.7745074671930127,0.4179061831950496,-0.02552569576916886,-3.234188842182478,2.583747927031509,quiet_volume_spike,screen,"{""max_abs_ret"": 0.02, ""min_rvol"": 10}",False,"{""stop_pct"": 0.2, ""target_pct"": null, ""max_hold_days"": 3}"
716,0.2918994413407821,-0.13694858904570018,-0.29068794742784065,0.915327928418299,0.004400977581051099,-0.03654152051057168,4.337988826815643,484,0.24586776859504134,-0.7918111484301087,-0.7918111484301087,0.3608360576487578,-0.031235471826294693,-3.2172546735876244,4.070247933884297,quiet_volume_spike,screen,"{""max_abs_ret"": 0.02, ""min_rvol"": 10}",False,"{""stop_pct"": 0.2, ""target_pct"": null, ""max_hold_days"": 5}"
490,0.3163265306122449,-0.1707654629119436,-0.27479115278682986,0.875302176297643,0.004270035920941881,-0.03350402512275402,8.261224489795918,296,0.27364864864864863,-0.6030957130367535,-0.6030957130367535,0.4239883478974499,-0.025637610464555927,-2.304188336382958,7.739864864864865,quiet_volume_spike,screen,"{""max_abs_ret"": 0.02, ""min_rvol"": 10}",False,"{""stop_pct"": 0.2, ""target_pct"": null, ""max_hold_days"": 10}"
866,0.2840646651270208,-0.4032767640274244,-0.4444673379566443,0.6443113218618518,-0.012421037718558745,-2.4238675129127754,0.8406466512702079,685,0.25401459854014596,-0.710115908940353,-0.7136168445299106,0.397223443108682,-0.019738487248602176,-5.919153868178882,0.8335766423357664,quiet_volume_spike,screen,"{""max_abs_ret"": 0.02, ""min_rvol"": 10}",False,"{""stop_pct"": 0.2, ""target_pct"": 0.15, ""max_hold_days"": 1}"
807,0.32589838909541513,-0.27719462839529674,-0.3161004337024198,0.7976711770808054,-0.008403842954917366,-0.9786142066735841,2.3382899628252787,618,0.3106796116504854,-0.6877470248087361,-0.6924240530222701,0.510439441482534,-0.017595159706329907,-4.9466930430682465,2.237864077669903,quiet_volume_spike,screen,"{""max_abs_ret"": 0.02, ""min_rvol"": 10}",False,"{""stop_pct"": 0.2, ""target_pct"": 0.15, ""max_hold_days"": 3}"
742,0.34097035040431267,-0.3485273419661019,-0.38013909942002466,0.7616336505780216,-0.008997580308685176,-1.1596452724423427,3.710242587601078,523,0.3193116634799235,-0.6533459544207534,-0.6562034330570261,0.5255463945651575,-0.017379178321630894,-4.419199300975001,3.3977055449330784,quiet_volume_spike,screen,"{""max_abs_ret"": 0.02, ""min_rvol"": 10}",False,"{""stop_pct"": 0.2, ""target_pct"": 0.15, ""max_hold_days"": 5}"
552,0.3786231884057971,-0.28706294551594636,-0.30264226822244333,0.7790957075371987,-0.009391730940212874,-0.9869502867487394,6.701086956521739,362,0.3701657458563536,-0.5112925594259671,-0.5205347130445177,0.5946859871514876,-0.016022728275910288,-3.506115581349057,5.861878453038674,quiet_volume_spike,screen,"{""max_abs_ret"": 0.02, ""min_rvol"": 10}",False,"{""stop_pct"": 0.2, ""target_pct"": 0.15, ""max_hold_days"": 10}"
866,0.2702078521939954,-0.3582388437092511,-0.38996896960078586,0.6930123266533178,-0.011043448792714659,-1.706367079975473,0.9030023094688222,684,0.2309941520467836,-0.6969949872040713,-0.7109723162521184,0.4366828608719011,-0.020034009852133005,-4.799664217510742,0.8991228070175439,quiet_volume_spike,screen,"{""max_abs_ret"": 0.02, ""min_rvol"": 10}",False,"{""stop_pct"": 0.2, ""target_pct"": 0.4, ""max_hold_days"": 1}"
803,0.29638854296388545,-0.17518278029779655,-0.3153158431373654,0.881546664096959,-0.004115306780195173,-0.46283743582450615,2.556662515566625,609,0.2676518883415435,-0.6472909696059963,-0.65625768335279,0.5697641768737987,-0.014665722019105282,-3.2403365449810932,2.4991789819376025,quiet_volume_spike,screen,"{""max_abs_ret"": 0.02, ""min_rvol"": 10}",False,"{""stop_pct"": 0.2, ""target_pct"": 0.4, ""max_hold_days"": 3}"
726,0.3140495867768595,-0.1136409681765016,-0.37825759469799136,0.9258898703262429,-0.0004162672491440514,-0.1984288603389467,4.126721763085399,492,0.266260162601626,-0.6321423883413521,-0.6392079771161274,0.5652007311547256,-0.014305976661652044,-3.1218779782879507,3.9227642276422765,quiet_volume_spike,screen,"{""max_abs_ret"": 0.02, ""min_rvol"": 10}",False,"{""stop_pct"": 0.2, ""target_pct"": 0.4, ""max_hold_days"": 5}"
509,0.343811394891945,-0.11826710926811468,-0.32386966533099004,0.9089118564402657,-0.0015679127444961879,-0.23770848067543687,7.74656188605108,316,0.29430379746835444,-0.3912345715291733,-0.418953646427071,0.6883066828108251,-0.003926098781869986,-2.0436072618890124,7.0854430379746836,quiet_volume_spike,screen,"{""max_abs_ret"": 0.02, ""min_rvol"": 10}",False,"{""stop_pct"": 0.2, ""target_pct"": 0.4, ""max_hold_days"": 10}"
865,0.26705202312138726,-0.5368610889548218,-0.553391775222247,0.5759755420314161,-0.01752143013280449,-2.2377214245739183,0.9942196531791907,684,0.22807017543859648,-0.8873678794170993,-0.8873678794170993,0.24383802582258438,-0.03390890924971195,-5.695120462647149,0.9985380116959064,quiet_volume_spike,screen,"{""max_abs_ret"": 0.02, ""min_rvol"": 10}",False,"{""stop_pct"": null, ""target_pct"": null, ""max_hold_days"": 1}"
795,0.29559748427672955,-0.1448519060166874,-0.43268168085084624,0.9151262243173016,-0.006351705795262705,-0.038318967880433374,2.969811320754717,587,0.2708688245315162,-0.8634038792632648,-0.8634038792632648,0.37400703479022723,-0.03406756206526807,-3.679035525965025,2.9846678023850086,quiet_volume_spike,screen,"{""max_abs_ret"": 0.02, ""min_rvol"": 10}",False,"{""stop_pct"": null, ""target_pct"": null, ""max_hold_days"": 3}"
688,0.3023255813953488,-0.1691346175857521,-0.3546720822000208,0.9025630662373968,0.0005847379904855075,-0.04973430232496142,4.960755813953488,443,0.2686230248306998,-0.7985910418305661,-0.7985910418305661,0.37823327133649004,-0.03382265853323096,-2.1384850085585905,4.941309255079007,quiet_volume_spike,screen,"{""max_abs_ret"": 0.02, ""min_rvol"": 10}",False,"{""stop_pct"": null, ""target_pct"": null, ""max_hold_days"": 5}"
434,0.35944700460829493,-0.4327182785702086,-0.4499861217922335,0.7005412526656346,-0.003530283992998795,-0.6365534185966748,9.852534562211982,246,0.2682926829268293,-0.6378154610547699,-0.6525214758168436,0.4265723001951287,-0.03496843499407786,-1.4271479790796635,9.78048780487805,quiet_volume_spike,screen,"{""max_abs_ret"": 0.02, ""min_rvol"": 10}",False,"{""stop_pct"": null, ""target_pct"": null, ""max_hold_days"": 10}"
865,0.2994219653179191,-0.4038838234746108,-0.44628492882989435,0.6695241916474801,-0.011160130679832304,-2.1481612323251764,0.8947976878612717,685,0.2671532846715328,-0.7779864050456877,-0.7779864050456877,0.3987130271445945,-0.02348516416034802,-5.723598887365052,0.9021897810218978,quiet_volume_spike,screen,"{""max_abs_ret"": 0.02, ""min_rvol"": 10}",False,"{""stop_pct"": null, ""target_pct"": 0.15, ""max_hold_days"": 1}"
803,0.35118306351183065,-0.26048897700230966,-0.34232434843026605,0.8239448547075925,-0.0068016604943719845,-0.6905672109586068,2.5666251556662516,604,0.33774834437086093,-0.7552493177154438,-0.755423929115328,0.5018615724971026,-0.02219130431513467,-4.509477772181666,2.5463576158940397,quiet_volume_spike,screen,"{""max_abs_ret"": 0.02, ""min_rvol"": 10}",False,"{""stop_pct"": null, ""target_pct"": 0.15, ""max_hold_days"": 3}"
719,0.3671766342141864,-0.23880532717767855,-0.31398074214482363,0.8436593955864056,-0.007214659458924967,-0.5981638191345251,4.171070931849791,490,0.35306122448979593,-0.664795838098071,-0.6816319126325856,0.5518595173073361,-0.019062002351707377,-3.2496762079147525,4.012244897959183,quiet_volume_spike,screen,"{""max_abs_ret"": 0.02, ""min_rvol"": 10}",False,"{""stop_pct"": null, ""target_pct"": 0.15, ""max_hold_days"": 5}"
504,0.4444444444444444,-0.051520696419774636,-0.21416358538805869,0.9576830251794153,-0.001770902417449652,-0.07849535529733175,7.811507936507937,310,0.41935483870967744,-0.5486890886846183,-0.5505956826746304,0.6104278386612648,-0.02298470228477918,-2.2999236132870844,7.248387096774193,quiet_volume_spike,screen,"{""max_abs_ret"": 0.02, ""min_rvol"": 10}",False,"{""stop_pct"": null, ""target_pct"": 0.15, ""max_hold_days"": 10}"
865,0.2786127167630058,-0.3826552394136661,-0.4191110742626435,0.7052751362946895,-0.011384285582540864,-1.6200525528876233,0.9641618497109826,684,0.2324561403508772,-0.8381514765070213,-0.8399053420012882,0.3675284850931645,-0.028602829482094107,-5.936873018526363,0.97953216374269,quiet_volume_spike,screen,"{""max_abs_ret"": 0.02, ""min_rvol"": 10}",False,"{""stop_pct"": null, ""target_pct"": 0.4, ""max_hold_days"": 1}"
798,0.3132832080200501,-0.21083299367200148,-0.3773965097583868,0.8726904667162472,-0.004051150768228658,-0.49523522182225876,2.827067669172932,594,0.27946127946127947,-0.7900613961688616,-0.7900613961688616,0.4811794662262193,-0.02394695925067279,-3.6112560256232182,2.887205387205387,quiet_volume_spike,screen,"{""max_abs_ret"": 0.02, ""min_rvol"": 10}",False,"{""stop_pct"": null, ""target_pct"": 0.4, ""max_hold_days"": 3}"
701,0.3252496433666191,-0.1616487002334981,-0.3924298883908818,0.904742866843697,-0.001916749946280113,-0.3035202892881126,4.659058487874465,452,0.28761061946902655,-0.6571797626583633,-0.6658371092122163,0.5640315322777694,-0.017541760106267998,-2.423407349521673,4.716814159292035,quiet_volume_spike,screen,"{""max_abs_ret"": 0.02, ""min_rvol"": 10}",False,"{""stop_pct"": null, ""target_pct"": 0.4, ""max_hold_days"": 5}"
463,0.37365010799136067,-0.20101911113401205,-0.2941994718021389,0.857659673276657,-0.003863846766231757,-0.4734827267280757,9.075593952483802,262,0.29770992366412213,-0.5516245574091004,-0.5516245574091004,0.5744540860807742,-0.015846609645316277,-2.3224450840309063,9.091603053435115,quiet_volume_spike,screen,"{""max_abs_ret"": 0.02, ""min_rvol"": 10}",False,"{""stop_pct"": null, ""target_pct"": 0.4, ""max_hold_days"": 10}"
