train_n_trades,train_win_rate,train_total_return,train_max_drawdown,train_profit_factor,train_expectancy,train_sharpe,train_avg_hold_days,test_n_trades,test_win_rate,test_total_return,test_max_drawdown,test_profit_factor,test_expectancy,test_sharpe,test_avg_hold_days,model,kind,params,exclude_earnings,exit
694,0.1743515850144092,-0.6929121243439929,-0.7335299004637312,0.653252469846355,-0.0180353104420717,-2.950641829273577,0.2118155619596541,576,0.1996527777777778,0.4640107436149561,-0.3401026493961128,1.2012382137444872,0.0081231863881412,0.7970521596201267,0.2604166666666667,big_candle_maxvol,screen,"{""min_ret"": 0.3, ""min_close_pos"": 0.5, ""max_mcap"": 300000000.0}",True,"{""stop_pct"": 0.05, ""target_pct"": null, ""max_hold_days"": 1}"
693,0.1053391053391053,-0.7256595000252158,-0.7849904939571914,0.686676866421394,-0.0184198302316402,-2.173547917869786,0.4675324675324675,575,0.1408695652173913,-0.0827731306842527,-0.44789644372428,0.9605140973206444,-0.0021924095566745,0.3555191233905538,0.6034782608695652,big_candle_maxvol,screen,"{""min_ret"": 0.3, ""min_close_pos"": 0.5, ""max_mcap"": 300000000.0}",True,"{""stop_pct"": 0.05, ""target_pct"": null, ""max_hold_days"": 3}"
692,0.0939306358381502,-0.7578402121647876,-0.7956475207097434,0.6328522436277486,-0.0205392180014782,-1.827665285058164,0.6705202312138728,575,0.1234782608695652,0.9681741658662972,-0.4233546998010584,1.323063044960567,0.0140787365299133,1.1426353349130152,0.8730434782608696,big_candle_maxvol,screen,"{""min_ret"": 0.3, ""min_close_pos"": 0.5, ""max_mcap"": 300000000.0}",True,"{""stop_pct"": 0.05, ""target_pct"": null, ""max_hold_days"": 5}"
691,0.0622286541244573,-0.7661617878342105,-0.8308563452876926,0.6492562738473967,-0.0205038443095098,-1.5445753130901374,1.069464544138929,560,0.0803571428571428,0.7693059805406284,-0.459497883459672,1.2267252092999543,0.0147363977571004,1.039997238571154,1.332142857142857,big_candle_maxvol,screen,"{""min_ret"": 0.3, ""min_close_pos"": 0.5, ""max_mcap"": 300000000.0}",True,"{""stop_pct"": 0.05, ""target_pct"": null, ""max_hold_days"": 10}"
698,0.1905444126074498,-0.7927793886689861,-0.7947251836691729,0.5015859817292198,-0.0246420660859357,-5.715726838308183,0.0716332378223495,580,0.2206896551724138,-0.651994179612633,-0.6616111904665167,0.556091779934869,-0.0197562013724542,-5.2802843629273735,0.096551724137931,big_candle_maxvol,screen,"{""min_ret"": 0.3, ""min_close_pos"": 0.5, ""max_mcap"": 300000000.0}",True,"{""stop_pct"": 0.05, ""target_pct"": 0.15, ""max_hold_days"": 1}"
698,0.1704871060171919,-0.8026938633222003,-0.8039067624272791,0.5126146422116222,-0.0257085324570405,-5.637762447920126,0.1088825214899713,580,0.2086206896551724,-0.6391521823359656,-0.6513319727809384,0.5866816207987071,-0.0192596191521432,-5.0219603068772845,0.1517241379310344,big_candle_maxvol,screen,"{""min_ret"": 0.3, ""min_close_pos"": 0.5, ""max_mcap"": 300000000.0}",True,"{""stop_pct"": 0.05, ""target_pct"": 0.15, ""max_hold_days"": 3}"
698,0.1690544412607449,-0.799996708193209,-0.8012261875075873,0.5139354895018234,-0.0255185637424074,-5.541047507008998,0.1332378223495702,580,0.2068965517241379,-0.6327527531875567,-0.6451964313924747,0.595150486325745,-0.018983103449304,-4.949275306668989,0.1758620689655172,big_candle_maxvol,screen,"{""min_ret"": 0.3, ""min_close_pos"": 0.5, ""max_mcap"": 300000000.0}",True,"{""stop_pct"": 0.05, ""target_pct"": 0.15, ""max_hold_days"": 5}"
698,0.164756446991404,-0.8037690474894277,-0.8049753371198283,0.5138821411795605,-0.0257915869609972,-5.601909315839786,0.1733524355300859,580,0.2051724137931034,-0.6365945108537794,-0.6488669699816616,0.5935775819848926,-0.0191270144848901,-4.994506798860674,0.1896551724137931,big_candle_maxvol,screen,"{""min_ret"": 0.3, ""min_close_pos"": 0.5, ""max_mcap"": 300000000.0}",True,"{""stop_pct"": 0.05, ""target_pct"": 0.15, ""max_hold_days"": 10}"
697,0.1736011477761836,-0.6890397245331158,-0.7189467323063388,0.6464898480945745,-0.0183329391036481,-3.0377046242432884,0.1764705882352941,580,0.2,-0.3068474776498829,-0.4167215236800182,0.8316542396289834,-0.0075224362760061,-1.1074140072620038,0.2103448275862069,big_candle_maxvol,screen,"{""min_ret"": 0.3, ""min_close_pos"": 0.5, ""max_mcap"": 300000000.0}",True,"{""stop_pct"": 0.05, ""target_pct"": 0.4, ""max_hold_days"": 1}"
697,0.1147776183644189,-0.7301457543514991,-0.7585395222426418,0.662998719937593,-0.0204660430044611,-3.004983233890528,0.3127690100430416,580,0.15,-0.3656649876946839,-0.4468737348611805,0.8093953659739209,-0.0090640443628952,-1.1959769794802844,0.3948275862068965,big_candle_maxvol,screen,"{""min_ret"": 0.3, ""min_close_pos"": 0.5, ""max_mcap"": 300000000.0}",True,"{""stop_pct"": 0.05, ""target_pct"": 0.4, ""max_hold_days"": 3}"
697,0.1061692969870875,-0.7469372095346185,-0.7706018792853226,0.6498489724504944,-0.021374920325352,-3.0803132835547795,0.4017216642754663,580,0.1396551724137931,-0.4054513668579369,-0.4827470441057024,0.7848490629275917,-0.0100153576090604,-1.3342775784881726,0.5,big_candle_maxvol,screen,"{""min_ret"": 0.3, ""min_close_pos"": 0.5, ""max_mcap"": 300000000.0}",True,"{""stop_pct"": 0.05, ""target_pct"": 0.4, ""max_hold_days"": 5}"
697,0.0889526542324246,-0.7484070951471343,-0.7716310145644278,0.6568936666604649,-0.021542749836359,-3.0239361179799285,0.5265423242467718,579,0.1174438687392055,-0.4918816636145,-0.5486051676115535,0.7278492442546342,-0.0125900183036318,-1.6986188147476795,0.6493955094991365,big_candle_maxvol,screen,"{""min_ret"": 0.3, ""min_close_pos"": 0.5, ""max_mcap"": 300000000.0}",True,"{""stop_pct"": 0.05, ""target_pct"": 0.4, ""max_hold_days"": 10}"
689,0.2902757619738751,-0.1200184978597308,-0.5866012953807239,0.9731495370838288,-0.0021722279523554,0.2486480848398217,0.4542815674891146,575,0.3217391304347826,0.6099470877676538,-0.4150256951831087,1.170430539866295,0.0097467436001301,0.90730626730581,0.4834782608695652,big_candle_maxvol,screen,"{""min_ret"": 0.3, ""min_close_pos"": 0.5, ""max_mcap"": 300000000.0}",True,"{""stop_pct"": 0.1, ""target_pct"": null, ""max_hold_days"": 1}"
687,0.2212518195050946,0.2200925542005187,-0.6425741807269436,1.033055120428984,0.0081891514485525,0.4643402976110757,1.0786026200873362,566,0.2332155477031802,-0.4562479637472112,-0.5636275419433688,0.8225759885990224,-0.0103869883876068,-0.1270348804353574,1.174911660777385,big_candle_maxvol,screen,"{""min_ret"": 0.3, ""min_close_pos"": 0.5, ""max_mcap"": 300000000.0}",True,"{""stop_pct"": 0.1, ""target_pct"": null, ""max_hold_days"": 3}"
684,0.195906432748538,0.4337189963427657,-0.7034078365811367,1.0602165608621972,0.0131067134795338,0.5721024890652558,1.58187134502924,552,0.181159420289855,-0.2781092110527333,-0.6011934621163744,0.9052214012609804,-0.0028839960971224,0.2240946112373842,1.6884057971014492,big_candle_maxvol,screen,"{""min_ret"": 0.3, ""min_close_pos"": 0.5, ""max_mcap"": 300000000.0}",True,"{""stop_pct"": 0.1, ""target_pct"": null, ""max_hold_days"": 5}"
663,0.1628959276018099,-0.0886724837155794,-0.7932582561181377,0.987511097236259,0.0117183044445286,0.3939722508864639,2.622926093514329,506,0.1245059288537549,-0.6675595116089221,-0.7825460724089587,0.714505270648757,-0.0170019844270724,-0.3468829112510533,2.430830039525692,big_candle_maxvol,screen,"{""min_ret"": 0.3, ""min_close_pos"": 0.5, ""max_mcap"": 300000000.0}",True,"{""stop_pct"": 0.1, ""target_pct"": null, ""max_hold_days"": 10}"
698,0.325214899713467,-0.8022664652198639,-0.8029003159552904,0.6282329622366634,-0.0258904113840061,-3.2983739562470284,0.2249283667621776,580,0.3655172413793103,-0.6031031923666974,-0.6367406330887405,0.7282441856047597,-0.0176202606709446,-2.6736130375981797,0.2293103448275862,big_candle_maxvol,screen,"{""min_ret"": 0.3, ""min_close_pos"": 0.5, ""max_mcap"": 300000000.0}",True,"{""stop_pct"": 0.1, ""target_pct"": 0.15, ""max_hold_days"": 1}"
698,0.318051575931232,-0.77400509340224,-0.7749362924696899,0.682324766945136,-0.024398662551417,-2.509745704426453,0.4011461318051575,580,0.346551724137931,-0.6849740235888796,-0.7214101374964991,0.7007099009591848,-0.0215140295724179,-3.0359037229674537,0.4,big_candle_maxvol,screen,"{""min_ret"": 0.3, ""min_close_pos"": 0.5, ""max_mcap"": 300000000.0}",True,"{""stop_pct"": 0.1, ""target_pct"": 0.15, ""max_hold_days"": 3}"
698,0.3166189111747851,-0.7764492318533756,-0.7772138052393462,0.6808901709330438,-0.0248202539740185,-2.5128340949148136,0.4899713467048711,580,0.3396551724137931,-0.6893591824167694,-0.7236866474238045,0.704982792948055,-0.0219515175498826,-3.095644523517679,0.4879310344827586,big_candle_maxvol,screen,"{""min_ret"": 0.3, ""min_close_pos"": 0.5, ""max_mcap"": 300000000.0}",True,"{""stop_pct"": 0.1, ""target_pct"": 0.15, ""max_hold_days"": 5}"
698,0.3223495702005731,-0.7576645625481726,-0.7594401458155033,0.7012281200076389,-0.02367150154745,-2.367515087084747,0.6289398280802292,580,0.3396551724137931,-0.6965855313446903,-0.7302442475221205,0.7007312476599279,-0.0223360131512652,-3.13531492503713,0.596551724137931,big_candle_maxvol,screen,"{""min_ret"": 0.3, ""min_close_pos"": 0.5, ""max_mcap"": 300000000.0}",True,"{""stop_pct"": 0.1, ""target_pct"": 0.15, ""max_hold_days"": 10}"
694,0.2881844380403458,-0.6305145834797775,-0.681173219680762,0.7829666991555112,-0.018037741475694,-1.3843946025086116,0.3976945244956772,579,0.3264248704663212,0.0153779397376052,-0.3832108550492789,1.0049570781049204,-0.0009035688537287,0.2449889261908423,0.4041450777202072,big_candle_maxvol,screen,"{""min_ret"": 0.3, ""min_close_pos"": 0.5, ""max_mcap"": 300000000.0}",True,"{""stop_pct"": 0.1, ""target_pct"": 0.4, ""max_hold_days"": 1}"
694,0.239193083573487,-0.3944747533668042,-0.5472208579948227,0.9048320658243214,-0.012983479016635,-0.4711562178165236,0.8054755043227666,573,0.2635253054101221,-0.1799033620489392,-0.4717689980224533,0.9440689736429304,-0.0043006525801161,-0.175736406258645,0.8289703315881326,big_candle_maxvol,screen,"{""min_ret"": 0.3, ""min_close_pos"": 0.5, ""max_mcap"": 300000000.0}",True,"{""stop_pct"": 0.1, ""target_pct"": 0.4, ""max_hold_days"": 3}"
694,0.2204610951008645,-0.5186779763803446,-0.6412628572034555,0.8716078669860885,-0.0162751035896858,-0.7808383080176523,1.0677233429394812,570,0.2298245614035087,-0.3720446134690219,-0.527679765801915,0.8757265326207976,-0.008932156444254,-0.6957659997969439,1.0789473684210529,big_candle_maxvol,screen,"{""min_ret"": 0.3, ""min_close_pos"": 0.5, ""max_mcap"": 300000000.0}",True,"{""stop_pct"": 0.1, ""target_pct"": 0.4, ""max_hold_days"": 5}"
688,0.2078488372093023,-0.4724663842048686,-0.6181601289150045,0.8942741560344094,-0.0149709357295261,-0.6744362020708031,1.504360465116279,555,0.2108108108108108,-0.5031388935397607,-0.589299619125208,0.8165272912391074,-0.0129387638794357,-1.0944388723219152,1.4486486486486487,big_candle_maxvol,screen,"{""min_ret"": 0.3, ""min_close_pos"": 0.5, ""max_mcap"": 300000000.0}",True,"{""stop_pct"": 0.1, ""target_pct"": 0.4, ""max_hold_days"": 10}"
688,0.3430232558139535,-0.3613221678899173,-0.6816151531819309,0.92735588111498,-0.0087819321815972,0.1063882160910737,0.7863372093023255,573,0.3944153577661431,0.3849963999613566,-0.448405470924205,1.0977597006402924,0.0095111159502265,0.7286673219167975,0.8219895287958116,big_candle_maxvol,screen,"{""min_ret"": 0.3, ""min_close_pos"": 0.5, ""max_mcap"": 300000000.0}",True,"{""stop_pct"": 0.2, ""target_pct"": null, ""max_hold_days"": 1}"
675,0.3214814814814815,0.2385573562128196,-0.6876859672869543,1.025347868832236,0.0116377779247287,0.4994676369580098,2.0192592592592598,546,0.3223443223443223,-0.6122870494753995,-0.6669635668869831,0.7989056384519576,-0.0140606459805001,-0.3216473842747305,2.1446886446886446,big_candle_maxvol,screen,"{""min_ret"": 0.3, ""min_close_pos"": 0.5, ""max_mcap"": 300000000.0}",True,"{""stop_pct"": 0.2, ""target_pct"": null, ""max_hold_days"": 3}"
640,0.3015625,0.062575606979758,-0.7906030177084766,1.006641167774775,0.0166923861015494,0.4892505435568879,3.0796875,490,0.273469387755102,-0.5641046707296429,-0.7130441457115386,0.8405169965612267,-0.0113550934382542,-0.1378845893046208,3.2224489795918365,big_candle_maxvol,screen,"{""min_ret"": 0.3, ""min_close_pos"": 0.5, ""max_mcap"": 300000000.0}",True,"{""stop_pct"": 0.2, ""target_pct"": null, ""max_hold_days"": 5}"
536,0.2947761194029851,0.9003198541944892,-0.7545936010779893,1.0974665558175691,0.03518188008443,0.7435357278979283,5.619402985074627,382,0.2120418848167539,-0.8586019746525616,-0.8663171091616664,0.6918211840088931,-0.0422686970447494,-0.8795784179335142,5.026178010471204,big_candle_maxvol,screen,"{""min_ret"": 0.3, ""min_close_pos"": 0.5, ""max_mcap"": 300000000.0}",True,"{""stop_pct"": 0.2, ""target_pct"": null, ""max_hold_days"": 10}"
698,0.4126074498567335,-0.7318011073095236,-0.798563724002819,0.7671221038741116,-0.0225322885481284,-2.119257360919503,0.491404011461318,580,0.4741379310344827,-0.4370160190864465,-0.4886131148163906,0.8434749707533588,-0.0097353997939363,-1.319786005355775,0.4844827586206897,big_candle_maxvol,screen,"{""min_ret"": 0.3, ""min_close_pos"": 0.5, ""max_mcap"": 300000000.0}",True,"{""stop_pct"": 0.2, ""target_pct"": 0.15, ""max_hold_days"": 1}"
695,0.460431654676259,-0.7040196156713171,-0.807914713782664,0.8134314817169788,-0.0217445317835493,-1.5363046680463184,1.0302158273381294,577,0.4956672443674176,-0.5726097028091798,-0.6180548601502385,0.8213997764853285,-0.0132820499015813,-1.76161160736723,0.9982668977469672,big_candle_maxvol,screen,"{""min_ret"": 0.3, ""min_close_pos"": 0.5, ""max_mcap"": 300000000.0}",True,"{""stop_pct"": 0.2, ""target_pct"": 0.15, ""max_hold_days"": 3}"
694,0.4726224783861671,-0.7180883542054315,-0.80377949726805,0.8140109578537852,-0.0233565173686779,-1.5763778584952115,1.3847262247838616,571,0.5026269702276708,-0.5658321202399519,-0.6163371672871838,0.8406526754081609,-0.0140504089759314,-1.5319522002721304,1.341506129597198,big_candle_maxvol,screen,"{""min_ret"": 0.3, ""min_close_pos"": 0.5, ""max_mcap"": 300000000.0}",True,"{""stop_pct"": 0.2, ""target_pct"": 0.15, ""max_hold_days"": 5}"
680,0.5058823529411764,-0.4572464883967821,-0.6829520869417216,0.8983927547320361,-0.0152843062640543,-0.5788845300459214,1.9544117647058823,559,0.518783542039356,-0.0959302665611675,-0.5305915007951787,0.9831939694827871,0.0027998298503573,0.2783819042911432,1.7889087656529516,big_candle_maxvol,screen,"{""min_ret"": 0.3, ""min_close_pos"": 0.5, ""max_mcap"": 300000000.0}",True,"{""stop_pct"": 0.2, ""target_pct"": 0.15, ""max_hold_days"": 10}"
694,0.3487031700288184,-0.6659271239466737,-0.7647531017687648,0.8234824392192838,-0.0196980308486311,-1.2637022390004258,0.7161383285302594,579,0.4058721934369603,0.1158599902195474,-0.3845189017137328,1.03152656096922,0.0033843635428733,0.4659386082090956,0.7236614853195165,big_candle_maxvol,screen,"{""min_ret"": 0.3, ""min_close_pos"": 0.5, ""max_mcap"": 300000000.0}",True,"{""stop_pct"": 0.2, ""target_pct"": 0.4, ""max_hold_days"": 1}"
689,0.3439767779390421,-0.3305451861455949,-0.7135155729942394,0.9471733848008206,-0.0107646570812998,-0.2013262882424323,1.637155297532656,563,0.369449378330373,-0.1262071379020265,-0.5298328326255539,0.9728693224774132,0.001571037788278,0.0584006794916077,1.6625222024866786,big_candle_maxvol,screen,"{""min_ret"": 0.3, ""min_close_pos"": 0.5, ""max_mcap"": 300000000.0}",True,"{""stop_pct"": 0.2, ""target_pct"": 0.4, ""max_hold_days"": 3}"
670,0.3447761194029851,-0.2928335911790235,-0.7097757751450982,0.955931948749505,-0.0117602546279314,-0.1465686842690366,2.2955223880597013,532,0.3345864661654135,-0.4002620391302233,-0.5822407934436766,0.9000757049209603,-0.0059608479097719,-0.5184561927355698,2.323308270676692,big_candle_maxvol,screen,"{""min_ret"": 0.3, ""min_close_pos"": 0.5, ""max_mcap"": 300000000.0}",True,"{""stop_pct"": 0.2, ""target_pct"": 0.4, ""max_hold_days"": 5}"
623,0.3547351524879615,0.2872566771908171,-0.5771871029517165,1.0369442020882842,3.4875870659837363e-06,0.5038097995795042,3.492776886035313,459,0.3398692810457516,-0.1552022196610545,-0.6032660266057561,0.971535381218342,0.0073409501499587,0.2736195290089935,3.446623093681917,big_candle_maxvol,screen,"{""min_ret"": 0.3, ""min_close_pos"": 0.5, ""max_mcap"": 300000000.0}",True,"{""stop_pct"": 0.2, ""target_pct"": 0.4, ""max_hold_days"": 10}"
686,0.3542274052478134,-0.3429707500250556,-0.683154888976099,0.9370155028827672,-0.0030270441159472,0.1276122723679136,0.9927113702623906,570,0.4087719298245614,0.0610053668323311,-0.4762916005115352,1.0142311130747836,0.0057946120597798,0.429872748862175,0.9964912280701754,big_candle_maxvol,screen,"{""min_ret"": 0.3, ""min_close_pos"": 0.5, ""max_mcap"": 300000000.0}",True,"{""stop_pct"": null, ""target_pct"": null, ""max_hold_days"": 1}"
658,0.3768996960486322,1.4757263722492389,-0.6556106368869491,1.1193849462815233,0.0257702043889731,0.821028231223629,2.966565349544073,526,0.3517110266159696,-0.7428458718810065,-0.7428458718810065,0.7672490039482567,-0.0225412683853462,-0.614436100714724,2.9771863117870723,big_candle_maxvol,screen,"{""min_ret"": 0.3, ""min_close_pos"": 0.5, ""max_mcap"": 300000000.0}",True,"{""stop_pct"": null, ""target_pct"": null, ""max_hold_days"": 3}"
573,0.3682373472949389,1.6599849697094258,-0.6516969613254111,1.1298012538740672,0.0409954046827608,0.8626187090385029,4.940663176265271,426,0.312206572769953,-0.7249152346524905,-0.7328207988805231,0.8015008355116096,-0.0223223401267279,-0.5178047556855679,4.936619718309859,big_candle_maxvol,screen,"{""min_ret"": 0.3, ""min_close_pos"": 0.5, ""max_mcap"": 300000000.0}",True,"{""stop_pct"": null, ""target_pct"": null, ""max_hold_days"": 5}"
399,0.3558897243107769,1.1081835295953502,-0.7431749674595606,1.136845552587676,0.0493309367339345,0.7898100414797299,9.862155388471178,241,0.2987551867219917,-0.4300652809652947,-0.866000739939973,0.9094595494488084,0.0041782638891224,0.4432096302157678,9.813278008298756,big_candle_maxvol,screen,"{""min_ret"": 0.3, ""min_close_pos"": 0.5, ""max_mcap"": 300000000.0}",True,"{""stop_pct"": null, ""target_pct"": null, ""max_hold_days"": 10}"
697,0.4591104734576757,-0.4985467539953168,-0.6183314706440285,0.8679918428337955,-0.0140146056866759,-1.081862281422801,0.6542324246771879,579,0.5250431778929189,-0.1359490798045656,-0.3113623579260121,0.9610543376080628,-0.0018649692182382,-0.1732529505806961,0.614853195164076,big_candle_maxvol,screen,"{""min_ret"": 0.3, ""min_close_pos"": 0.5, ""max_mcap"": 300000000.0}",True,"{""stop_pct"": null, ""target_pct"": 0.15, ""max_hold_days"": 1}"
689,0.5544267053701016,0.1084806751908316,-0.5913296150463384,1.0192547395694795,-0.0049149912185834,0.3365070624552007,1.6879535558780845,568,0.5757042253521126,-0.2034186197287598,-0.330963348385489,0.951299323676659,-0.002156234103112,-0.2199188854793227,1.5862676056338028,big_candle_maxvol,screen,"{""min_ret"": 0.3, ""min_close_pos"": 0.5, ""max_mcap"": 300000000.0}",True,"{""stop_pct"": null, ""target_pct"": 0.15, ""max_hold_days"": 3}"
661,0.5824508320726173,0.3867818900898738,-0.5564629274699384,1.0622458341416916,-0.0002670359224751,0.6244846113214834,2.6021180030257187,539,0.5825602968460112,-0.3835096222276105,-0.4756511998662993,0.9067194092337452,-0.0080978982448907,-0.635608070321189,2.4693877551020407,big_candle_maxvol,screen,"{""min_ret"": 0.3, ""min_close_pos"": 0.5, ""max_mcap"": 300000000.0}",True,"{""stop_pct"": null, ""target_pct"": 0.15, ""max_hold_days"": 5}"
567,0.6313932980599647,0.1184157833788799,-0.6136673910220924,1.0244476097219148,0.0008920249135657,0.3448955134962451,4.650793650793651,434,0.6405529953917051,1.5518218930265832,-0.2580288684982845,1.1720852479669148,0.0306213402671321,1.2345807312531225,4.276497695852535,big_candle_maxvol,screen,"{""min_ret"": 0.3, ""min_close_pos"": 0.5, ""max_mcap"": 300000000.0}",True,"{""stop_pct"": null, ""target_pct"": 0.15, ""max_hold_days"": 10}"
692,0.3713872832369942,-0.4779445466333158,-0.6137243208336499,0.8937367657255846,-0.0132542385585366,-0.631675923961616,0.9060693641618496,578,0.4290657439446367,0.1357762833363216,-0.404344457423038,1.0326418883125594,0.004097414276075,0.502743026057154,0.8858131487889274,big_candle_maxvol,screen,"{""min_ret"": 0.3, ""min_close_pos"": 0.5, ""max_mcap"": 300000000.0}",True,"{""stop_pct"": null, ""target_pct"": 0.4, ""max_hold_days"": 1}"
677,0.413589364844904,1.0686698010050972,-0.5570085692319716,1.1182320975345614,0.004595859518419,0.9672496633929678,2.4903988183161005,550,0.4127272727272727,0.1098057786558659,-0.5466881530488303,1.0179551794180046,0.0055007213189114,0.490346632525904,2.4072727272727272,big_candle_maxvol,screen,"{""min_ret"": 0.3, ""min_close_pos"": 0.5, ""max_mcap"": 300000000.0}",True,"{""stop_pct"": null, ""target_pct"": 0.4, ""max_hold_days"": 3}"
616,0.435064935064935,2.779325532223349,-0.4492005790864477,1.253915159315652,0.0204795862604608,1.608536632805515,3.899350649350649,476,0.3760504201680672,-0.5850176469816506,-0.619402882154553,0.861445696008665,-0.0151473300582885,-0.9128492039539716,3.8445378151260505,big_candle_maxvol,screen,"{""min_ret"": 0.3, ""min_close_pos"": 0.5, ""max_mcap"": 300000000.0}",True,"{""stop_pct"": null, ""target_pct"": 0.4, ""max_hold_days"": 5}"
479,0.4592901878914405,4.113109553287039,-0.341863942030826,1.4862035943357363,0.0486940228966188,1.1541599816146104,7.206680584551148,321,0.4392523364485981,1.0077748732096357,-0.4615070076028382,1.1110420257291866,0.0393184663469954,1.0159811751175334,6.841121495327103,big_candle_maxvol,screen,"{""min_ret"": 0.3, ""min_close_pos"": 0.5, ""max_mcap"": 300000000.0}",True,"{""stop_pct"": null, ""target_pct"": 0.4, ""max_hold_days"": 10}"
766,0.1932114882506527,-0.6218667309288695,-0.7053408194932649,0.7471846084632127,-0.013718917361755,-2.0755174188763177,0.2362924281984334,624,0.2051282051282051,0.4448401653269276,-0.3012317188639997,1.172100722599581,0.0069538355779937,0.7832425026758206,0.2692307692307692,big_candle_maxvol,screen,"{""min_ret"": 0.3, ""min_close_pos"": 0.5, ""max_mcap"": 300000000.0}",False,"{""stop_pct"": 0.05, ""target_pct"": null, ""max_hold_days"": 1}"
764,0.1256544502617801,-0.6693902931801141,-0.7810950885975884,0.7652828124265081,-0.014214377540372,-1.7008733539528973,0.5314136125654451,623,0.1492776886035313,-0.0463446791308218,-0.4428876110256751,0.9809142395494616,-0.0018651847146386,0.4004788826666471,0.6276083467094703,big_candle_maxvol,screen,"{""min_ret"": 0.3, ""min_close_pos"": 0.5, ""max_mcap"": 300000000.0}",False,"{""stop_pct"": 0.05, ""target_pct"": null, ""max_hold_days"": 3}"
763,0.1140235910878112,-0.6626453953472081,-0.7701445182980994,0.75538090158049,-0.0138288625348123,-1.284116014656186,0.7758846657929227,621,0.1336553945249597,1.0457072116225232,-0.4391863875520835,1.2948599794019338,0.0141003142334404,1.184412454171076,0.9178743961352656,big_candle_maxvol,screen,"{""min_ret"": 0.3, ""min_close_pos"": 0.5, ""max_mcap"": 300000000.0}",False,"{""stop_pct"": 0.05, ""target_pct"": null, ""max_hold_days"": 5}"
760,0.081578947368421,-0.606815575557634,-0.7843951195479374,0.8098126774750192,-0.0115156142907158,-0.9081151233665632,1.275,598,0.0919732441471571,0.7059547487628015,-0.458493020904556,1.192431933495131,0.0134305088346657,1.0099273287854795,1.4381270903010033,big_candle_maxvol,screen,"{""min_ret"": 0.3, ""min_close_pos"": 0.5, ""max_mcap"": 300000000.0}",False,"{""stop_pct"": 0.05, ""target_pct"": null, ""max_hold_days"": 10}"
771,0.2088197146562905,-0.7891910287981942,-0.7929652226077624,0.554808099201619,-0.0220841270446208,-5.191043297334224,0.0894941634241245,629,0.2241653418124006,-0.6797757502626356,-0.6869647551685554,0.564466137872718,-0.0196247772576138,-5.613143377662774,0.1112877583465818,big_candle_maxvol,screen,"{""min_ret"": 0.3, ""min_close_pos"": 0.5, ""max_mcap"": 300000000.0}",False,"{""stop_pct"": 0.05, ""target_pct"": 0.15, ""max_hold_days"": 1}"
771,0.1880674448767834,-0.7914611769937484,-0.7947531443175724,0.5791756515633658,-0.0227149095083324,-4.973040032918009,0.1452658884565499,629,0.2130365659777424,-0.664805609866109,-0.6706352354819132,0.5992157229038463,-0.0190538317935386,-5.295215949910034,0.1844197138314785,big_candle_maxvol,screen,"{""min_ret"": 0.3, ""min_close_pos"": 0.5, ""max_mcap"": 300000000.0}",False,"{""stop_pct"": 0.05, ""target_pct"": 0.15, ""max_hold_days"": 3}"
771,0.1867704280155642,-0.7870857147041723,-0.7904467525189307,0.5822964117596383,-0.0224477693752761,-4.827055765155456,0.1815823605706874,629,0.2114467408585055,-0.6557024966949152,-0.6616807178641353,0.6101210074020739,-0.018659104986256,-5.19471273079133,0.2225755166931637,big_candle_maxvol,screen,"{""min_ret"": 0.3, ""min_close_pos"": 0.5, ""max_mcap"": 300000000.0}",False,"{""stop_pct"": 0.05, ""target_pct"": 0.15, ""max_hold_days"": 5}"
771,0.1815823605706874,-0.7868524381843389,-0.7902171584725554,0.5851519134748663,-0.0224561074879722,-4.824704140147633,0.2295719844357976,629,0.2082670906200318,-0.6579886116298419,-0.6639280183961584,0.6106185432677862,-0.0187517161775352,-5.189354999753564,0.2639109697933227,big_candle_maxvol,screen,"{""min_ret"": 0.3, ""min_close_pos"": 0.5, ""max_mcap"": 300000000.0}",False,"{""stop_pct"": 0.05, ""target_pct"": 0.15, ""max_hold_days"": 10}"
770,0.1922077922077922,-0.6445655947570603,-0.6909633173220346,0.7196542322796867,-0.0145971640589731,-2.458037836321498,0.2,629,0.205087440381558,-0.3215344801812503,-0.3735763993484473,0.8411171184180052,-0.0075143330223062,-1.1655421351144395,0.2209856915739268,big_candle_maxvol,screen,"{""min_ret"": 0.3, ""min_close_pos"": 0.5, ""max_mcap"": 300000000.0}",False,"{""stop_pct"": 0.05, ""target_pct"": 0.4, ""max_hold_days"": 1}"
770,0.1363636363636363,-0.6593754529678919,-0.7228170429877598,0.7522659727001317,-0.0154790544754748,-2.2809560099902666,0.3714285714285714,629,0.1573926868044515,-0.3535396828549755,-0.4259113893361372,0.8389951033892113,-0.0084797071599407,-1.124657601105436,0.4228934817170111,big_candle_maxvol,screen,"{""min_ret"": 0.3, ""min_close_pos"": 0.5, ""max_mcap"": 300000000.0}",False,"{""stop_pct"": 0.05, ""target_pct"": 0.4, ""max_hold_days"": 3}"
770,0.1272727272727272,-0.6593306072648839,-0.7107464815545983,0.7523081481478403,-0.0155287706026414,-2.187213316711884,0.4909090909090909,629,0.1478537360890302,-0.3873942750285819,-0.4580753331439626,0.8204147574930781,-0.0092105877989717,-1.2389185885932563,0.548489666136725,big_candle_maxvol,screen,"{""min_ret"": 0.3, ""min_close_pos"": 0.5, ""max_mcap"": 300000000.0}",False,"{""stop_pct"": 0.05, ""target_pct"": 0.4, ""max_hold_days"": 5}"
770,0.109090909090909,-0.641329379309683,-0.7067447094427726,0.7713522094436829,-0.0149531134381986,-2.055894586426441,0.6844155844155844,628,0.125796178343949,-0.4880302121814364,-0.5494313002413284,0.7649826521306454,-0.0115773777037631,-1.6781425358821769,0.7531847133757962,big_candle_maxvol,screen,"{""min_ret"": 0.3, ""min_close_pos"": 0.5, ""max_mcap"": 300000000.0}",False,"{""stop_pct"": 0.05, ""target_pct"": 0.4, ""max_hold_days"": 10}"
761,0.304862023653088,0.1014265048223286,-0.570358652421472,1.0188572662718676,0.0006291122604671,0.3641102479780682,0.4875164257555847,623,0.3258426966292135,0.5966397513112496,-0.3823190174809776,1.1490491106526732,0.0086317476882347,0.9058361541075696,0.5024077046548957,big_candle_maxvol,screen,"{""min_ret"": 0.3, ""min_close_pos"": 0.5, ""max_mcap"": 300000000.0}",False,"{""stop_pct"": 0.1, ""target_pct"": null, ""max_hold_days"": 1}"
754,0.2440318302387268,0.566121058758386,-0.6206606130447845,1.0692857989381148,0.0102783568356993,0.5793149172045142,1.16710875331565,613,0.2479608482871125,-0.4523872647761515,-0.5550351236186479,0.8423384693272125,-0.0095079081122761,-0.1142615284466257,1.2202283849918434,big_candle_maxvol,screen,"{""min_ret"": 0.3, ""min_close_pos"": 0.5, ""max_mcap"": 300000000.0}",False,"{""stop_pct"": 0.1, ""target_pct"": null, ""max_hold_days"": 3}"
745,0.2201342281879194,1.3080464877092766,-0.626856389661165,1.1358453142441962,0.0182793954672492,0.773991968910394,1.72751677852349,589,0.1969439728353141,-0.1844263035597919,-0.5519390269897456,0.944953602852034,-0.0013750332028073,0.3359102648693622,1.7792869269949063,big_candle_maxvol,screen,"{""min_ret"": 0.3, ""min_close_pos"": 0.5, ""max_mcap"": 300000000.0}",False,"{""stop_pct"": 0.1, ""target_pct"": null, ""max_hold_days"": 5}"
704,0.1931818181818181,0.8685420510350912,-0.702834159164096,1.0918726178158276,0.0216706026867457,0.6927530901926131,2.946022727272727,521,0.145873320537428,-0.6577572613312246,-0.711978892975887,0.7348735859269606,-0.0108215260960676,-0.5568048453002554,2.671785028790787,big_candle_maxvol,screen,"{""min_ret"": 0.3, ""min_close_pos"": 0.5, ""max_mcap"": 300000000.0}",False,"{""stop_pct"": 0.1, ""target_pct"": null, ""max_hold_days"": 10}"
771,0.3385214007782101,-0.7965049889224056,-0.8075208852102745,0.6660058436362827,-0.0231398637950974,-3.1361028060953093,0.2568093385214007,629,0.3656597774244833,-0.6298695146069138,-0.6621646010661362,0.7320616658081049,-0.0175506637686878,-2.853729519199225,0.2607313195548489,big_candle_maxvol,screen,"{""min_ret"": 0.3, ""min_close_pos"": 0.5, ""max_mcap"": 300000000.0}",False,"{""stop_pct"": 0.1, ""target_pct"": 0.15, ""max_hold_days"": 1}"
769,0.3342002600780234,-0.7601718075215813,-0.7734917355333981,0.7246073182659085,-0.0217636146493416,-2.3530948873930706,0.4746423927178153,629,0.3545310015898251,-0.7046301242648016,-0.7373599181663841,0.711431191504385,-0.0209939926943205,-3.175355172355232,0.4705882352941176,big_candle_maxvol,screen,"{""min_ret"": 0.3, ""min_close_pos"": 0.5, ""max_mcap"": 300000000.0}",False,"{""stop_pct"": 0.1, ""target_pct"": 0.15, ""max_hold_days"": 3}"
768,0.3346354166666667,-0.745270515131446,-0.7587496061377825,0.7354524795924038,-0.0212844489803944,-2.2350233247773112,0.58984375,628,0.3439490445859872,-0.7120043067014634,-0.7435960460353489,0.7151069673314245,-0.0216484934133803,-3.2558810111636607,0.5939490445859873,big_candle_maxvol,screen,"{""min_ret"": 0.3, ""min_close_pos"": 0.5, ""max_mcap"": 300000000.0}",False,"{""stop_pct"": 0.1, ""target_pct"": 0.15, ""max_hold_days"": 5}"
767,0.3441981747066492,-0.7086955634260229,-0.7339563238496517,0.7582387505191607,-0.0194051531161259,-1.9909954733908035,0.7809647979139505,624,0.344551282051282,-0.7072563125289554,-0.7416889938602096,0.7148298765881911,-0.0216066015649233,-3.189795330891364,0.7708333333333334,big_candle_maxvol,screen,"{""min_ret"": 0.3, ""min_close_pos"": 0.5, ""max_mcap"": 300000000.0}",False,"{""stop_pct"": 0.1, ""target_pct"": 0.15, ""max_hold_days"": 10}"
767,0.302477183833116,-0.5712434120767256,-0.6623527736047483,0.8305502311945027,-0.0144395278503473,-1.1095838780435086,0.4315514993481095,628,0.3296178343949044,0.0061505267025252,-0.3483014377386664,1.001780951842654,-0.0011624251815981,0.2252224783307331,0.428343949044586,big_candle_maxvol,screen,"{""min_ret"": 0.3, ""min_close_pos"": 0.5, ""max_mcap"": 300000000.0}",False,"{""stop_pct"": 0.1, ""target_pct"": 0.4, ""max_hold_days"": 1}"
763,0.2621231979030144,-0.1782624451894421,-0.5207882301765471,0.9657410527565476,-0.0083882124556714,-0.0631459171587616,0.8925294888597641,621,0.2769726247987117,-0.1429111619245214,-0.4325629471721859,0.9611593450893284,-0.003557825573221,-0.0749430274233339,0.8888888888888888,big_candle_maxvol,screen,"{""min_ret"": 0.3, ""min_close_pos"": 0.5, ""max_mcap"": 300000000.0}",False,"{""stop_pct"": 0.1, ""target_pct"": 0.4, ""max_hold_days"": 3}"
761,0.2444152431011826,-0.2610789922593493,-0.5744654512622577,0.9502953476503376,-0.0098913721940738,-0.19966779042437,1.2089356110381078,615,0.240650406504065,-0.3734684693927665,-0.4975795326441926,0.8882343355607338,-0.0087363755030918,-0.6772653494940307,1.1869918699186992,big_candle_maxvol,screen,"{""min_ret"": 0.3, ""min_close_pos"": 0.5, ""max_mcap"": 300000000.0}",False,"{""stop_pct"": 0.1, ""target_pct"": 0.4, ""max_hold_days"": 5}"
743,0.2355316285329744,-0.118227999016768,-0.5349359385784875,0.9798631871418604,-0.0070920832905329,0.0287425061691302,1.749663526244953,590,0.223728813559322,-0.4575214356034751,-0.5571325227310171,0.8504188415587004,-0.0109504181882023,-0.8992289711838326,1.6677966101694914,big_candle_maxvol,screen,"{""min_ret"": 0.3, ""min_close_pos"": 0.5, ""max_mcap"": 300000000.0}",False,"{""stop_pct"": 0.1, ""target_pct"": 0.4, ""max_hold_days"": 10}"
760,0.3526315789473684,-0.2218333125803119,-0.6794682237225559,0.9629723451508354,-0.0061395571074662,0.206672434802425,0.8,621,0.3977455716586151,0.4525979512332883,-0.4173663004400327,1.1024065881106302,0.009129957094034,0.7868763747381766,0.8341384863123994,big_candle_maxvol,screen,"{""min_ret"": 0.3, ""min_close_pos"": 0.5, ""max_mcap"": 300000000.0}",False,"{""stop_pct"": 0.2, ""target_pct"": null, ""max_hold_days"": 1}"
735,0.3401360544217687,0.5811080843453529,-0.6944108588019017,1.0520010536130604,0.0133189279319947,0.6069685308024654,2.072108843537415,584,0.3287671232876712,-0.6522767610765136,-0.6884638203502045,0.807638924566716,-0.0150110260642948,-0.4120532494964963,2.183219178082192,big_candle_maxvol,screen,"{""min_ret"": 0.3, ""min_close_pos"": 0.5, ""max_mcap"": 300000000.0}",False,"{""stop_pct"": 0.2, ""target_pct"": null, ""max_hold_days"": 3}"
687,0.3173216885007278,0.6552017124987257,-0.741855420079188,1.0540005588783292,0.0214070107084205,0.665336651652937,3.1673944687045124,511,0.2896281800391389,-0.124585842589008,-0.6603617427340157,0.9736494661062188,0.0032779875223352,0.4710608223990454,3.26614481409002,big_candle_maxvol,screen,"{""min_ret"": 0.3, ""min_close_pos"": 0.5, ""max_mcap"": 300000000.0}",False,"{""stop_pct"": 0.2, ""target_pct"": null, ""max_hold_days"": 5}"
566,0.3056537102473498,1.1231494425701771,-0.7822425675941241,1.1049245420758038,0.028906234228805,0.7786778995473469,5.690812720848056,380,0.2289473684210526,-0.8900810528881218,-0.8964964412032019,0.5949846681748848,-0.0569524203319138,-1.971263967857728,5.184210526315789,big_candle_maxvol,screen,"{""min_ret"": 0.3, ""min_close_pos"": 0.5, ""max_mcap"": 300000000.0}",False,"{""stop_pct"": 0.2, ""target_pct"": null, ""max_hold_days"": 10}"
771,0.4176394293125811,-0.7388002127022023,-0.8162368176339905,0.7866021577461128,-0.0208950644184277,-2.095675637232109,0.5110246433203631,629,0.4721780604133545,-0.4344577132040281,-0.4844892262433203,0.8542326037225265,-0.00915192730092,-1.2924095046108053,0.5119236883942766,big_candle_maxvol,screen,"{""min_ret"": 0.3, ""min_close_pos"": 0.5, ""max_mcap"": 300000000.0}",False,"{""stop_pct"": 0.2, ""target_pct"": 0.15, ""max_hold_days"": 1}"
763,0.4692005242463958,-0.7037784955231783,-0.828059387889043,0.8321671697717505,-0.0202532609174278,-1.5032355892917626,1.09043250327654,626,0.4968051118210863,-0.5795774942919631,-0.6223666767590228,0.8303527885010679,-0.012614813879953,-1.778937662792881,1.0862619808306708,big_candle_maxvol,screen,"{""min_ret"": 0.3, ""min_close_pos"": 0.5, ""max_mcap"": 300000000.0}",False,"{""stop_pct"": 0.2, ""target_pct"": 0.15, ""max_hold_days"": 3}"
758,0.4815303430079156,-0.6961410377732851,-0.8143994446710745,0.8425038480883894,-0.0209493455884257,-1.4432119712568563,1.469656992084433,607,0.5074135090609555,-0.5378639092140405,-0.5921690435846698,0.8587583820267791,-0.011786015602564,-1.3826607175656644,1.485996705107084,big_candle_maxvol,screen,"{""min_ret"": 0.3, ""min_close_pos"": 0.5, ""max_mcap"": 300000000.0}",False,"{""stop_pct"": 0.2, ""target_pct"": 0.15, ""max_hold_days"": 5}"
729,0.5130315500685871,-0.4300039381053808,-0.709324571421059,0.9145310781477156,-0.013815891618586,-0.4947552537722856,2.1042524005486967,569,0.5202108963093146,-0.0722370358618293,-0.5335314766546961,0.9876991387261224,0.0035585835238582,0.3031837027241346,2.024604569420035,big_candle_maxvol,screen,"{""min_ret"": 0.3, ""min_close_pos"": 0.5, ""max_mcap"": 300000000.0}",False,"{""stop_pct"": 0.2, ""target_pct"": 0.15, ""max_hold_days"": 10}"
767,0.3572359843546284,-0.6249415803697331,-0.7580463201907884,0.8567966063778456,-0.0167413143494981,-1.0716274004943478,0.7327249022164276,628,0.4076433121019108,0.1587044893493534,-0.3587785320727478,1.0388259435929688,0.0035021377703962,0.5435148532942096,0.7420382165605095,big_candle_maxvol,screen,"{""min_ret"": 0.3, ""min_close_pos"": 0.5, ""max_mcap"": 300000000.0}",False,"{""stop_pct"": 0.2, ""target_pct"": 0.4, ""max_hold_days"": 1}"
751,0.3648468708388815,-0.0635330529184476,-0.7057676331226193,0.9916524041336684,-0.0063664933803662,0.1644905787648792,1.696404793608522,608,0.3766447368421052,-0.1086065463956854,-0.5044733302897457,0.9790959685634448,0.0020212086983428,0.0941944650020849,1.738486842105263,big_candle_maxvol,screen,"{""min_ret"": 0.3, ""min_close_pos"": 0.5, ""max_mcap"": 300000000.0}",False,"{""stop_pct"": 0.2, ""target_pct"": 0.4, ""max_hold_days"": 3}"
725,0.3641379310344828,0.1421946757629584,-0.6697771363970757,1.0169599946053711,-0.0052181636014069,0.3799868242593372,2.39448275862069,554,0.3447653429602888,-0.3431640421698254,-0.5649067321176542,0.9231654995995148,-0.0045589215964683,-0.3784665287135329,2.453068592057762,big_candle_maxvol,screen,"{""min_ret"": 0.3, ""min_close_pos"": 0.5, ""max_mcap"": 300000000.0}",False,"{""stop_pct"": 0.2, ""target_pct"": 0.4, ""max_hold_days"": 5}"
664,0.3719879518072289,0.34863092235488,-0.6563587596380398,1.0392795918616755,0.0018615616620315,0.5593053272190087,3.6987951807228914,463,0.3434125269978402,-0.1950957462254973,-0.6266464835357302,0.9618590595797252,0.0054100159999756,0.2361834904240963,3.652267818574514,big_candle_maxvol,screen,"{""min_ret"": 0.3, ""min_close_pos"": 0.5, ""max_mcap"": 300000000.0}",False,"{""stop_pct"": 0.2, ""target_pct"": 0.4, ""max_hold_days"": 10}"
758,0.3627968337730871,-0.2207622425978025,-0.6868865789728511,0.9658958910626444,-0.0010864955161988,0.2144019868446842,0.992084432717678,618,0.4110032362459547,0.1133528612658729,-0.4430712975378366,1.0237543010401324,0.0056675616285895,0.4847484803119013,0.9967637540453076,big_candle_maxvol,screen,"{""min_ret"": 0.3, ""min_close_pos"": 0.5, ""max_mcap"": 300000000.0}",False,"{""stop_pct"": null, ""target_pct"": null, ""max_hold_days"": 1}"
716,0.3910614525139664,2.221571285743833,-0.6297477769086174,1.155083996142431,0.0264531755379451,0.9323550540384828,2.9650837988826817,559,0.3577817531305903,-0.749102286757712,-0.749102286757712,0.7895450088533216,-0.0214918791770573,-0.6354340258447428,2.9749552772808587,big_candle_maxvol,screen,"{""min_ret"": 0.3, ""min_close_pos"": 0.5, ""max_mcap"": 300000000.0}",False,"{""stop_pct"": null, ""target_pct"": null, ""max_hold_days"": 3}"
615,0.3853658536585366,2.4967377664631134,-0.6106420890971376,1.163262629058516,0.0430698112865713,0.9710977609547607,4.944715447154471,439,0.3234624145785877,-0.6495598338172786,-0.7066330165299499,0.8422429367247966,-0.0154672757143623,-0.6806371906281098,4.927107061503417,big_candle_maxvol,screen,"{""min_ret"": 0.3, ""min_close_pos"": 0.5, ""max_mcap"": 300000000.0}",False,"{""stop_pct"": null, ""target_pct"": null, ""max_hold_days"": 5}"
413,0.3753026634382566,0.5734506253000322,-0.8017407448538661,1.070724376026936,0.037950098209393,0.669201201323793,9.883777239709444,243,0.3127572016460905,-0.4220533773428744,-0.8167812425105789,0.9067941749196728,0.0073049202637097,0.2721466263116193,9.802469135802468,big_candle_maxvol,screen,"{""min_ret"": 0.3, ""min_close_pos"": 0.5, ""max_mcap"": 300000000.0}",False,"{""stop_pct"": null, ""target_pct"": null, ""max_hold_days"": 10}"
770,0.4597402597402597,-0.5197768286083486,-0.6517364783193227,0.8751682933864546,-0.0133424087021177,-1.1258072434448452,0.6636363636363637,628,0.5191082802547771,-0.1336288804563711,-0.3170509719252864,0.964357436300952,-0.0019268427908869,-0.1635090747660626,0.6337579617834395,big_candle_maxvol,screen,"{""min_ret"": 0.3, ""min_close_pos"": 0.5, ""max_mcap"": 300000000.0}",False,"{""stop_pct"": null, ""target_pct"": 0.15, ""max_hold_days"": 1}"
752,0.5545212765957447,0.0560288365719143,-0.6478264085049,1.0090476436158948,-0.005046619176748,0.2762464259034794,1.7247340425531914,615,0.5707317073170731,-0.2313403348377761,-0.3580497617585473,0.9482426829809896,-0.0026968437641643,-0.2836062783093878,1.6422764227642277,big_candle_maxvol,screen,"{""min_ret"": 0.3, ""min_close_pos"": 0.5, ""max_mcap"": 300000000.0}",False,"{""stop_pct"": null, ""target_pct"": 0.15, ""max_hold_days"": 3}"
719,0.5869262865090403,0.5546040261284702,-0.5831059541929114,1.078766275340982,0.0018882911114933,0.7729772287587237,2.6411682892906816,567,0.5837742504409171,-0.2713278446972559,-0.3903565533207056,0.9400015106606568,-0.0054444310828473,-0.3129604944405514,2.5379188712522045,big_candle_maxvol,screen,"{""min_ret"": 0.3, ""min_close_pos"": 0.5, ""max_mcap"": 300000000.0}",False,"{""stop_pct"": null, ""target_pct"": 0.15, ""max_hold_days"": 5}"
610,0.6327868852459017,0.4199509327468653,-0.5204433688255171,1.069830653984233,0.0039844738712558,0.6762497667880151,4.680327868852459,439,0.6378132118451025,1.6354439958639944,-0.3241030273985118,1.1709350792707418,0.0268432156345923,1.2635804472336272,4.403189066059226,big_candle_maxvol,screen,"{""min_ret"": 0.3, ""min_close_pos"": 0.5, ""max_mcap"": 300000000.0}",False,"{""stop_pct"": null, ""target_pct"": 0.15, ""max_hold_days"": 10}"
765,0.3777777777777777,-0.4144442785674981,-0.6160466736800422,0.9201116837561616,-0.0110653660870926,-0.4735575766427102,0.9098039215686274,627,0.4290271132376395,0.1757162670204171,-0.3789910590307727,1.0381500905362195,0.0041274191013319,0.5680656820718687,0.8931419457735247,big_candle_maxvol,screen,"{""min_ret"": 0.3, ""min_close_pos"": 0.5, ""max_mcap"": 300000000.0}",False,"{""stop_pct"": null, ""target_pct"": 0.4, ""max_hold_days"": 1}"
738,0.4281842818428184,1.792220008736038,-0.5423867313082317,1.1669522745465075,0.0085868481181967,1.2646073520541203,2.502710027100271,591,0.4145516074450084,0.0609614027641209,-0.529741884128269,1.0091345167356751,0.0040728671212745,0.4268353151885868,2.4416243654822334,big_candle_maxvol,screen,"{""min_ret"": 0.3, ""min_close_pos"": 0.5, ""max_mcap"": 300000000.0}",False,"{""stop_pct"": null, ""target_pct"": 0.4, ""max_hold_days"": 3}"
665,0.4436090225563909,3.565386545028421,-0.4570791102500675,1.278504421801225,0.0229145095911843,1.823562299726995,3.9338345864661655,490,0.3897959183673469,-0.4871330067681848,-0.5923380489004924,0.8925302394912519,-0.0111195329092802,-0.5953235860947163,3.887755102040817,big_candle_maxvol,screen,"{""min_ret"": 0.3, ""min_close_pos"": 0.5, ""max_mcap"": 300000000.0}",False,"{""stop_pct"": null, ""target_pct"": 0.4, ""max_hold_days"": 5}"
498,0.465863453815261,3.440786926137535,-0.4444356059951256,1.4136134386847687,0.0434649307203337,1.1050857499941351,7.335341365461847,319,0.4482758620689655,1.5685918450190175,-0.4180892951103593,1.166547313143566,0.0460005430230512,1.2250131541066482,6.952978056426332,big_candle_maxvol,screen,"{""min_ret"": 0.3, ""min_close_pos"": 0.5, ""max_mcap"": 300000000.0}",False,"{""stop_pct"": null, ""target_pct"": 0.4, ""max_hold_days"": 10}"
152,0.3355263157894737,0.4012868366571325,-0.133236810524,1.5069821299957182,0.0378920947986829,0.993460871250345,1.0,171,0.2748538011695906,-0.457886004497144,-0.560513343033557,0.5640103124931429,-0.0366311103263152,-2.0354746562947046,0.9941520467836256,first_green_day,screen,"{""min_ret"": 0.1, ""min_close_pos"": 0.8, ""beaten"": 0.5}",True,"{""stop_pct"": null, ""target_pct"": null, ""max_hold_days"": 1}"
159,0.3459119496855345,0.3989867085985965,-0.1347858871915563,1.4977696714122422,0.0369777876601934,0.9886056645870814,1.0,174,0.2701149425287356,-0.4619759939632234,-0.5638308298294745,0.5610708146497069,-0.036470130349297,-2.0590267215093427,0.9942528735632185,first_green_day,screen,"{""min_ret"": 0.1, ""min_close_pos"": 0.8, ""beaten"": 0.5}",False,"{""stop_pct"": null, ""target_pct"": null, ""max_hold_days"": 1}"
4546,0.274307083150022,-0.9916154877096012,-0.9919301362562624,0.7712056300462471,-0.0100896288950565,-3.649095226586656,0.4773427188737351,2477,0.2111425111021397,-0.994556434257085,-0.9952868741814234,0.3688129504999848,-0.0211320045580015,-10.245264825010638,0.3419459023011708,kr_screener_basic,screen,"{""min_ret"": 0.05, ""min_rvol"": 2, ""max_rsi"": 70}",False,"{""stop_pct"": 0.05, ""target_pct"": null, ""max_hold_days"": 1}"
2723,0.2071244950422328,-0.9660812120139044,-0.9704021362579816,0.80360035706137,-0.0116086023283001,-1.7700541275515005,0.9801689313257436,1642,0.1528623629719853,-0.9665468565811084,-0.9665468565811084,0.411402419631497,-0.0213247592561295,-4.782049060556353,0.6985383678440926,kr_screener_basic,screen,"{""min_ret"": 0.05, ""min_rvol"": 2, ""max_rsi"": 70}",False,"{""stop_pct"": 0.05, ""target_pct"": null, ""max_hold_days"": 3}"
2167,0.172127365020766,-0.9078758618080536,-0.924707366153066,0.7937128650408356,-0.0097149120519736,-1.1758538117518893,1.3617904937701892,1376,0.1184593023255814,-0.9212649272327008,-0.9212649272327008,0.5401512631000952,-0.0180476604363177,-2.973960476764032,0.9375,kr_screener_basic,screen,"{""min_ret"": 0.05, ""min_rvol"": 2, ""max_rsi"": 70}",False,"{""stop_pct"": 0.05, ""target_pct"": null, ""max_hold_days"": 5}"
1587,0.1310649023314429,-0.8390683832001505,-0.8678068425263591,0.7673780608219339,-0.0073152429332426,-0.7333100410383417,2.0756143667296785,1080,0.0824074074074074,-0.938124485322548,-0.938124485322548,0.4470872395227116,-0.0266306116012228,-3.292332597328966,1.3564814814814814,kr_screener_basic,screen,"{""min_ret"": 0.05, ""min_rvol"": 2, ""max_rsi"": 70}",False,"{""stop_pct"": 0.05, ""target_pct"": null, ""max_hold_days"": 10}"
4476,0.2799374441465594,-0.9982286708879528,-0.998271996173458,0.7222959193360359,-0.015035913193371,-9.022944357596453,0.3867292225201072,2474,0.221503637833468,-0.9964982077731884,-0.9964982077731884,0.3779559834519962,-0.0232601046804566,-16.702183387290344,0.2453516572352465,kr_screener_basic,screen,"{""min_ret"": 0.05, ""min_rvol"": 2, ""max_rsi"": 70}",False,"{""stop_pct"": 0.05, ""target_pct"": 0.15, ""max_hold_days"": 1}"
3073,0.2434103481939472,-0.9941021176439544,-0.9944379193660684,0.7365874775762642,-0.0176105904441984,-7.879371989785858,0.6667751383013342,1883,0.1922464152947424,-0.989674075440897,-0.989674075440897,0.4137341684419146,-0.0249497143107274,-13.569538734847995,0.4046733935209771,kr_screener_basic,screen,"{""min_ret"": 0.05, ""min_rvol"": 2, ""max_rsi"": 70}",False,"{""stop_pct"": 0.05, ""target_pct"": 0.15, ""max_hold_days"": 3}"
2677,0.2274934628315278,-0.9894100984371156,-0.9898397198298844,0.753724691858399,-0.0179575853608907,-7.032440252648463,0.8401195367949197,1737,0.1773172135866436,-0.9892526932352042,-0.9892526932352042,0.4005411772613412,-0.0267032032545076,-13.149753540518438,0.4807138744962579,kr_screener_basic,screen,"{""min_ret"": 0.05, ""min_rvol"": 2, ""max_rsi"": 70}",False,"{""stop_pct"": 0.05, ""target_pct"": 0.15, ""max_hold_days"": 5}"
2315,0.2051835853131749,-0.9870037150332168,-0.98797571567737,0.716580558521421,-0.0198536195677647,-7.022039380912289,1.0652267818574517,1614,0.1741016109045848,-0.9837473882179324,-0.9837473882179324,0.4203441654286041,-0.026329897726541,-11.98164735165962,0.5650557620817844,kr_screener_basic,screen,"{""min_ret"": 0.05, ""min_rvol"": 2, ""max_rsi"": 70}",False,"{""stop_pct"": 0.05, ""target_pct"": 0.15, ""max_hold_days"": 10}"
4509,0.2736748724772677,-0.9967002703500506,-0.9967995742296925,0.7564836961556866,-0.0131258326500349,-6.62928717623359,0.4630738522954092,2478,0.2110573042776432,-0.9949565470753816,-0.9952235879424832,0.380001161165977,-0.0214618777983484,-10.949671002279672,0.3220338983050847,kr_screener_basic,screen,"{""min_ret"": 0.05, ""min_rvol"": 2, ""max_rsi"": 70}",False,"{""stop_pct"": 0.05, ""target_pct"": 0.4, ""max_hold_days"": 1}"
2806,0.2091945830363507,-0.984394758987057,-0.9865836998700512,0.7887188070805313,-0.015360424805662,-4.86437815433086,0.8970064148253742,1705,0.1595307917888563,-0.969611610506915,-0.9710054089110598,0.4295325865693529,-0.0208139173385984,-6.545764874536608,0.6064516129032258,kr_screener_basic,screen,"{""min_ret"": 0.05, ""min_rvol"": 2, ""max_rsi"": 70}",False,"{""stop_pct"": 0.05, ""target_pct"": 0.4, ""max_hold_days"": 3}"
2314,0.1815038893690579,-0.97340833226402,-0.9763928747947408,0.7600080511520265,-0.0159357231105495,-4.301466624931242,1.1888504753673292,1486,0.1278600269179004,-0.9654702050782168,-0.9654702050782168,0.4730197857611273,-0.0225200432296158,-6.717616591117417,0.7664872139973082,kr_screener_basic,screen,"{""min_ret"": 0.05, ""min_rvol"": 2, ""max_rsi"": 70}",False,"{""stop_pct"": 0.05, ""target_pct"": 0.4, ""max_hold_days"": 5}"
1817,0.1447440836543753,-0.942003358788696,-0.9515870173999648,0.7546025327054382,-0.0157730348600304,-3.4652680170647723,1.6791414419372592,1267,0.1112865035516969,-0.9404664172181626,-0.9404664172181626,0.4866528682960387,-0.0226064090840528,-5.702438231529165,1.0165745856353592,kr_screener_basic,screen,"{""min_ret"": 0.05, ""min_rvol"": 2, ""max_rsi"": 70}",False,"{""stop_pct"": 0.05, ""target_pct"": 0.4, ""max_hold_days"": 10}"
4505,0.3385127635960044,-0.99665899334888,-0.9967384790613224,0.7802204587979416,-0.0121834444386161,-3.690099408863091,0.7398446170921199,2469,0.2956662616443904,-0.996336342967548,-0.9966611654505524,0.4533144262606132,-0.0222186735981991,-6.688198092687707,0.6350749291211016,kr_screener_basic,screen,"{""min_ret"": 0.05, ""min_rvol"": 2, ""max_rsi"": 70}",False,"{""stop_pct"": 0.1, ""target_pct"": null, ""max_hold_days"": 1}"
2131,0.2965743782261849,-0.9596115258254572,-0.966063548671066,0.8270684082739814,-0.0142701085710117,-1.4129543484240363,1.667292351008916,1235,0.2437246963562753,-0.9153559134940796,-0.9167770916536376,0.6533866272631451,-0.0161682448648338,-1.915573929981585,1.4008097165991902,kr_screener_basic,screen,"{""min_ret"": 0.05, ""min_rvol"": 2, ""max_rsi"": 70}",False,"{""stop_pct"": 0.1, ""target_pct"": null, ""max_hold_days"": 3}"
1572,0.2582697201017812,-0.8969491253073837,-0.9120965064360144,0.8112070954932286,-0.0097446298298096,-0.7698292004932278,2.3536895674300253,921,0.2138979370249728,-0.7607127918048784,-0.7656346076129354,0.7672732157958194,-0.0106717106094947,-0.9785838541692206,2.014115092290988,kr_screener_basic,screen,"{""min_ret"": 0.05, ""min_rvol"": 2, ""max_rsi"": 70}",False,"{""stop_pct"": 0.1, ""target_pct"": null, ""max_hold_days"": 5}"
1067,0.2052483598875351,-0.9272267438487816,-0.9412460456294152,0.7120914072478068,-0.0186100771334509,-0.9941571607661024,3.629803186504217,638,0.1614420062695925,-0.9214990180190196,-0.9233570882615818,0.5068037634093713,-0.0390864060266857,-2.3894365204859165,3.086206896551724,kr_screener_basic,screen,"{""min_ret"": 0.05, ""min_rvol"": 2, ""max_rsi"": 70}",False,"{""stop_pct"": 0.1, ""target_pct"": null, ""max_hold_days"": 10}"
4393,0.352151149556112,-0.99895163936254,-0.9989733160401326,0.7352613367017178,-0.0166415242732885,-7.6707965170477825,0.6191668563623948,2463,0.3174989849776695,-0.9976659698037312,-0.9976878306008647,0.4907078605710379,-0.0246008747769005,-9.48479359375977,0.4908647990255785,kr_screener_basic,screen,"{""min_ret"": 0.05, ""min_rvol"": 2, ""max_rsi"": 70}",False,"{""stop_pct"": 0.1, ""target_pct"": 0.15, ""max_hold_days"": 1}"
2476,0.3550080775444265,-0.9937619676943904,-0.9940986308370512,0.7694314527337879,-0.0217399080040074,-6.041925915944569,1.1760904684975768,1477,0.3249830737982396,-0.9795326487167392,-0.9799580670021693,0.5869641132552323,-0.0264194838811767,-6.021668202847612,0.8821936357481381,kr_screener_basic,screen,"{""min_ret"": 0.05, ""min_rvol"": 2, ""max_rsi"": 70}",False,"{""stop_pct"": 0.1, ""target_pct"": 0.15, ""max_hold_days"": 3}"
2033,0.3477619281849483,-0.9847843256250512,-0.9854415568199656,0.7724715238052723,-0.0222068854938183,-4.925587164840708,1.4948352188883425,1262,0.3177496038034865,-0.9569417506930208,-0.9584213451468806,0.6191782108881834,-0.0253207613502734,-4.588422398681415,1.0958795562599049,kr_screener_basic,screen,"{""min_ret"": 0.05, ""min_rvol"": 2, ""max_rsi"": 70}",False,"{""stop_pct"": 0.1, ""target_pct"": 0.15, ""max_hold_days"": 5}"
1639,0.3459426479560707,-0.9698372453536545,-0.9715782126399768,0.7432685436753084,-0.0225370357172312,-4.243651608116655,1.9627821842586943,1070,0.3168224299065421,-0.9614880974150404,-0.9623320022844264,0.5636588987387435,-0.0307400194226496,-6.728788918724337,1.3822429906542055,kr_screener_basic,screen,"{""min_ret"": 0.05, ""min_rvol"": 2, ""max_rsi"": 70}",False,"{""stop_pct"": 0.1, ""target_pct"": 0.15, ""max_hold_days"": 10}"
4445,0.3399325084364454,-0.9983181426244744,-0.9983581556042974,0.7522127327873062,-0.0148507924397238,-5.943737258321969,0.7194600674915635,2475,0.296969696969697,-0.9961644081957872,-0.9962622507587504,0.4802556522519333,-0.0222347783163275,-7.40137145086018,0.6032323232323232,kr_screener_basic,screen,"{""min_ret"": 0.05, ""min_rvol"": 2, ""max_rsi"": 70}",False,"{""stop_pct"": 0.1, ""target_pct"": 0.4, ""max_hold_days"": 1}"
2212,0.2988245931283906,-0.979370633195643,-0.9837650709554188,0.8223177125760813,-0.0183931489199742,-3.599012082755952,1.5320976491862568,1305,0.2559386973180076,-0.9228125597731144,-0.9241085404939292,0.6783853838601898,-0.0182936837817523,-2.5340100149014493,1.216858237547893,kr_screener_basic,screen,"{""min_ret"": 0.05, ""min_rvol"": 2, ""max_rsi"": 70}",False,"{""stop_pct"": 0.1, ""target_pct"": 0.4, ""max_hold_days"": 3}"
1688,0.2819905213270142,-0.914858365463682,-0.9216916344422726,0.8359003304933609,-0.0141342963037601,-1.4559778627344544,2.0859004739336493,1040,0.2375,-0.8282006433782398,-0.8317816062974881,0.7802119471282516,-0.0151818776016437,-2.1075291445140336,1.6173076923076923,kr_screener_basic,screen,"{""min_ret"": 0.05, ""min_rvol"": 2, ""max_rsi"": 70}",False,"{""stop_pct"": 0.1, ""target_pct"": 0.4, ""max_hold_days"": 5}"
1211,0.2336911643270025,-0.8677054946767937,-0.9045339604042592,0.789921090152011,-0.0142721141902602,-1.1344799757039354,3.0668868703550785,782,0.2058823529411764,-0.9242017300558336,-0.9262929871289356,0.6388711210306572,-0.0306784549022008,-4.392317145056488,2.3069053708439897,kr_screener_basic,screen,"{""min_ret"": 0.05, ""min_rvol"": 2, ""max_rsi"": 70}",False,"{""stop_pct"": 0.1, ""target_pct"": 0.4, ""max_hold_days"": 10}"
4522,0.3617868199911543,-0.9953830861593712,-0.9954848973989152,0.8216088490117921,-0.0111027653178693,-2.9424146058418663,0.9296771340114992,2466,0.3373884833738848,-0.9965830697377074,-0.9969200374800294,0.4873157906206414,-0.0218502992405262,-5.584329121909642,0.8872668288726683,kr_screener_basic,screen,"{""min_ret"": 0.05, ""min_rvol"": 2, ""max_rsi"": 70}",False,"{""stop_pct"": 0.2, ""target_pct"": null, ""max_hold_days"": 1}"
1741,0.3463526708788053,-0.9579678375957504,-0.9650746723015442,0.8477068002801107,-0.0132881905090871,-1.2062323341088343,2.443423319931074,958,0.313152400835073,-0.9106100728643872,-0.9106100728643872,0.7099343568377394,-0.0207233838040493,-1.4825790648491453,2.2849686847599164,kr_screener_basic,screen,"{""min_ret"": 0.05, ""min_rvol"": 2, ""max_rsi"": 70}",False,"{""stop_pct"": 0.2, ""target_pct"": null, ""max_hold_days"": 3}"
1156,0.3391003460207612,-0.9095419561749934,-0.9188169938408716,0.8071055945001183,-0.0105655275641911,-0.6363826359517419,3.698961937716263,659,0.2701062215477997,-0.9141667467209128,-0.9141667467209128,0.6047632204130367,-0.0340984459140751,-1.983122461230799,3.341426403641881,kr_screener_basic,screen,"{""min_ret"": 0.05, ""min_rvol"": 2, ""max_rsi"": 70}",False,"{""stop_pct"": 0.2, ""target_pct"": null, ""max_hold_days"": 5}"
670,0.3149253731343283,-0.4722454799978518,-0.761776440935565,0.906371465240044,0.0083132842318359,0.0288105444278714,6.517910447761194,413,0.2179176755447942,-0.9682440233615324,-0.9684833195634897,0.3907859470316392,-0.0889389035498294,-3.4226725829029787,5.4358353510895885,kr_screener_basic,screen,"{""min_ret"": 0.05, ""min_rvol"": 2, ""max_rsi"": 70}",False,"{""stop_pct"": 0.2, ""target_pct"": null, ""max_hold_days"": 10}"
4478,0.3818669048682447,-0.998217028661268,-0.998250807879725,0.807136038097487,-0.0148398022353648,-5.636002668290868,0.7943278249218401,2476,0.3731825525040387,-0.996479327800451,-0.9965930702756268,0.5390993360458096,-0.0224233564241305,-7.099199411250147,0.7180936995153473,kr_screener_basic,screen,"{""min_ret"": 0.05, ""min_rvol"": 2, ""max_rsi"": 70}",False,"{""stop_pct"": 0.2, ""target_pct"": 0.15, ""max_hold_days"": 1}"
2061,0.4342552159146046,-0.9810460720893844,-0.9875135225310924,0.8497428726380386,-0.0201268385574065,-3.9144351076822663,1.7588549247937897,1177,0.4350042480883602,-0.9603498091752428,-0.9615972304885796,0.5907445224055798,-0.0264505142249104,-4.623556084067407,1.4885301614273576,kr_screener_basic,screen,"{""min_ret"": 0.05, ""min_rvol"": 2, ""max_rsi"": 70}",False,"{""stop_pct"": 0.2, ""target_pct"": 0.15, ""max_hold_days"": 3}"
1513,0.4613350958360872,-0.9377311517030096,-0.9572525812910174,0.844696804126618,-0.0191095789595654,-2.85306957266572,2.472571050892267,918,0.4335511982570806,-0.933907891138676,-0.933907891138676,0.6316485057006903,-0.0290072055183306,-3.694566413247494,1.9803921568627447,kr_screener_basic,screen,"{""min_ret"": 0.05, ""min_rvol"": 2, ""max_rsi"": 70}",False,"{""stop_pct"": 0.2, ""target_pct"": 0.15, ""max_hold_days"": 5}"
1089,0.4719926538108356,-0.8894900135519181,-0.9148235498914524,0.8263800710787924,-0.0219704685722924,-2.042239498453569,3.516988062442608,662,0.4622356495468278,-0.9074163621919556,-0.9074163621919556,0.627323317684753,-0.0342568076624594,-3.880929551760368,2.9365558912386707,kr_screener_basic,screen,"{""min_ret"": 0.05, ""min_rvol"": 2, ""max_rsi"": 70}",False,"{""stop_pct"": 0.2, ""target_pct"": 0.15, ""max_hold_days"": 10}"
4497,0.3642428285523682,-0.9967528559660171,-0.9968244613219948,0.8094884817161452,-0.0129375261875694,-4.335113501370855,0.9063820324660884,2473,0.3392640517589971,-0.996477077380468,-0.9967171235813196,0.4977279889514389,-0.0220710223413827,-6.230444445329527,0.8524059846340477,kr_screener_basic,screen,"{""min_ret"": 0.05, ""min_rvol"": 2, ""max_rsi"": 70}",False,"{""stop_pct"": 0.2, ""target_pct"": 0.4, ""max_hold_days"": 1}"
1804,0.3553215077605322,-0.9699780301757632,-0.9747705672158312,0.8488021585652324,-0.0186904043456025,-2.77649285442728,2.264412416851441,1014,0.3313609467455621,-0.8735693108810305,-0.8735693108810305,0.7597020504327052,-0.0179400063005209,-1.825590338251463,2.018737672583826,kr_screener_basic,screen,"{""min_ret"": 0.05, ""min_rvol"": 2, ""max_rsi"": 70}",False,"{""stop_pct"": 0.2, ""target_pct"": 0.4, ""max_hold_days"": 3}"
1239,0.3648103309120258,-0.9191563139495804,-0.9333887619449198,0.8405332436712788,-0.0150584391178279,-1.291025123529588,3.331719128329298,736,0.3070652173913043,-0.9317691771642174,-0.9317691771642174,0.6021334268281833,-0.0335877361666184,-3.416795235860523,2.813858695652174,kr_screener_basic,screen,"{""min_ret"": 0.05, ""min_rvol"": 2, ""max_rsi"": 70}",False,"{""stop_pct"": 0.2, ""target_pct"": 0.4, ""max_hold_days"": 5}"
788,0.3515228426395939,-0.6599112276183537,-0.7618163288375916,0.8876500502542901,-0.0064365862850606,-0.3776225283866472,5.33248730964467,490,0.3,-0.920957861367505,-0.920957861367505,0.5515184242897422,-0.049741246415188,-4.219087167597195,4.3795918367346935,kr_screener_basic,screen,"{""min_ret"": 0.05, ""min_rvol"": 2, ""max_rsi"": 70}",False,"{""stop_pct"": 0.2, ""target_pct"": 0.4, ""max_hold_days"": 10}"
4510,0.3665188470066519,-0.9954162945668504,-0.9955173735013856,0.8005368946506852,-0.0109696962055293,-2.833725213539215,0.9977827050997784,2450,0.3461224489795918,-0.9975198853954228,-0.9975340701696344,0.506450715774086,-0.0228010899789292,-5.737448414858198,0.9959183673469388,kr_screener_basic,screen,"{""min_ret"": 0.05, ""min_rvol"": 2, ""max_rsi"": 70}",False,"{""stop_pct"": null, ""target_pct"": null, ""max_hold_days"": 1}"
1562,0.3668373879641485,-0.9717801829735624,-0.9793319281680016,0.8396649855949102,-0.0180969102900946,-1.347418320537754,2.987836107554417,836,0.3696172248803828,-0.8709808560877579,-0.8958342968676789,0.7797706406646967,-0.0225868746637152,-1.4563492262373794,2.973684210526316,kr_screener_basic,screen,"{""min_ret"": 0.05, ""min_rvol"": 2, ""max_rsi"": 70}",False,"{""stop_pct"": null, ""target_pct"": null, ""max_hold_days"": 3}"
940,0.3893617021276596,-0.7365874732962727,-0.8436304393576681,0.8665470437284376,-0.0041174778858786,-0.4262163970249839,4.973404255319149,500,0.33,-0.9129134408470788,-0.915461340276877,0.6155063776508137,-0.0455945441355715,-2.2538394255198577,4.98,kr_screener_basic,screen,"{""min_ret"": 0.05, ""min_rvol"": 2, ""max_rsi"": 70}",False,"{""stop_pct"": null, ""target_pct"": null, ""max_hold_days"": 5}"
470,0.4,-0.4684220823930388,-0.8498238758039585,0.8482045307980234,-0.0007891044741842,-0.1072486162185008,9.9468085106383,250,0.328,-0.9142692921867448,-0.918003241992243,0.3934335345596207,-0.0920356841838131,-2.1477524342538508,9.96,kr_screener_basic,screen,"{""min_ret"": 0.05, ""min_rvol"": 2, ""max_rsi"": 70}",False,"{""stop_pct"": null, ""target_pct"": null, ""max_hold_days"": 10}"
4509,0.3965402528276779,-0.9959118168868784,-0.9959892694109151,0.8226940453789631,-0.0121561452997467,-4.589217782569142,0.8542914171656687,2485,0.3963782696177062,-0.9913911025157796,-0.9917536711955024,0.5984092155633611,-0.0186559229082961,-5.998330614705714,0.8088531187122736,kr_screener_basic,screen,"{""min_ret"": 0.05, ""min_rvol"": 2, ""max_rsi"": 70}",False,"{""stop_pct"": null, ""target_pct"": 0.15, ""max_hold_days"": 1}"
1879,0.4795103778605641,-0.921447634089108,-0.953034845853894,0.8772421024864542,-0.0130453967684942,-2.295486950781454,2.1527408195848854,1029,0.4956268221574344,-0.8568617720662188,-0.8618581073929539,0.7067702745419826,-0.0162382580203506,-2.4042257125983157,2.0291545189504374,kr_screener_basic,screen,"{""min_ret"": 0.05, ""min_rvol"": 2, ""max_rsi"": 70}",False,"{""stop_pct"": null, ""target_pct"": 0.15, ""max_hold_days"": 3}"
1262,0.5198098256735341,-0.8247396966812601,-0.8771003035443051,0.8614034712159504,-0.0110769829299106,-1.562809853118621,3.2987321711568938,708,0.5127118644067796,-0.8144036696900673,-0.8157540809779115,0.7261479724733696,-0.0209293529095618,-2.26874206957377,3.060734463276836,kr_screener_basic,screen,"{""min_ret"": 0.05, ""min_rvol"": 2, ""max_rsi"": 70}",False,"{""stop_pct"": null, ""target_pct"": 0.15, ""max_hold_days"": 5}"
739,0.5588633288227334,-0.7997972084654107,-0.8515822343773812,0.7900611919689587,-0.0185879835301352,-1.5157076674584302,5.848443843031123,410,0.5609756097560976,-0.7678346333910067,-0.7684131941846724,0.6581148850184797,-0.030110528636294,-2.058473007481852,5.556097560975609,kr_screener_basic,screen,"{""min_ret"": 0.05, ""min_rvol"": 2, ""max_rsi"": 70}",False,"{""stop_pct"": null, ""target_pct"": 0.15, ""max_hold_days"": 10}"
4497,0.3704692016900155,-0.995961526698315,-0.996050582285424,0.802694666785523,-0.0120202450742786,-3.8939806300292186,0.9724260618189904,2465,0.3509127789046653,-0.9962883973027858,-0.9966413425299914,0.523770401090744,-0.0218773812176055,-5.919879302389239,0.9565922920892496,kr_screener_basic,screen,"{""min_ret"": 0.05, ""min_rvol"": 2, ""max_rsi"": 70}",False,"{""stop_pct"": null, ""target_pct"": 0.4, ""max_hold_days"": 1}"
1630,0.3754601226993865,-0.9719842931179196,-0.9754189941166764,0.8016238476258464,-0.0205022388668669,-2.6036949768517204,2.76319018404908,888,0.3704954954954955,-0.819783058637962,-0.819783058637962,0.782607150780994,-0.0156166583647522,-1.7160683599284257,2.658783783783784,kr_screener_basic,screen,"{""min_ret"": 0.05, ""min_rvol"": 2, ""max_rsi"": 70}",False,"{""stop_pct"": null, ""target_pct"": 0.4, ""max_hold_days"": 3}"
1011,0.4025717111770524,-0.8136258271928375,-0.8746501350639923,0.877382347399004,-0.0087896510661099,-0.7229415928053017,4.482690405539071,560,0.3607142857142857,-0.785089398835827,-0.785089398835827,0.7718389162677614,-0.0231674104949374,-1.4812379288367608,4.255357142857143,kr_screener_basic,screen,"{""min_ret"": 0.05, ""min_rvol"": 2, ""max_rsi"": 70}",False,"{""stop_pct"": null, ""target_pct"": 0.4, ""max_hold_days"": 5}"
542,0.3985239852398524,-0.6685769122603882,-0.7644004636992449,0.8619704294110955,-0.0070897373929031,-0.3899802718465099,8.42988929889299,299,0.3779264214046823,-0.7964757087973249,-0.7964757087973249,0.6162437804835112,-0.0472379842821436,-2.168538162263544,8.096989966555183,kr_screener_basic,screen,"{""min_ret"": 0.05, ""min_rvol"": 2, ""max_rsi"": 70}",False,"{""stop_pct"": null, ""target_pct"": 0.4, ""max_hold_days"": 10}"
4645,0.2723358449946179,-0.992084468252653,-0.9923610255034756,0.788945757502077,-0.009983663350664,-3.600686856465438,0.4469321851453176,2498,0.2093674939951961,-0.9836156659137048,-0.9854892622087008,0.5050278572622366,-0.0159081034449833,-4.426276495967724,0.3250600480384307,kr_screener_basic,screen,"{""min_ret"": 0.05, ""min_rvol"": 2, ""max_rsi"": 80}",False,"{""stop_pct"": 0.05, ""target_pct"": null, ""max_hold_days"": 1}"
2806,0.1920883820384889,-0.9817768210261336,-0.98516345230118,0.7924758009043374,-0.0135802737802024,-2.120863376754877,0.9123307198859588,1671,0.1466187911430281,-0.9473205465556678,-0.9473205465556678,0.5809466387605876,-0.0178021677221536,-2.2908276886191263,0.6702573309395572,kr_screener_basic,screen,"{""min_ret"": 0.05, ""min_rvol"": 2, ""max_rsi"": 80}",False,"{""stop_pct"": 0.05, ""target_pct"": null, ""max_hold_days"": 3}"
2278,0.1624231782265144,-0.929878152258848,-0.9581397596863412,0.8460008322506882,-0.0094095463261865,-1.3887572711063665,1.2436347673397716,1402,0.1198288159771754,-0.8482673265719675,-0.8482673265719675,0.6951944195720867,-0.0131098769650458,-1.15188558782112,0.9065620542082738,kr_screener_basic,screen,"{""min_ret"": 0.05, ""min_rvol"": 2, ""max_rsi"": 80}",False,"{""stop_pct"": 0.05, ""target_pct"": null, ""max_hold_days"": 5}"
1715,0.1177842565597667,-0.9023136779667142,-0.9105215942651652,0.7398622606080166,-0.0103916977676555,-0.8730603254704713,1.839067055393586,1074,0.0856610800744879,-0.9185414670303856,-0.9185414670303856,0.5483728809007501,-0.0230125266416361,-1.8328856146956771,1.3845437616387335,kr_screener_basic,screen,"{""min_ret"": 0.05, ""min_rvol"": 2, ""max_rsi"": 80}",False,"{""stop_pct"": 0.05, ""target_pct"": null, ""max_hold_days"": 10}"
4534,0.2805469783855315,-0.998353409707663,-0.998405918853752,0.7343231538657505,-0.0150131588362067,-9.089802455420829,0.3405381561535068,2488,0.2210610932475884,-0.9949632194685348,-0.9949632194685348,0.4861568355030526,-0.0215783157691917,-14.186704883387812,0.2158360128617363,kr_screener_basic,screen,"{""min_ret"": 0.05, ""min_rvol"": 2, ""max_rsi"": 80}",False,"{""stop_pct"": 0.05, ""target_pct"": 0.15, ""max_hold_days"": 1}"
3231,0.2404828226555246,-0.993279097150872,-0.9935383041620844,0.7625959308799194,-0.0165084709257475,-7.1523779000557095,0.5762921696069329,1956,0.1968302658486707,-0.9887726632688508,-0.9887726632688508,0.5147880607619341,-0.0233031494301759,-12.508655451262952,0.3461145194274028,kr_screener_basic,screen,"{""min_ret"": 0.05, ""min_rvol"": 2, ""max_rsi"": 80}",False,"{""stop_pct"": 0.05, ""target_pct"": 0.15, ""max_hold_days"": 3}"
2868,0.2329149232914923,-0.9889157825908628,-0.9896050488836032,0.7760029888455313,-0.0168181557795668,-6.58596031284772,0.7193165969316597,1808,0.1886061946902655,-0.9857074606211602,-0.9857074606211602,0.5268647886092871,-0.0239390524114606,-11.471178823361752,0.4186946902654867,kr_screener_basic,screen,"{""min_ret"": 0.05, ""min_rvol"": 2, ""max_rsi"": 80}",False,"{""stop_pct"": 0.05, ""target_pct"": 0.15, ""max_hold_days"": 5}"
2510,0.2159362549800796,-0.9845401940626654,-0.9848275979390476,0.7469539366196407,-0.0176640892196785,-6.344553041824913,0.9115537848605576,1675,0.1838805970149253,-0.9795528446112312,-0.9795528446112312,0.5346122170333227,-0.023692925791828,-10.734045180415324,0.5074626865671642,kr_screener_basic,screen,"{""min_ret"": 0.05, ""min_rvol"": 2, ""max_rsi"": 80}",False,"{""stop_pct"": 0.05, ""target_pct"": 0.15, ""max_hold_days"": 10}"
4616,0.2727469670710571,-0.9960991724590924,-0.9962354617413642,0.790692714587086,-0.0123873483460508,-6.206475729722779,0.4282928942807625,2492,0.2102728731942215,-0.9906191206608124,-0.9908831580611788,0.5055300945932533,-0.0186558710826779,-9.106411742816368,0.2993579454253611,kr_screener_basic,screen,"{""min_ret"": 0.05, ""min_rvol"": 2, ""max_rsi"": 80}",False,"{""stop_pct"": 0.05, ""target_pct"": 0.4, ""max_hold_days"": 1}"
2899,0.1983442566402207,-0.9824103582892688,-0.9845465348265776,0.8088723468594415,-0.0140338314868781,-4.489416931714412,0.8251121076233184,1751,0.1530553969160479,-0.9631674742853406,-0.9631674742853406,0.5838083006000002,-0.0187279080334294,-5.852515893414952,0.5551113649343232,kr_screener_basic,screen,"{""min_ret"": 0.05, ""min_rvol"": 2, ""max_rsi"": 80}",False,"{""stop_pct"": 0.05, ""target_pct"": 0.4, ""max_hold_days"": 3}"
2449,0.1780318497345855,-0.967174699444134,-0.974878296897048,0.8202686261827864,-0.0136170646236141,-3.846294957383855,1.0632911392405062,1528,0.1321989528795811,-0.9533104848019994,-0.9533104848019994,0.5839298566944149,-0.019954970049665,-5.474204690568326,0.7198952879581152,kr_screener_basic,screen,"{""min_ret"": 0.05, ""min_rvol"": 2, ""max_rsi"": 80}",False,"{""stop_pct"": 0.05, ""target_pct"": 0.4, ""max_hold_days"": 5}"
1970,0.1426395939086294,-0.9423824772192788,-0.9462518883600756,0.7541016210870803,-0.0143276429502388,-3.311867700794223,1.4690355329949238,1285,0.1120622568093385,-0.9363752911226272,-0.9363752911226272,0.5872902317099167,-0.0209754593125911,-5.207613539360528,0.9914396887159532,kr_screener_basic,screen,"{""min_ret"": 0.05, ""min_rvol"": 2, ""max_rsi"": 80}",False,"{""stop_pct"": 0.05, ""target_pct"": 0.4, ""max_hold_days"": 10}"
4557,0.3412332675005486,-0.9982219046857638,-0.9982779020890632,0.7895074897838384,-0.0131937553710088,-3.893281450692382,0.7039719113451832,2492,0.3029695024077046,-0.9879951122624682,-0.9890840632692532,0.5563052848996084,-0.0160713608899033,-3.744816702130818,0.6131621187800963,kr_screener_basic,screen,"{""min_ret"": 0.05, ""min_rvol"": 2, ""max_rsi"": 80}",False,"{""stop_pct"": 0.1, ""target_pct"": null, ""max_hold_days"": 1}"
2212,0.2811934900542495,-0.9722129272322996,-0.9790685625694932,0.8345586360571193,-0.0150448161631171,-1.4840789429677692,1.5465641952983724,1260,0.2492063492063492,-0.8329662084458089,-0.8330562945491606,0.7820425323967063,-0.0118346868267463,-0.8463438715325866,1.353968253968254,kr_screener_basic,screen,"{""min_ret"": 0.05, ""min_rvol"": 2, ""max_rsi"": 80}",False,"{""stop_pct"": 0.1, ""target_pct"": null, ""max_hold_days"": 3}"
1646,0.2582017010935601,-0.9054827038097344,-0.917830057226544,0.835022178046433,-0.0076077031700164,-0.6761770962290202,2.1822600243013364,951,0.1987381703470031,-0.7549976882647316,-0.755129825022037,0.8060865317633484,-0.012332924836455,-0.4486984821889487,1.900105152471083,kr_screener_basic,screen,"{""min_ret"": 0.05, ""min_rvol"": 2, ""max_rsi"": 80}",False,"{""stop_pct"": 0.1, ""target_pct"": null, ""max_hold_days"": 5}"
1135,0.1947136563876652,-0.9042466524168072,-0.935837444665895,0.7004837540876807,-0.01855016069936,-0.6943187909024308,3.3251101321585903,680,0.1588235294117647,-0.923359447108102,-0.9234007815512976,0.5591749698254967,-0.034383932948919,-2.416509116681836,2.835294117647059,kr_screener_basic,screen,"{""min_ret"": 0.05, ""min_rvol"": 2, ""max_rsi"": 80}",False,"{""stop_pct"": 0.1, ""target_pct"": null, ""max_hold_days"": 10}"
4443,0.3610173306324555,-0.9992241043517196,-0.9992461617841828,0.7600362445823668,-0.0169779009702521,-7.048575889835194,0.5629079450821517,2488,0.3271704180064309,-0.9964438850064824,-0.9964792096058076,0.5912625383361525,-0.0222743025433244,-7.932273751941083,0.4485530546623794,kr_screener_basic,screen,"{""min_ret"": 0.05, ""min_rvol"": 2, ""max_rsi"": 80}",False,"{""stop_pct"": 0.1, ""target_pct"": 0.15, ""max_hold_days"": 1}"
2636,0.3550834597875569,-0.9928057548255595,-0.993675229849163,0.7989566262734907,-0.0199108440323194,-5.209370093241257,1.0144157814871018,1542,0.3417639429312581,-0.9760421559336312,-0.9766964127570444,0.627986044887665,-0.0239558877688432,-6.594711304819525,0.7872892347600519,kr_screener_basic,screen,"{""min_ret"": 0.05, ""min_rvol"": 2, ""max_rsi"": 80}",False,"{""stop_pct"": 0.1, ""target_pct"": 0.15, ""max_hold_days"": 3}"
2244,0.3547237076648841,-0.985764314470462,-0.986549947356798,0.7850374253743544,-0.0199236519024131,-4.365597803713157,1.2428698752228164,1324,0.3330815709969788,-0.9614968177041664,-0.9625718748680964,0.6492423041011772,-0.0241186648651429,-5.527644306604381,0.9977341389728096,kr_screener_basic,screen,"{""min_ret"": 0.05, ""min_rvol"": 2, ""max_rsi"": 80}",False,"{""stop_pct"": 0.1, ""target_pct"": 0.15, ""max_hold_days"": 5}"
1853,0.3524015110631408,-0.9691988905831213,-0.9713231740641924,0.8035475184420484,-0.0198157791366121,-3.74523392546776,1.6076632487857527,1148,0.3205574912891986,-0.9595824078393425,-0.9613508099194232,0.6271583208633887,-0.0274044536650964,-5.532320392189844,1.2151567944250872,kr_screener_basic,screen,"{""min_ret"": 0.05, ""min_rvol"": 2, ""max_rsi"": 80}",False,"{""stop_pct"": 0.1, ""target_pct"": 0.15, ""max_hold_days"": 10}"
4522,0.3423264042459089,-0.998727928486948,-0.9987679897260572,0.7900931176021526,-0.0150649579710571,-5.280714847022065,0.6789031402034498,2492,0.304975922953451,-0.992268126400412,-0.9927157284967256,0.5963045870258549,-0.0183615635901558,-5.860589003355648,0.5730337078651685,kr_screener_basic,screen,"{""min_ret"": 0.05, ""min_rvol"": 2, ""max_rsi"": 80}",False,"{""stop_pct"": 0.1, ""target_pct"": 0.4, ""max_hold_days"": 1}"
2321,0.2886686772942697,-0.9759036874944952,-0.982282465393758,0.8387426949696739,-0.01615638927456,-2.759501279295068,1.3744075829383886,1343,0.2665673864482502,-0.9157522612544527,-0.9187762391539288,0.7440276967410095,-0.0165619738990213,-2.6982111460213787,1.150409530900968,kr_screener_basic,screen,"{""min_ret"": 0.05, ""min_rvol"": 2, ""max_rsi"": 80}",False,"{""stop_pct"": 0.1, ""target_pct"": 0.4, ""max_hold_days"": 3}"
1802,0.2746947835738069,-0.9280056367204216,-0.9391044326385358,0.8535298682524589,-0.0120156126121317,-1.4830777894280447,1.8695893451720311,1077,0.2395543175487465,-0.9189508127600814,-0.9222393188135148,0.7176195871731901,-0.0205378311930761,-3.528261180681535,1.5255338904363973,kr_screener_basic,screen,"{""min_ret"": 0.05, ""min_rvol"": 2, ""max_rsi"": 80}",False,"{""stop_pct"": 0.1, ""target_pct"": 0.4, ""max_hold_days"": 5}"
1354,0.2267355982274741,-0.9212659242312108,-0.9482641494594356,0.7899188608513685,-0.0149491074268947,-1.4412273512679223,2.6285081240768093,839,0.200238379022646,-0.9316339043063164,-0.934087828477214,0.6647657968357764,-0.0302719668610696,-4.270586738528565,2.071513706793802,kr_screener_basic,screen,"{""min_ret"": 0.05, ""min_rvol"": 2, ""max_rsi"": 80}",False,"{""stop_pct"": 0.1, ""target_pct"": 0.4, ""max_hold_days"": 10}"
4581,0.371752892381576,-0.9977571138528408,-0.9978238045380248,0.8098093868512561,-0.012509832464998,-3.2405173073858804,0.9153023357345558,2496,0.3505608974358974,-0.9844060693575684,-0.9859263909861834,0.605723675861083,-0.0145573998816787,-2.877700416726844,0.8826121794871795,kr_screener_basic,screen,"{""min_ret"": 0.05, ""min_rvol"": 2, ""max_rsi"": 80}",False,"{""stop_pct"": 0.2, ""target_pct"": null, ""max_hold_days"": 1}"
1761,0.3532084043157297,-0.9473236148942858,-0.9661700376115688,0.8929385361319345,-0.0095936858949117,-1.3035345411191352,2.400340715502556,967,0.3236814891416752,-0.887337776004702,-0.887337776004702,0.7070332779638435,-0.0162795699423889,-0.9365873802265836,2.2430196483971043,kr_screener_basic,screen,"{""min_ret"": 0.05, ""min_rvol"": 2, ""max_rsi"": 80}",False,"{""stop_pct"": 0.2, ""target_pct"": null, ""max_hold_days"": 3}"
1178,0.3471986417657046,-0.8258971879082481,-0.8964273638052744,0.8825269256939577,-0.0044853866058051,-0.3019359633567374,3.601018675721562,657,0.2846270928462709,-0.8561898662206582,-0.8561898662206582,0.7032317041737242,-0.0230433625245886,-0.9598027138425428,3.354642313546423,kr_screener_basic,screen,"{""min_ret"": 0.05, ""min_rvol"": 2, ""max_rsi"": 80}",False,"{""stop_pct"": 0.2, ""target_pct"": null, ""max_hold_days"": 5}"
681,0.3083700440528634,-0.641003081966041,-0.8451437521326277,0.897151821745399,-0.0004060923310129,-0.2536228072082057,6.381791483113069,400,0.24,-0.8037900559850093,-0.8038445648719513,0.6869023507560121,-0.0349436783814514,-1.394897754219871,5.6625,kr_screener_basic,screen,"{""min_ret"": 0.05, ""min_rvol"": 2, ""max_rsi"": 80}",False,"{""stop_pct"": 0.2, ""target_pct"": null, ""max_hold_days"": 10}"
4529,0.4000883197173769,-0.9986856428188458,-0.998720706315933,0.8303941155739698,-0.0152137241553757,-5.416744361888385,0.7564583793331862,2492,0.3904494382022472,-0.9925512717861108,-0.992775356152051,0.6428598846691171,-0.0185063256106663,-5.65445552673329,0.6857945425361156,kr_screener_basic,screen,"{""min_ret"": 0.05, ""min_rvol"": 2, ""max_rsi"": 80}",False,"{""stop_pct"": 0.2, ""target_pct"": 0.15, ""max_hold_days"": 1}"
2147,0.4527247321844434,-0.9717381435624204,-0.9844125930848212,0.9003460588774663,-0.0175534382944858,-3.2623184406396577,1.6166744294364228,1205,0.4489626556016597,-0.9557825335082384,-0.9569845502317912,0.6544909805418548,-0.0238601621393483,-4.069721244755261,1.408298755186722,kr_screener_basic,screen,"{""min_ret"": 0.05, ""min_rvol"": 2, ""max_rsi"": 80}",False,"{""stop_pct"": 0.2, ""target_pct"": 0.15, ""max_hold_days"": 3}"
1635,0.4807339449541284,-0.9466648633568372,-0.9676101671424594,0.8739710870573895,-0.0186267556711762,-2.6516215919855632,2.182262996941896,953,0.4732423924449108,-0.8397177813709787,-0.8411635944661577,0.7552283039754705,-0.0168739089925338,-2.208302840491672,1.849947534102833,kr_screener_basic,screen,"{""min_ret"": 0.05, ""min_rvol"": 2, ""max_rsi"": 80}",False,"{""stop_pct"": 0.2, ""target_pct"": 0.15, ""max_hold_days"": 5}"
1199,0.4845704753961635,-0.91866176989759,-0.9498138361563752,0.8562577246458641,-0.0209077190813035,-2.1424933780951285,3.0867389491242703,716,0.4916201117318435,-0.6265073924591664,-0.6631407538969069,0.8741433357963513,-0.0056199037975115,-0.3413152504860077,2.622905027932961,kr_screener_basic,screen,"{""min_ret"": 0.05, ""min_rvol"": 2, ""max_rsi"": 80}",False,"{""stop_pct"": 0.2, ""target_pct"": 0.15, ""max_hold_days"": 10}"
4544,0.3741197183098591,-0.998292896920387,-0.9983436564625968,0.8255124083188538,-0.0142486310500354,-4.393811319959712,0.8901848591549296,2494,0.3540497193263833,-0.989570554947282,-0.9906360951010192,0.6300039916657019,-0.016378531096109,-4.572872439981205,0.8376102646351243,kr_screener_basic,screen,"{""min_ret"": 0.05, ""min_rvol"": 2, ""max_rsi"": 80}",False,"{""stop_pct"": 0.2, ""target_pct"": 0.4, ""max_hold_days"": 1}"
1850,0.3545945945945946,-0.9794536569531624,-0.9837519944556404,0.864965129080435,-0.0192729723689584,-2.992567521104006,2.161081081081081,1035,0.3545893719806763,-0.816123479278012,-0.8201495524161524,0.7887873273861152,-0.0124595515619972,-1.4444223835523655,1.9458937198067632,kr_screener_basic,screen,"{""min_ret"": 0.05, ""min_rvol"": 2, ""max_rsi"": 80}",False,"{""stop_pct"": 0.2, ""target_pct"": 0.4, ""max_hold_days"": 3}"
1305,0.3632183908045977,-0.896663542729506,-0.939669703667453,0.8913273188419448,-0.0120252752696526,-1.062173873159902,3.0835249042145594,748,0.3248663101604278,-0.8553074734479852,-0.8553074734479852,0.76124855605029,-0.0214925589432834,-2.2724472448546327,2.735294117647059,kr_screener_basic,screen,"{""min_ret"": 0.05, ""min_rvol"": 2, ""max_rsi"": 80}",False,"{""stop_pct"": 0.2, ""target_pct"": 0.4, ""max_hold_days"": 5}"
848,0.3443396226415094,-0.8714746080141733,-0.9158577769188933,0.8297303082647829,-0.0175007297707444,-1.3623168103406276,4.869103773584905,518,0.3108108108108108,-0.8305428954011076,-0.8394118117778457,0.709937907736314,-0.028945617764627,-2.367988013237791,4.065637065637065,kr_screener_basic,screen,"{""min_ret"": 0.05, ""min_rvol"": 2, ""max_rsi"": 80}",False,"{""stop_pct"": 0.2, ""target_pct"": 0.4, ""max_hold_days"": 10}"
4578,0.3768020969855832,-0.997514295784476,-0.997588206498806,0.7992838909776395,-0.0118170276340237,-2.9931755830994664,0.99825251201398,2491,0.3600963468486551,-0.9883707314848128,-0.9888802524355448,0.6194317979147659,-0.0153417935781536,-3.1727968878984987,0.9959855479727018,kr_screener_basic,screen,"{""min_ret"": 0.05, ""min_rvol"": 2, ""max_rsi"": 80}",False,"{""stop_pct"": null, ""target_pct"": null, ""max_hold_days"": 1}"
1565,0.3699680511182108,-0.946144856804496,-0.9665347659315756,0.8521902858081803,-0.0135491664557135,-1.2835760881794682,2.987220447284345,839,0.3623361144219308,-0.8407817721133826,-0.8545694797464257,0.8154298189234457,-0.0164610872485953,-0.7135892348092714,2.9642431466030987,kr_screener_basic,screen,"{""min_ret"": 0.05, ""min_rvol"": 2, ""max_rsi"": 80}",False,"{""stop_pct"": null, ""target_pct"": null, ""max_hold_days"": 3}"
940,0.3957446808510638,-0.5541281180006965,-0.8261934684398377,0.935462277011092,0.0061070949670698,-0.0443102100724246,4.974468085106383,500,0.326,-0.7872860615901511,-0.7905797618035835,0.7623774613189692,-0.0266804440564013,-0.6047683203171118,4.98,kr_screener_basic,screen,"{""min_ret"": 0.05, ""min_rvol"": 2, ""max_rsi"": 80}",False,"{""stop_pct"": null, ""target_pct"": null, ""max_hold_days"": 5}"
470,0.3723404255319149,-0.813835618279404,-0.9152106821904764,0.6544819552278436,-0.0266385682349041,-0.8089697462303264,9.95744680851064,250,0.316,-0.8311691199370224,-0.837801219786604,0.5455685427506928,-0.0633708833750467,-1.1630052205232706,9.96,kr_screener_basic,screen,"{""min_ret"": 0.05, ""min_rvol"": 2, ""max_rsi"": 80}",False,"{""stop_pct"": null, ""target_pct"": null, ""max_hold_days"": 10}"
4610,0.4175704989154013,-0.9952856892391272,-0.9956346260007484,0.8564461850236647,-0.0115840756351763,-4.18841787927977,0.8279826464208243,2497,0.4148978774529435,-0.9807632189488044,-0.9814030066195072,0.6932353235453635,-0.0147341665232298,-4.618789676799689,0.7813376051261514,kr_screener_basic,screen,"{""min_ret"": 0.05, ""min_rvol"": 2, ""max_rsi"": 80}",False,"{""stop_pct"": null, ""target_pct"": 0.15, ""max_hold_days"": 1}"
1945,0.497172236503856,-0.9094625280813546,-0.95057969634022,0.9111414343444846,-0.0112806532962891,-2.0711621341955517,2.0262210796915165,1046,0.511472275334608,-0.7465907070419027,-0.77947190377836,0.7979919092506258,-0.0096974285421402,-1.420216999907422,1.9579349904397705,kr_screener_basic,screen,"{""min_ret"": 0.05, ""min_rvol"": 2, ""max_rsi"": 80}",False,"{""stop_pct"": null, ""target_pct"": 0.15, ""max_hold_days"": 3}"
1306,0.5352220520673813,-0.8740870231147306,-0.9356861386058752,0.8814847487765033,-0.0128043493082418,-1.764311115319082,3.147013782542113,739,0.5548037889039242,-0.4181088495589807,-0.5786466006915634,0.9135774170632504,-0.0013818609827989,-0.3482295776494863,2.863328822733424,kr_screener_basic,screen,"{""min_ret"": 0.05, ""min_rvol"": 2, ""max_rsi"": 80}",False,"{""stop_pct"": null, ""target_pct"": 0.15, ""max_hold_days"": 5}"
762,0.5616797900262467,-0.9016050906869896,-0.9339131583799712,0.8011748877298996,-0.026463315811066,-2.312846185832892,5.6430446194225725,437,0.5903890160183066,-0.2752139516472514,-0.5750119234397673,0.9171161917030158,-0.0002480418632801,-0.1744224085414341,5.137299771167048,kr_screener_basic,screen,"{""min_ret"": 0.05, ""min_rvol"": 2, ""max_rsi"": 80}",False,"{""stop_pct"": null, ""target_pct"": 0.15, ""max_hold_days"": 10}"
4559,0.3816626453169555,-0.9974733719572244,-0.9975484995135612,0.8225923256831431,-0.0127786992368647,-3.88352202494996,0.969291511296337,2494,0.3660785886126704,-0.9886851645997444,-0.9900552788632964,0.6564276913276504,-0.0159393170883785,-4.3656792961742745,0.9478748997594226,kr_screener_basic,screen,"{""min_ret"": 0.05, ""min_rvol"": 2, ""max_rsi"": 80}",False,"{""stop_pct"": null, ""target_pct"": 0.4, ""max_hold_days"": 1}"
1643,0.3767498478393183,-0.967600623955032,-0.9731924367181332,0.836922649680568,-0.0182798516407608,-2.4237367593934755,2.727328058429702,894,0.3881431767337807,-0.8122834547959892,-0.8481471334116908,0.7443596686256616,-0.0144003145840004,-1.6083675155885986,2.62751677852349,kr_screener_basic,screen,"{""min_ret"": 0.05, ""min_rvol"": 2, ""max_rsi"": 80}",False,"{""stop_pct"": null, ""target_pct"": 0.4, ""max_hold_days"": 3}"
1034,0.4100580270793036,-0.6404156489537094,-0.8115575261656004,0.9346165856144208,-0.0001316380506345,-0.260171673375052,4.346228239845261,565,0.3716814159292035,-0.6838399863504685,-0.7170352572675877,0.8152625974228815,-0.0152111750614392,-1.0228617095253256,4.20353982300885,kr_screener_basic,screen,"{""min_ret"": 0.05, ""min_rvol"": 2, ""max_rsi"": 80}",False,"{""stop_pct"": null, ""target_pct"": 0.4, ""max_hold_days"": 5}"
550,0.3945454545454545,-0.867703819244561,-0.925600150174368,0.7725858017236789,-0.0292183233276371,-1.4206519775493476,8.289090909090909,308,0.3831168831168831,-0.614962999106792,-0.7345056812474904,0.7411874820323376,-0.0245236631481961,-1.123278704131641,7.814935064935065,kr_screener_basic,screen,"{""min_ret"": 0.05, ""min_rvol"": 2, ""max_rsi"": 80}",False,"{""stop_pct"": null, ""target_pct"": 0.4, ""max_hold_days"": 10}"
2982,0.3132126089872569,-0.843393868447105,-0.867059981303074,0.8215358216262134,-0.0062433355821302,-1.8077532994619767,0.545271629778672,2093,0.3076923076923077,-0.93529044786817,-0.9422249690659676,0.6842119424276463,-0.0125741550724107,-5.444810845039872,0.5547061634018156,pullback_ma,screen,"{""surge_pct"": 0.1, ""ma"": ""sma10"", ""vol_frac"": 0.5}",False,"{""stop_pct"": 0.05, ""target_pct"": null, ""max_hold_days"": 1}"
2079,0.238095238095238,-0.8243459360456925,-0.8596341290562355,0.8057122382893905,-0.0068556266492579,-1.329461349938678,1.2453102453102454,1261,0.2228390166534496,-0.8944602948002426,-0.905349692565617,0.6237182273303621,-0.017863659202666,-4.5397642732285,1.246629659000793,pullback_ma,screen,"{""surge_pct"": 0.1, ""ma"": ""sma10"", ""vol_frac"": 0.5}",False,"{""stop_pct"": 0.05, ""target_pct"": null, ""max_hold_days"": 3}"
1688,0.2114928909952606,-0.6264472397177723,-0.697675959968957,0.8694959046421432,-0.0023586389125721,-0.5607128153537498,1.7748815165876777,983,0.1993896236012207,-0.8054117825340608,-0.8388373247741685,0.6540098067045796,-0.0157469071304499,-3.4126402863965786,1.7690742624618514,pullback_ma,screen,"{""surge_pct"": 0.1, ""ma"": ""sma10"", ""vol_frac"": 0.5}",False,"{""stop_pct"": 0.05, ""target_pct"": null, ""max_hold_days"": 5}"
1260,0.1611111111111111,-0.7159721817275888,-0.7970667791391666,0.7937819659745329,-0.0064704533587313,-0.7878664458640365,2.770634920634921,699,0.1630901287553648,-0.7345413215633891,-0.817393749667243,0.5837400166046744,-0.0172342710291548,-2.600926673396116,2.741058655221745,pullback_ma,screen,"{""surge_pct"": 0.1, ""ma"": ""sma10"", ""vol_frac"": 0.5}",False,"{""stop_pct"": 0.05, ""target_pct"": null, ""max_hold_days"": 10}"
3024,0.3181216931216931,-0.9502310872847188,-0.9535868986974376,0.6837594112058515,-0.0101173306689204,-5.3744299300961655,0.4672619047619047,2116,0.3133270321361058,-0.9315909454236948,-0.9350984074031634,0.67451556771475,-0.0125967042561731,-7.654337504460259,0.4716446124763705,pullback_ma,screen,"{""surge_pct"": 0.1, ""ma"": ""sma10"", ""vol_frac"": 0.5}",False,"{""stop_pct"": 0.05, ""target_pct"": 0.15, ""max_hold_days"": 1}"
2274,0.2669305189094107,-0.9379677308600732,-0.9466756484535096,0.6650149134996767,-0.012368098375842,-4.507218814857228,0.9160070360598064,1389,0.2663786897048236,-0.8521469946711066,-0.8587528737500322,0.7039927886962191,-0.0138325918422451,-5.8098880377739865,0.9287257019438444,pullback_ma,screen,"{""surge_pct"": 0.1, ""ma"": ""sma10"", ""vol_frac"": 0.5}",False,"{""stop_pct"": 0.05, ""target_pct"": 0.15, ""max_hold_days"": 3}"
2007,0.2615844544095665,-0.9116381126061256,-0.9145126897131034,0.6854297542227258,-0.0124949355335138,-4.207111476470824,1.1659192825112108,1204,0.2541528239202658,-0.7863243780103587,-0.8022292660570162,0.7341009790428615,-0.0129547753726303,-4.889087924571818,1.1519933554817277,pullback_ma,screen,"{""surge_pct"": 0.1, ""ma"": ""sma10"", ""vol_frac"": 0.5}",False,"{""stop_pct"": 0.05, ""target_pct"": 0.15, ""max_hold_days"": 5}"
1756,0.2420273348519362,-0.8823464936936325,-0.8979897133192054,0.6950121000395111,-0.0124366991633675,-3.6314320953825145,1.496013667425968,1014,0.2455621301775148,-0.6662477513688849,-0.686536368124774,0.7640568642832807,-0.0113776899379921,-3.331834436748746,1.4930966469428009,pullback_ma,screen,"{""surge_pct"": 0.1, ""ma"": ""sma10"", ""vol_frac"": 0.5}",False,"{""stop_pct"": 0.05, ""target_pct"": 0.15, ""max_hold_days"": 10}"
2981,0.3139885944313988,-0.908201415640031,-0.9144395737542425,0.7597202209294116,-0.0079720381360718,-3.316231009621544,0.535390808453539,2096,0.3072519083969465,-0.9192773805282526,-0.9280002406608666,0.7190958291818774,-0.0114510588204284,-6.077930366255758,0.5424618320610687,pullback_ma,screen,"{""surge_pct"": 0.1, ""ma"": ""sma10"", ""vol_frac"": 0.5}",False,"{""stop_pct"": 0.05, ""target_pct"": 0.4, ""max_hold_days"": 1}"
2108,0.2386148007590132,-0.8376789823813404,-0.860912683788393,0.7499612830936542,-0.0082102987558344,-1.771899307686868,1.1878557874762807,1280,0.22890625,-0.8191967156374277,-0.8463566227885031,0.7392279533982448,-0.0126497570248799,-3.6970906113316544,1.18828125,pullback_ma,screen,"{""surge_pct"": 0.1, ""ma"": ""sma10"", ""vol_frac"": 0.5}",False,"{""stop_pct"": 0.05, ""target_pct"": 0.4, ""max_hold_days"": 3}"
1740,0.2172413793103448,-0.6701943369688563,-0.7441435613863103,0.837285541783697,-0.0050937882408469,-1.1580110615754309,1.6402298850574712,1016,0.2047244094488189,-0.6576321346982841,-0.7231291664464586,0.795240649932339,-0.0091269637400897,-2.2202425497622285,1.640748031496063,pullback_ma,screen,"{""surge_pct"": 0.1, ""ma"": ""sma10"", ""vol_frac"": 0.5}",False,"{""stop_pct"": 0.05, ""target_pct"": 0.4, ""max_hold_days"": 5}"
1353,0.1788617886178861,-0.6260889362491566,-0.6891282486619341,0.8373403906756623,-0.005054371835058,-1.1836765474523194,2.4397634885439765,780,0.1717948717948718,-0.4919590929207393,-0.66194629591283,0.8332681495813968,-0.0057763204078567,-1.338586785645557,2.301282051282051,pullback_ma,screen,"{""surge_pct"": 0.1, ""ma"": ""sma10"", ""vol_frac"": 0.5}",False,"{""stop_pct"": 0.05, ""target_pct"": 0.4, ""max_hold_days"": 10}"
2862,0.3689727463312369,0.1268107848468298,-0.5355946277585333,1.012044539945649,0.0004676399511754,0.4293944708870819,0.8375262054507338,2026,0.3672260612043435,-0.9256614888092678,-0.9326954153547532,0.7347134753344249,-0.0121442674908404,-4.518501881958597,0.8563672260612043,pullback_ma,screen,"{""surge_pct"": 0.1, ""ma"": ""sma10"", ""vol_frac"": 0.5}",False,"{""stop_pct"": 0.1, ""target_pct"": null, ""max_hold_days"": 1}"
1668,0.3405275779376499,-0.343869675119695,-0.6234285605068202,0.9545859380853036,0.0016264322362041,0.0722981101915494,2.142685851318945,965,0.3191709844559585,-0.7754259323268182,-0.8098374048153233,0.7351671903288369,-0.0153374537319807,-2.290808067180989,2.1958549222797927,pullback_ma,screen,"{""surge_pct"": 0.1, ""ma"": ""sma10"", ""vol_frac"": 0.5}",False,"{""stop_pct"": 0.1, ""target_pct"": null, ""max_hold_days"": 3}"
1217,0.3303204601479046,-0.0994605980749107,-0.5698046636409584,0.9845188940040308,0.0033099511268159,0.2243098622915,3.179950698438784,670,0.3044776119402985,-0.7651222845759877,-0.8058584888850195,0.6899573536714046,-0.0207664783144491,-2.488110115348812,3.217910447761194,pullback_ma,screen,"{""surge_pct"": 0.1, ""ma"": ""sma10"", ""vol_frac"": 0.5}",False,"{""stop_pct"": 0.1, ""target_pct"": null, ""max_hold_days"": 5}"
782,0.29923273657289,0.2489197619700396,-0.5518660500578402,1.0485025382247883,0.0090305868403694,0.4922367965804905,5.315856777493607,413,0.3002421307506053,-0.4949398635894693,-0.6605804243150024,0.7477158453777366,-0.0122184017467283,-1.029909793732206,5.438256658595642,pullback_ma,screen,"{""surge_pct"": 0.1, ""ma"": ""sma10"", ""vol_frac"": 0.5}",False,"{""stop_pct"": 0.1, ""target_pct"": null, ""max_hold_days"": 10}"
2925,0.3801709401709401,-0.6982390022771203,-0.725443156127888,0.8730778952971505,-0.0027487217634467,-0.3989779076403846,0.7377777777777778,2053,0.379931807111544,-0.9012302207815204,-0.9053803017870988,0.739548628619717,-0.0110431200339843,-5.590529707144094,0.7520701412566975,pullback_ma,screen,"{""surge_pct"": 0.1, ""ma"": ""sma10"", ""vol_frac"": 0.5}",False,"{""stop_pct"": 0.1, ""target_pct"": 0.15, ""max_hold_days"": 1}"
1856,0.3857758620689655,-0.731619028678582,-0.7565843218534347,0.8430854946748467,-0.0052495037600934,-0.7804015400691771,1.6686422413793105,1087,0.3725850965961361,-0.7228281433607582,-0.7258805690759342,0.7940159733663125,-0.0114049702288766,-3.029267094049149,1.684452621895124,pullback_ma,screen,"{""surge_pct"": 0.1, ""ma"": ""sma10"", ""vol_frac"": 0.5}",False,"{""stop_pct"": 0.1, ""target_pct"": 0.15, ""max_hold_days"": 3}"
1475,0.3945762711864407,-0.7909727436771247,-0.8119585675063143,0.8065440520508784,-0.0108338075654639,-2.182305513420366,2.256949152542373,825,0.3733333333333333,-0.5847946567408548,-0.6105991008711504,0.8123951428279345,-0.0098679081420641,-2.213161991693449,2.296969696969697,pullback_ma,screen,"{""surge_pct"": 0.1, ""ma"": ""sma10"", ""vol_frac"": 0.5}",False,"{""stop_pct"": 0.1, ""target_pct"": 0.15, ""max_hold_days"": 5}"
1138,0.3840070298769771,-0.7679053065194278,-0.8014938619385049,0.7989886367056191,-0.0128544467646694,-2.200511545817541,3.1476274165202107,612,0.4003267973856209,-0.4705933032394566,-0.4960563667545414,0.817883730244764,-0.0085568673922461,-1.6506249383374816,3.212418300653595,pullback_ma,screen,"{""surge_pct"": 0.1, ""ma"": ""sma10"", ""vol_frac"": 0.5}",False,"{""stop_pct"": 0.1, ""target_pct"": 0.15, ""max_hold_days"": 10}"
2866,0.3695045359385904,-0.3669305812364158,-0.5576633665418396,0.9522671612871686,-0.0008252668130717,0.0778955125118635,0.823447313328681,2030,0.3679802955665024,-0.9000771486989176,-0.9096221855234576,0.7679558523717335,-0.010658837402624,-4.742467749634394,0.8423645320197044,pullback_ma,screen,"{""surge_pct"": 0.1, ""ma"": ""sma10"", ""vol_frac"": 0.5}",False,"{""stop_pct"": 0.1, ""target_pct"": 0.4, ""max_hold_days"": 1}"
1699,0.3431430253090053,-0.6725028791303338,-0.7392901264541345,0.8644664358817853,-0.0049813561981215,-0.989658341452107,2.0412007062978224,992,0.3276209677419355,-0.5994254654904235,-0.6609552328313661,0.8528634654294517,-0.0075140988430739,-1.5836007587423069,2.067540322580645,pullback_ma,screen,"{""surge_pct"": 0.1, ""ma"": ""sma10"", ""vol_frac"": 0.5}",False,"{""stop_pct"": 0.1, ""target_pct"": 0.4, ""max_hold_days"": 3}"
1273,0.3346425765907305,-0.1807861558253664,-0.4159912892063754,0.9693661197275324,-0.0020485244383141,-0.0082060034843507,2.9308719560094265,705,0.3063829787234042,-0.6208658742598616,-0.6448956288416313,0.807443211554387,-0.0116944135266383,-1.8019470910509985,2.964539007092198,pullback_ma,screen,"{""surge_pct"": 0.1, ""ma"": ""sma10"", ""vol_frac"": 0.5}",False,"{""stop_pct"": 0.1, ""target_pct"": 0.4, ""max_hold_days"": 5}"
886,0.3002257336343115,0.1302380370590705,-0.4240175442157426,1.0247977943529412,0.0022599126674048,0.3606703265749586,4.484198645598194,459,0.3224400871459695,-0.1049480654226289,-0.4100072632138536,0.9604868912997792,0.002669014495811,-0.0308184754721222,4.703703703703703,pullback_ma,screen,"{""surge_pct"": 0.1, ""ma"": ""sma10"", ""vol_frac"": 0.5}",False,"{""stop_pct"": 0.1, ""target_pct"": 0.4, ""max_hold_days"": 10}"
2822,0.3788093550673281,0.5518419856104706,-0.5099633874517164,1.0473378728710383,0.0019138364170587,0.6057851454213826,0.9744861800141744,2008,0.3809760956175299,-0.7891610153400274,-0.8749472580198671,0.8627373951712513,-0.0058298513746383,-0.9646913698615858,0.9760956175298804,pullback_ma,screen,"{""surge_pct"": 0.1, ""ma"": ""sma10"", ""vol_frac"": 0.5}",False,"{""stop_pct"": 0.2, ""target_pct"": null, ""max_hold_days"": 1}"
1500,0.3806666666666666,0.8839901119346916,-0.5670661499417609,1.08546775464683,0.0105048875120395,0.7422155784349421,2.797333333333333,853,0.3540445486518171,-0.7773231746592945,-0.8068528851521878,0.7078615998187775,-0.0158356307580267,-2.3330054174566333,2.811254396248535,pullback_ma,screen,"{""surge_pct"": 0.1, ""ma"": ""sma10"", ""vol_frac"": 0.5}",False,"{""stop_pct"": 0.2, ""target_pct"": null, ""max_hold_days"": 3}"
984,0.4014227642276423,-0.0999805398249658,-0.5449541682484418,0.9810794813267169,0.0044946099386392,0.1947863603373181,4.458333333333333,538,0.3531598513011152,-0.79424903666686,-0.812382239900566,0.593780200990613,-0.0283618924681661,-2.946466573855974,4.442379182156134,pullback_ma,screen,"{""surge_pct"": 0.1, ""ma"": ""sma10"", ""vol_frac"": 0.5}",False,"{""stop_pct"": 0.2, ""target_pct"": null, ""max_hold_days"": 5}"
555,0.3891891891891892,0.8214326970794597,-0.5036290964640893,1.1538595299337004,0.0333946330132184,0.8304999847442677,8.08108108108108,300,0.3333333333333333,-0.7793544201405965,-0.7825092790436005,0.4463493654939683,-0.0490047901934907,-2.9207008522640296,7.96,pullback_ma,screen,"{""surge_pct"": 0.1, ""ma"": ""sma10"", ""vol_frac"": 0.5}",False,"{""stop_pct"": 0.2, ""target_pct"": null, ""max_hold_days"": 10}"
2884,0.3945908460471567,-0.4506897606768901,-0.6313669316076613,0.9327729434029308,-0.0006567235888263,-0.0048650325865604,0.8689320388349514,2036,0.3978388998035363,-0.8503221526124399,-0.8564608739337959,0.7792274466831964,-0.0090259904949807,-4.377156341957111,0.8678781925343811,pullback_ma,screen,"{""surge_pct"": 0.1, ""ma"": ""sma10"", ""vol_frac"": 0.5}",False,"{""stop_pct"": 0.2, ""target_pct"": 0.15, ""max_hold_days"": 1}"
1654,0.4401451027811366,-0.4403337189965385,-0.5590164864057374,0.9165550665025636,-0.000907665416659,-0.2105566076728842,2.2557436517533254,953,0.4218258132214061,-0.3911139684972411,-0.4935422638006781,0.9076497824271644,-0.0042701111515286,-0.9405095302182168,2.2759706190975866,pullback_ma,screen,"{""surge_pct"": 0.1, ""ma"": ""sma10"", ""vol_frac"": 0.5}",False,"{""stop_pct"": 0.2, ""target_pct"": 0.15, ""max_hold_days"": 3}"
1181,0.4792548687552921,-0.55755825859675,-0.7167012470305387,0.872842343545253,-0.0052234352238743,-0.8587904877485527,3.3268416596104995,652,0.4524539877300613,-0.4304782590741546,-0.482352788387471,0.864785245345243,-0.0062623341403999,-1.3273662574670255,3.3665644171779143,pullback_ma,screen,"{""surge_pct"": 0.1, ""ma"": ""sma10"", ""vol_frac"": 0.5}",False,"{""stop_pct"": 0.2, ""target_pct"": 0.15, ""max_hold_days"": 5}"
780,0.5064102564102564,-0.0977580371156272,-0.4850778417846316,0.9761294674688747,0.002095231400042,0.0253938872868516,5.285897435897436,427,0.5105386416861827,-0.3503599231075156,-0.4286276390423342,0.8673686274232394,-0.0071571371740549,-1.0184806780956406,5.152224824355972,pullback_ma,screen,"{""surge_pct"": 0.1, ""ma"": ""sma10"", ""vol_frac"": 0.5}",False,"{""stop_pct"": 0.2, ""target_pct"": 0.15, ""max_hold_days"": 10}"
2826,0.3807501769285208,0.1046265346721027,-0.5058044144936139,1.011215202426373,0.0012384507683816,0.4086664651228422,0.95930644019816,2011,0.3818995524614619,-0.708057936769577,-0.838648030643348,0.8935689519050743,-0.0041447018187315,-0.750582215216551,0.9602187966185975,pullback_ma,screen,"{""surge_pct"": 0.1, ""ma"": ""sma10"", ""vol_frac"": 0.5}",False,"{""stop_pct"": 0.2, ""target_pct"": 0.4, ""max_hold_days"": 1}"
1523,0.3939592908732764,0.8331960968339494,-0.3698353654407456,1.0970520385676503,0.0072892662890693,0.7473645819108797,2.6835193696651345,868,0.3559907834101382,-0.6052088729206636,-0.6462983644228268,0.8317257927090377,-0.0085341472719517,-1.5054293047186034,2.707373271889401,pullback_ma,screen,"{""surge_pct"": 0.1, ""ma"": ""sma10"", ""vol_frac"": 0.5}",False,"{""stop_pct"": 0.2, ""target_pct"": 0.4, ""max_hold_days"": 3}"
1026,0.4200779727095516,0.3820279968432276,-0.4559746920000204,1.0659994578428562,0.0075968767660185,0.6118008760921898,4.1608187134502925,556,0.356115107913669,-0.4106752662040225,-0.6425036565491008,0.8455209228584851,-0.0031663771645822,-0.38348848887324,4.221223021582734,pullback_ma,screen,"{""surge_pct"": 0.1, ""ma"": ""sma10"", ""vol_frac"": 0.5}",False,"{""stop_pct"": 0.2, ""target_pct"": 0.4, ""max_hold_days"": 5}"
621,0.4219001610305958,1.1633034824165382,-0.4487727248283962,1.211945581405631,0.0214168914784568,1.1727922645963036,7.033816425120773,336,0.3630952380952381,-0.5370089026460372,-0.5858895621575008,0.752532191138644,-0.01853139424709,-1.4419902147510424,6.895833333333333,pullback_ma,screen,"{""surge_pct"": 0.1, ""ma"": ""sma10"", ""vol_frac"": 0.5}",False,"{""stop_pct"": 0.2, ""target_pct"": 0.4, ""max_hold_days"": 10}"
2818,0.3800567778566359,0.8864612659397977,-0.4770494850619231,1.0697316058869764,0.0026856429569504,0.7094228247909798,0.9964513839602556,2005,0.3810473815461346,-0.8107618774612625,-0.8823746193403372,0.8555617021146076,-0.0063359047802722,-1.0536831542791976,0.9975062344139652,pullback_ma,screen,"{""surge_pct"": 0.1, ""ma"": ""sma10"", ""vol_frac"": 0.5}",False,"{""stop_pct"": null, ""target_pct"": null, ""max_hold_days"": 1}"
1462,0.3939808481532147,1.3704536530613352,-0.4839827298828605,1.1280500724834086,0.0126557067196019,0.8864126318389715,2.9870041039671684,831,0.3561973525872443,-0.8302457050501656,-0.848100445761543,0.6652764087863144,-0.0199163382755443,-2.7711517943152906,2.977135980746089,pullback_ma,screen,"{""surge_pct"": 0.1, ""ma"": ""sma10"", ""vol_frac"": 0.5}",False,"{""stop_pct"": null, ""target_pct"": null, ""max_hold_days"": 3}"
921,0.4180238870792617,0.0963344083684503,-0.5165989174578984,1.0161307774149655,0.0067920628239188,0.3851490379702658,4.96742671009772,500,0.368,-0.687886034308935,-0.720528285335235,0.6874976472339726,-0.0196933416868417,-1.830998848573327,4.946,pullback_ma,screen,"{""surge_pct"": 0.1, ""ma"": ""sma10"", ""vol_frac"": 0.5}",False,"{""stop_pct"": null, ""target_pct"": null, ""max_hold_days"": 5}"
470,0.3957446808510638,-0.2561729115863995,-0.5097133358610921,0.913147572602368,0.0089083380002484,-0.0293904379415574,9.897872340425533,250,0.292,-0.2268942427445016,-0.6475949588380605,0.900107856492605,0.0134190637871092,0.1909698592003692,9.932,pullback_ma,screen,"{""surge_pct"": 0.1, ""ma"": ""sma10"", ""vol_frac"": 0.5}",False,"{""stop_pct"": null, ""target_pct"": null, ""max_hold_days"": 10}"
2879,0.3984022229940951,-0.1310632955114827,-0.5090782575291747,0.9836519721823662,0.00082576334601,0.2545724775417578,0.8902396665508857,2033,0.4003935071323167,-0.8337818469120454,-0.8474775810967988,0.7937446573632723,-0.0085479276640258,-4.157916963814019,0.8873585833743236,pullback_ma,screen,"{""surge_pct"": 0.1, ""ma"": ""sma10"", ""vol_frac"": 0.5}",False,"{""stop_pct"": null, ""target_pct"": 0.15, ""max_hold_days"": 1}"
1612,0.4478908188585608,-0.2235935668854648,-0.4656218022871224,0.9621748956483684,0.0011532413492283,0.0624133522134738,2.434863523573201,936,0.4358974358974359,-0.1297946738867759,-0.3075907826994435,0.9705050948743612,-0.0009207640920175,-0.0810901499812723,2.388888888888889,pullback_ma,screen,"{""surge_pct"": 0.1, ""ma"": ""sma10"", ""vol_frac"": 0.5}",False,"{""stop_pct"": null, ""target_pct"": 0.15, ""max_hold_days"": 3}"
1097,0.5031905195989061,-0.4236447471272062,-0.5603015353881442,0.9011159761277412,-0.0034122328141466,-0.5114788699786404,3.779398359161349,611,0.4615384615384615,-0.3018445552085945,-0.3363941986727059,0.9023129882208838,-0.0040823460415702,-0.6744220166158846,3.747954173486088,pullback_ma,screen,"{""surge_pct"": 0.1, ""ma"": ""sma10"", ""vol_frac"": 0.5}",False,"{""stop_pct"": null, ""target_pct"": 0.15, ""max_hold_days"": 5}"
651,0.5391705069124424,1.0367627289239183,-0.3530650584931297,1.22365945243724,0.0175631126766783,0.8479926151752301,6.698924731182796,342,0.5321637426900585,-0.2487408798687311,-0.3472410074775355,0.8870703063587471,-0.0072331695555233,-0.5139373044433827,6.880116959064328,pullback_ma,screen,"{""surge_pct"": 0.1, ""ma"": ""sma10"", ""vol_frac"": 0.5}",False,"{""stop_pct"": null, ""target_pct"": 0.15, ""max_hold_days"": 10}"
2821,0.3828429634881248,0.4824078867691155,-0.4157919350221958,1.0454985221150126,0.0023354201972027,0.5696831178415465,0.9805033676001418,2008,0.3829681274900398,-0.6869961249295597,-0.8310057399391544,0.8990078253551188,-0.0038301225293416,-0.686720831983752,0.980577689243028,pullback_ma,screen,"{""surge_pct"": 0.1, ""ma"": ""sma10"", ""vol_frac"": 0.5}",False,"{""stop_pct"": null, ""target_pct"": 0.4, ""max_hold_days"": 1}"
1485,0.4,-0.225459178996061,-0.518250711961343,0.9667745702104162,0.0014967630041985,-0.0187983649599866,2.8707070707070708,848,0.3632075471698113,-0.6314924973865452,-0.6500764869874488,0.8183812789972397,-0.0094257091158436,-1.5059965713247223,2.8608490566037736,pullback_ma,screen,"{""surge_pct"": 0.1, ""ma"": ""sma10"", ""vol_frac"": 0.5}",False,"{""stop_pct"": null, ""target_pct"": 0.4, ""max_hold_days"": 3}"
960,0.4333333333333333,0.3401361319826712,-0.4882105768692201,1.0642772475921392,0.0081692313091718,0.5725758267889414,4.661458333333333,522,0.3793103448275862,-0.3033200822625446,-0.5484820118774532,0.917194065939484,-0.0042661875956072,-0.4759493867006692,4.662835249042145,pullback_ma,screen,"{""surge_pct"": 0.1, ""ma"": ""sma10"", ""vol_frac"": 0.5}",False,"{""stop_pct"": null, ""target_pct"": 0.4, ""max_hold_days"": 5}"
515,0.4388349514563107,2.30293958520427,-0.3798492576910236,1.4117193854939214,0.0321712622390246,1.2229303342910112,8.836893203883495,277,0.3826714801444043,-0.3935533143833877,-0.3997403850618668,0.8085981876726259,-0.0151481102050328,-0.7744583224979298,8.812274368231048,pullback_ma,screen,"{""surge_pct"": 0.1, ""ma"": ""sma10"", ""vol_frac"": 0.5}",False,"{""stop_pct"": null, ""target_pct"": 0.4, ""max_hold_days"": 10}"
2798,0.3091493924231594,-0.8601563471991625,-0.8786177503796595,0.7941447699246782,-0.0069362830431804,-2.007219845920685,0.5482487491065047,2018,0.3057482656095143,-0.9346162981443858,-0.937285446613635,0.6601270945054075,-0.0132753747261803,-5.710654574086695,0.5569871159563925,pullback_ma,screen,"{""surge_pct"": 0.1, ""ma"": ""sma10"", ""vol_frac"": 0.3}",True,"{""stop_pct"": 0.05, ""target_pct"": null, ""max_hold_days"": 1}"
2010,0.2388059701492537,-0.8445344460561656,-0.8906960361071267,0.7839154341534893,-0.0075913557708731,-1.4521053592875524,1.254726368159204,1253,0.2258579409417398,-0.8972134292034962,-0.9032760103095256,0.6087802002284862,-0.0181690155154406,-4.684660712164397,1.2426177174780526,pullback_ma,screen,"{""surge_pct"": 0.1, ""ma"": ""sma10"", ""vol_frac"": 0.3}",True,"{""stop_pct"": 0.05, ""target_pct"": null, ""max_hold_days"": 3}"
1644,0.2208029197080292,-0.4912816891716702,-0.6140891828448788,0.894494202277312,-3.943382199853012e-05,-0.2453136098633938,1.7925790754257906,969,0.2033023735810113,-0.8381048679079097,-0.8450605899368018,0.6139401398461285,-0.0176872250577155,-3.9639474713493232,1.802889576883385,pullback_ma,screen,"{""surge_pct"": 0.1, ""ma"": ""sma10"", ""vol_frac"": 0.3}",True,"{""stop_pct"": 0.05, ""target_pct"": null, ""max_hold_days"": 5}"
1237,0.16410670978173,-0.7259032118094579,-0.8043102274293495,0.7749238556412256,-0.005591152788024,-0.8098001109577574,2.780113177041229,692,0.1676300578034682,-0.6864422093827214,-0.7539716478777891,0.6303317380499803,-0.0166305285433466,-2.3958779732825346,2.76878612716763,pullback_ma,screen,"{""surge_pct"": 0.1, ""ma"": ""sma10"", ""vol_frac"": 0.3}",True,"{""stop_pct"": 0.05, ""target_pct"": null, ""max_hold_days"": 10}"
2843,0.314104818853324,-0.9483246995422484,-0.9493422528539548,0.6687554388009419,-0.0106096415907095,-5.5139559400377305,0.470277875483644,2040,0.3122549019607843,-0.927301135516342,-0.9308596797391692,0.6666313584009627,-0.0127823343727563,-7.720504339828889,0.4740196078431372,pullback_ma,screen,"{""surge_pct"": 0.1, ""ma"": ""sma10"", ""vol_frac"": 0.3}",True,"{""stop_pct"": 0.05, ""target_pct"": 0.15, ""max_hold_days"": 1}"
2180,0.2711009174311926,-0.926323157194052,-0.9374844673924804,0.6762821812502287,-0.0120602849959171,-4.3375934163812495,0.9362385321100918,1376,0.2710755813953488,-0.8398621303126832,-0.8478832558807625,0.7117841350516823,-0.0132399592237535,-5.390220731487883,0.9200581395348836,pullback_ma,screen,"{""surge_pct"": 0.1, ""ma"": ""sma10"", ""vol_frac"": 0.3}",True,"{""stop_pct"": 0.05, ""target_pct"": 0.15, ""max_hold_days"": 3}"
1919,0.2579468473163105,-0.8894057525379071,-0.9075342560387047,0.6930314782771051,-0.0116346975495421,-3.714992136506837,1.2027097446586763,1177,0.2574341546304163,-0.7837528086417791,-0.7946881352696786,0.7209566694577886,-0.0129758332642065,-4.752896368231669,1.18946474086661,pullback_ma,screen,"{""surge_pct"": 0.1, ""ma"": ""sma10"", ""vol_frac"": 0.3}",True,"{""stop_pct"": 0.05, ""target_pct"": 0.15, ""max_hold_days"": 5}"
1684,0.2399049881235154,-0.8640556712591897,-0.8800980258304582,0.7107521729669416,-0.0118819196710603,-3.410688005055051,1.549287410926366,1030,0.2504854368932039,-0.6612438623894455,-0.6849465227695375,0.7686601403881067,-0.0109007655958579,-3.243566190242349,1.4446601941747572,pullback_ma,screen,"{""surge_pct"": 0.1, ""ma"": ""sma10"", ""vol_frac"": 0.3}",True,"{""stop_pct"": 0.05, ""target_pct"": 0.15, ""max_hold_days"": 10}"
2799,0.3093962129331904,-0.9079086537860082,-0.9086540788480576,0.7390505466515491,-0.0083884828988175,-3.402036412363343,0.5387638442300822,2021,0.3052944087085601,-0.9205219313892437,-0.9238582075802388,0.6976753316917244,-0.0122380437417415,-6.445822330654641,0.5447798119742702,pullback_ma,screen,"{""surge_pct"": 0.1, ""ma"": ""sma10"", ""vol_frac"": 0.3}",True,"{""stop_pct"": 0.05, ""target_pct"": 0.4, ""max_hold_days"": 1}"
2030,0.2433497536945812,-0.8159653816321855,-0.8488313120503017,0.7621186746540075,-0.0077944966914942,-1.6575856907454145,1.206896551724138,1272,0.2327044025157232,-0.8272699313175542,-0.8407121326260283,0.7181471454424622,-0.0133180968586528,-3.803637776480742,1.184748427672956,pullback_ma,screen,"{""surge_pct"": 0.1, ""ma"": ""sma10"", ""vol_frac"": 0.3}",True,"{""stop_pct"": 0.05, ""target_pct"": 0.4, ""max_hold_days"": 3}"
1677,0.2236135957066189,-0.6145314901587424,-0.7255269812830418,0.844364195873511,-0.0037645240731104,-0.9860957481687566,1.6923076923076923,1005,0.2039800995024875,-0.7473267368485673,-0.7654423339522377,0.7366746511703979,-0.0128165982603356,-3.0778284138193106,1.6646766169154228,pullback_ma,screen,"{""surge_pct"": 0.1, ""ma"": ""sma10"", ""vol_frac"": 0.3}",True,"{""stop_pct"": 0.05, ""target_pct"": 0.4, ""max_hold_days"": 5}"
1308,0.1834862385321101,-0.6272399985153077,-0.7010901608833777,0.8332252451883848,-0.0038527025836162,-1.1803716890872271,2.52217125382263,760,0.175,-0.5257223617168518,-0.5985679382835909,0.8076802340587418,-0.0076482816400884,-1.589745759309983,2.388157894736842,pullback_ma,screen,"{""surge_pct"": 0.1, ""ma"": ""sma10"", ""vol_frac"": 0.3}",True,"{""stop_pct"": 0.05, ""target_pct"": 0.4, ""max_hold_days"": 10}"
2683,0.366380916884085,-0.2542521976207796,-0.5805451488855936,0.9674822607593838,-0.0001514206691807,0.1877327941581001,0.8434588147595975,1946,0.3674203494347379,-0.9104290276743866,-0.9154111939383908,0.7409624994077506,-0.0119688518351876,-4.293416132746284,0.8581706063720452,pullback_ma,screen,"{""surge_pct"": 0.1, ""ma"": ""sma10"", ""vol_frac"": 0.3}",True,"{""stop_pct"": 0.1, ""target_pct"": null, ""max_hold_days"": 1}"
1623,0.3444239063462723,-0.7120057143533612,-0.7937536480941878,0.8705276419811756,-0.0035710695121662,-0.8699843168274024,2.174368453481208,963,0.3229491173416407,-0.7931196926221635,-0.8183009741888209,0.7037284991574353,-0.0161563489481336,-2.5312650374600265,2.184839044652129,pullback_ma,screen,"{""surge_pct"": 0.1, ""ma"": ""sma10"", ""vol_frac"": 0.3}",True,"{""stop_pct"": 0.1, ""target_pct"": null, ""max_hold_days"": 3}"
1193,0.3269069572506287,-0.591544764987216,-0.7289087167881936,0.8801484458302189,-0.0011347122870882,-0.4745722657318126,3.209555741827326,665,0.3112781954887218,-0.7453109586358981,-0.7842919298290575,0.6605636967516206,-0.0203379520829952,-2.4564487348359867,3.249624060150376,pullback_ma,screen,"{""surge_pct"": 0.1, ""ma"": ""sma10"", ""vol_frac"": 0.3}",True,"{""stop_pct"": 0.1, ""target_pct"": null, ""max_hold_days"": 5}"
785,0.286624203821656,-0.1993102955345455,-0.6383915570817238,0.9576208792747388,0.00424445046221,0.0846891814873918,5.257324840764332,417,0.2829736211031175,-0.526345032291297,-0.6856056615129655,0.7414211023387083,-0.0136605376141581,-1.0426516973209434,5.366906474820144,pullback_ma,screen,"{""surge_pct"": 0.1, ""ma"": ""sma10"", ""vol_frac"": 0.3}",True,"{""stop_pct"": 0.1, ""target_pct"": null, ""max_hold_days"": 10}"
2744,0.3775510204081632,-0.6577892952835054,-0.6747058058052592,0.8764390380334338,-0.0024907991999375,-0.3373275940510783,0.7452623906705539,1976,0.3790485829959514,-0.8848943753409726,-0.8912239866207736,0.744493763807564,-0.0106543258534433,-5.446375796529009,0.7525303643724697,pullback_ma,screen,"{""surge_pct"": 0.1, ""ma"": ""sma10"", ""vol_frac"": 0.3}",True,"{""stop_pct"": 0.1, ""target_pct"": 0.15, ""max_hold_days"": 1}"
1795,0.3827298050139275,-0.498511845729963,-0.6151286002940833,0.9076618055148394,-0.0009478570398878,-0.0932044889356178,1.6835654596100278,1073,0.3699906803355079,-0.7535330144040622,-0.7560311198738597,0.772748901963645,-0.0123827248580837,-3.350965913725678,1.7017707362534948,pullback_ma,screen,"{""surge_pct"": 0.1, ""ma"": ""sma10"", ""vol_frac"": 0.3}",True,"{""stop_pct"": 0.1, ""target_pct"": 0.15, ""max_hold_days"": 3}"
1427,0.3980378416257883,-0.5304566611611103,-0.6611424788332019,0.8860906265059567,-0.0028858115511634,-0.3340087867690406,2.3181499649614574,823,0.37910085054678,-0.5623037655598835,-0.595452912568472,0.8215138729844662,-0.0096444027901701,-2.189923758177432,2.298906439854192,pullback_ma,screen,"{""surge_pct"": 0.1, ""ma"": ""sma10"", ""vol_frac"": 0.3}",True,"{""stop_pct"": 0.1, ""target_pct"": 0.15, ""max_hold_days"": 5}"
1098,0.3825136612021858,-0.766173648190922,-0.7959213345585703,0.7832490327128637,-0.0127050298636083,-2.197232939973381,3.22040072859745,625,0.4096,-0.3473047283761603,-0.4616663914919446,0.8838411344141198,-0.0034503699330196,-1.0231915514057803,3.1216,pullback_ma,screen,"{""surge_pct"": 0.1, ""ma"": ""sma10"", ""vol_frac"": 0.3}",True,"{""stop_pct"": 0.1, ""target_pct"": 0.15, ""max_hold_days"": 10}"
2686,0.3667163067758749,-0.3896009029087202,-0.5107037659380798,0.9423097302774754,-0.0005736223036484,0.0416792382796892,0.8306031273268801,1950,0.3682051282051282,-0.8833224550727782,-0.8887759407228151,0.7725718674590791,-0.0106909817618358,-4.578147745269503,0.8430769230769231,pullback_ma,screen,"{""surge_pct"": 0.1, ""ma"": ""sma10"", ""vol_frac"": 0.3}",True,"{""stop_pct"": 0.1, ""target_pct"": 0.4, ""max_hold_days"": 1}"
1649,0.3511218920557913,-0.0056355167961024,-0.6220324489349874,0.999058083899319,0.0030821661077969,0.3011262819473688,2.0739842328684053,985,0.3360406091370558,-0.5897774380975587,-0.6512185485497617,0.8519152836084333,-0.0072945205618717,-1.5568650414158212,2.078172588832487,pullback_ma,screen,"{""surge_pct"": 0.1, ""ma"": ""sma10"", ""vol_frac"": 0.3}",True,"{""stop_pct"": 0.1, ""target_pct"": 0.4, ""max_hold_days"": 3}"
1236,0.3381877022653721,-0.2425078528371642,-0.4462870254966485,0.9535864229196392,0.0013802598848892,-0.0944517293903772,3.004854368932039,700,0.3071428571428571,-0.6545549526590779,-0.6903305542072584,0.780681155893603,-0.0138678854397308,-2.0825512637317583,2.9985714285714287,pullback_ma,screen,"{""surge_pct"": 0.1, ""ma"": ""sma10"", ""vol_frac"": 0.3}",True,"{""stop_pct"": 0.1, ""target_pct"": 0.4, ""max_hold_days"": 5}"
854,0.3091334894613583,0.0981518730592896,-0.5774637295643793,1.020345941056254,0.0063666435271812,0.3243254495525235,4.656908665105386,467,0.3062098501070663,-0.2840809675169083,-0.4992757682031578,0.9014133874875756,-0.0002307359431342,-0.53268103898594,4.599571734475375,pullback_ma,screen,"{""surge_pct"": 0.1, ""ma"": ""sma10"", ""vol_frac"": 0.3}",True,"{""stop_pct"": 0.1, ""target_pct"": 0.4, ""max_hold_days"": 10}"
2647,0.3758972421609369,0.0038996316684454,-0.5963068525940898,1.000455125250934,0.0012442171880311,0.3680889838071489,0.9746883264072534,1927,0.3814218993253762,-0.7513711888031541,-0.8591175718451174,0.871893026714246,-0.0054323787278318,-0.8175835507100864,0.97716658017644,pullback_ma,screen,"{""surge_pct"": 0.1, ""ma"": ""sma10"", ""vol_frac"": 0.3}",True,"{""stop_pct"": 0.2, ""target_pct"": null, ""max_hold_days"": 1}"
1474,0.3914518317503392,-0.3875391143704902,-0.7344615542481194,0.9410984675634692,0.0025843486748876,-0.1370044849168144,2.7951153324287654,849,0.3663133097762073,-0.6718868175548434,-0.7176520999292133,0.7797214742003996,-0.0119767975726559,-1.1647080411824369,2.806831566548881,pullback_ma,screen,"{""surge_pct"": 0.1, ""ma"": ""sma10"", ""vol_frac"": 0.3}",True,"{""stop_pct"": 0.2, ""target_pct"": null, ""max_hold_days"": 3}"
981,0.4036697247706422,-0.3024434837966551,-0.7583761960712723,0.9394206290162558,0.0035446204985023,0.0194507882485249,4.4495412844036695,537,0.3798882681564245,-0.3238566036012383,-0.6699117729403283,0.8774609106704063,-0.0007895628578802,-0.0470725777020062,4.4581005586592175,pullback_ma,screen,"{""surge_pct"": 0.1, ""ma"": ""sma10"", ""vol_frac"": 0.3}",True,"{""stop_pct"": 0.2, ""target_pct"": null, ""max_hold_days"": 5}"
551,0.3666061705989111,-0.0948566542258154,-0.6362351638871521,0.9787390629571224,0.0143618542492301,0.1592464267723268,8.123411978221416,301,0.3521594684385382,-0.6205337108925677,-0.6969549293100736,0.6191178807034711,-0.0290615033211444,-1.414383780771488,7.93687707641196,pullback_ma,screen,"{""surge_pct"": 0.1, ""ma"": ""sma10"", ""vol_frac"": 0.3}",True,"{""stop_pct"": 0.2, ""target_pct"": null, ""max_hold_days"": 10}"
2707,0.3915773919468046,-0.4185745962487097,-0.6072174137272021,0.9344889412404318,-0.0003109377236801,0.018096440990345,0.8718138160325083,1956,0.3977505112474437,-0.8149482405319678,-0.8238893536375398,0.7957963907716199,-0.0084708956198258,-4.052838448627338,0.8660531697341514,pullback_ma,screen,"{""surge_pct"": 0.1, ""ma"": ""sma10"", ""vol_frac"": 0.3}",True,"{""stop_pct"": 0.2, ""target_pct"": 0.15, ""max_hold_days"": 1}"
1617,0.4421768707482993,-0.1310958412082253,-0.5360478590649491,0.9772119942154642,0.0035393749243625,0.2408612294506485,2.2844774273345703,948,0.430379746835443,-0.4053522485845777,-0.4487048042146123,0.8965324332395023,-0.0044605391603776,-1.0456692676666703,2.273206751054852,pullback_ma,screen,"{""surge_pct"": 0.1, ""ma"": ""sma10"", ""vol_frac"": 0.3}",True,"{""stop_pct"": 0.2, ""target_pct"": 0.15, ""max_hold_days"": 3}"
1150,0.4617391304347826,-0.6991533053392323,-0.7637021358013052,0.8302898383117676,-0.0083728121973009,-1.5022919825775531,3.397391304347826,650,0.4661538461538461,-0.339993931167917,-0.4452470027919883,0.8960619249333821,-0.0026039228085167,-0.904707838988546,3.3630769230769237,pullback_ma,screen,"{""surge_pct"": 0.1, ""ma"": ""sma10"", ""vol_frac"": 0.3}",True,"{""stop_pct"": 0.2, ""target_pct"": 0.15, ""max_hold_days"": 5}"
767,0.4980443285528031,-0.3998982542487447,-0.6865490502794865,0.8874111238876958,-0.0042889219681426,-0.5181621563062524,5.358539765319426,431,0.531322505800464,-0.262998113750347,-0.4090822301360493,0.9065732836506936,-0.0023980991863207,-0.6561387122881436,5.099767981438515,pullback_ma,screen,"{""surge_pct"": 0.1, ""ma"": ""sma10"", ""vol_frac"": 0.3}",True,"{""stop_pct"": 0.2, ""target_pct"": 0.15, ""max_hold_days"": 10}"
2650,0.3777358490566038,0.0037962572952343,-0.4771581022741781,1.0004686570467345,0.001494932367383,0.3494720857255524,0.960754716981132,1931,0.3811496633868462,-0.6753217332315559,-0.8319403937349698,0.8989928705638336,-0.0039465124789121,-0.6541185169159459,0.9606421543241844,pullback_ma,screen,"{""surge_pct"": 0.1, ""ma"": ""sma10"", ""vol_frac"": 0.3}",True,"{""stop_pct"": 0.2, ""target_pct"": 0.4, ""max_hold_days"": 1}"
1495,0.3986622073578595,0.4737768669548567,-0.4008767002659026,1.066450040523781,0.006834295144198,0.5615271837227083,2.6996655518394648,864,0.3703703703703703,-0.596841914811364,-0.6853723599328372,0.8410391102661344,-0.0076546469055658,-1.5349199966155536,2.711805555555556,pullback_ma,screen,"{""surge_pct"": 0.1, ""ma"": ""sma10"", ""vol_frac"": 0.3}",True,"{""stop_pct"": 0.2, ""target_pct"": 0.4, ""max_hold_days"": 3}"
1019,0.4131501472031403,-0.3674362409886649,-0.6334370405515362,0.9247133585674688,0.0010915239571496,-0.3423364044712819,4.181550539744848,557,0.3806104129263913,-0.4653424723333313,-0.5903233665769558,0.8557948767542786,-0.0077137367660062,-1.0518668449209128,4.202872531418312,pullback_ma,screen,"{""surge_pct"": 0.1, ""ma"": ""sma10"", ""vol_frac"": 0.3}",True,"{""stop_pct"": 0.2, ""target_pct"": 0.4, ""max_hold_days"": 5}"
606,0.4092409240924092,0.5321990283017142,-0.5552753254532732,1.1204738519130502,0.0163338504360232,0.7331344130638582,7.227722772277228,329,0.4012158054711246,-0.3243622418627521,-0.5265366968621932,0.8818530395435527,-0.001345571270124,-0.6232487877508542,7.094224924012158,pullback_ma,screen,"{""surge_pct"": 0.1, ""ma"": ""sma10"", ""vol_frac"": 0.3}",True,"{""stop_pct"": 0.2, ""target_pct"": 0.4, ""max_hold_days"": 10}"
2643,0.376844494892168,0.1359679821858113,-0.5585027440642985,1.0148820124972568,0.0017909602378258,0.4335152685519178,0.9962164207340144,1924,0.3825363825363825,-0.7572766392962552,-0.8628525033682288,0.872289409790498,-0.0055164014426748,-0.8351240704890665,0.9974012474012474,pullback_ma,screen,"{""surge_pct"": 0.1, ""ma"": ""sma10"", ""vol_frac"": 0.3}",True,"{""stop_pct"": null, ""target_pct"": null, ""max_hold_days"": 1}"
1439,0.3981931897150799,-0.0934370016540444,-0.5488465959451356,0.9872677109382286,0.0061378934895717,0.2702214782627857,2.9861014593467687,829,0.3739445114595898,-0.6496253139332093,-0.6827875693817391,0.7930876835550378,-0.0107404455557965,-1.0083742632934427,2.97708082026538,pullback_ma,screen,"{""surge_pct"": 0.1, ""ma"": ""sma10"", ""vol_frac"": 0.3}",True,"{""stop_pct"": null, ""target_pct"": null, ""max_hold_days"": 3}"
919,0.4091403699673558,-0.4264959417643993,-0.7035476779707391,0.9148152727660716,0.0009702411995316,-0.1707330655860874,4.969532100108814,500,0.366,-0.658876679022806,-0.6860212388673812,0.7171036743879828,-0.0172646230081181,-1.623987908987241,4.946,pullback_ma,screen,"{""surge_pct"": 0.1, ""ma"": ""sma10"", ""vol_frac"": 0.3}",True,"{""stop_pct"": null, ""target_pct"": null, ""max_hold_days"": 5}"
470,0.4,0.6825940336243728,-0.4788003089948722,1.1619052209377585,0.0322780133905095,0.6596144974423894,9.882978723404255,250,0.304,-0.2636874965506129,-0.6578290672742244,0.8887098550091642,0.0132768713321095,0.1611675873373685,9.932,pullback_ma,screen,"{""surge_pct"": 0.1, ""ma"": ""sma10"", ""vol_frac"": 0.3}",True,"{""stop_pct"": null, ""target_pct"": null, ""max_hold_days"": 10}"
2703,0.3954864964853866,-0.1572173283637515,-0.4826185464870977,0.9790346146565208,0.0010454294001369,0.2324186477513596,0.8927118017018127,1953,0.4004096262160778,-0.7904099296762048,-0.8088469916583132,0.8106575119246049,-0.007865385154749,-3.7842060876962753,0.8847926267281107,pullback_ma,screen,"{""surge_pct"": 0.1, ""ma"": ""sma10"", ""vol_frac"": 0.3}",True,"{""stop_pct"": null, ""target_pct"": 0.15, ""max_hold_days"": 1}"
1582,0.4525916561314791,-0.3103300129839818,-0.4616458925964495,0.9453486829496474,0.0006310845983446,-0.0568738012992428,2.449431099873577,931,0.439312567132116,-0.2137628521080399,-0.3262388160704784,0.949387232675296,-0.001164165451212,-0.3592263406066817,2.4006444683136414,pullback_ma,screen,"{""surge_pct"": 0.1, ""ma"": ""sma10"", ""vol_frac"": 0.3}",True,"{""stop_pct"": null, ""target_pct"": 0.15, ""max_hold_days"": 3}"
1080,0.487037037037037,-0.5459833662531992,-0.7128403783282475,0.8657242506048104,-0.0042336689576545,-0.8782737697622532,3.824074074074074,614,0.4723127035830619,-0.0923615879797377,-0.2811102519482148,0.9725832405549092,0.0021454792278249,-0.0301815400214962,3.714983713355049,pullback_ma,screen,"{""surge_pct"": 0.1, ""ma"": ""sma10"", ""vol_frac"": 0.3}",True,"{""stop_pct"": null, ""target_pct"": 0.15, ""max_hold_days"": 5}"
643,0.536547433903577,0.6217070234070248,-0.408372223722789,1.148215966691344,0.0141588424682483,0.6408034866246538,6.771384136858476,352,0.5454545454545454,0.0126667745414996,-0.2291657161414901,1.0049340834259706,0.0045711124872602,0.2309933118462926,6.653409090909091,pullback_ma,screen,"{""surge_pct"": 0.1, ""ma"": ""sma10"", ""vol_frac"": 0.3}",True,"{""stop_pct"": null, ""target_pct"": 0.15, ""max_hold_days"": 10}"
2645,0.3795841209829868,0.244676716801439,-0.3930012263428725,1.0272010349729088,0.0023904343313936,0.4695801087420075,0.9814744801512288,1928,0.383298755186722,-0.6249959779380672,-0.8183918925460175,0.911718852025252,-0.0031767745442066,-0.5228447559187517,0.9797717842323652,pullback_ma,screen,"{""surge_pct"": 0.1, ""ma"": ""sma10"", ""vol_frac"": 0.3}",True,"{""stop_pct"": null, ""target_pct"": 0.4, ""max_hold_days"": 1}"
1462,0.3987688098495212,-0.2902623957429835,-0.5560546244299522,0.9536759832408468,0.0012290609169385,-0.1763853480738809,2.879616963064296,847,0.3671782762691853,-0.5630495068665162,-0.5867825480944704,0.8444431032210528,-0.0073778741819792,-1.287610018770961,2.8630460448642268,pullback_ma,screen,"{""surge_pct"": 0.1, ""ma"": ""sma10"", ""vol_frac"": 0.3}",True,"{""stop_pct"": null, ""target_pct"": 0.4, ""max_hold_days"": 3}"
952,0.4170168067226891,-0.0927945188670513,-0.497853898486174,0.9812480270947042,0.0048652877437224,0.113180078397571,4.682773109243698,520,0.3846153846153846,0.0652751264860556,-0.4534937448680243,1.0218178851799546,0.0077493053660522,0.4109756525772388,4.686538461538461,pullback_ma,screen,"{""surge_pct"": 0.1, ""ma"": ""sma10"", ""vol_frac"": 0.3}",True,"{""stop_pct"": null, ""target_pct"": 0.4, ""max_hold_days"": 5}"
516,0.4341085271317829,1.269230458332422,-0.4257779139428086,1.2701334162564373,0.0282561203529072,0.8877607065812945,8.80813953488372,280,0.4178571428571428,-0.1720592671539003,-0.3351249809410681,0.9217280305849528,0.0013601686783022,-0.1734473215512564,8.689285714285715,pullback_ma,screen,"{""surge_pct"": 0.1, ""ma"": ""sma10"", ""vol_frac"": 0.3}",True,"{""stop_pct"": null, ""target_pct"": 0.4, ""max_hold_days"": 10}"
541,0.2476894639556377,-0.5067721870012256,-0.6099913912715316,0.6226668893884826,-0.0127231088198455,-1.7582375579147893,0.3789279112754159,453,0.2251655629139073,-0.4698476065595819,-0.4955627012050135,0.6821946284801395,-0.0134753510275043,-2.3428002035049804,0.3421633554083885,threads_us_pullback,screen,"{""min_runup30"": 1.5, ""max_mcap"": 1800000000.0}",False,"{""stop_pct"": 0.05, ""target_pct"": null, ""max_hold_days"": 1}"
534,0.1910112359550561,-0.4502884856959926,-0.6189577911739772,0.7407708463710421,-0.0101570754689861,-1.126128801408924,0.8539325842696629,441,0.1337868480725623,-0.501957265559122,-0.5438604223108126,0.6951011187100602,-0.0145673190067758,-1.2869339958621413,0.7256235827664399,threads_us_pullback,screen,"{""min_runup30"": 1.5, ""max_mcap"": 1800000000.0}",False,"{""stop_pct"": 0.05, ""target_pct"": null, ""max_hold_days"": 3}"
525,0.1580952380952381,-0.4866596699915538,-0.6469832725785201,0.7050868181713477,-0.0113419554246931,-1.067913389187675,1.1961904761904762,438,0.1004566210045662,-0.5034890570937726,-0.5781314315776249,0.6802735137673612,-0.0140515631919015,-1.0672019045372247,0.9794520547945206,threads_us_pullback,screen,"{""min_runup30"": 1.5, ""max_mcap"": 1800000000.0}",False,"{""stop_pct"": 0.05, ""target_pct"": null, ""max_hold_days"": 5}"
499,0.0981963927855711,-0.6019064953774955,-0.7814290481472044,0.5830021152480879,-0.0157553963032914,-1.0859829893382094,1.7995991983967936,423,0.0732860520094562,-0.3279028238095535,-0.5990287448378073,0.8394114521899929,-0.0041073921576887,-0.1816992158468097,1.4184397163120568,threads_us_pullback,screen,"{""min_runup30"": 1.5, ""max_mcap"": 1800000000.0}",False,"{""stop_pct"": 0.05, ""target_pct"": null, ""max_hold_days"": 10}"
541,0.2606284658040665,-0.5631953600748734,-0.6138871102031668,0.6043672738685588,-0.0152566971296154,-3.226562372825681,0.2717190388170055,453,0.2317880794701986,-0.6499316739591279,-0.6499316739591279,0.4834966957927882,-0.0231384073128211,-5.865113664617796,0.2317880794701986,threads_us_pullback,screen,"{""min_runup30"": 1.5, ""max_mcap"": 1800000000.0}",False,"{""stop_pct"": 0.05, ""target_pct"": 0.15, ""max_hold_days"": 1}"
536,0.2462686567164179,-0.4991429939796229,-0.5818749978344044,0.7121612493916656,-0.0127454900445753,-2.3957738649121296,0.458955223880597,444,0.1846846846846846,-0.6708264741500898,-0.6708264741500898,0.4901644105263691,-0.0247967313383324,-5.742268209305279,0.3783783783783784,threads_us_pullback,screen,"{""min_runup30"": 1.5, ""max_mcap"": 1800000000.0}",False,"{""stop_pct"": 0.05, ""target_pct"": 0.15, ""max_hold_days"": 3}"
535,0.2336448598130841,-0.4860909052642632,-0.5694749632960947,0.7314798792787807,-0.0122609941497525,-2.2569508847284108,0.5271028037383177,443,0.1783295711060948,-0.6747472286617411,-0.6747472286617411,0.4945844339716361,-0.0251047055261623,-5.706393852654094,0.435665914221219,threads_us_pullback,screen,"{""min_runup30"": 1.5, ""max_mcap"": 1800000000.0}",False,"{""stop_pct"": 0.05, ""target_pct"": 0.15, ""max_hold_days"": 5}"
532,0.225563909774436,-0.496396462873686,-0.5762438264656743,0.7264786165945847,-0.0126986284298137,-2.2813728779245968,0.5921052631578947,439,0.1731207289293849,-0.6754916015984486,-0.6754916015984486,0.4959142300380789,-0.0254488350578173,-5.660714366842037,0.4806378132118451,threads_us_pullback,screen,"{""min_runup30"": 1.5, ""max_mcap"": 1800000000.0}",False,"{""stop_pct"": 0.05, ""target_pct"": 0.15, ""max_hold_days"": 10}"
541,0.2476894639556377,-0.5415322139475801,-0.6310895048094747,0.5938400305244385,-0.0142069635789748,-2.5839511630920464,0.3696857670979667,453,0.227373068432671,-0.5353100070455722,-0.5353100070455722,0.6251987209580574,-0.0166657029347743,-3.241282239689937,0.3134657836644591,threads_us_pullback,screen,"{""min_runup30"": 1.5, ""max_mcap"": 1800000000.0}",False,"{""stop_pct"": 0.05, ""target_pct"": 0.4, ""max_hold_days"": 1}"
534,0.1947565543071161,-0.4818618976469635,-0.6527220096504673,0.7122080773935316,-0.0116906422943822,-1.6850676374992588,0.7621722846441947,441,0.1428571428571428,-0.6026805819645606,-0.6071093468285909,0.6078535660315234,-0.0204387491140257,-3.324110702564709,0.6031746031746031,threads_us_pullback,screen,"{""min_runup30"": 1.5, ""max_mcap"": 1800000000.0}",False,"{""stop_pct"": 0.05, ""target_pct"": 0.4, ""max_hold_days"": 3}"
527,0.1669829222011385,-0.4852188102953488,-0.6386534225840725,0.710870701047934,-0.011583116372489,-1.5543797371237849,1.01707779886148,438,0.1141552511415525,-0.6438541199669419,-0.6485310539021483,0.5694795358075277,-0.0228952887263998,-3.4545494449200325,0.7602739726027398,threads_us_pullback,screen,"{""min_runup30"": 1.5, ""max_mcap"": 1800000000.0}",False,"{""stop_pct"": 0.05, ""target_pct"": 0.4, ""max_hold_days"": 5}"
510,0.1215686274509803,-0.5846202906907212,-0.7167371673063725,0.6284866273253373,-0.0163157015890715,-1.8976287841056487,1.3529411764705883,428,0.0981308411214953,-0.653006121736483,-0.653006121736483,0.5481950723421726,-0.0240102045944193,-3.401991227494825,0.9345794392523364,threads_us_pullback,screen,"{""min_runup30"": 1.5, ""max_mcap"": 1800000000.0}",False,"{""stop_pct"": 0.05, ""target_pct"": 0.4, ""max_hold_days"": 10}"
541,0.3475046210720887,-0.2779309990539326,-0.5472669562171698,0.8578875924485785,-0.0048200437274702,-0.4612791866342052,0.6894639556377079,453,0.2891832229580574,-0.5626828076932502,-0.6842544784133395,0.6975418611726689,-0.0163308099076594,-1.934685382199825,0.6181015452538632,threads_us_pullback,screen,"{""min_runup30"": 1.5, ""max_mcap"": 1800000000.0}",False,"{""stop_pct"": 0.1, ""target_pct"": null, ""max_hold_days"": 1}"
509,0.3182711198428291,-0.29318597169435,-0.5888235932303731,0.8946153417736961,-0.0038127851771356,-0.3146154279982722,1.6483300589390963,426,0.2089201877934272,-0.7360324069618589,-0.7795638575602934,0.6446400283088477,-0.0286169309112481,-2.0340655298845087,1.3779342723004695,threads_us_pullback,screen,"{""min_runup30"": 1.5, ""max_mcap"": 1800000000.0}",False,"{""stop_pct"": 0.1, ""target_pct"": null, ""max_hold_days"": 3}"
483,0.2608695652173913,-0.4280490715783229,-0.6549087681094581,0.8258825959798587,-0.0068643096188989,-0.4800585149180935,2.3146997929606625,410,0.173170731707317,-0.7370684171680661,-0.7760541106394943,0.6218990809362113,-0.0296622227022265,-1.771979187350634,1.9268292682926829,threads_us_pullback,screen,"{""min_runup30"": 1.5, ""max_mcap"": 1800000000.0}",False,"{""stop_pct"": 0.1, ""target_pct"": null, ""max_hold_days"": 5}"
432,0.1851851851851851,-0.2081462268432663,-0.6797838738326694,0.926397020321637,0.0023277214714438,0.0416189102163617,3.5416666666666665,382,0.1151832460732984,-0.789910147437469,-0.8443048762599452,0.6520029976249166,-0.0347419887122237,-1.3677280735125863,2.69109947643979,threads_us_pullback,screen,"{""min_runup30"": 1.5, ""max_mcap"": 1800000000.0}",False,"{""stop_pct"": 0.1, ""target_pct"": null, ""max_hold_days"": 10}"
541,0.3715341959334565,-0.3816741017108275,-0.5372107993368094,0.8130622884071397,-0.0080998245273331,-0.9632348683681348,0.5378927911275416,453,0.304635761589404,-0.7765769375966449,-0.7765769375966449,0.4822812887538105,-0.0327578279323557,-6.204757071885675,0.4724061810154525,threads_us_pullback,screen,"{""min_runup30"": 1.5, ""max_mcap"": 1800000000.0}",False,"{""stop_pct"": 0.1, ""target_pct"": 0.15, ""max_hold_days"": 1}"
520,0.3942307692307692,-0.3260110527157324,-0.545168311029776,0.8801608883563088,-0.0064522202755996,-0.6755768470730518,1.0076923076923077,434,0.2764976958525346,-0.8183730866778337,-0.8183730866778337,0.5052124117852386,-0.0386079138439908,-6.281609577452081,0.8525345622119815,threads_us_pullback,screen,"{""min_runup30"": 1.5, ""max_mcap"": 1800000000.0}",False,"{""stop_pct"": 0.1, ""target_pct"": 0.15, ""max_hold_days"": 3}"
509,0.387033398821218,-0.2988319193770006,-0.5438459051977902,0.896842323655843,-0.0058795108509115,-0.5825464040387764,1.1669941060903732,430,0.2837209302325581,-0.8183193152140765,-0.8183193152140765,0.518923486089278,-0.0389808383131334,-6.104781084953639,1.0186046511627906,threads_us_pullback,screen,"{""min_runup30"": 1.5, ""max_mcap"": 1800000000.0}",False,"{""stop_pct"": 0.1, ""target_pct"": 0.15, ""max_hold_days"": 5}"
503,0.3856858846918489,-0.267020732448835,-0.5279793060700327,0.9106634345609914,-0.0048736661593249,-0.4808525967635636,1.3538767395626243,421,0.2755344418052256,-0.8308621331660399,-0.8308621331660399,0.5150955277025381,-0.0416029460473017,-6.378094030803563,1.168646080760095,threads_us_pullback,screen,"{""min_runup30"": 1.5, ""max_mcap"": 1800000000.0}",False,"{""stop_pct"": 0.1, ""target_pct"": 0.15, ""max_hold_days"": 10}"
541,0.3475046210720887,-0.3490794573917237,-0.5722035552846823,0.8178991120846616,-0.0069111678534106,-0.7614658238796134,0.6728280961182994,453,0.2913907284768212,-0.7253026286479709,-0.7264902278074039,0.5527305576842956,-0.0279131064072638,-4.394846207752113,0.5827814569536424,threads_us_pullback,screen,"{""min_runup30"": 1.5, ""max_mcap"": 1800000000.0}",False,"{""stop_pct"": 0.1, ""target_pct"": 0.4, ""max_hold_days"": 1}"
509,0.3261296660117878,-0.2803078935697008,-0.618131591289399,0.8951543496490942,-0.0042167628518322,-0.4006673165747573,1.4911591355599214,428,0.2242990654205607,-0.7903515348323071,-0.7948096026191032,0.5735044848176134,-0.0353973227276075,-4.415945885608672,1.2009345794392523,threads_us_pullback,screen,"{""min_runup30"": 1.5, ""max_mcap"": 1800000000.0}",False,"{""stop_pct"": 0.1, ""target_pct"": 0.4, ""max_hold_days"": 3}"
488,0.2704918032786885,-0.4223365661603938,-0.6360981456645762,0.8374493022616429,-0.0086222274586769,-0.6940705480693196,1.9344262295081969,415,0.1903614457831325,-0.8055633010290288,-0.8096978983587069,0.558824618980571,-0.0379064312598996,-4.258609146928968,1.5783132530120485,threads_us_pullback,screen,"{""min_runup30"": 1.5, ""max_mcap"": 1800000000.0}",False,"{""stop_pct"": 0.1, ""target_pct"": 0.4, ""max_hold_days"": 5}"
464,0.2198275862068965,-0.5224865211477484,-0.7164423764014802,0.7960332169859524,-0.0131211463185357,-0.9236128962025956,2.560344827586207,401,0.1546134663341646,-0.8530701338767471,-0.8561945226127123,0.5165690107041466,-0.0460349459407152,-4.85415806476128,1.9526184538653368,threads_us_pullback,screen,"{""min_runup30"": 1.5, ""max_mcap"": 1800000000.0}",False,"{""stop_pct"": 0.1, ""target_pct"": 0.4, ""max_hold_days"": 10}"
541,0.3752310536044362,-0.4104900020112173,-0.6249611049872936,0.7962863222806424,-0.0083418386833408,-0.7375661294667137,0.9186691312384472,453,0.3289183222958057,-0.5009371976997163,-0.673036059099722,0.7654007207443124,-0.0130589589695617,-1.3715567782775424,0.8896247240618101,threads_us_pullback,screen,"{""min_runup30"": 1.5, ""max_mcap"": 1800000000.0}",False,"{""stop_pct"": 0.2, ""target_pct"": null, ""max_hold_days"": 1}"
483,0.3768115942028985,-0.5362446723645082,-0.7155898048791444,0.8320283638487797,-0.0125418390735801,-0.7837423107936087,2.5072463768115942,405,0.2839506172839506,-0.7633171713004957,-0.8004579991724136,0.6893602637695028,-0.0309760413034235,-1.822015215578108,2.362962962962963,threads_us_pullback,screen,"{""min_runup30"": 1.5, ""max_mcap"": 1800000000.0}",False,"{""stop_pct"": 0.2, ""target_pct"": null, ""max_hold_days"": 3}"
428,0.3434579439252336,-0.7163762092824649,-0.7640762725419656,0.7147599859719836,-0.0264237307581272,-1.1999174162399473,3.7523364485981303,365,0.2493150684931507,-0.852373928178636,-0.8810477978269405,0.6095707439965986,-0.0471587487822438,-2.214202926847009,3.43013698630137,threads_us_pullback,screen,"{""min_runup30"": 1.5, ""max_mcap"": 1800000000.0}",False,"{""stop_pct"": 0.2, ""target_pct"": null, ""max_hold_days"": 5}"
352,0.2642045454545454,-0.7185761321340844,-0.8411878681260747,0.7278221743105908,-0.0252984794173005,-0.8453570341608372,6.051136363636363,292,0.1917808219178082,-0.909663598082308,-0.9319937358247138,0.65081609615678,-0.059909138128044,-1.817562236481067,5.328767123287672,threads_us_pullback,screen,"{""min_runup30"": 1.5, ""max_mcap"": 1800000000.0}",False,"{""stop_pct"": 0.2, ""target_pct"": null, ""max_hold_days"": 10}"
541,0.4158964879852125,-0.3091926252919666,-0.5431239325802156,0.869386332027098,-0.0058163121486732,-0.6116688217147744,0.7393715341959335,453,0.3532008830022075,-0.7376047498530275,-0.7376047498530275,0.5611670404234054,-0.0289845755778345,-4.481868084627589,0.7196467991169978,threads_us_pullback,screen,"{""min_runup30"": 1.5, ""max_mcap"": 1800000000.0}",False,"{""stop_pct"": 0.2, ""target_pct"": 0.15, ""max_hold_days"": 1}"
501,0.4910179640718562,-0.2394356701529049,-0.5675986858143511,0.9351686774970956,-0.0036861760340896,-0.2926948195039675,1.7045908183632734,418,0.3732057416267942,-0.8698413253443875,-0.8711233564626285,0.5159735168389631,-0.0470548398859035,-5.679018855670621,1.6626794258373203,threads_us_pullback,screen,"{""min_runup30"": 1.5, ""max_mcap"": 1800000000.0}",False,"{""stop_pct"": 0.2, ""target_pct"": 0.15, ""max_hold_days"": 3}"
476,0.5126050420168067,-0.262797703218618,-0.6069706011345026,0.9401444904633778,-0.0034544929358412,-0.2671073843654342,2.168067226890756,402,0.4129353233830846,-0.86840023035278,-0.8696964559043039,0.555939525343528,-0.048217161427589,-5.370192421131684,2.0920398009950247,threads_us_pullback,screen,"{""min_runup30"": 1.5, ""max_mcap"": 1800000000.0}",False,"{""stop_pct"": 0.2, ""target_pct"": 0.15, ""max_hold_days"": 5}"
451,0.516629711751663,-0.3789583148551351,-0.6426713476572411,0.9140908902514846,-0.0076892182755042,-0.4779779083877559,2.804878048780488,378,0.41005291005291,-0.903629699847926,-0.9045789237394268,0.5308551253858,-0.0589880837045796,-5.972470136266716,2.5185185185185186,threads_us_pullback,screen,"{""min_runup30"": 1.5, ""max_mcap"": 1800000000.0}",False,"{""stop_pct"": 0.2, ""target_pct"": 0.15, ""max_hold_days"": 10}"
541,0.3752310536044362,-0.4680860570148056,-0.6359544350526425,0.7634482757151534,-0.0104329628092812,-1.0304962517331135,0.9020332717190388,453,0.3333333333333333,-0.6564970976623755,-0.6814758007433674,0.6514068247731916,-0.0226353288990025,-2.9696173405316904,0.8432671081677704,threads_us_pullback,screen,"{""min_runup30"": 1.5, ""max_mcap"": 1800000000.0}",False,"{""stop_pct"": 0.2, ""target_pct"": 0.4, ""max_hold_days"": 1}"
484,0.384297520661157,-0.5172786837020882,-0.7286114499183001,0.8303166242433417,-0.012211650618156,-0.8596401859672715,2.324380165289256,408,0.3161764705882353,-0.7865468696140758,-0.7936383300913827,0.6602714172570079,-0.0355265529424557,-3.3959765815308707,2.112745098039216,threads_us_pullback,screen,"{""min_runup30"": 1.5, ""max_mcap"": 1800000000.0}",False,"{""stop_pct"": 0.2, ""target_pct"": 0.4, ""max_hold_days"": 3}"
439,0.3530751708428246,-0.6618224240931904,-0.7797623721870193,0.7861509712394645,-0.0200914289835773,-1.2013074945355329,3.255125284738041,374,0.2887700534759358,-0.8313896987603853,-0.8505079174380756,0.6510776911260452,-0.0438573584885806,-3.548812997370214,2.885026737967914,threads_us_pullback,screen,"{""min_runup30"": 1.5, ""max_mcap"": 1800000000.0}",False,"{""stop_pct"": 0.2, ""target_pct"": 0.4, ""max_hold_days"": 5}"
391,0.309462915601023,-0.7154709251091336,-0.8245733296917901,0.7864780328059163,-0.0281557204897887,-1.2440320777594387,4.726342710997442,327,0.2721712538226299,-0.8590999978969361,-0.8689990035193838,0.6348496434549965,-0.0570816809906667,-3.829605074442586,3.948012232415902,threads_us_pullback,screen,"{""min_runup30"": 1.5, ""max_mcap"": 1800000000.0}",False,"{""stop_pct"": 0.2, ""target_pct"": 0.4, ""max_hold_days"": 10}"
541,0.3826247689463956,-0.3427067477899572,-0.6016314548774817,0.8385005771546511,-0.0062574098942348,-0.5338342527576484,0.99815157116451,453,0.3465783664459161,-0.5137204843957243,-0.675445253798711,0.7770641131537124,-0.0131574892537491,-1.2370331304778233,0.9911699779249448,threads_us_pullback,screen,"{""min_runup30"": 1.5, ""max_mcap"": 1800000000.0}",False,"{""stop_pct"": null, ""target_pct"": null, ""max_hold_days"": 1}"
475,0.4126315789473684,-0.2805324838067449,-0.6341726545340433,0.9291902643851446,-0.00180293145593,-0.1285384892473043,2.9873684210526315,399,0.3057644110275689,-0.8533151607432993,-0.8767656675006242,0.6581031585525029,-0.0416777594562629,-2.218843121772408,2.9649122807017543,threads_us_pullback,screen,"{""min_runup30"": 1.5, ""max_mcap"": 1800000000.0}",False,"{""stop_pct"": null, ""target_pct"": null, ""max_hold_days"": 3}"
409,0.393643031784841,-0.76187137554638,-0.8135059761194483,0.707970871789229,-0.0302382618552088,-1.0996715054136017,4.951100244498778,335,0.3014925373134328,-0.805954429838081,-0.8485219362422224,0.744838047400748,-0.0409025614463129,-1.5856947320686512,4.901492537313433,threads_us_pullback,screen,"{""min_runup30"": 1.5, ""max_mcap"": 1800000000.0}",False,"{""stop_pct"": null, ""target_pct"": null, ""max_hold_days"": 5}"
290,0.3241379310344827,-0.612735724082766,-0.875365865693795,0.7519557445631225,-0.0163784504410252,-0.4366815286426296,9.855172413793104,214,0.2570093457943925,-0.9002896018184244,-0.9281406560573372,0.655547099226321,-0.0871331646160287,-1.3776921986949258,9.780373831775702,threads_us_pullback,screen,"{""min_runup30"": 1.5, ""max_mcap"": 1800000000.0}",False,"{""stop_pct"": null, ""target_pct"": null, ""max_hold_days"": 10}"
541,0.4380776340110905,-0.0071091859350519,-0.4563660077935566,0.997222907974939,0.0008929789326558,0.1131825081586493,0.800369685767098,453,0.390728476821192,-0.6398042598357556,-0.6398042598357556,0.6388789549216572,-0.0219824357049018,-3.196999133282306,0.7902869757174393,threads_us_pullback,screen,"{""min_runup30"": 1.5, ""max_mcap"": 1800000000.0}",False,"{""stop_pct"": null, ""target_pct"": 0.15, ""max_hold_days"": 1}"
496,0.5342741935483871,0.1521894164229171,-0.4764991974914164,1.0357608396447338,0.0054404960212799,0.3880726964080642,2.0463709677419355,413,0.4358353510895884,-0.8300243351362515,-0.8324749128744761,0.5654649690969095,-0.0404847574834196,-3.94003203491521,2.11138014527845,threads_us_pullback,screen,"{""min_runup30"": 1.5, ""max_mcap"": 1800000000.0}",False,"{""stop_pct"": null, ""target_pct"": 0.15, ""max_hold_days"": 3}"
457,0.5711159737417943,-0.0433389914962631,-0.5411668069643036,0.9911713972719968,0.0032128475356708,0.1323540167629312,2.989059080962801,374,0.4973262032085561,-0.7844098843085983,-0.7885788051443215,0.6380846863442138,-0.038274905683399,-3.3151071158827508,3.160427807486631,threads_us_pullback,screen,"{""min_runup30"": 1.5, ""max_mcap"": 1800000000.0}",False,"{""stop_pct"": null, ""target_pct"": 0.15, ""max_hold_days"": 5}"
382,0.6047120418848168,-0.3767220903261221,-0.6297757403897366,0.9069720744028692,-0.0086312515306629,-0.4070618684961306,5.060209424083769,302,0.5364238410596026,-0.8844695310895452,-0.8886971931313707,0.4976314154480969,-0.0628252661956758,-4.309895591151482,5.493377483443709,threads_us_pullback,screen,"{""min_runup30"": 1.5, ""max_mcap"": 1800000000.0}",False,"{""stop_pct"": null, ""target_pct"": 0.15, ""max_hold_days"": 10}"
541,0.3844731977818854,-0.3533318193358404,-0.5757743230059715,0.830107748173355,-0.0067210419368662,-0.6527718247092733,0.977818853974122,453,0.3576158940397351,-0.5424723916424814,-0.6242371443367649,0.7513814655343558,-0.0160407943028689,-1.8008198002844176,0.93598233995585,threads_us_pullback,screen,"{""min_runup30"": 1.5, ""max_mcap"": 1800000000.0}",False,"{""stop_pct"": null, ""target_pct"": 0.4, ""max_hold_days"": 1}"
476,0.4264705882352941,-0.1472610183578548,-0.5626933339410465,0.9615660106853028,0.0007761440386752,-0.0062306552825557,2.760504201680672,403,0.347394540942928,-0.7773540998282071,-0.7895742731624934,0.7108418474777238,-0.0340842559881364,-2.738248722809853,2.655086848635236,threads_us_pullback,screen,"{""min_runup30"": 1.5, ""max_mcap"": 1800000000.0}",False,"{""stop_pct"": null, ""target_pct"": 0.4, ""max_hold_days"": 3}"
417,0.4124700239808153,-0.4561069375603791,-0.6540006005069092,0.8809590190085355,-0.0090251169397811,-0.4730713656807077,4.357314148681056,346,0.3554913294797688,-0.7062761024483752,-0.759015926344915,0.7895190858465038,-0.0300895933376252,-1.994389059244699,4.147398843930636,threads_us_pullback,screen,"{""min_runup30"": 1.5, ""max_mcap"": 1800000000.0}",False,"{""stop_pct"": null, ""target_pct"": 0.4, ""max_hold_days"": 5}"
320,0.3875,-0.3095650562812985,-0.8428176676813737,0.8943879078934048,0.010622246950404,0.1754116104817518,8.06875,251,0.3705179282868526,-0.8157142251343703,-0.8265173067511019,0.6565209450669817,-0.0557364291686698,-2.41666840163182,7.585657370517929,threads_us_pullback,screen,"{""min_runup30"": 1.5, ""max_mcap"": 1800000000.0}",False,"{""stop_pct"": null, ""target_pct"": 0.4, ""max_hold_days"": 10}"
2049,0.2781844802342606,-0.9401324502465012,-0.9437209959132336,0.6359498066869335,-0.0134008469460004,-4.162281331251814,0.4587603709126403,1794,0.2441471571906354,-0.9554876612387612,-0.9559496608705808,0.5699747573623462,-0.0169542211512226,-6.83566861257632,0.4364548494983277,threads_us_pullback,screen,"{""min_runup30"": 0.5, ""max_mcap"": 1800000000.0}",False,"{""stop_pct"": 0.05, ""target_pct"": null, ""max_hold_days"": 1}"
1701,0.2087007642563198,-0.921935719516908,-0.949125143852082,0.697118533799811,-0.0140242261038201,-2.9264582039221385,1.024103468547913,1322,0.1626323751891074,-0.9348428875299948,-0.9477977426287532,0.621719635981069,-0.0201724673253157,-4.1028577099768855,0.9190620272314676,threads_us_pullback,screen,"{""min_runup30"": 0.5, ""max_mcap"": 1800000000.0}",False,"{""stop_pct"": 0.05, ""target_pct"": null, ""max_hold_days"": 3}"
1513,0.1744877726371447,-0.8605890161658789,-0.9254595309866068,0.7276168320181744,-0.0119758563903656,-1.9066569836325995,1.4428288169200263,1135,0.1383259911894273,-0.9141821949200968,-0.9340014084627288,0.6426818314789167,-0.0207092823456051,-3.0958623166416284,1.234361233480176,threads_us_pullback,screen,"{""min_runup30"": 0.5, ""max_mcap"": 1800000000.0}",False,"{""stop_pct"": 0.05, ""target_pct"": null, ""max_hold_days"": 5}"
1259,0.1247021445591739,-0.90831220915803,-0.946145238109266,0.6679219069894824,-0.0177806343056239,-2.255794503634984,2.128673550436855,928,0.0862068965517241,-0.924763477419854,-0.9461714980069116,0.5730400654806154,-0.0265884447264071,-3.175265363628261,1.6648706896551724,threads_us_pullback,screen,"{""min_runup30"": 0.5, ""max_mcap"": 1800000000.0}",False,"{""stop_pct"": 0.05, ""target_pct"": null, ""max_hold_days"": 10}"
2049,0.2864812103465105,-0.9642002577616264,-0.9642002577616264,0.5869709506592968,-0.0161450940434171,-7.320788951001374,0.3816495851634944,1794,0.2508361204013378,-0.9729457499990702,-0.9729457499990702,0.540835089533106,-0.0199001752288565,-9.683131830027296,0.3578595317725752,threads_us_pullback,screen,"{""min_runup30"": 0.5, ""max_mcap"": 1800000000.0}",False,"{""stop_pct"": 0.05, ""target_pct"": 0.15, ""max_hold_days"": 1}"
1783,0.2434099831744251,-0.9446542571365116,-0.9489025908343438,0.6856042815209384,-0.0160180295710473,-5.307557188288698,0.7072349971957376,1447,0.2149274360746371,-0.9431652346147894,-0.9476324950637036,0.6190977690244451,-0.019734458269057,-7.449808807363642,0.5943331029716655,threads_us_pullback,screen,"{""min_runup30"": 0.5, ""max_mcap"": 1800000000.0}",False,"{""stop_pct"": 0.05, ""target_pct"": 0.15, ""max_hold_days"": 3}"
1689,0.2303137951450562,-0.9308813154367336,-0.9385872342613556,0.6992456627693954,-0.0156224676118955,-4.766437482662904,0.8507992895204263,1355,0.2103321033210332,-0.9289233793966384,-0.936852223375066,0.6368859738229535,-0.0193417912269106,-6.923800849312476,0.7239852398523985,threads_us_pullback,screen,"{""min_runup30"": 0.5, ""max_mcap"": 1800000000.0}",False,"{""stop_pct"": 0.05, ""target_pct"": 0.15, ""max_hold_days"": 5}"
1600,0.215625,-0.9297316199736252,-0.938444083674594,0.7029973743155982,-0.0163309260792914,-4.690233088515255,1.009375,1264,0.2001582278481012,-0.9190488868739995,-0.9251632736650048,0.6404008797802148,-0.0199533582831515,-6.876249862631906,0.8354430379746836,threads_us_pullback,screen,"{""min_runup30"": 0.5, ""max_mcap"": 1800000000.0}",False,"{""stop_pct"": 0.05, ""target_pct"": 0.15, ""max_hold_days"": 10}"
2049,0.2791605661298194,-0.9484133131378212,-0.9520003447369774,0.6331982857853019,-0.0142214785993339,-4.947062435236987,0.4480234260614934,1794,0.2452619843924191,-0.9576701181205436,-0.9576701181205436,0.5704588337478103,-0.0172501429167719,-7.055302320911444,0.4180602006688963,threads_us_pullback,screen,"{""min_runup30"": 0.5, ""max_mcap"": 1800000000.0}",False,"{""stop_pct"": 0.05, ""target_pct"": 0.4, ""max_hold_days"": 1}"
1722,0.2119628339140534,-0.9172643733999404,-0.941835144330488,0.708505147979406,-0.0138503427407787,-3.404955780710863,0.954123112659698,1353,0.1714708056171471,-0.9242415193982354,-0.9377250356290796,0.654677861374939,-0.0187172322969344,-5.00083653650375,0.8292682926829268,threads_us_pullback,screen,"{""min_runup30"": 0.5, ""max_mcap"": 1800000000.0}",False,"{""stop_pct"": 0.05, ""target_pct"": 0.4, ""max_hold_days"": 3}"
1554,0.1769626769626769,-0.9229346513887676,-0.9461636709332938,0.6718727774714153,-0.0158893104594211,-3.396398768111837,1.292792792792793,1185,0.1552742616033755,-0.8893819499031794,-0.912753292508268,0.6710278776109605,-0.0177596382104412,-4.307927765020305,1.090295358649789,threads_us_pullback,screen,"{""min_runup30"": 0.5, ""max_mcap"": 1800000000.0}",False,"{""stop_pct"": 0.05, ""target_pct"": 0.4, ""max_hold_days"": 5}"
1369,0.1336742147552958,-0.9263246970557634,-0.945029178791354,0.6329744165891795,-0.0189316128284594,-3.5020722427665114,1.7742878013148284,1022,0.1232876712328767,-0.8897462238892152,-0.9063394217138048,0.6372969195343559,-0.0201385096764577,-4.6273811052060365,1.4119373776908024,threads_us_pullback,screen,"{""min_runup30"": 0.5, ""max_mcap"": 1800000000.0}",False,"{""stop_pct"": 0.05, ""target_pct"": 0.4, ""max_hold_days"": 10}"
2049,0.3533430941922889,-0.9005495287220469,-0.913254137071962,0.7262794565150363,-0.0105242054411222,-2.588362088781075,0.7755002440214739,1794,0.3149386845039019,-0.9536846236360916,-0.957963178216222,0.6761786441768342,-0.01613149830942,-4.613899068143007,0.7246376811594203,threads_us_pullback,screen,"{""min_runup30"": 0.5, ""max_mcap"": 1800000000.0}",False,"{""stop_pct"": 0.1, ""target_pct"": null, ""max_hold_days"": 1}"
1451,0.3225361819434872,-0.7820241578066502,-0.8712735047180287,0.8341386966458225,-0.0075568502666277,-0.7074861975259665,1.869055823569952,1060,0.2650943396226415,-0.9364597472535108,-0.9510207078363272,0.6817676260638642,-0.02432644066368,-3.367661110136929,1.6415094339622642,threads_us_pullback,screen,"{""min_runup30"": 0.5, ""max_mcap"": 1800000000.0}",False,"{""stop_pct"": 0.1, ""target_pct"": null, ""max_hold_days"": 3}"
1171,0.2843723313407344,-0.6651335813680271,-0.8107833746627364,0.841390029859315,-0.0057197861646114,-0.354349675002987,2.713919726729291,833,0.2148859543817527,-0.9428348608830086,-0.9537288804407243,0.6423761562634247,-0.0331181437386245,-2.846549779129886,2.226890756302521,threads_us_pullback,screen,"{""min_runup30"": 0.5, ""max_mcap"": 1800000000.0}",False,"{""stop_pct"": 0.1, ""target_pct"": null, ""max_hold_days"": 5}"
882,0.2120181405895691,-0.7771922283950233,-0.8789538000393248,0.7874103168244228,-0.013109432470482,-0.5578707352287842,4.011337868480726,610,0.1573770491803278,-0.9136921851092212,-0.935517539886355,0.669199302883062,-0.0403314226672286,-2.149350221522826,3.185245901639344,threads_us_pullback,screen,"{""min_runup30"": 0.5, ""max_mcap"": 1800000000.0}",False,"{""stop_pct"": 0.1, ""target_pct"": null, ""max_hold_days"": 10}"
2049,0.367984382625671,-0.9428495821601626,-0.9453964594596896,0.676364971444802,-0.0134913715920321,-4.197589248419497,0.6710590531966814,1794,0.3283166109253065,-0.9799991383131126,-0.9807940156521244,0.6291437664233921,-0.0212971575319802,-8.046802988395573,0.6131549609810479,threads_us_pullback,screen,"{""min_runup30"": 0.5, ""max_mcap"": 1800000000.0}",False,"{""stop_pct"": 0.1, ""target_pct"": 0.15, ""max_hold_days"": 1}"
1574,0.3761118170266836,-0.8834664614675428,-0.9133006644513546,0.798192526218172,-0.0129374214020711,-2.6208613838739847,1.3487928843710293,1224,0.343954248366013,-0.931802075008011,-0.9432481528794768,0.7243988759761212,-0.0212159860568065,-5.330942972245648,1.1053921568627452,threads_us_pullback,screen,"{""min_runup30"": 0.5, ""max_mcap"": 1800000000.0}",False,"{""stop_pct"": 0.1, ""target_pct"": 0.15, ""max_hold_days"": 3}"
1400,0.3692857142857143,-0.8694917488008321,-0.906419798079914,0.8031885870126383,-0.0137872923791408,-2.4208185659114503,1.7014285714285715,1066,0.3442776735459662,-0.9054575264931108,-0.9170829222047152,0.7242366300158941,-0.0207866838258774,-4.709159189896634,1.3527204502814258,threads_us_pullback,screen,"{""min_runup30"": 0.5, ""max_mcap"": 1800000000.0}",False,"{""stop_pct"": 0.1, ""target_pct"": 0.15, ""max_hold_days"": 5}"
1262,0.3716323296354992,-0.8371745609097552,-0.8861951585928552,0.8265107850957136,-0.0132903582432004,-2.141784280116734,2.0396196513470684,939,0.3439829605963791,-0.8854919757507915,-0.8980396987939644,0.7324207806337908,-0.0222026709412775,-4.270982784767723,1.615548455804047,threads_us_pullback,screen,"{""min_runup30"": 0.5, ""max_mcap"": 1800000000.0}",False,"{""stop_pct"": 0.1, ""target_pct"": 0.15, ""max_hold_days"": 10}"
2049,0.3543191800878477,-0.9124414061291934,-0.9246412343958118,0.7205242716859579,-0.0112340892184853,-2.929891518583789,0.7598828696925329,1794,0.3160535117056856,-0.9675266431361677,-0.968127101835152,0.6396135473610661,-0.0183418868814879,-5.865005535244904,0.7006688963210702,threads_us_pullback,screen,"{""min_runup30"": 0.5, ""max_mcap"": 1800000000.0}",False,"{""stop_pct"": 0.1, ""target_pct"": 0.4, ""max_hold_days"": 1}"
1472,0.3254076086956521,-0.7496024874908713,-0.8562484374748374,0.8457926327971027,-0.00625291559831,-0.5920613931023231,1.7547554347826086,1097,0.2825888787602552,-0.9161018826436834,-0.931003544351153,0.710224798495817,-0.0210073348832167,-3.918895568271637,1.4895168641750227,threads_us_pullback,screen,"{""min_runup30"": 0.5, ""max_mcap"": 1800000000.0}",False,"{""stop_pct"": 0.1, ""target_pct"": 0.4, ""max_hold_days"": 3}"
1223,0.294358135731807,-0.633105647304057,-0.8258877173419066,0.8679031059400736,-0.0049847598193286,-0.3227513773918797,2.4260016353229763,891,0.2413019079685746,-0.9204869934386308,-0.9329815506463276,0.686039800856138,-0.0258233263781511,-4.030761494128104,1.9506172839506173,threads_us_pullback,screen,"{""min_runup30"": 0.5, ""max_mcap"": 1800000000.0}",False,"{""stop_pct"": 0.1, ""target_pct"": 0.4, ""max_hold_days"": 5}"
993,0.2537764350453172,-0.6680549896691953,-0.8352553966203176,0.8559666058310788,-0.005123331003437,-0.5699864480407335,3.323262839879154,724,0.2071823204419889,-0.8990871148075253,-0.9115251875274052,0.6722503360555008,-0.0299851946626042,-3.675107534308616,2.5096685082872927,threads_us_pullback,screen,"{""min_runup30"": 0.5, ""max_mcap"": 1800000000.0}",False,"{""stop_pct"": 0.1, ""target_pct"": 0.4, ""max_hold_days"": 10}"
2049,0.3674963396778916,-0.929921349993092,-0.9339841805652096,0.7092081219146938,-0.0120857526670992,-2.6920095315233312,0.9463152757442655,1794,0.3433667781493868,-0.9486933545131232,-0.9571466251214013,0.7083246342951518,-0.0153397232155764,-3.909053690272863,0.9286510590858416,threads_us_pullback,screen,"{""min_runup30"": 0.5, ""max_mcap"": 1800000000.0}",False,"{""stop_pct"": 0.2, ""target_pct"": null, ""max_hold_days"": 1}"
1310,0.3557251908396946,-0.9022965884651626,-0.9307458238902224,0.8017926772849121,-0.0140531264401643,-1.1454016411763408,2.6106870229007635,900,0.3377777777777778,-0.9374686443588448,-0.953058816914894,0.6881835551872729,-0.0281838088779941,-2.743600224204229,2.401111111111111,threads_us_pullback,screen,"{""min_runup30"": 0.5, ""max_mcap"": 1800000000.0}",False,"{""stop_pct"": 0.2, ""target_pct"": null, ""max_hold_days"": 3}"
963,0.3302180685358255,-0.9526340240387098,-0.956354442061794,0.6999984213256021,-0.0271849539387195,-2.2114492675045603,4.047767393561786,616,0.2808441558441558,-0.9031456594006106,-0.9100719794732895,0.737257447784789,-0.0364262813457256,-2.038768826333748,3.573051948051948,threads_us_pullback,screen,"{""min_runup30"": 0.5, ""max_mcap"": 1800000000.0}",False,"{""stop_pct"": 0.2, ""target_pct"": null, ""max_hold_days"": 5}"
612,0.2941176470588235,-0.9465925414964004,-0.9546587665066508,0.6712356456258736,-0.0418986476361728,-2.3316082540947547,6.733660130718954,397,0.2292191435768261,-0.8935393218837321,-0.8939021438629887,0.5945249024554697,-0.0565659341592273,-2.121070477791345,5.675062972292191,threads_us_pullback,screen,"{""min_runup30"": 0.5, ""max_mcap"": 1800000000.0}",False,"{""stop_pct"": 0.2, ""target_pct"": null, ""max_hold_days"": 10}"
2049,0.388482186432406,-0.9365952507238215,-0.9374928792722924,0.7157999973146735,-0.0128538571300476,-3.454397550671848,0.8296730112249878,1794,0.3651059085841694,-0.972114716453659,-0.9745477528482804,0.6733018740094671,-0.0192952057663021,-6.329623826925493,0.7987736900780379,threads_us_pullback,screen,"{""min_runup30"": 0.5, ""max_mcap"": 1800000000.0}",False,"{""stop_pct"": 0.2, ""target_pct"": 0.15, ""max_hold_days"": 1}"
1431,0.4325646401118099,-0.8677302976377806,-0.8961045949060169,0.8352976797669837,-0.0132082996333915,-2.1271644511563883,1.9909154437456325,1045,0.4411483253588517,-0.9053920185900532,-0.9188159074300104,0.7359966078009946,-0.0213350663535415,-3.646534179157765,1.6889952153110048,threads_us_pullback,screen,"{""min_runup30"": 0.5, ""max_mcap"": 1800000000.0}",False,"{""stop_pct"": 0.2, ""target_pct"": 0.15, ""max_hold_days"": 3}"
1158,0.4550949913644214,-0.8830264507262775,-0.9208681000100034,0.836799451317075,-0.0160905203925907,-2.051091507042263,2.7884283246977546,822,0.4525547445255474,-0.88559561328057,-0.8993012502725869,0.746948025133636,-0.0242301732705922,-3.635611170710237,2.2372262773722627,threads_us_pullback,screen,"{""min_runup30"": 0.5, ""max_mcap"": 1800000000.0}",False,"{""stop_pct"": 0.2, ""target_pct"": 0.15, ""max_hold_days"": 5}"
882,0.4863945578231292,-0.868119120242445,-0.911268912223086,0.8281928493738182,-0.0199729176757351,-2.0358474286966204,3.986394557823129,646,0.4938080495356037,-0.8253837482067398,-0.8416444678699664,0.7664293097033401,-0.0256794261229784,-3.1131755063496587,2.9520123839009287,threads_us_pullback,screen,"{""min_runup30"": 0.5, ""max_mcap"": 1800000000.0}",False,"{""stop_pct"": 0.2, ""target_pct"": 0.15, ""max_hold_days"": 10}"
2049,0.3689604685212299,-0.932404235364276,-0.93496387980192,0.719142556499095,-0.0123421584540257,-2.8777317297627314,0.9297218155197656,1794,0.3450390189520624,-0.9603684712174744,-0.96303044594079,0.6818594747460354,-0.0170435985567168,-4.768972585924423,0.9018952062430324,threads_us_pullback,screen,"{""min_runup30"": 0.5, ""max_mcap"": 1800000000.0}",False,"{""stop_pct"": 0.2, ""target_pct"": 0.4, ""max_hold_days"": 1}"
1334,0.3590704647676161,-0.8751032931961593,-0.914390301139422,0.8129090214244011,-0.0120500243623889,-1.013191562973212,2.470014992503748,932,0.3637339055793991,-0.8799181643086212,-0.9099084005929028,0.789367683376006,-0.0206540786087514,-2.5393460141823407,2.182403433476394,threads_us_pullback,screen,"{""min_runup30"": 0.5, ""max_mcap"": 1800000000.0}",False,"{""stop_pct"": 0.2, ""target_pct"": 0.4, ""max_hold_days"": 3}"
1010,0.3405940594059406,-0.909751183263988,-0.9416339768310812,0.7343698164053092,-0.0184316173049892,-1.222376051601396,3.681188118811881,674,0.3367952522255193,-0.8270609251770471,-0.8380763118750376,0.7935808464907346,-0.0235091725683062,-2.2767135392275586,3.1142433234421363,threads_us_pullback,screen,"{""min_runup30"": 0.5, ""max_mcap"": 1800000000.0}",False,"{""stop_pct"": 0.2, ""target_pct"": 0.4, ""max_hold_days"": 5}"
684,0.3304093567251462,-0.9095534708811402,-0.9429642475343512,0.7506394806874799,-0.0315734566599735,-2.0842274442281177,5.785087719298246,473,0.3255813953488372,-0.8280887144027093,-0.8286745945041758,0.7353418848944648,-0.0356638400010937,-2.6325917876884266,4.534883720930233,threads_us_pullback,screen,"{""min_runup30"": 0.5, ""max_mcap"": 1800000000.0}",False,"{""stop_pct"": 0.2, ""target_pct"": 0.4, ""max_hold_days"": 10}"
2049,0.3714006832601269,-0.9263303375691868,-0.9307342272897886,0.7180254720799384,-0.0117002440653134,-2.507611307540992,0.9970717423133236,1794,0.3500557413600892,-0.9587740275203136,-0.965454794317447,0.6956041644376652,-0.0163301768164797,-3.852825480308094,0.9944258639910812,threads_us_pullback,screen,"{""min_runup30"": 0.5, ""max_mcap"": 1800000000.0}",False,"{""stop_pct"": null, ""target_pct"": null, ""max_hold_days"": 1}"
1256,0.3718152866242038,-0.874656593813916,-0.922710744748892,0.8059760081074272,-0.0127947935659297,-0.9636090215578926,2.982484076433121,811,0.3699136868064118,-0.8801897933881536,-0.9144118940733956,0.7748159922904548,-0.021928618812323,-1.7065241528396609,2.9728729963008638,threads_us_pullback,screen,"{""min_runup30"": 0.5, ""max_mcap"": 1800000000.0}",False,"{""stop_pct"": null, ""target_pct"": null, ""max_hold_days"": 3}"
861,0.3646922183507549,-0.9449829900562604,-0.9591051007609276,0.6483582022529374,-0.024316106771631,-1.7275031329658344,4.968641114982578,496,0.3306451612903225,-0.6582147772086786,-0.6689550883920468,0.8317441243556922,-0.0164458325993723,-0.1073262138864569,4.94758064516129,threads_us_pullback,screen,"{""min_runup30"": 0.5, ""max_mcap"": 1800000000.0}",False,"{""stop_pct"": null, ""target_pct"": null, ""max_hold_days"": 5}"
457,0.3347921225382932,-0.7359639526573634,-0.8834283653235744,0.7571734709455569,-0.0073764157465661,-0.5379621536402103,9.894967177242888,250,0.296,-0.920818099842662,-0.9366124935761208,0.5372520915142406,-0.0892683735496236,-1.158839312198755,9.816,threads_us_pullback,screen,"{""min_runup30"": 0.5, ""max_mcap"": 1800000000.0}",False,"{""stop_pct"": null, ""target_pct"": null, ""max_hold_days"": 10}"
2049,0.4021473889702294,-0.8631625013116428,-0.8660934931250426,0.7698902480167248,-0.0091236384226582,-2.4684120910227687,0.8682284040995608,1794,0.382943143812709,-0.9503926983206192,-0.9549002492530234,0.7125609682627422,-0.0160969605440942,-4.967846201122962,0.8500557413600892,threads_us_pullback,screen,"{""min_runup30"": 0.5, ""max_mcap"": 1800000000.0}",False,"{""stop_pct"": null, ""target_pct"": 0.15, ""max_hold_days"": 1}"
1388,0.4618155619596542,-0.7128900698525662,-0.7895299990353066,0.8663676935048109,-0.0079273424570518,-1.2197374108939076,2.246397694524496,964,0.491701244813278,-0.6090384541816449,-0.6955661471596517,0.8853124196883086,-0.0079972893891402,-1.0969876775518856,2.08298755186722,threads_us_pullback,screen,"{""min_runup30"": 0.5, ""max_mcap"": 1800000000.0}",False,"{""stop_pct"": null, ""target_pct"": 0.15, ""max_hold_days"": 3}"
1066,0.4962476547842401,-0.7654448572869126,-0.8629007718982264,0.834425861336763,-0.0109982497394023,-1.2686824933758842,3.4352720450281424,698,0.5415472779369628,-0.5054706352630701,-0.5605985999955019,0.8983164358520676,-0.0066995439419639,-0.803845783321517,3.011461318051576,threads_us_pullback,screen,"{""min_runup30"": 0.5, ""max_mcap"": 1800000000.0}",False,"{""stop_pct"": null, ""target_pct"": 0.15, ""max_hold_days"": 5}"
687,0.5429403202328966,-0.82637353415217,-0.8689482145524405,0.7903559785705924,-0.0215919671987382,-1.6690869856332913,5.877729257641922,434,0.6152073732718893,-0.2711311013925985,-0.4587482604836103,0.9296761113154436,-0.0037015094827213,-0.3070561247566228,5.108294930875576,threads_us_pullback,screen,"{""min_runup30"": 0.5, ""max_mcap"": 1800000000.0}",False,"{""stop_pct"": null, ""target_pct"": 0.15, ""max_hold_days"": 10}"
2049,0.3743289409468033,-0.9122944270078128,-0.9195065395665948,0.7438756123271821,-0.0109501406492613,-2.4977773481695325,0.9780380673499268,1794,0.3539576365663322,-0.9509703134309164,-0.9544429151061524,0.7011607906137552,-0.0156909337769167,-4.007060537668374,0.9643255295429208,threads_us_pullback,screen,"{""min_runup30"": 0.5, ""max_mcap"": 1800000000.0}",False,"{""stop_pct"": null, ""target_pct"": 0.4, ""max_hold_days"": 1}"
1282,0.3806552262090483,-0.6701881910379794,-0.793528251696041,0.8749808408402248,-0.004846576176699,-0.3674192318135638,2.8018720748829957,851,0.4018801410105758,-0.6703743426206833,-0.7595755864192982,0.8879533928413648,-0.0100709990370454,-1.014356846128986,2.6921269095182137,threads_us_pullback,screen,"{""min_runup30"": 0.5, ""max_mcap"": 1800000000.0}",False,"{""stop_pct"": null, ""target_pct"": 0.4, ""max_hold_days"": 3}"
906,0.3830022075055188,-0.7731606592093839,-0.8739457571367183,0.820123084573828,-0.0094395402369933,-0.5678470190369024,4.5198675496688745,555,0.3891891891891892,-0.5812680054306462,-0.6672876615848264,0.8794784745068412,-0.0106514532663124,-0.6848485135704507,4.210810810810811,threads_us_pullback,screen,"{""min_runup30"": 0.5, ""max_mcap"": 1800000000.0}",False,"{""stop_pct"": null, ""target_pct"": 0.4, ""max_hold_days"": 5}"
519,0.3969171483622351,-0.567265789370337,-0.8939222527488929,0.8472130009024686,0.0008986989477164,-0.1184409251722931,8.466281310211945,312,0.4230769230769231,-0.1319621836536149,-0.542639621961347,0.9773857652084672,0.0065311580321621,0.2223467747993555,7.621794871794871,threads_us_pullback,screen,"{""min_runup30"": 0.5, ""max_mcap"": 1800000000.0}",False,"{""stop_pct"": null, ""target_pct"": 0.4, ""max_hold_days"": 10}"
1601,0.3366645846346033,-0.7073260948374426,-0.7233508672502329,0.7532984898089237,-0.0080228566680205,-2.6030793439637656,0.5971267957526546,962,0.2983367983367983,-0.7555449558198585,-0.7579038400883811,0.5073441784917994,-0.014482043366948,-6.635440859157088,0.5654885654885655,toss_second_volume,screen,"{""second_mult"": 3, ""window"": 10, ""base_adv"": 2000000.0}",False,"{""stop_pct"": 0.05, ""target_pct"": null, ""max_hold_days"": 1}"
1256,0.2770700636942675,-0.400761624576839,-0.5734249443832158,0.8988129556917326,-0.0041361837844505,-0.678269116346538,1.4562101910828025,765,0.2470588235294117,-0.7682658967690191,-0.7794489165723348,0.4638898291151273,-0.0188833794322612,-5.6464818562469885,1.3673202614379083,toss_second_volume,screen,"{""second_mult"": 3, ""window"": 10, ""base_adv"": 2000000.0}",False,"{""stop_pct"": 0.05, ""target_pct"": null, ""max_hold_days"": 3}"
1081,0.2571692876965772,-0.426647548817935,-0.6101222972222677,0.8711023389867445,-0.0048760153824526,-0.7236589661584756,2.146160962072156,666,0.2297297297297297,-0.7331675944277641,-0.7574175128293817,0.465093532429848,-0.0195234020971788,-4.566961760548863,2.055555555555556,toss_second_volume,screen,"{""second_mult"": 3, ""window"": 10, ""base_adv"": 2000000.0}",False,"{""stop_pct"": 0.05, ""target_pct"": null, ""max_hold_days"": 5}"
855,0.2105263157894736,-0.2617903648154333,-0.5312426129477471,0.9151930427108718,-0.0025576485448347,-0.2557858803284686,3.4175438596491228,530,0.1754716981132075,-0.6680939199488065,-0.7442494673130027,0.4632761758471274,-0.0194071384840262,-3.4578760859587523,3.188679245283019,toss_second_volume,screen,"{""second_mult"": 3, ""window"": 10, ""base_adv"": 2000000.0}",False,"{""stop_pct"": 0.05, ""target_pct"": null, ""max_hold_days"": 10}"
1658,0.3347406513872135,-0.7745048264009688,-0.7805755183067093,0.7267285810616244,-0.0094924301794715,-3.7803824179776537,0.5241254523522316,990,0.296969696969697,-0.7675132031920832,-0.7700489992305422,0.5053149422151186,-0.014612482003352,-7.715810040571977,0.5050505050505051,toss_second_volume,screen,"{""second_mult"": 3, ""window"": 10, ""base_adv"": 2000000.0}",False,"{""stop_pct"": 0.05, ""target_pct"": 0.15, ""max_hold_days"": 1}"
1397,0.3013600572655691,-0.642173239340561,-0.7082469766461795,0.8100564231514445,-0.0078254210081562,-2.2366135868355523,1.1274158911954189,835,0.2538922155688622,-0.774308153507504,-0.7825777037971514,0.5060382411457098,-0.0176091737220125,-6.725994184688632,1.089820359281437,toss_second_volume,screen,"{""second_mult"": 3, ""window"": 10, ""base_adv"": 2000000.0}",False,"{""stop_pct"": 0.05, ""target_pct"": 0.15, ""max_hold_days"": 3}"
1285,0.2933852140077821,-0.6149839768298051,-0.700275349263019,0.8167327720838783,-0.0076567744652049,-2.042232323120667,1.4832684824902724,776,0.2422680412371134,-0.7500731804424294,-0.7618803972093844,0.5436745429641492,-0.0177568094732427,-5.816196746439036,1.4845360824742269,toss_second_volume,screen,"{""second_mult"": 3, ""window"": 10, ""base_adv"": 2000000.0}",False,"{""stop_pct"": 0.05, ""target_pct"": 0.15, ""max_hold_days"": 5}"
1118,0.2737030411449016,-0.5349471311744953,-0.6457727484128494,0.8332712347192603,-0.0072032594767185,-1.5951972242770076,2.116279069767442,682,0.2331378299120234,-0.69675131664806,-0.7135248082146202,0.557133097888033,-0.017361147000859,-4.8581938928382415,2.036656891495601,toss_second_volume,screen,"{""second_mult"": 3, ""window"": 10, ""base_adv"": 2000000.0}",False,"{""stop_pct"": 0.05, ""target_pct"": 0.15, ""max_hold_days"": 10}"
1607,0.3360298693217174,-0.7094549984809359,-0.7258764140145385,0.7525271860156586,-0.0080684343672349,-2.7465577121207145,0.5899191039203485,967,0.2978283350568769,-0.7306651698895805,-0.733247768675171,0.5307722282120643,-0.0133702679856176,-5.771979113708902,0.5573940020682523,toss_second_volume,screen,"{""second_mult"": 3, ""window"": 10, ""base_adv"": 2000000.0}",False,"{""stop_pct"": 0.05, ""target_pct"": 0.4, ""max_hold_days"": 1}"
1278,0.2785602503912363,-0.4832705974186462,-0.6174868268512583,0.8661257615412992,-0.0054403615950283,-1.1137368306643685,1.3967136150234742,774,0.2467700258397933,-0.7363588837243504,-0.7493802794295308,0.5174642610578196,-0.0169701321206454,-5.176658632943136,1.330749354005168,toss_second_volume,screen,"{""second_mult"": 3, ""window"": 10, ""base_adv"": 2000000.0}",False,"{""stop_pct"": 0.05, ""target_pct"": 0.4, ""max_hold_days"": 3}"
1128,0.2553191489361702,-0.4668920618321472,-0.6204615261498142,0.8633286691085093,-0.0057946620435562,-1.0659097651128595,1.975177304964539,683,0.2298682284040995,-0.6977771118566665,-0.7145474758412146,0.5365248111696468,-0.017302737818925,-4.2168273155790645,1.9546120058565155,toss_second_volume,screen,"{""second_mult"": 3, ""window"": 10, ""base_adv"": 2000000.0}",False,"{""stop_pct"": 0.05, ""target_pct"": 0.4, ""max_hold_days"": 5}"
927,0.2125134843581445,-0.4584622798633856,-0.6049879264347664,0.8495753481736698,-0.0068192453347249,-1.078872250995906,3.029126213592233,564,0.1861702127659574,-0.6633120521759721,-0.6978910376572223,0.5242418521817911,-0.019447613149934,-3.585614314755975,2.9397163120567376,toss_second_volume,screen,"{""second_mult"": 3, ""window"": 10, ""base_adv"": 2000000.0}",False,"{""stop_pct"": 0.05, ""target_pct"": 0.4, ""max_hold_days"": 10}"
1479,0.3840432724814063,-0.7772523725718303,-0.7925645333859163,0.7376039965316982,-0.0102741640004118,-2.861175967222337,0.8269100743745774,878,0.3485193621867881,-0.6633156342195942,-0.7392222838718404,0.6796778284368266,-0.0120245981963342,-2.6131967698333565,0.8382687927107062,toss_second_volume,screen,"{""second_mult"": 3, ""window"": 10, ""base_adv"": 2000000.0}",False,"{""stop_pct"": 0.1, ""target_pct"": null, ""max_hold_days"": 1}"
1080,0.3648148148148148,-0.396104507279317,-0.6120529247654797,0.9139968192729172,-0.0036517630376569,-0.5911518627902927,2.205555555555556,646,0.3219814241486068,-0.799259970438622,-0.8448417680431319,0.4866426736367392,-0.0241004827030651,-3.767021317356972,2.1996904024767803,toss_second_volume,screen,"{""second_mult"": 3, ""window"": 10, ""base_adv"": 2000000.0}",False,"{""stop_pct"": 0.1, ""target_pct"": null, ""max_hold_days"": 3}"
875,0.3508571428571428,-0.1998927681405679,-0.5614831431296146,0.9544655924873914,-0.0033008674607176,-0.1387204636257172,3.4297142857142857,528,0.3390151515151515,-0.7354361738044752,-0.8133333460560632,0.4858404257926801,-0.0244770866478768,-3.10092727751018,3.3068181818181817,toss_second_volume,screen,"{""second_mult"": 3, ""window"": 10, ""base_adv"": 2000000.0}",False,"{""stop_pct"": 0.1, ""target_pct"": null, ""max_hold_days"": 5}"
634,0.3296529968454258,-0.458097609715831,-0.6265602136206987,0.8525308366557023,-0.0037512425230954,-0.655406496398513,5.761829652996846,354,0.3050847457627119,-0.6336803849812043,-0.7493709461777757,0.5093949515487846,-0.0279818813876635,-2.207919365895465,5.838983050847458,toss_second_volume,screen,"{""second_mult"": 3, ""window"": 10, ""base_adv"": 2000000.0}",False,"{""stop_pct"": 0.1, ""target_pct"": null, ""max_hold_days"": 10}"
1538,0.3875162548764629,-0.799268728507657,-0.8101001449916476,0.7351483092631435,-0.0108177845153999,-3.4515803599091406,0.7399219765929779,910,0.3472527472527472,-0.7041056184962561,-0.7670964132556873,0.6656677602815512,-0.0130495574005943,-3.030845562107071,0.7593406593406593,toss_second_volume,screen,"{""second_mult"": 3, ""window"": 10, ""base_adv"": 2000000.0}",False,"{""stop_pct"": 0.1, ""target_pct"": 0.15, ""max_hold_days"": 1}"
1206,0.4071310116086235,-0.6048323573530924,-0.6845789525438207,0.8405260539820534,-0.0074338314985741,-1.634552144730085,1.7719734660033168,709,0.3497884344146685,-0.6874672837951936,-0.7699296653559933,0.6811139964834424,-0.0159060800669143,-2.575847887838268,1.8321579689703809,toss_second_volume,screen,"{""second_mult"": 3, ""window"": 10, ""base_adv"": 2000000.0}",False,"{""stop_pct"": 0.1, ""target_pct"": 0.15, ""max_hold_days"": 3}"
1047,0.4030563514804202,-0.6491800054214075,-0.6787435599174798,0.8207474499082817,-0.0098369935268159,-1.9356311904885697,2.4765998089780323,598,0.3762541806020067,-0.5655560595358584,-0.6936020499040314,0.7441639297113585,-0.0133783856830084,-1.7955633127521586,2.672240802675585,toss_second_volume,screen,"{""second_mult"": 3, ""window"": 10, ""base_adv"": 2000000.0}",False,"{""stop_pct"": 0.1, ""target_pct"": 0.15, ""max_hold_days"": 5}"
816,0.4044117647058823,-0.5563429774301546,-0.6194528290823429,0.8341100080855461,-0.0088352095970037,-1.552114026385952,3.9276960784313726,462,0.3701298701298701,-0.4862239888875898,-0.6290522607637732,0.7556804072589612,-0.0135599751549587,-1.4097806106995188,4.0064935064935066,toss_second_volume,screen,"{""second_mult"": 3, ""window"": 10, ""base_adv"": 2000000.0}",False,"{""stop_pct"": 0.1, ""target_pct"": 0.15, ""max_hold_days"": 10}"
1484,0.3847708894878706,-0.7465876441419242,-0.7718908725118201,0.7599353666768649,-0.0093855327552339,-2.63626363756202,0.8194070080862533,883,0.3465458663646659,-0.6317335806573237,-0.7136726737961083,0.7004404794683032,-0.0109181567062431,-2.329367810790935,0.8289920724801813,toss_second_volume,screen,"{""second_mult"": 3, ""window"": 10, ""base_adv"": 2000000.0}",False,"{""stop_pct"": 0.1, ""target_pct"": 0.4, ""max_hold_days"": 1}"
1104,0.3677536231884058,-0.3607297536040538,-0.5218433875872027,0.9149286181026602,-0.0036547767122876,-0.6196269116452426,2.108695652173913,658,0.3206686930091185,-0.7221545044905655,-0.8024005528975019,0.6227996111039019,-0.0185811707100356,-2.704877107967081,2.1322188449848025,toss_second_volume,screen,"{""second_mult"": 3, ""window"": 10, ""base_adv"": 2000000.0}",False,"{""stop_pct"": 0.1, ""target_pct"": 0.4, ""max_hold_days"": 3}"
916,0.3526200873362445,-0.3337606523538245,-0.4839535287741586,0.9184359944664252,-0.004157069766302,-0.5292534896068111,3.155021834061136,536,0.3432835820895522,-0.6197851228139972,-0.7399567350161802,0.6649809448752326,-0.017295970533808,-2.023270926057467,3.2108208955223883,toss_second_volume,screen,"{""second_mult"": 3, ""window"": 10, ""base_adv"": 2000000.0}",False,"{""stop_pct"": 0.1, ""target_pct"": 0.4, ""max_hold_days"": 5}"
693,0.3318903318903319,-0.3719245391011699,-0.5542520696834172,0.8944337153304488,-0.0037008252962494,-0.6027229584873935,5.142857142857143,364,0.3214285714285714,-0.5033119735628083,-0.6745796841959413,0.6889975151396024,-0.0175349069945495,-1.4057779668924617,5.626373626373627,toss_second_volume,screen,"{""second_mult"": 3, ""window"": 10, ""base_adv"": 2000000.0}",False,"{""stop_pct"": 0.1, ""target_pct"": 0.4, ""max_hold_days"": 10}"
1424,0.4023876404494382,-0.7099466651462918,-0.7312977085850043,0.7574406029938417,-0.0088809427240604,-1.976973834924856,0.961376404494382,837,0.3620071684587813,-0.6004418548300452,-0.6997669139791083,0.6951239477601455,-0.0106831065053894,-2.27868132795647,0.978494623655914,toss_second_volume,screen,"{""second_mult"": 3, ""window"": 10, ""base_adv"": 2000000.0}",False,"{""stop_pct"": 0.2, ""target_pct"": null, ""max_hold_days"": 1}"
971,0.411946446961895,0.0356947341575695,-0.5531303501265215,1.0076670932472878,0.0014041836987067,0.2275315835781305,2.799176107106076,577,0.3500866551126516,-0.8142708561578125,-0.8522405152545094,0.4598311086588957,-0.0282546637822233,-3.9019946936139713,2.7868284228769498,toss_second_volume,screen,"{""second_mult"": 3, ""window"": 10, ""base_adv"": 2000000.0}",False,"{""stop_pct"": 0.2, ""target_pct"": null, ""max_hold_days"": 3}"
749,0.411214953271028,-0.2517404690598371,-0.5692656693828723,0.9386714207757272,-0.0022421279719033,-0.218670710992512,4.492656875834446,441,0.4036281179138322,-0.6314456072715235,-0.7338397562522314,0.5850447188453579,-0.0221409736234128,-2.191979199525537,4.471655328798186,toss_second_volume,screen,"{""second_mult"": 3, ""window"": 10, ""base_adv"": 2000000.0}",False,"{""stop_pct"": 0.2, ""target_pct"": null, ""max_hold_days"": 5}"
485,0.4185567010309278,-0.1571655163608993,-0.5773439735874375,0.9533856324000074,0.0017917831280629,-0.0573290375499626,8.416494845360825,279,0.4014336917562724,-0.5705187314440159,-0.6858904699345637,0.5533298616344033,-0.0301718634505067,-1.804620631886051,8.21505376344086,toss_second_volume,screen,"{""second_mult"": 3, ""window"": 10, ""base_adv"": 2000000.0}",False,"{""stop_pct"": 0.2, ""target_pct"": null, ""max_hold_days"": 10}"
1473,0.4059742023082145,-0.7480001775820158,-0.7527840298646659,0.745670994187764,-0.0097712491382953,-2.447058289268025,0.878479293957909,864,0.3611111111111111,-0.619094193473176,-0.7059587394499383,0.7022336933581086,-0.0108699545927719,-2.407524313186466,0.90625,toss_second_volume,screen,"{""second_mult"": 3, ""window"": 10, ""base_adv"": 2000000.0}",False,"{""stop_pct"": 0.2, ""target_pct"": 0.15, ""max_hold_days"": 1}"
1071,0.4584500466853408,-0.1394761901829033,-0.4669748534129301,0.9673598667867848,-0.0012855704606565,-0.111404896249219,2.324929971988796,633,0.3791469194312796,-0.6436654023426993,-0.7341160768788628,0.7022026984281036,-0.0158569066394128,-2.22487715495411,2.39652448657188,toss_second_volume,screen,"{""second_mult"": 3, ""window"": 10, ""base_adv"": 2000000.0}",False,"{""stop_pct"": 0.2, ""target_pct"": 0.15, ""max_hold_days"": 3}"
876,0.4840182648401826,-0.3946174531318774,-0.5396705736040963,0.9044057891068884,-0.0051880544964655,-0.7383802746737601,3.4748858447488584,496,0.4334677419354839,-0.5324141353129408,-0.6578207996707233,0.7423620526756802,-0.0148123551729567,-1.5704092949851716,3.776209677419355,toss_second_volume,screen,"{""second_mult"": 3, ""window"": 10, ""base_adv"": 2000000.0}",False,"{""stop_pct"": 0.2, ""target_pct"": 0.15, ""max_hold_days"": 5}"
639,0.5195618153364632,-0.1137249308087823,-0.3902722326817042,0.9681678551055312,-0.0002297356845514,-0.0971758700576806,5.852895148669797,329,0.4711246200607902,-0.2727511369851881,-0.4907575989579396,0.8443619331217976,-0.0092292015211075,-0.5751108489770906,6.434650455927052,toss_second_volume,screen,"{""second_mult"": 3, ""window"": 10, ""base_adv"": 2000000.0}",False,"{""stop_pct"": 0.2, ""target_pct"": 0.15, ""max_hold_days"": 10}"
1429,0.4023792862141357,-0.6545262271666853,-0.6835341934434868,0.7936789045336753,-0.0075888797551818,-1.680843937824197,0.953114065780266,841,0.3579072532699168,-0.5575498250451685,-0.6772135649489859,0.7158418360316626,-0.0093585901389824,-1.959481493109672,0.9702734839476812,toss_second_volume,screen,"{""second_mult"": 3, ""window"": 10, ""base_adv"": 2000000.0}",False,"{""stop_pct"": 0.2, ""target_pct"": 0.4, ""max_hold_days"": 1}"
983,0.4170905391658189,0.0113207203360297,-0.4471335600689455,1.002627082489732,0.0004922164953401,0.1847775318491203,2.7100712105798577,585,0.3521367521367521,-0.6833688785980699,-0.7681708385881544,0.6454101465405476,-0.0189229396300579,-2.381071413254687,2.71965811965812,toss_second_volume,screen,"{""second_mult"": 3, ""window"": 10, ""base_adv"": 2000000.0}",False,"{""stop_pct"": 0.2, ""target_pct"": 0.4, ""max_hold_days"": 3}"
775,0.4348387096774193,0.1429468613509474,-0.44752034339664,1.0300268224877975,0.0024635618946883,0.3826617959990989,4.251612903225807,451,0.4124168514412417,-0.4691211086226657,-0.6384166358209403,0.7634610913541748,-0.0133099382982706,-1.2477258228561623,4.330376940133037,toss_second_volume,screen,"{""second_mult"": 3, ""window"": 10, ""base_adv"": 2000000.0}",False,"{""stop_pct"": 0.2, ""target_pct"": 0.4, ""max_hold_days"": 5}"
519,0.4508670520231214,0.1235404386919531,-0.4516723235600487,1.0343521095618404,0.0067656943975954,0.3572189675609993,7.676300578034682,281,0.4021352313167259,-0.2455818956748201,-0.5043712940456875,0.8496829484594232,-0.0102412699294655,-0.46140164368465,8.0355871886121,toss_second_volume,screen,"{""second_mult"": 3, ""window"": 10, ""base_adv"": 2000000.0}",False,"{""stop_pct"": 0.2, ""target_pct"": 0.4, ""max_hold_days"": 10}"
1399,0.4010007147962831,-0.7087560770062077,-0.7199337455236106,0.7585654390780547,-0.0088047363475018,-2.01028805747086,0.995711222301644,831,0.3598074608904933,-0.6007812311671585,-0.7000170156612939,0.6919189690395336,-0.0107099881800511,-2.260547073907704,0.9951865222623344,toss_second_volume,screen,"{""second_mult"": 3, ""window"": 10, ""base_adv"": 2000000.0}",False,"{""stop_pct"": null, ""target_pct"": null, ""max_hold_days"": 1}"
941,0.4080765143464399,-0.1293025821569486,-0.6281800177395425,0.9713522483942588,0.0008694520011013,-0.0039990680223842,2.9798087141339,551,0.3539019963702359,-0.7826874590712272,-0.8317623224911419,0.4603783422080469,-0.0266047244989362,-3.4661608645012643,2.9872958257713247,toss_second_volume,screen,"{""second_mult"": 3, ""window"": 10, ""base_adv"": 2000000.0}",False,"{""stop_pct"": null, ""target_pct"": null, ""max_hold_days"": 3}"
705,0.425531914893617,-0.1037296420985222,-0.5744849426460799,0.974710565085558,0.0018105299097667,0.05357776323524,4.956028368794327,413,0.397094430992736,-0.6512711295915543,-0.7470438258562677,0.5685046883095769,-0.0245040580464648,-2.263185215063852,4.961259079903147,toss_second_volume,screen,"{""second_mult"": 3, ""window"": 10, ""base_adv"": 2000000.0}",False,"{""stop_pct"": null, ""target_pct"": null, ""max_hold_days"": 5}"
427,0.4519906323185012,-0.2427043937901679,-0.5780244375145882,0.9167410959133464,-0.0004367533703512,-0.2061842439954405,9.864168618266978,239,0.3974895397489539,-0.586786310583289,-0.6909583921327511,0.498528085680243,-0.0360993425044171,-1.8086284154273915,9.774058577405858,toss_second_volume,screen,"{""second_mult"": 3, ""window"": 10, ""base_adv"": 2000000.0}",False,"{""stop_pct"": null, ""target_pct"": null, ""max_hold_days"": 10}"
1449,0.409247757073844,-0.6832461174282998,-0.6866672005121619,0.7724274261280364,-0.0082012163783644,-2.056253825260266,0.9151138716356108,858,0.3659673659673659,-0.5596189022691238,-0.6602992100538041,0.7296950252515289,-0.0092261504599567,-2.0412890478254235,0.9230769230769232,toss_second_volume,screen,"{""second_mult"": 3, ""window"": 10, ""base_adv"": 2000000.0}",False,"{""stop_pct"": null, ""target_pct"": 0.15, ""max_hold_days"": 1}"
1020,0.4647058823529412,0.1110057802120296,-0.4363934746509467,1.0257409290949782,0.0018680081710274,0.3330823796184436,2.542156862745098,605,0.396694214876033,-0.5270903362200106,-0.6572775355419096,0.7591036628974026,-0.0118905129378614,-1.536030302219383,2.590082644628099,toss_second_volume,screen,"{""second_mult"": 3, ""window"": 10, ""base_adv"": 2000000.0}",False,"{""stop_pct"": null, ""target_pct"": 0.15, ""max_hold_days"": 3}"
800,0.48625,-0.4269544987705567,-0.5386038147482322,0.8856726792365514,-0.0052328724215626,-0.7697674571746862,4.04625,462,0.4567099567099567,-0.4627861153114789,-0.6213857879575726,0.7773401231493412,-0.0135427736676626,-1.2286496835512246,4.194805194805195,toss_second_volume,screen,"{""second_mult"": 3, ""window"": 10, ""base_adv"": 2000000.0}",False,"{""stop_pct"": null, ""target_pct"": 0.15, ""max_hold_days"": 5}"
535,0.5439252336448598,-0.0876820988714568,-0.4932626727996221,0.973491912227502,0.0041784189622976,-0.0381001479635859,7.319626168224299,285,0.4842105263157895,-0.2410177764526246,-0.4688036454430827,0.8628835291904654,-0.0097064381473399,-0.4540996868365701,7.775438596491228,toss_second_volume,screen,"{""second_mult"": 3, ""window"": 10, ""base_adv"": 2000000.0}",False,"{""stop_pct"": null, ""target_pct"": 0.15, ""max_hold_days"": 10}"
1405,0.4021352313167259,-0.6221795058288255,-0.6475883698182379,0.8072340475223698,-0.0070414419879127,-1.5282486099022743,0.987900355871886,836,0.3564593301435406,-0.542065355012703,-0.6658810586296383,0.7224803309279072,-0.00892787775233,-1.8456994493864467,0.985645933014354,toss_second_volume,screen,"{""second_mult"": 3, ""window"": 10, ""base_adv"": 2000000.0}",False,"{""stop_pct"": null, ""target_pct"": 0.4, ""max_hold_days"": 1}"
949,0.4162276080084299,-0.0894328611436497,-0.5351312029570331,0.9788324319646874,0.0004580052543537,0.0372572461201326,2.8998946259220237,561,0.3582887700534759,-0.6286718305448389,-0.7370037004472142,0.6631348098739682,-0.0164760182209534,-1.972844157336126,2.9251336898395723,toss_second_volume,screen,"{""second_mult"": 3, ""window"": 10, ""base_adv"": 2000000.0}",False,"{""stop_pct"": null, ""target_pct"": 0.4, ""max_hold_days"": 3}"
722,0.4418282548476454,0.2070120526772976,-0.4819388543431789,1.0451860962320267,0.0053410135720116,0.4628947241308275,4.747922437673131,421,0.4061757719714964,-0.5390945339001916,-0.6707341831550684,0.7131939877779714,-0.0175952038919109,-1.5327514570927891,4.838479809976247,toss_second_volume,screen,"{""second_mult"": 3, ""window"": 10, ""base_adv"": 2000000.0}",False,"{""stop_pct"": null, ""target_pct"": 0.4, ""max_hold_days"": 5}"
450,0.4688888888888889,-0.0562840542936642,-0.4825732129164208,0.9823178868967664,0.0107567797676971,0.0587690056651824,9.197777777777778,244,0.4221311475409836,-0.2743305552537644,-0.505637978945196,0.8157403271160762,-0.0130923932556526,-0.5257776663403738,9.4672131147541,toss_second_volume,screen,"{""second_mult"": 3, ""window"": 10, ""base_adv"": 2000000.0}",False,"{""stop_pct"": null, ""target_pct"": 0.4, ""max_hold_days"": 10}"
2067,0.3449443638122883,-0.7978056440955859,-0.8048767611591292,0.725680429876092,-0.0079049695797404,-3.145804150411495,0.6405418480890179,1269,0.2978723404255319,-0.8445628737033581,-0.8445628737033581,0.4791717590178015,-0.0144847774295962,-7.959199553269325,0.5965327029156816,toss_second_volume,screen,"{""second_mult"": 3, ""window"": 10, ""base_adv"": 10000000.0}",False,"{""stop_pct"": 0.05, ""target_pct"": null, ""max_hold_days"": 1}"
1506,0.2908366533864542,-0.5696343003726403,-0.5990748470652102,0.8514422352366674,-0.0053896271944851,-1.148887025841344,1.600265604249668,907,0.2734288864388092,-0.7933919978255739,-0.8021838804454667,0.481290412662883,-0.0169517712618962,-5.530487745769777,1.4851157662624035,toss_second_volume,screen,"{""second_mult"": 3, ""window"": 10, ""base_adv"": 10000000.0}",False,"{""stop_pct"": 0.05, ""target_pct"": null, ""max_hold_days"": 3}"
1257,0.2752585521081941,-0.5519642563408478,-0.7066799359925479,0.8285841714472534,-0.0060433526662723,-1.0150944161043167,2.362768496420048,721,0.260748959778086,-0.7065595625278731,-0.7293637673629378,0.5005702189837572,-0.0164825632871315,-3.905264167257071,2.30374479889043,toss_second_volume,screen,"{""second_mult"": 3, ""window"": 10, ""base_adv"": 10000000.0}",False,"{""stop_pct"": 0.05, ""target_pct"": null, ""max_hold_days"": 5}"
929,0.2249730893433799,-0.6064538265079258,-0.6914413367944308,0.7633440702740447,-0.0091664449162893,-1.242221075885838,3.7233584499461783,518,0.2239382239382239,-0.6022317929616794,-0.6736518109789253,0.531109783126252,-0.0180886124406797,-2.900008263377342,3.795366795366796,toss_second_volume,screen,"{""second_mult"": 3, ""window"": 10, ""base_adv"": 10000000.0}",False,"{""stop_pct"": 0.05, ""target_pct"": null, ""max_hold_days"": 10}"
2121,0.3432343234323432,-0.8460484228582428,-0.8460484228582428,0.7017914128192284,-0.0090595463910552,-4.273190834971468,0.5808580858085809,1296,0.2986111111111111,-0.8499409507278117,-0.8507734702747533,0.4792029859510295,-0.0144718034606957,-8.70519433292977,0.5493827160493827,toss_second_volume,screen,"{""second_mult"": 3, ""window"": 10, ""base_adv"": 10000000.0}",False,"{""stop_pct"": 0.05, ""target_pct"": 0.15, ""max_hold_days"": 1}"
1654,0.3022974607013301,-0.7667226516095839,-0.7828785129076389,0.7603685686044103,-0.0090653254911068,-2.984332529303785,1.2944377267230955,971,0.2801235839340886,-0.7964895847062271,-0.8010128578088825,0.5106872313678041,-0.016161767406664,-6.735786886002697,1.247167868177137,toss_second_volume,screen,"{""second_mult"": 3, ""window"": 10, ""base_adv"": 10000000.0}",False,"{""stop_pct"": 0.05, ""target_pct"": 0.15, ""max_hold_days"": 3}"
1447,0.2937111264685556,-0.7808363487366445,-0.7974214661961508,0.7513120138689423,-0.0107649710092733,-3.029178955477689,1.7954388389771945,827,0.2648125755743651,-0.7307466135031955,-0.7395932635975073,0.5608946479285408,-0.0159131092898353,-5.453509973879151,1.7823458282950424,toss_second_volume,screen,"{""second_mult"": 3, ""window"": 10, ""base_adv"": 10000000.0}",False,"{""stop_pct"": 0.05, ""target_pct"": 0.15, ""max_hold_days"": 5}"
1163,0.2708512467755804,-0.6934607500438299,-0.732330111772626,0.7689007466558034,-0.0102577586635855,-2.435556408965156,2.6165090283748924,653,0.2572741194486983,-0.6162736551302391,-0.630587459606885,0.607319544676783,-0.014583744507966,-3.9635767941833993,2.6385911179173047,toss_second_volume,screen,"{""second_mult"": 3, ""window"": 10, ""base_adv"": 10000000.0}",False,"{""stop_pct"": 0.05, ""target_pct"": 0.15, ""max_hold_days"": 10}"
2071,0.3437952679864799,-0.8128580140942346,-0.8191273768694713,0.7145179275477005,-0.008299818630834,-3.4119808544687102,0.6344760985031386,1274,0.2974882260596546,-0.8290692542567444,-0.8290692542567444,0.4942133974533726,-0.0136408995143216,-7.112383671215401,0.5902668759811617,toss_second_volume,screen,"{""second_mult"": 3, ""window"": 10, ""base_adv"": 10000000.0}",False,"{""stop_pct"": 0.05, ""target_pct"": 0.4, ""max_hold_days"": 1}"
1528,0.2918848167539267,-0.5864694468304583,-0.6499268291450806,0.8412859474440991,-0.0058649783621338,-1.4943439076720582,1.5477748691099475,916,0.2718340611353712,-0.7800953435567427,-0.7895818315596053,0.4965928480623123,-0.0160423226564225,-5.328833343916818,1.4563318777292575,toss_second_volume,screen,"{""second_mult"": 3, ""window"": 10, ""base_adv"": 10000000.0}",False,"{""stop_pct"": 0.05, ""target_pct"": 0.4, ""max_hold_days"": 3}"
1299,0.2763664357197845,-0.5530022374845744,-0.714570015797173,0.8399659935885777,-0.0060710082585925,-1.289673972094063,2.2263279445727484,737,0.2632293080054274,-0.6581889403705561,-0.6719678446067096,0.5790596261049993,-0.013896645626046,-3.540416943570808,2.2184531886024423,toss_second_volume,screen,"{""second_mult"": 3, ""window"": 10, ""base_adv"": 10000000.0}",False,"{""stop_pct"": 0.05, ""target_pct"": 0.4, ""max_hold_days"": 5}"
990,0.2292929292929293,-0.5613369813500867,-0.6657202917318774,0.8035421103435333,-0.0078902564565832,-1.3499552125550522,3.4,539,0.2263450834879406,-0.5828820586743686,-0.6499023048807446,0.5637342154211482,-0.0158706836717299,-2.9249624261167657,3.5640074211502784,toss_second_volume,screen,"{""second_mult"": 3, ""window"": 10, ""base_adv"": 10000000.0}",False,"{""stop_pct"": 0.05, ""target_pct"": 0.4, ""max_hold_days"": 10}"
1924,0.3866943866943867,-0.8381393246342524,-0.8427697563502415,0.7204003646509909,-0.0093952054734478,-3.257022427744364,0.8591476091476091,1177,0.3389974511469839,-0.7905530566535323,-0.8395186686418213,0.6357812280517432,-0.0128022295482621,-3.5531664599658863,0.8632115548003398,toss_second_volume,screen,"{""second_mult"": 3, ""window"": 10, ""base_adv"": 10000000.0}",False,"{""stop_pct"": 0.1, ""target_pct"": null, ""max_hold_days"": 1}"
1294,0.3771251931993817,-0.5724577385775818,-0.6301023781194077,0.8671251649361611,-0.0053906400447356,-1.014225623126411,2.324574961360124,763,0.3512450851900393,-0.809725296101932,-0.8524810269631715,0.491598598940726,-0.0214077646238328,-3.68888590199538,2.304062909567497,toss_second_volume,screen,"{""second_mult"": 3, ""window"": 10, ""base_adv"": 10000000.0}",False,"{""stop_pct"": 0.1, ""target_pct"": null, ""max_hold_days"": 3}"
1001,0.3726273726273726,-0.144688511747599,-0.5290975214056381,0.9686630833936268,-0.0020750767202216,-0.014975362908879,3.6023976023976023,567,0.3562610229276896,-0.68601046864004,-0.7498018206894219,0.5832616001067422,-0.020061659224804,-2.530167375229873,3.509700176366843,toss_second_volume,screen,"{""second_mult"": 3, ""window"": 10, ""base_adv"": 10000000.0}",False,"{""stop_pct"": 0.1, ""target_pct"": null, ""max_hold_days"": 5}"
652,0.3420245398773006,-0.2993474891212818,-0.5093703878027998,0.9046276014778678,-0.0022512612076137,-0.323348759675223,6.276073619631902,352,0.3494318181818182,-0.4726022850382724,-0.6149307220472426,0.6547569023383208,-0.0178309680155651,-1.3131841587663795,6.355113636363637,toss_second_volume,screen,"{""second_mult"": 3, ""window"": 10, ""base_adv"": 10000000.0}",False,"{""stop_pct"": 0.1, ""target_pct"": null, ""max_hold_days"": 10}"
1982,0.3905146316851665,-0.8402621963206351,-0.8522507618369901,0.7351623755419467,-0.0094275311771057,-3.5927625169408017,0.7885973763874874,1207,0.3413421706710853,-0.802915698217628,-0.8455733697832146,0.6382634935543985,-0.0129956000705185,-3.8084462952458367,0.8003314001657,toss_second_volume,screen,"{""second_mult"": 3, ""window"": 10, ""base_adv"": 10000000.0}",False,"{""stop_pct"": 0.1, ""target_pct"": 0.15, ""max_hold_days"": 1}"
1412,0.3994334277620396,-0.7309113832434373,-0.7631309175582501,0.7912538501720316,-0.0091351062911483,-2.27614453128059,1.962464589235128,815,0.3705521472392638,-0.6963087269393704,-0.770158047125186,0.6912882654202577,-0.0140305890639074,-2.5098832121339503,2.0245398773006134,toss_second_volume,screen,"{""second_mult"": 3, ""window"": 10, ""base_adv"": 10000000.0}",False,"{""stop_pct"": 0.1, ""target_pct"": 0.15, ""max_hold_days"": 3}"
1152,0.4097222222222222,-0.6697519785535029,-0.7204777418139261,0.8137610949404219,-0.0093482559808265,-1.862378749417176,2.852430555555556,635,0.3905511811023622,-0.4837151609990606,-0.6388819409633594,0.7928261644876051,-0.0099476127173705,-1.34832854937934,2.9354330708661416,toss_second_volume,screen,"{""second_mult"": 3, ""window"": 10, ""base_adv"": 10000000.0}",False,"{""stop_pct"": 0.1, ""target_pct"": 0.15, ""max_hold_days"": 5}"
819,0.4078144078144078,-0.5561521174140656,-0.611617173029033,0.8329151220725993,-0.0087009349977512,-1.424009654082691,4.561660561660561,447,0.4026845637583892,-0.243879656749418,-0.5005467935845385,0.8814359105209104,-0.005505637853173,-0.4807378619601732,4.619686800894854,toss_second_volume,screen,"{""second_mult"": 3, ""window"": 10, ""base_adv"": 10000000.0}",False,"{""stop_pct"": 0.1, ""target_pct"": 0.15, ""max_hold_days"": 10}"
1929,0.3867288750648004,-0.8321173784119543,-0.8369200830454802,0.7208246985127279,-0.0092752138094854,-3.2160605436878624,0.8543286677034733,1182,0.3375634517766497,-0.7711057854054497,-0.8239562373638092,0.6495941972787187,-0.0119723852229574,-3.269924891548944,0.856175972927242,toss_second_volume,screen,"{""second_mult"": 3, ""window"": 10, ""base_adv"": 10000000.0}",False,"{""stop_pct"": 0.1, ""target_pct"": 0.4, ""max_hold_days"": 1}"
1314,0.3789954337899543,-0.4828538633189088,-0.5602140636870554,0.8836544132171809,-0.0044229024834844,-0.911655677554225,2.245814307458143,769,0.3498049414824447,-0.7397118019976867,-0.8138828232763624,0.6185349419578112,-0.0167210210236959,-2.677744329488657,2.2639791937581277,toss_second_volume,screen,"{""second_mult"": 3, ""window"": 10, ""base_adv"": 10000000.0}",False,"{""stop_pct"": 0.1, ""target_pct"": 0.4, ""max_hold_days"": 3}"
1046,0.372848948374761,-0.3394150016871674,-0.4827066015933,0.9211729003716012,-0.0038507152493954,-0.4969494040095409,3.378585086042065,574,0.3606271777003484,-0.5865823236284622,-0.6973806729548582,0.7019955227269594,-0.0142318402806379,-1.7454336324433537,3.4442508710801394,toss_second_volume,screen,"{""second_mult"": 3, ""window"": 10, ""base_adv"": 10000000.0}",False,"{""stop_pct"": 0.1, ""target_pct"": 0.4, ""max_hold_days"": 5}"
704,0.3352272727272727,-0.5439564142022326,-0.6240198202537683,0.8110208625017493,-0.0089737921935587,-1.1439672930622014,5.674715909090909,367,0.3405994550408719,-0.396707171981785,-0.6006288198200628,0.7688355754557549,-0.0123443278663732,-0.9417695935464496,6.005449591280654,toss_second_volume,screen,"{""second_mult"": 3, ""window"": 10, ""base_adv"": 10000000.0}",False,"{""stop_pct"": 0.1, ""target_pct"": 0.4, ""max_hold_days"": 10}"
1863,0.3982823403113258,-0.7916973334488523,-0.8051773229532098,0.738805164478919,-0.0084318844872274,-2.460411546901037,0.9677938808373592,1126,0.3499111900532859,-0.7384033956772428,-0.8043495462755499,0.65118248307952,-0.0114835944233322,-3.0549922133608,0.9813499111900532,toss_second_volume,screen,"{""second_mult"": 3, ""window"": 10, ""base_adv"": 10000000.0}",False,"{""stop_pct"": 0.2, ""target_pct"": null, ""max_hold_days"": 1}"
1174,0.4105621805792163,-0.1432517441598492,-0.6009624183094153,0.9713387170637766,-0.0001827977031848,-0.0304243541002544,2.834752981260648,689,0.3715529753265602,-0.8226293534229054,-0.8539833023680917,0.4785926675592895,-0.0242592750964111,-3.916046191681217,2.821480406386067,toss_second_volume,screen,"{""second_mult"": 3, ""window"": 10, ""base_adv"": 10000000.0}",False,"{""stop_pct"": 0.2, ""target_pct"": null, ""max_hold_days"": 3}"
856,0.4345794392523364,0.12675544682313,-0.4985119596269135,1.027269052513737,0.0025438322983385,0.3545247916635466,4.579439252336448,488,0.4098360655737705,-0.645041967972121,-0.7256726701308991,0.6073549212871376,-0.0203791732177897,-2.1324661479241254,4.520491803278689,toss_second_volume,screen,"{""second_mult"": 3, ""window"": 10, ""base_adv"": 10000000.0}",False,"{""stop_pct"": 0.2, ""target_pct"": null, ""max_hold_days"": 5}"
506,0.4367588932806324,-0.0716793858284955,-0.5007117191617111,0.9773609490800144,0.0043036595058387,0.0739592733530504,8.622529644268775,277,0.4404332129963899,-0.2702023201543919,-0.4896908253727871,0.7945267543707921,-0.0115974349577059,-0.5338672865287386,8.555956678700362,toss_second_volume,screen,"{""second_mult"": 3, ""window"": 10, ""base_adv"": 10000000.0}",False,"{""stop_pct"": 0.2, ""target_pct"": null, ""max_hold_days"": 10}"
1913,0.4025091479351803,-0.7978476668998783,-0.8051731070180728,0.742589660030669,-0.0086904663275278,-2.719788044234986,0.9017250392054365,1155,0.3532467532467532,-0.731525197114089,-0.7961995628453061,0.6713804797144395,-0.0109425989547681,-3.001086754873542,0.922943722943723,toss_second_volume,screen,"{""second_mult"": 3, ""window"": 10, ""base_adv"": 10000000.0}",False,"{""stop_pct"": 0.2, ""target_pct"": 0.15, ""max_hold_days"": 1}"
1269,0.4389282899921198,-0.4746269024277892,-0.6165731335864579,0.8764820189914345,-0.0045574866592193,-0.9073441355563872,2.4554767533490938,734,0.3991825613079019,-0.6415992112650167,-0.7376087162452623,0.722477328153486,-0.0134967169152557,-2.152609685372477,2.5068119891008176,toss_second_volume,screen,"{""second_mult"": 3, ""window"": 10, ""base_adv"": 10000000.0}",False,"{""stop_pct"": 0.2, ""target_pct"": 0.15, ""max_hold_days"": 3}"
973,0.4758478931140801,-0.4773946904909402,-0.6030242440044136,0.8771817059222808,-0.0060027854464082,-0.9255272562037048,3.750256937307297,538,0.4293680297397769,-0.4089495171089322,-0.625545702691606,0.8193511676617016,-0.0096027799296874,-0.9919371630607248,3.905204460966543,toss_second_volume,screen,"{""second_mult"": 3, ""window"": 10, ""base_adv"": 10000000.0}",False,"{""stop_pct"": 0.2, ""target_pct"": 0.15, ""max_hold_days"": 5}"
649,0.4992295839753466,-0.3856508394622195,-0.5195774206757943,0.883695108195511,-0.004721968717132,-0.7518616130680009,6.291217257318952,337,0.5014836795252225,-0.0249916718056655,-0.3537930404856474,0.9867410531094594,-0.0008141201369021,0.1213429685950163,6.658753709198813,toss_second_volume,screen,"{""second_mult"": 3, ""window"": 10, ""base_adv"": 10000000.0}",False,"{""stop_pct"": 0.2, ""target_pct"": 0.15, ""max_hold_days"": 10}"
1868,0.3988222698072805,-0.7595416417814942,-0.7737013240661673,0.7593531140193596,-0.0076824192934751,-2.177725295281546,0.9625267665952892,1130,0.3469026548672566,-0.710304121437755,-0.7794823384543669,0.6616366226405295,-0.0104949924624295,-2.762162663447017,0.9752212389380532,toss_second_volume,screen,"{""second_mult"": 3, ""window"": 10, ""base_adv"": 10000000.0}",False,"{""stop_pct"": 0.2, ""target_pct"": 0.4, ""max_hold_days"": 1}"
1190,0.4126050420168067,-0.2188438941002751,-0.4938502899531247,0.950925362143924,-0.0017326423215603,-0.1993157617252103,2.76218487394958,698,0.3710601719197707,-0.7294151372492756,-0.7946922744586828,0.6288796520725386,-0.0177974392242141,-2.6617845894436227,2.7765042979942693,toss_second_volume,screen,"{""second_mult"": 3, ""window"": 10, ""base_adv"": 10000000.0}",False,"{""stop_pct"": 0.2, ""target_pct"": 0.4, ""max_hold_days"": 3}"
882,0.4297052154195011,-0.110687934772899,-0.4944476576765227,0.975340516062322,-0.0003642520039366,-0.0206142843612758,4.37641723356009,494,0.4230769230769231,-0.5005744868410591,-0.6626189408881187,0.7641993259827277,-0.012843945844923,-1.3030849516375314,4.425101214574899,toss_second_volume,screen,"{""second_mult"": 3, ""window"": 10, ""base_adv"": 10000000.0}",False,"{""stop_pct"": 0.2, ""target_pct"": 0.4, ""max_hold_days"": 5}"
540,0.4351851851851852,-0.1590357318858456,-0.479683048671643,0.953270694033416,0.0019363485429506,-0.121254830212188,7.942592592592592,283,0.4416961130742049,-0.0644795053257173,-0.3932371180371994,0.9614395214479116,-0.0018129048824451,0.0477420820123797,8.31095406360424,toss_second_volume,screen,"{""second_mult"": 3, ""window"": 10, ""base_adv"": 10000000.0}",False,"{""stop_pct"": 0.2, ""target_pct"": 0.4, ""max_hold_days"": 10}"
1843,0.3977211068909387,-0.7952616570970493,-0.7990657093199482,0.738082549418857,-0.0086119184197621,-2.5451826072511032,0.9956592512208357,1119,0.3476318141197497,-0.7390485062246923,-0.8048537661626398,0.6475077849744375,-0.0115449698541141,-3.0224322288571743,0.9955317247542448,toss_second_volume,screen,"{""second_mult"": 3, ""window"": 10, ""base_adv"": 10000000.0}",False,"{""stop_pct"": null, ""target_pct"": null, ""max_hold_days"": 1}"
1148,0.4120209059233449,-0.2991937422664645,-0.6607973292019775,0.9353295264468088,-0.0011084233382145,-0.2839406931100195,2.9834494773519165,665,0.3774436090225564,-0.7937671840938798,-0.8349630409446891,0.4908990903779907,-0.0228184063558531,-3.509058305623485,2.98796992481203,toss_second_volume,screen,"{""second_mult"": 3, ""window"": 10, ""base_adv"": 10000000.0}",False,"{""stop_pct"": null, ""target_pct"": null, ""max_hold_days"": 3}"
816,0.4313725490196078,-0.0936835772052973,-0.5427451518846116,0.9775502954734696,0.001681981863261,0.0888675701589354,4.959558823529412,456,0.418859649122807,-0.6283178929234972,-0.7357675912528281,0.5920956761138534,-0.0212178105224423,-2.059224767501752,4.958333333333333,toss_second_volume,screen,"{""second_mult"": 3, ""window"": 10, ""base_adv"": 10000000.0}",False,"{""stop_pct"": null, ""target_pct"": null, ""max_hold_days"": 5}"
451,0.458980044345898,-0.1804818538886863,-0.5780069777070933,0.93841684578455,0.0041213930780668,-0.137257292474236,9.89578713968958,247,0.4493927125506073,-0.3928725237895982,-0.5497386066297805,0.6729963184151684,-0.0201375626857034,-0.9809280278561704,9.777327935222672,toss_second_volume,screen,"{""second_mult"": 3, ""window"": 10, ""base_adv"": 10000000.0}",False,"{""stop_pct"": null, ""target_pct"": null, ""max_hold_days"": 10}"
1890,0.4042328042328042,-0.7772289272588406,-0.7824554590770407,0.7505791795326111,-0.0081062053652856,-2.6080241290633617,0.9317460317460318,1147,0.3557105492589363,-0.6933405634541812,-0.7672261740893774,0.6878764808087335,-0.0098755509757827,-2.702741089587492,0.937227550130776,toss_second_volume,screen,"{""second_mult"": 3, ""window"": 10, ""base_adv"": 10000000.0}",False,"{""stop_pct"": null, ""target_pct"": 0.15, ""max_hold_days"": 1}"
1217,0.4396055875102712,-0.3624514898724484,-0.4949712329906243,0.9060142329005736,-0.0028940457667841,-0.5354366993268161,2.6425636811832374,705,0.4085106382978723,-0.6270241130152867,-0.7352132386534389,0.7234777484856442,-0.0133223229925019,-2.044478242494355,2.675177304964539,toss_second_volume,screen,"{""second_mult"": 3, ""window"": 10, ""base_adv"": 10000000.0}",False,"{""stop_pct"": null, ""target_pct"": 0.15, ""max_hold_days"": 3}"
904,0.4745575221238938,-0.483846657462038,-0.6157486809376911,0.8677092484378716,-0.0055727055643248,-0.8973250050931435,4.226769911504425,507,0.4477317554240631,-0.3881108205759191,-0.6013155880204943,0.8286154811970121,-0.0097487959897447,-0.8927523644827634,4.250493096646943,toss_second_volume,screen,"{""second_mult"": 3, ""window"": 10, ""base_adv"": 10000000.0}",False,"{""stop_pct"": null, ""target_pct"": 0.15, ""max_hold_days"": 5}"
557,0.5368043087971275,0.0368075748584395,-0.4472036131124034,1.011517865955838,0.0059411576523403,0.2135075746690721,7.590664272890485,291,0.5154639175257731,-0.1638524063741245,-0.4699751023294142,0.9042920238872024,-0.006505578649183,-0.2409267387208207,8.054982817869416,toss_second_volume,screen,"{""second_mult"": 3, ""window"": 10, ""base_adv"": 10000000.0}",False,"{""stop_pct"": null, ""target_pct"": 0.15, ""max_hold_days"": 10}"
1847,0.3990254466702761,-0.7497534663054478,-0.7544194729906306,0.7652930672698589,-0.007580320252404,-2.1471962711511567,0.9902544667027612,1124,0.3451957295373665,-0.7009908073069051,-0.7723911182972656,0.6642322594141226,-0.0102157712545187,-2.6505095213003798,0.9884341637010676,toss_second_volume,screen,"{""second_mult"": 3, ""window"": 10, ""base_adv"": 10000000.0}",False,"{""stop_pct"": null, ""target_pct"": 0.4, ""max_hold_days"": 1}"
1156,0.4143598615916955,-0.3395546609149661,-0.5544114878789341,0.9203984574925496,-0.0023185339415043,-0.4089885036254825,2.923875432525952,671,0.3800298062593144,-0.6898992649981754,-0.7715768079427877,0.6458388869386088,-0.0165082900039058,-2.34779947252774,2.947839046199702,toss_second_volume,screen,"{""second_mult"": 3, ""window"": 10, ""base_adv"": 10000000.0}",False,"{""stop_pct"": null, ""target_pct"": 0.4, ""max_hold_days"": 3}"
831,0.4500601684717208,0.0402640294503666,-0.4921993729238706,1.009072856633703,0.0029136818179336,0.238713417534035,4.789410348977136,462,0.4242424242424242,-0.4958293676830165,-0.6758035046601876,0.7533183572737557,-0.0141349820476868,-1.2275170897893517,4.867965367965368,toss_second_volume,screen,"{""second_mult"": 3, ""window"": 10, ""base_adv"": 10000000.0}",False,"{""stop_pct"": null, ""target_pct"": 0.4, ""max_hold_days"": 5}"
476,0.4684873949579832,-0.1017137876671442,-0.5625081739913438,0.9698249595541036,0.0081408905605942,0.0014574506661611,9.266806722689076,250,0.46,-0.1697805077252422,-0.4792364479911891,0.8771500474697118,-0.0072289326812931,-0.2266913021479003,9.62,toss_second_volume,screen,"{""second_mult"": 3, ""window"": 10, ""base_adv"": 10000000.0}",False,"{""stop_pct"": null, ""target_pct"": 0.4, ""max_hold_days"": 10}"
2132,0.2575046904315197,-0.92104761407498,-0.922863516112836,0.6735374310033914,-0.0139303683495282,-4.237087359784577,0.3667917448405253,1323,0.236583522297808,-0.7882450905517191,-0.7882450905517191,0.6577047064068184,-0.0134290148780608,-4.141330251208752,0.345427059712774,warrior_scanner,screen,"{""min_ret"": 0.1, ""min_rvol"": 5, ""min_close_pos"": 0.5}",False,"{""stop_pct"": 0.05, ""target_pct"": null, ""max_hold_days"": 1}"
1890,0.1904761904761904,-0.762452761558146,-0.8264856649968774,0.838306784721733,-0.0115675894307279,-1.746251591000057,0.8777777777777778,1136,0.176056338028169,-0.7136367655423319,-0.7136367655423319,0.7017619624544363,-0.0113534236038589,-2.381033672143677,0.8107394366197183,warrior_scanner,screen,"{""min_ret"": 0.1, ""min_rvol"": 5, ""min_close_pos"": 0.5}",False,"{""stop_pct"": 0.05, ""target_pct"": null, ""max_hold_days"": 3}"
1703,0.1691133294186729,-0.5679913547575535,-0.7922469502865803,0.8972469335163451,-0.0085823371835003,-0.5840218495535431,1.267175572519084,998,0.1553106212424849,-0.2768438523930415,-0.5147474548578534,0.9105911175943926,-0.001899956852806,-0.3508009039923923,1.186372745490982,warrior_scanner,screen,"{""min_ret"": 0.1, ""min_rvol"": 5, ""min_close_pos"": 0.5}",False,"{""stop_pct"": 0.05, ""target_pct"": null, ""max_hold_days"": 5}"
1380,0.1355072463768116,-0.2564910533618146,-0.6395484786790022,0.952046309486086,-0.0073105415617533,0.0043418192246203,2.0521739130434784,816,0.125,-0.0176851385002315,-0.4802133012928816,0.9951214740219312,0.0065107302462336,0.2819803397662196,1.856617647058824,warrior_scanner,screen,"{""min_ret"": 0.1, ""min_rvol"": 5, ""min_close_pos"": 0.5}",False,"{""stop_pct"": 0.05, ""target_pct"": null, ""max_hold_days"": 10}"
2187,0.262002743484225,-0.9682505113793592,-0.9688759884955144,0.624637664522675,-0.0184867819734064,-7.372748405464553,0.2624599908550525,1349,0.2453669384729429,-0.9122258963668332,-0.9122258963668332,0.5137826392886049,-0.0200189419672177,-9.718165214836608,0.2475908080059303,warrior_scanner,screen,"{""min_ret"": 0.1, ""min_rvol"": 5, ""min_close_pos"": 0.5}",False,"{""stop_pct"": 0.05, ""target_pct"": 0.15, ""max_hold_days"": 1}"
2038,0.2237487733071639,-0.9595260375602636,-0.9603233901604477,0.670460899421443,-0.0190947058784255,-6.356738469929267,0.5534838076545633,1228,0.2125407166123778,-0.8841713465535036,-0.8841713465535036,0.5489137269354596,-0.0192436687105266,-7.812431309163619,0.4657980456026058,warrior_scanner,screen,"{""min_ret"": 0.1, ""min_rvol"": 5, ""min_close_pos"": 0.5}",False,"{""stop_pct"": 0.05, ""target_pct"": 0.15, ""max_hold_days"": 3}"
1966,0.2227873855544252,-0.9470368729326482,-0.9480802668712552,0.6976857098279123,-0.0184369235523494,-5.775332604784428,0.7232960325534079,1155,0.2069264069264069,-0.8646212173115493,-0.8646212173115493,0.5668618263312214,-0.0191371822555867,-7.292222607361395,0.5982683982683983,warrior_scanner,screen,"{""min_ret"": 0.1, ""min_rvol"": 5, ""min_close_pos"": 0.5}",False,"{""stop_pct"": 0.05, ""target_pct"": 0.15, ""max_hold_days"": 5}"
1804,0.208980044345898,-0.9359236656278812,-0.9371859940173476,0.7046015910256794,-0.018868176333856,-5.538767097347604,1.003325942350333,1098,0.1994535519125683,-0.8581131606235175,-0.8581394483393481,0.5755792291897596,-0.0198551135520463,-6.999627958715539,0.7404371584699454,warrior_scanner,screen,"{""min_ret"": 0.1, ""min_rvol"": 5, ""min_close_pos"": 0.5}",False,"{""stop_pct"": 0.05, ""target_pct"": 0.15, ""max_hold_days"": 10}"
2146,0.2562907735321528,-0.9167477695591124,-0.9183878704637866,0.6937531094840881,-0.0138665786876684,-4.333181194007511,0.3480894687791239,1335,0.2367041198501872,-0.8072536770778123,-0.8072536770778123,0.6521646853855938,-0.0140623248310536,-5.159178915564995,0.3228464419475655,warrior_scanner,screen,"{""min_ret"": 0.1, ""min_rvol"": 5, ""min_close_pos"": 0.5}",False,"{""stop_pct"": 0.05, ""target_pct"": 0.4, ""max_hold_days"": 1}"
1929,0.1949196474857439,-0.7782037532353397,-0.8275776405346209,0.8390238411018056,-0.0111383775410436,-2.1848496264670616,0.782789009849663,1169,0.176218990590248,-0.7977430837007963,-0.7977430837007963,0.6412675697810638,-0.013200449428905,-4.587523587562739,0.6834901625320787,warrior_scanner,screen,"{""min_ret"": 0.1, ""min_rvol"": 5, ""min_close_pos"": 0.5}",False,"{""stop_pct"": 0.05, ""target_pct"": 0.4, ""max_hold_days"": 3}"
1779,0.1798763350196739,-0.7579614158856203,-0.8372687881740833,0.8476824721885163,-0.0117011879208431,-1.97737869167862,1.0848791455874087,1056,0.168560606060606,-0.7000157335870291,-0.7000157335870291,0.7092021155898413,-0.0103921402605702,-3.2802148969425065,0.9535984848484848,warrior_scanner,screen,"{""min_ret"": 0.1, ""min_rvol"": 5, ""min_close_pos"": 0.5}",False,"{""stop_pct"": 0.05, ""target_pct"": 0.4, ""max_hold_days"": 5}"
1529,0.1543492478744277,-0.6627064690720363,-0.7897613847618548,0.8626111397317736,-0.0108518560943132,-1.523151848353597,1.60431654676259,954,0.1394129979035639,-0.7716024429456538,-0.7716024429456538,0.6584852348332209,-0.0158242211017579,-3.926973552723192,1.3029350104821802,warrior_scanner,screen,"{""min_ret"": 0.1, ""min_rvol"": 5, ""min_close_pos"": 0.5}",False,"{""stop_pct"": 0.05, ""target_pct"": 0.4, ""max_hold_days"": 10}"
2115,0.3484633569739953,-0.8272810560962608,-0.8672147738821673,0.827319093701112,-0.0109801246483195,-0.5630088490565601,0.6486997635933807,1308,0.3295107033639143,-0.8353951674163003,-0.8353951674163003,0.692038151167713,-0.0153528361305535,-3.662826275159288,0.6437308868501529,warrior_scanner,screen,"{""min_ret"": 0.1, ""min_rvol"": 5, ""min_close_pos"": 0.5}",False,"{""stop_pct"": 0.1, ""target_pct"": null, ""max_hold_days"": 1}"
1639,0.3062843197071385,0.8760713267117068,-0.5944679390031511,1.0649947462177198,-0.0014618163416952,0.6541269228540729,1.61928004881025,947,0.2893347412882788,-0.5198608176019326,-0.6170666024193547,0.8588042988429478,-0.0028417166605272,-0.8147591999202874,1.590285110876452,warrior_scanner,screen,"{""min_ret"": 0.1, ""min_rvol"": 5, ""min_close_pos"": 0.5}",False,"{""stop_pct"": 0.1, ""target_pct"": null, ""max_hold_days"": 3}"
1310,0.2977099236641221,3.2982461658741817,-0.4038492560420047,1.2059042725210611,0.0105539427914182,1.0484896276089188,2.4206106870229007,742,0.2776280323450135,0.0648461706768313,-0.465268806896854,1.0142499359702817,0.006751827950259,0.3852660785918106,2.3894878706199463,warrior_scanner,screen,"{""min_ret"": 0.1, ""min_rvol"": 5, ""min_close_pos"": 0.5}",False,"{""stop_pct"": 0.1, ""target_pct"": null, ""max_hold_days"": 5}"
928,0.2478448275862069,3.642246936163143,-0.4496540086660787,1.2702606204680316,0.0240654623530738,1.082810302608873,3.9547413793103448,519,0.2023121387283237,-0.3367259083698969,-0.6059780883607151,0.8767879793684517,-0.0006340667389038,-0.2201479937293506,3.861271676300578,warrior_scanner,screen,"{""min_ret"": 0.1, ""min_rvol"": 5, ""min_close_pos"": 0.5}",False,"{""stop_pct"": 0.1, ""target_pct"": null, ""max_hold_days"": 10}"
2183,0.3609711406321575,-0.9697400321957654,-0.9703361651799308,0.71198024759905,-0.0193319435337446,-5.1932517915274605,0.5006871278057718,1344,0.3489583333333333,-0.9290960196280564,-0.9290960196280564,0.5976734006354054,-0.0210462299420756,-7.335649951413271,0.5074404761904762,warrior_scanner,screen,"{""min_ret"": 0.1, ""min_rvol"": 5, ""min_close_pos"": 0.5}",False,"{""stop_pct"": 0.1, ""target_pct"": 0.15, ""max_hold_days"": 1}"
1846,0.3499458288190682,-0.9056892084692928,-0.9242552610521972,0.8278226344790883,-0.0189243670966535,-3.016267081419026,1.091549295774648,1067,0.352389878163074,-0.8619731487799872,-0.8656330617581529,0.6574501737322404,-0.0195720397519084,-5.301349244617954,1.07029053420806,warrior_scanner,screen,"{""min_ret"": 0.1, ""min_rvol"": 5, ""min_close_pos"": 0.5}",False,"{""stop_pct"": 0.1, ""target_pct"": 0.15, ""max_hold_days"": 3}"
1641,0.3589274832419256,-0.869212625782718,-0.8817126045246018,0.8176042010797689,-0.0181193294676794,-2.7823832012694023,1.4448507007921998,939,0.3631522896698615,-0.751359261673676,-0.7608841621843012,0.7388949016363298,-0.0156213522400324,-4.0433224909348535,1.3833865814696489,warrior_scanner,screen,"{""min_ret"": 0.1, ""min_rvol"": 5, ""min_close_pos"": 0.5}",False,"{""stop_pct"": 0.1, ""target_pct"": 0.15, ""max_hold_days"": 5}"
1387,0.3518385003604902,-0.8157974430963291,-0.8546544667954605,0.8277354372671809,-0.0180890880928501,-2.2932884473440502,1.9942321557317952,805,0.3664596273291925,-0.6957851813974776,-0.7108517753158816,0.7582883258818089,-0.0181128430727282,-3.448228599671109,1.8509316770186333,warrior_scanner,screen,"{""min_ret"": 0.1, ""min_rvol"": 5, ""min_close_pos"": 0.5}",False,"{""stop_pct"": 0.1, ""target_pct"": 0.15, ""max_hold_days"": 10}"
2131,0.347724073205068,-0.9157518652566464,-0.9256425737366551,0.7612707354741427,-0.0147504134914842,-3.1808298263647585,0.6236508681370249,1325,0.3320754716981132,-0.8417941196478456,-0.8429164747683575,0.7035444830895177,-0.0152058824667432,-4.2521178120372936,0.6135849056603774,warrior_scanner,screen,"{""min_ret"": 0.1, ""min_rvol"": 5, ""min_close_pos"": 0.5}",False,"{""stop_pct"": 0.1, ""target_pct"": 0.4, ""max_hold_days"": 1}"
1693,0.3142350856467809,-0.035985413707293,-0.6009014553506767,0.9963805968306358,-0.0063153250031048,0.1795638300382631,1.4660366213821618,984,0.2967479674796748,-0.6450076509089785,-0.6576351093562449,0.8152537092469914,-0.0098473553691274,-1.7379994581129992,1.4004065040650406,warrior_scanner,screen,"{""min_ret"": 0.1, ""min_rvol"": 5, ""min_close_pos"": 0.5}",False,"{""stop_pct"": 0.1, ""target_pct"": 0.4, ""max_hold_days"": 3}"
1419,0.3079633544749824,0.2045560845305305,-0.5576685580976359,1.0205748635194103,-0.005656525702229,0.4396396455577237,2.0570824524312896,811,0.2860665844636251,-0.5317325047307315,-0.5640898584889567,0.8477030822052346,-0.0069894083975635,-1.586631291925361,1.9765721331689272,warrior_scanner,screen,"{""min_ret"": 0.1, ""min_rvol"": 5, ""min_close_pos"": 0.5}",False,"{""stop_pct"": 0.1, ""target_pct"": 0.4, ""max_hold_days"": 5}"
1077,0.2757660167130919,-0.0070431639408451,-0.5363592886560187,0.9990407688880644,-0.0061995668927983,0.2026658897322214,3.1114206128133706,615,0.2471544715447154,-0.65202338032459,-0.6827211840542442,0.7616519525434718,-0.0192096487278656,-2.265405111623101,2.983739837398374,warrior_scanner,screen,"{""min_ret"": 0.1, ""min_rvol"": 5, ""min_close_pos"": 0.5}",False,"{""stop_pct"": 0.1, ""target_pct"": 0.4, ""max_hold_days"": 10}"
2102,0.3805899143672692,-0.7740707996737828,-0.8485468313561167,0.8721487637658911,-0.0099008687019327,-0.3812123179764478,0.8862987630827783,1302,0.3771121351766513,-0.7644913608459539,-0.7644913608459539,0.7542524873678152,-0.0120229200356579,-2.52357291458827,0.9109062980030722,warrior_scanner,screen,"{""min_ret"": 0.1, ""min_rvol"": 5, ""min_close_pos"": 0.5}",False,"{""stop_pct"": 0.2, ""target_pct"": null, ""max_hold_days"": 1}"
1429,0.3806857942617215,2.400951914012588,-0.535254093999851,1.1224201511815852,0.0134155854154095,0.9634246680442012,2.449965010496851,794,0.3639798488664987,-0.5543991643638102,-0.6132552284225851,0.8577884911332454,-0.0062653373108608,-0.7698576319092465,2.4697732997481108,warrior_scanner,screen,"{""min_ret"": 0.1, ""min_rvol"": 5, ""min_close_pos"": 0.5}",False,"{""stop_pct"": 0.2, ""target_pct"": null, ""max_hold_days"": 3}"
1042,0.3886756238003839,6.320988298593692,-0.3407241140365005,1.27151551617457,0.0303974086519247,1.3531403429428264,3.77063339731286,573,0.3577661431064572,-0.5092635695066579,-0.6428149701848174,0.8625619637346652,-0.009587352655336,-0.2772612637065036,3.7661431064572426,warrior_scanner,screen,"{""min_ret"": 0.1, ""min_rvol"": 5, ""min_close_pos"": 0.5}",False,"{""stop_pct"": 0.2, ""target_pct"": null, ""max_hold_days"": 5}"
626,0.3594249201277955,7.736310816343055,-0.5530473875314279,1.419194812439833,0.0586777236582511,1.3569513304680016,6.712460063897764,354,0.2966101694915254,-0.1549780469494668,-0.7245504611199531,0.9661006958212666,0.0135473542591567,0.4970490738631121,6.435028248587571,warrior_scanner,screen,"{""min_ret"": 0.1, ""min_rvol"": 5, ""min_close_pos"": 0.5}",False,"{""stop_pct"": 0.2, ""target_pct"": null, ""max_hold_days"": 10}"
2178,0.4100091827364555,-0.9454432694093424,-0.9490897770221056,0.7809243725730141,-0.0171950610704836,-3.705797698277831,0.7153351698806244,1342,0.4165424739195231,-0.8220572196164527,-0.8220572196164527,0.7101698351823484,-0.0142849627949019,-4.404268257593594,0.7339791356184798,warrior_scanner,screen,"{""min_ret"": 0.1, ""min_rvol"": 5, ""min_close_pos"": 0.5}",False,"{""stop_pct"": 0.2, ""target_pct"": 0.15, ""max_hold_days"": 1}"
1649,0.4481503941782899,-0.7229535833942735,-0.8146850543276414,0.8991047348744073,-0.0142794517147008,-1.429814709040221,1.7386294724075195,927,0.4541531823085221,-0.7174655443855973,-0.7268077502750239,0.7729450099848469,-0.0143895858779768,-3.199982323623692,1.7141316073354909,warrior_scanner,screen,"{""min_ret"": 0.1, ""min_rvol"": 5, ""min_close_pos"": 0.5}",False,"{""stop_pct"": 0.2, ""target_pct"": 0.15, ""max_hold_days"": 3}"
1329,0.472535741158766,-0.6837676793221794,-0.7342634105335277,0.8801037537051916,-0.0145199571110414,-1.271606605241932,2.45522949586155,753,0.4860557768924303,-0.5413426048102877,-0.5707040832927883,0.849632794675457,-0.0131591741943808,-1.8392684566770787,2.305444887118194,warrior_scanner,screen,"{""min_ret"": 0.1, ""min_rvol"": 5, ""min_close_pos"": 0.5}",False,"{""stop_pct"": 0.2, ""target_pct"": 0.15, ""max_hold_days"": 5}"
981,0.508664627930683,-0.3603612356626747,-0.5878404912279179,0.9381318596324674,-0.0097297932088382,-0.4146661878894528,3.6646279306829768,555,0.5171171171171172,0.5122833701984884,-0.3554686845261466,1.0966939894528482,0.0063168777370244,0.738503296572634,3.4504504504504503,warrior_scanner,screen,"{""min_ret"": 0.1, ""min_rvol"": 5, ""min_close_pos"": 0.5}",False,"{""stop_pct"": 0.2, ""target_pct"": 0.15, ""max_hold_days"": 10}"
2120,0.380188679245283,-0.8944224492101034,-0.90552456308302,0.8023852764631787,-0.0138006184997987,-2.218671523254262,0.8584905660377359,1322,0.3827534039334342,-0.7116021195350406,-0.7116021195350406,0.7925194332906879,-0.009992635793033,-2.464944828920171,0.869894099848714,warrior_scanner,screen,"{""min_ret"": 0.1, ""min_rvol"": 5, ""min_close_pos"": 0.5}",False,"{""stop_pct"": 0.2, ""target_pct"": 0.4, ""max_hold_days"": 1}"
1498,0.3958611481975967,0.5541338415945953,-0.4592239350402536,1.0440557724814288,0.0014685607282468,0.7198761743471455,2.2176234979973297,837,0.3859020310633214,-0.4860358654809019,-0.5295492269275062,0.8789670293374917,-0.0056428678246655,-1.1575582339819426,2.2007168458781363,warrior_scanner,screen,"{""min_ret"": 0.1, ""min_rvol"": 5, ""min_close_pos"": 0.5}",False,"{""stop_pct"": 0.2, ""target_pct"": 0.4, ""max_hold_days"": 3}"
1137,0.4089709762532981,1.301059819244824,-0.4243939129851279,1.101545571392481,0.005557640728498,1.1661014715485845,3.255057167985928,630,0.3936507936507936,-0.4102805885750464,-0.5127986012562991,0.9035360909096316,-0.0072093945752652,-0.8488305265701547,3.2,warrior_scanner,screen,"{""min_ret"": 0.1, ""min_rvol"": 5, ""min_close_pos"": 0.5}",False,"{""stop_pct"": 0.2, ""target_pct"": 0.4, ""max_hold_days"": 5}"
754,0.4058355437665782,0.99340483999969,-0.5095567861006318,1.1025215581254708,0.0134432800193333,1.060953007800327,5.287798408488063,431,0.3642691415313225,-0.0852283236596443,-0.4739387265313459,0.9825982828282738,0.0039551694737601,0.2949919034741028,4.981438515081207,warrior_scanner,screen,"{""min_ret"": 0.1, ""min_rvol"": 5, ""min_close_pos"": 0.5}",False,"{""stop_pct"": 0.2, ""target_pct"": 0.4, ""max_hold_days"": 10}"
2099,0.3868508813720819,-0.7581057202748106,-0.8624773745646708,0.8907345549119533,-0.0087529991293695,-0.3483463600214179,0.9966650786088612,1301,0.3820138355111452,-0.7866916269857429,-0.7866916269857429,0.7619157394756071,-0.0129292485499326,-2.59562326624074,0.997694081475788,warrior_scanner,screen,"{""min_ret"": 0.1, ""min_rvol"": 5, ""min_close_pos"": 0.5}",False,"{""stop_pct"": null, ""target_pct"": null, ""max_hold_days"": 1}"
1324,0.4093655589123867,4.728286393131933,-0.3483996198157374,1.2088523616126998,0.0180583160706988,1.2986684783548506,2.9856495468277946,744,0.375,-0.5362955683231654,-0.6371786543574639,0.8860389540235322,-0.0052335014630412,-0.6297110910945302,2.978494623655914,warrior_scanner,screen,"{""min_ret"": 0.1, ""min_rvol"": 5, ""min_close_pos"": 0.5}",False,"{""stop_pct"": null, ""target_pct"": null, ""max_hold_days"": 3}"
880,0.4329545454545455,6.297258274947344,-0.3598927161006661,1.3066724459536454,0.0429707725457682,1.3935255517257057,4.965909090909091,483,0.3706004140786749,-0.6763453984006185,-0.7387233924063865,0.8238795198268266,-0.0131790136946913,-0.5168996925062957,4.931677018633541,warrior_scanner,screen,"{""min_ret"": 0.1, ""min_rvol"": 5, ""min_close_pos"": 0.5}",False,"{""stop_pct"": null, ""target_pct"": null, ""max_hold_days"": 5}"
464,0.418103448275862,3.454576335657878,-0.5718374405436275,1.321758471096344,0.0594832580303739,1.0791707339168568,9.859913793103448,250,0.32,-0.7862106805478474,-0.8235388887140399,0.5759723392192393,-0.0573430414385331,-0.8930891054998197,9.804,warrior_scanner,screen,"{""min_ret"": 0.1, ""min_rvol"": 5, ""min_close_pos"": 0.5}",False,"{""stop_pct"": null, ""target_pct"": null, ""max_hold_days"": 10}"
2177,0.4327055581074873,-0.8500316188673547,-0.8731161670740459,0.8495839715079565,-0.0128681317109191,-2.3928265830404563,0.8066146072576941,1342,0.4314456035767511,-0.808402757802993,-0.808402757802993,0.7415547326543667,-0.0137571683507203,-3.838416670325862,0.8114754098360656,warrior_scanner,screen,"{""min_ret"": 0.1, ""min_rvol"": 5, ""min_close_pos"": 0.5}",False,"{""stop_pct"": null, ""target_pct"": 0.15, ""max_hold_days"": 1}"
1541,0.4938351719662557,0.0034762344559025,-0.5617629744406527,1.000367695138696,-0.0076421452516623,0.2065803591538449,2.1473069435431538,880,0.4886363636363636,-0.6640839812311896,-0.6705974709908626,0.8132369115967706,-0.014058475722683,-2.1755012011267394,2.088636363636364,warrior_scanner,screen,"{""min_ret"": 0.1, ""min_rvol"": 5, ""min_close_pos"": 0.5}",False,"{""stop_pct"": null, ""target_pct"": 0.15, ""max_hold_days"": 3}"
1147,0.5370531822144725,0.299035509124087,-0.3791156290605616,1.0404555806436464,-0.0038186263070114,0.5441203065546257,3.2781168265039238,659,0.5493171471927162,-0.4567248534297683,-0.4916894935788023,0.8811055113517203,-0.011082444272405,-1.0721219148402308,3.0758725341426403,warrior_scanner,screen,"{""min_ret"": 0.1, ""min_rvol"": 5, ""min_close_pos"": 0.5}",False,"{""stop_pct"": null, ""target_pct"": 0.15, ""max_hold_days"": 5}"
746,0.6032171581769437,1.086899857715323,-0.2754087278287203,1.1763886758634905,0.0072695748135974,1.1957203512438528,5.540214477211796,425,0.611764705882353,1.7836325774157324,-0.2308166716834327,1.3227976728234685,0.0264022798401235,1.3095903300038785,5.207058823529412,warrior_scanner,screen,"{""min_ret"": 0.1, ""min_rvol"": 5, ""min_close_pos"": 0.5}",False,"{""stop_pct"": null, ""target_pct"": 0.15, ""max_hold_days"": 10}"
2117,0.3901747756258857,-0.855933891509262,-0.8723345466334667,0.8370550401562953,-0.0120377479721635,-1.8081978428282204,0.9650448748228624,1322,0.3895612708018154,-0.7164145194483904,-0.7164145194483904,0.8098035748461389,-0.0105063459506937,-2.2835759919166314,0.9553706505295008,warrior_scanner,screen,"{""min_ret"": 0.1, ""min_rvol"": 5, ""min_close_pos"": 0.5}",False,"{""stop_pct"": null, ""target_pct"": 0.4, ""max_hold_days"": 1}"
1385,0.4245487364620938,1.490595905523154,-0.4740452413797302,1.1153437464773173,0.0058558202055952,1.1723779866611652,2.728519855595668,790,0.3962025316455696,-0.4601660948470962,-0.5501432977253616,0.904481906162583,-0.0064821358379818,-0.6761966506909055,2.6848101265822786,warrior_scanner,screen,"{""min_ret"": 0.1, ""min_rvol"": 5, ""min_close_pos"": 0.5}",False,"{""stop_pct"": null, ""target_pct"": 0.4, ""max_hold_days"": 3}"
965,0.4435233160621761,2.0898163437245345,-0.4617566216317267,1.1693035417766562,0.0135837830529788,1.4290247361138058,4.327461139896373,541,0.4343807763401109,-0.1857889454049084,-0.5529162548325102,0.9663891669870628,0.0091232793795597,-0.1027755731070823,4.210720887245841,warrior_scanner,screen,"{""min_ret"": 0.1, ""min_rvol"": 5, ""min_close_pos"": 0.5}",False,"{""stop_pct"": null, ""target_pct"": 0.4, ""max_hold_days"": 5}"
536,0.4869402985074627,1.5130684235252496,-0.4104222854327438,1.224366802225267,0.021873271208547,1.2860158999728346,8.251865671641792,296,0.3851351351351351,-0.7290013773284763,-0.7723823171280088,0.7268980932749002,-0.0398782429864193,-2.2674697505494854,8.08108108108108,warrior_scanner,screen,"{""min_ret"": 0.1, ""min_rvol"": 5, ""min_close_pos"": 0.5}",False,"{""stop_pct"": null, ""target_pct"": 0.4, ""max_hold_days"": 10}"
1814,0.2265711135611907,-0.9222118063859356,-0.9229002290250854,0.6330663551532585,-0.0165798653987551,-4.497002846573344,0.324696802646086,1139,0.2238805970149253,-0.7521637662353742,-0.7522661194033787,0.6306761130813885,-0.0141484577728731,-4.124446179248996,0.3248463564530289,warrior_scanner,screen,"{""min_ret"": 0.1, ""min_rvol"": 5, ""min_close_pos"": 0.5}",True,"{""stop_pct"": 0.05, ""target_pct"": null, ""max_hold_days"": 1}"
1688,0.1652843601895734,-0.8153873862284025,-0.8394603305692678,0.7995436845105212,-0.0143985375418997,-2.075359131332896,0.7778436018957346,1025,0.1580487804878048,-0.7269141930363207,-0.7269141930363207,0.6488274963626711,-0.0112989769781938,-2.6155725671528853,0.7473170731707317,warrior_scanner,screen,"{""min_ret"": 0.1, ""min_rvol"": 5, ""min_close_pos"": 0.5}",True,"{""stop_pct"": 0.05, ""target_pct"": null, ""max_hold_days"": 3}"
1571,0.1464035646085296,-0.6526225608785343,-0.7862169625822847,0.8599881496321184,-0.0112876806395636,-0.7527905389247903,1.1317632081476767,932,0.1459227467811159,-0.2976319880488585,-0.56596765355344,0.8940955728380617,-0.0024502765494166,-0.4353469867713715,1.101931330472103,warrior_scanner,screen,"{""min_ret"": 0.1, ""min_rvol"": 5, ""min_close_pos"": 0.5}",True,"{""stop_pct"": 0.05, ""target_pct"": null, ""max_hold_days"": 5}"
1344,0.1138392857142857,-0.6393373125355338,-0.7253212185472359,0.8199716317824292,-0.012341799570507,-0.5850961498828182,1.802827380952381,786,0.1132315521628498,0.3359085934579402,-0.4608160949051573,1.0863186358877377,0.0096369221556048,0.7682427604372047,1.7391857506361323,warrior_scanner,screen,"{""min_ret"": 0.1, ""min_rvol"": 5, ""min_close_pos"": 0.5}",True,"{""stop_pct"": 0.05, ""target_pct"": null, ""max_hold_days"": 10}"
1865,0.2327077747989276,-0.9681748844434298,-0.9681748844434298,0.566290993951752,-0.0216603756338311,-7.796463794372386,0.2176943699731903,1161,0.2351421188630491,-0.881529437920543,-0.881529437920543,0.4944738310923253,-0.0207373703661468,-9.07580543102508,0.2213608957795004,warrior_scanner,screen,"{""min_ret"": 0.1, ""min_rvol"": 5, ""min_close_pos"": 0.5}",True,"{""stop_pct"": 0.05, ""target_pct"": 0.15, ""max_hold_days"": 1}"
1800,0.1994444444444444,-0.9660131421817828,-0.9660131421817828,0.6124663972483633,-0.0225057084324467,-7.302333343260088,0.4544444444444444,1098,0.2003642987249544,-0.8721447689090938,-0.8750114574473331,0.5104261117650141,-0.0206900157011084,-7.336337448244902,0.4043715846994535,warrior_scanner,screen,"{""min_ret"": 0.1, ""min_rvol"": 5, ""min_close_pos"": 0.5}",True,"{""stop_pct"": 0.05, ""target_pct"": 0.15, ""max_hold_days"": 3}"
1764,0.1972789115646258,-0.9620409608750806,-0.9620409608750806,0.623428540558671,-0.022290705778384,-7.070687861087953,0.5924036281179138,1062,0.1967984934086629,-0.8586837047728162,-0.8607039513257897,0.5244957492490242,-0.0202547319007786,-7.196526120623308,0.5084745762711864,warrior_scanner,screen,"{""min_ret"": 0.1, ""min_rvol"": 5, ""min_close_pos"": 0.5}",True,"{""stop_pct"": 0.05, ""target_pct"": 0.15, ""max_hold_days"": 5}"
1699,0.1859917598587404,-0.958029005819232,-0.958029005819232,0.6255396965615347,-0.0222563739885094,-6.953006187702735,0.79635079458505,1022,0.1927592954990215,-0.8554618584762217,-0.857919287519097,0.5352138748972436,-0.0208052760045667,-6.753088031798381,0.6487279843444227,warrior_scanner,screen,"{""min_ret"": 0.1, ""min_rvol"": 5, ""min_close_pos"": 0.5}",True,"{""stop_pct"": 0.05, ""target_pct"": 0.15, ""max_hold_days"": 10}"
1828,0.2253829321663019,-0.9203962103443256,-0.9203962103443256,0.6503313048699937,-0.0166084981194211,-4.650013953231983,0.3036105032822757,1149,0.2245430809399478,-0.7665878186131552,-0.7668722102627171,0.6289732702617802,-0.0145864913350515,-4.827702721284224,0.3011314186248912,warrior_scanner,screen,"{""min_ret"": 0.1, ""min_rvol"": 5, ""min_close_pos"": 0.5}",True,"{""stop_pct"": 0.05, ""target_pct"": 0.4, ""max_hold_days"": 1}"
1721,0.1696687972109238,-0.8443110038494106,-0.8519177503380122,0.7867688801946222,-0.014600537083493,-2.8322603383736284,0.674607786170831,1053,0.1585944919278252,-0.7977493896610317,-0.7977493896610317,0.586432533336628,-0.014886157420112,-4.576309860317387,0.6096866096866097,warrior_scanner,screen,"{""min_ret"": 0.1, ""min_rvol"": 5, ""min_close_pos"": 0.5}",True,"{""stop_pct"": 0.05, ""target_pct"": 0.4, ""max_hold_days"": 3}"
1632,0.1556372549019608,-0.8341006234862258,-0.8609330334878091,0.7944535032128374,-0.0155652567222529,-2.6453429773803,0.9325980392156864,981,0.1559633027522936,-0.7370786987494253,-0.7370786987494253,0.6456870999344118,-0.0116155143900944,-3.699264603142407,0.8562691131498471,warrior_scanner,screen,"{""min_ret"": 0.1, ""min_rvol"": 5, ""min_close_pos"": 0.5}",True,"{""stop_pct"": 0.05, ""target_pct"": 0.4, ""max_hold_days"": 5}"
1488,0.1310483870967742,-0.7960131681723386,-0.8205263447909774,0.789820351334715,-0.0149266370173402,-2.337527546023032,1.331989247311828,906,0.1357615894039735,-0.7508474065116497,-0.7508474065116497,0.6317571288675495,-0.0152016863922402,-3.6571434477350393,1.2030905077262692,warrior_scanner,screen,"{""min_ret"": 0.1, ""min_rvol"": 5, ""min_close_pos"": 0.5}",True,"{""stop_pct"": 0.05, ""target_pct"": 0.4, ""max_hold_days"": 10}"
1798,0.3209121245828698,-0.8297940203925345,-0.8679413408676762,0.8079863223245943,-0.0130195259636142,-0.570129342193091,0.6101223581757509,1124,0.3176156583629893,-0.8055208692525697,-0.8055208692525697,0.6771845094320291,-0.0164147424038206,-3.534795002645981,0.6201067615658363,warrior_scanner,screen,"{""min_ret"": 0.1, ""min_rvol"": 5, ""min_close_pos"": 0.5}",True,"{""stop_pct"": 0.1, ""target_pct"": null, ""max_hold_days"": 1}"
1512,0.2837301587301587,0.302065478976689,-0.6499004172440026,1.0272811596818945,-0.0033450588712603,0.4814507337024032,1.529100529100529,883,0.2650056625141563,-0.5340776136594714,-0.6499190854702315,0.8463160881451494,-0.0044822315783137,-0.7785853614448026,1.5152887882219706,warrior_scanner,screen,"{""min_ret"": 0.1, ""min_rvol"": 5, ""min_close_pos"": 0.5}",True,"{""stop_pct"": 0.1, ""target_pct"": null, ""max_hold_days"": 3}"
1253,0.2745411013567438,1.927304568433504,-0.4944656444819394,1.1503698970641016,0.0055177067134838,0.8734166619523388,2.2857142857142856,713,0.2650771388499299,-0.1105714548328623,-0.5112877765150174,0.9711513966062252,0.0055761550703969,0.0745512350383839,2.2482468443197754,warrior_scanner,screen,"{""min_ret"": 0.1, ""min_rvol"": 5, ""min_close_pos"": 0.5}",True,"{""stop_pct"": 0.1, ""target_pct"": null, ""max_hold_days"": 5}"
906,0.2306843267108168,3.2128750565707342,-0.4703060906713538,1.2727432121898017,0.0241930984747773,1.037904662583779,3.798013245033113,508,0.2204724409448819,0.2233162063138263,-0.4463001937692266,1.0543101276581612,0.0193258864108723,0.6294561890202447,3.809055118110236,warrior_scanner,screen,"{""min_ret"": 0.1, ""min_rvol"": 5, ""min_close_pos"": 0.5}",True,"{""stop_pct"": 0.1, ""target_pct"": null, ""max_hold_days"": 10}"
1862,0.336734693877551,-0.9722984245608915,-0.9723097767725216,0.6600913566184667,-0.0229514048232448,-5.540576111962855,0.453813104189044,1156,0.3408304498269896,-0.9051384631361524,-0.9057447080616564,0.5917375641709831,-0.0221463914745039,-6.935646990544055,0.4714532871972318,warrior_scanner,screen,"{""min_ret"": 0.1, ""min_rvol"": 5, ""min_close_pos"": 0.5}",True,"{""stop_pct"": 0.1, ""target_pct"": 0.15, ""max_hold_days"": 1}"
1682,0.3323424494649227,-0.9316250414911972,-0.9378570808342468,0.7791398684123936,-0.0222818513251077,-3.482918380946805,0.9976218787158144,980,0.3336734693877551,-0.8790512424296749,-0.8819139682257122,0.6106873336171991,-0.0225484739974004,-5.569663048897616,0.9836734693877552,warrior_scanner,screen,"{""min_ret"": 0.1, ""min_rvol"": 5, ""min_close_pos"": 0.5}",True,"{""stop_pct"": 0.1, ""target_pct"": 0.15, ""max_hold_days"": 3}"
1549,0.3428018076178179,-0.8775625758809765,-0.8968219733299667,0.8042054685475556,-0.0203521065329238,-2.7703076309529737,1.3111684958037444,884,0.3529411764705882,-0.7819854805592397,-0.7906027166302383,0.6990748032372505,-0.0176238146295558,-4.538031453799282,1.260180995475113,warrior_scanner,screen,"{""min_ret"": 0.1, ""min_rvol"": 5, ""min_close_pos"": 0.5}",True,"{""stop_pct"": 0.1, ""target_pct"": 0.15, ""max_hold_days"": 5}"
1340,0.3395522388059701,-0.8486861108228351,-0.8782587730659281,0.7978549016863381,-0.0199865582608629,-2.6190132503038908,1.8320895522388057,780,0.3615384615384615,-0.7320526724828438,-0.7409439422172256,0.7228501090188034,-0.0194039688938814,-3.8797796175557457,1.7012820512820512,warrior_scanner,screen,"{""min_ret"": 0.1, ""min_rvol"": 5, ""min_close_pos"": 0.5}",True,"{""stop_pct"": 0.1, ""target_pct"": 0.15, ""max_hold_days"": 10}"
1814,0.3202866593164278,-0.923261489564398,-0.931978443101236,0.7256720904396445,-0.0176744767192357,-3.327376246188068,0.5810363836824697,1139,0.3204565408252853,-0.811646024391945,-0.8149417391806709,0.6896336950803277,-0.0161686985109237,-4.0244513812071965,0.5864793678665496,warrior_scanner,screen,"{""min_ret"": 0.1, ""min_rvol"": 5, ""min_close_pos"": 0.5}",True,"{""stop_pct"": 0.1, ""target_pct"": 0.4, ""max_hold_days"": 1}"
1563,0.291746641074856,-0.4133933109811804,-0.6586092428713123,0.9466942242047256,-0.0091894485860373,-0.3941372534480343,1.362763915547025,919,0.2742110990206746,-0.6675230546259464,-0.6739692135547186,0.7892615929764095,-0.0112162772245728,-1.7605814462069442,1.307943416757345,warrior_scanner,screen,"{""min_ret"": 0.1, ""min_rvol"": 5, ""min_close_pos"": 0.5}",True,"{""stop_pct"": 0.1, ""target_pct"": 0.4, ""max_hold_days"": 3}"
1357,0.288135593220339,-0.1330426521182843,-0.6238502634684495,0.9835708221097234,-0.0080912207571312,0.0362992295392866,1.9019896831245395,785,0.2764331210191083,-0.6317365866163511,-0.6501591125541554,0.7874069839285218,-0.0092952154997657,-2.127328032867686,1.810191082802548,warrior_scanner,screen,"{""min_ret"": 0.1, ""min_rvol"": 5, ""min_close_pos"": 0.5}",True,"{""stop_pct"": 0.1, ""target_pct"": 0.4, ""max_hold_days"": 5}"
1057,0.2554399243140965,-0.2935226216946739,-0.5106951090758329,0.9489860796887408,-0.0081851556670087,-0.2298682946211331,2.889309366130558,612,0.2532679738562091,-0.6306221619794786,-0.6468233972128108,0.7530112055511429,-0.0165258944329633,-2.0485157063794697,2.75,warrior_scanner,screen,"{""min_ret"": 0.1, ""min_rvol"": 5, ""min_close_pos"": 0.5}",True,"{""stop_pct"": 0.1, ""target_pct"": 0.4, ""max_hold_days"": 10}"
1785,0.3585434173669468,-0.7588922581666576,-0.8428718314850654,0.864792219810521,-0.0115165546516549,-0.353573609240176,0.8728291316526611,1118,0.3720930232558139,-0.7010960658160601,-0.7010960658160601,0.7587953644236224,-0.0118548340710107,-2.0825341646704323,0.8971377459749553,warrior_scanner,screen,"{""min_ret"": 0.1, ""min_rvol"": 5, ""min_close_pos"": 0.5}",True,"{""stop_pct"": 0.2, ""target_pct"": null, ""max_hold_days"": 1}"
1326,0.3627450980392157,1.9306648631838812,-0.5945511866860982,1.1084959332027624,0.0124409067496518,0.8778817977589856,2.411764705882353,747,0.3440428380187416,-0.6616466679731603,-0.6642892786196279,0.806520712239415,-0.0080000537159472,-1.0862869332160243,2.4190093708166,warrior_scanner,screen,"{""min_ret"": 0.1, ""min_rvol"": 5, ""min_close_pos"": 0.5}",True,"{""stop_pct"": 0.2, ""target_pct"": null, ""max_hold_days"": 3}"
1004,0.3675298804780876,5.330432562429702,-0.3074265578641197,1.2721523817396745,0.0303646917567111,1.2870680322208772,3.6882470119521913,558,0.3548387096774194,-0.4874468388205824,-0.5164061607185957,0.853541271322816,-0.005052130355774,-0.2217589499305627,3.698924731182796,warrior_scanner,screen,"{""min_ret"": 0.1, ""min_rvol"": 5, ""min_close_pos"": 0.5}",True,"{""stop_pct"": 0.2, ""target_pct"": null, ""max_hold_days"": 5}"
624,0.3509615384615384,5.238205755939415,-0.5253125090040947,1.344838564719543,0.0502014563923767,1.2154890086098324,6.517628205128205,352,0.2897727272727273,-0.4023660495875463,-0.6232989143866743,0.8718588128981463,0.0014841788227551,0.0606920548208918,6.340909090909091,warrior_scanner,screen,"{""min_ret"": 0.1, ""min_rvol"": 5, ""min_close_pos"": 0.5}",True,"{""stop_pct"": 0.2, ""target_pct"": null, ""max_hold_days"": 10}"
1857,0.3936456650511578,-0.9489435153784852,-0.9509402141674824,0.7417969626489728,-0.0203061023529683,-3.949642933089158,0.6887452880990845,1154,0.4176776429809358,-0.7630175217027714,-0.7647729794334223,0.721730069999372,-0.0142894063728169,-3.724563624964026,0.7019064124783362,warrior_scanner,screen,"{""min_ret"": 0.1, ""min_rvol"": 5, ""min_close_pos"": 0.5}",True,"{""stop_pct"": 0.2, ""target_pct"": 0.15, ""max_hold_days"": 1}"
1523,0.4379514116874589,-0.8051346622118487,-0.8467089465328144,0.8608767437303064,-0.0170701120569945,-1.879442244346732,1.6743269862114247,866,0.4480369515011547,-0.6988871573283024,-0.7113097744429964,0.761894611442341,-0.0151210395764164,-3.006023871915923,1.6454965357967668,warrior_scanner,screen,"{""min_ret"": 0.1, ""min_rvol"": 5, ""min_close_pos"": 0.5}",True,"{""stop_pct"": 0.2, ""target_pct"": 0.15, ""max_hold_days"": 3}"
1283,0.4676539360872954,-0.718967551019439,-0.7704699594247323,0.8596927987377251,-0.0160992605865048,-1.4200393237846043,2.340607950116913,727,0.5020632737276479,-0.4457429106598931,-0.4782764428239646,0.8753706370038122,-0.0104629435029332,-1.3338771168325034,2.1774415405777168,warrior_scanner,screen,"{""min_ret"": 0.1, ""min_rvol"": 5, ""min_close_pos"": 0.5}",True,"{""stop_pct"": 0.2, ""target_pct"": 0.15, ""max_hold_days"": 5}"
985,0.4964467005076142,-0.5486249670512895,-0.6472161569862682,0.8927832925318383,-0.0131865429865252,-0.849728490791443,3.429441624365482,548,0.5182481751824818,0.5503584437413571,-0.2793608737640066,1.1125558569741922,0.0077674727007357,0.75719727576484,3.291970802919708,warrior_scanner,screen,"{""min_ret"": 0.1, ""min_rvol"": 5, ""min_close_pos"": 0.5}",True,"{""stop_pct"": 0.2, ""target_pct"": 0.15, ""max_hold_days"": 10}"
1803,0.3582917359955629,-0.8972997238103416,-0.9106880624297428,0.778916993879267,-0.0163310930827915,-2.273636534867622,0.8402662229617305,1136,0.3785211267605634,-0.6425190466947313,-0.6477374478789593,0.7986692036517787,-0.0097902742984321,-2.007159436229539,0.8503521126760564,warrior_scanner,screen,"{""min_ret"": 0.1, ""min_rvol"": 5, ""min_close_pos"": 0.5}",True,"{""stop_pct"": 0.2, ""target_pct"": 0.4, ""max_hold_days"": 1}"
1397,0.3758052970651396,0.0676065332469633,-0.5236043807383701,1.0067544409306746,-0.0019029715399545,0.3169976307087364,2.164638511095204,788,0.3629441624365482,-0.5635416907236741,-0.6029714657740456,0.8508451236303983,-0.0068257485548627,-1.0864314164961686,2.1434010152284264,warrior_scanner,screen,"{""min_ret"": 0.1, ""min_rvol"": 5, ""min_close_pos"": 0.5}",True,"{""stop_pct"": 0.2, ""target_pct"": 0.4, ""max_hold_days"": 3}"
1104,0.3958333333333333,1.069676011124198,-0.3248243683211954,1.1015012660089136,0.0018819778200143,1.0556739915013338,3.125,611,0.3797054009819967,-0.5171847035144403,-0.5747593256079524,0.8571269008014856,-0.0092694384304345,-1.1346980903241866,3.1178396072013093,warrior_scanner,screen,"{""min_ret"": 0.1, ""min_rvol"": 5, ""min_close_pos"": 0.5}",True,"{""stop_pct"": 0.2, ""target_pct"": 0.4, ""max_hold_days"": 5}"
748,0.4037433155080214,0.9922350107044668,-0.4329762165862361,1.1223358410352888,0.0129276799062722,1.0511197146176063,5.0588235294117645,420,0.3523809523809524,-0.2834314349360817,-0.4957327716819747,0.9316477586986476,-0.0014814386899449,0.0852836723430519,4.933333333333334,warrior_scanner,screen,"{""min_ret"": 0.1, ""min_rvol"": 5, ""min_close_pos"": 0.5}",True,"{""stop_pct"": 0.2, ""target_pct"": 0.4, ""max_hold_days"": 10}"
1782,0.3658810325476992,-0.7439278577276915,-0.8557063300319863,0.8849099800682919,-0.0102337228211499,-0.3247887490172158,0.9966329966329966,1116,0.3781362007168459,-0.7268666096388607,-0.7268666096388607,0.7648998415739934,-0.0128410775790203,-2.0570203008864603,0.9973118279569892,warrior_scanner,screen,"{""min_ret"": 0.1, ""min_rvol"": 5, ""min_close_pos"": 0.5}",True,"{""stop_pct"": null, ""target_pct"": null, ""max_hold_days"": 1}"
1230,0.4,4.300818954048916,-0.4010663181199291,1.2007937293656117,0.0224837357192644,1.228390444050922,2.985365853658537,702,0.3575498575498576,-0.7061349247487037,-0.7073685465508381,0.8171573206131479,-0.0116601254457209,-1.1743459011565265,2.9786324786324787,warrior_scanner,screen,"{""min_ret"": 0.1, ""min_rvol"": 5, ""min_close_pos"": 0.5}",True,"{""stop_pct"": null, ""target_pct"": null, ""max_hold_days"": 3}"
848,0.4068396226415094,6.23620989511918,-0.3775976106996327,1.3005116480105368,0.0403210199307119,1.3875448666440908,4.95872641509434,470,0.3723404255319149,-0.591349686118199,-0.7018792474042981,0.8575593651708722,-0.0048718946179623,-0.3115214514619079,4.9361702127659575,warrior_scanner,screen,"{""min_ret"": 0.1, ""min_rvol"": 5, ""min_close_pos"": 0.5}",True,"{""stop_pct"": null, ""target_pct"": null, ""max_hold_days"": 5}"
456,0.3969298245614035,1.54194949031973,-0.5749979312080156,1.1934878759545762,0.0355086216722204,1.0730195624569967,9.855263157894736,247,0.2793522267206478,-0.7015181810833889,-0.7559865450153487,0.7242600555619645,-0.0415684120978221,-1.2901292231250951,9.79352226720648,warrior_scanner,screen,"{""min_ret"": 0.1, ""min_rvol"": 5, ""min_close_pos"": 0.5}",True,"{""stop_pct"": null, ""target_pct"": null, ""max_hold_days"": 10}"
1856,0.4197198275862069,-0.8600641754926284,-0.8753377321105787,0.821251891691325,-0.015425958456496,-2.5904665568602234,0.7904094827586207,1154,0.4358752166377816,-0.7338054729120054,-0.7338054729120054,0.7587597528672481,-0.0134054184211953,-3.0878827713097,0.7902946273830156,warrior_scanner,screen,"{""min_ret"": 0.1, ""min_rvol"": 5, ""min_close_pos"": 0.5}",True,"{""stop_pct"": null, ""target_pct"": 0.15, ""max_hold_days"": 1}"
1431,0.4912648497554158,-0.2170569039374132,-0.6058946600917627,0.973726656121445,-0.0098693157538833,-0.1095964926203208,2.1132075471698117,824,0.491504854368932,-0.6562347521298707,-0.6764289836875885,0.803333859967854,-0.0152385359029207,-2.178599581357509,2.0351941747572817,warrior_scanner,screen,"{""min_ret"": 0.1, ""min_rvol"": 5, ""min_close_pos"": 0.5}",True,"{""stop_pct"": null, ""target_pct"": 0.15, ""max_hold_days"": 3}"
1109,0.545536519386835,0.7277394431615847,-0.3787062450441903,1.0925832115530063,-0.0021950608637041,0.9553829258446432,3.21190261496844,633,0.5450236966824644,-0.578334222380616,-0.5935302188399393,0.8366595914908037,-0.0152614472116004,-1.613701717560393,3.061611374407583,warrior_scanner,screen,"{""min_ret"": 0.1, ""min_rvol"": 5, ""min_close_pos"": 0.5}",True,"{""stop_pct"": null, ""target_pct"": 0.15, ""max_hold_days"": 5}"
729,0.5994513031550068,0.8215716993737341,-0.3312077556856975,1.131658156685615,0.0051443969583287,1.052114475993993,5.497942386831276,424,0.6179245283018868,1.2326862742519815,-0.2344230105725971,1.2268869403383704,0.0248008638263136,1.1157729551563451,5.110849056603773,warrior_scanner,screen,"{""min_ret"": 0.1, ""min_rvol"": 5, ""min_close_pos"": 0.5}",True,"{""stop_pct"": null, ""target_pct"": 0.15, ""max_hold_days"": 10}"
1800,0.37,-0.8594050650214731,-0.8738332837980016,0.8183516647317763,-0.0143278260659838,-1.8637593304293831,0.9594444444444444,1136,0.3873239436619718,-0.6256788074293944,-0.6276232726518435,0.8240696345141818,-0.009977846162198,-1.720365280636855,0.94806338028169,warrior_scanner,screen,"{""min_ret"": 0.1, ""min_rvol"": 5, ""min_close_pos"": 0.5}",True,"{""stop_pct"": null, ""target_pct"": 0.4, ""max_hold_days"": 1}"
1294,0.4165378670788253,0.8841882298806334,-0.452892873190817,1.07860374045789,0.004451250379367,0.8805727532197558,2.705564142194745,740,0.3891891891891892,-0.529473930122595,-0.5714113400331842,0.8787998402516184,-0.0096415007369544,-0.8288837470404494,2.672972972972973,warrior_scanner,screen,"{""min_ret"": 0.1, ""min_rvol"": 5, ""min_close_pos"": 0.5}",True,"{""stop_pct"": null, ""target_pct"": 0.4, ""max_hold_days"": 3}"
934,0.4357601713062098,2.295629450852698,-0.3368106187446532,1.189042221848072,0.0139656541474787,1.5470318214705203,4.278372591006424,525,0.4323809523809523,-0.3668924008868853,-0.6130524851420556,0.9304882113452694,0.0035623625367241,-0.4723517342200934,4.188571428571429,warrior_scanner,screen,"{""min_ret"": 0.1, ""min_rvol"": 5, ""min_close_pos"": 0.5}",True,"{""stop_pct"": null, ""target_pct"": 0.4, ""max_hold_days"": 5}"
543,0.4751381215469613,1.5146884531908444,-0.411268633642678,1.2231456200634203,0.019962546685793,1.3128864005402805,7.994475138121547,294,0.4115646258503401,-0.6720846221249455,-0.7135062748241066,0.7639835405237134,-0.0343997558268761,-1.861817600478707,8.0,warrior_scanner,screen,"{""min_ret"": 0.1, ""min_rvol"": 5, ""min_close_pos"": 0.5}",True,"{""stop_pct"": null, ""target_pct"": 0.4, ""max_hold_days"": 10}"
1041,0.4966378482228626,-0.586052348665302,-0.6180425223085838,0.6133264844118,-0.0082137880112613,-1.834933760215257,3.4236311239193085,711,0.5175808720112518,-0.2836175832793937,-0.3343896108302261,0.7754004813531263,-0.0043064042010735,-1.2169050097959768,3.475386779184248,pullback,strategy,"{""rsi_entry"": 5, ""max_hold_days"": 5, ""stop_atr_mult"": null, ""max_mcap"": null}",False,{}
768,0.5052083333333334,-0.5232639238480654,-0.5757596938917924,0.7202091867838928,-0.0087180675056961,-1.293744050516329,3.49609375,656,0.5320121951219512,-0.2817996505211835,-0.4185255475288068,0.839691238786883,-0.0043482452107954,-0.909444969133905,3.4253048780487805,pullback,strategy,"{""rsi_entry"": 5, ""max_hold_days"": 5, ""stop_atr_mult"": null, ""max_mcap"": 2000000000.0}",False,{}
1059,0.493862134088763,-0.5994656957137987,-0.630486074001424,0.6110382529594439,-0.0083959422608292,-1.8970208510594235,3.328611898016997,713,0.514726507713885,-0.2694261920668077,-0.3163143503336534,0.7872802329393969,-0.0039829383803576,-1.1618264433590764,3.4347826086956523,pullback,strategy,"{""rsi_entry"": 5, ""max_hold_days"": 5, ""stop_atr_mult"": 3.0, ""max_mcap"": null}",False,{}
777,0.5057915057915058,-0.493054274061986,-0.5476099180749349,0.743408035953822,-0.0078259673273078,-1.2033396895243047,3.4208494208494207,665,0.5398496240601504,-0.2117204122725566,-0.3841964331456488,0.8838796688492832,-0.0029381249697346,-0.6060845883029251,3.347368421052632,pullback,strategy,"{""rsi_entry"": 5, ""max_hold_days"": 5, ""stop_atr_mult"": 3.0, ""max_mcap"": 2000000000.0}",False,{}
874,0.5137299771167048,-0.4504281881931213,-0.5071465423762653,0.6910551831420682,-0.0065808088078044,-1.274935649666705,4.093821510297483,585,0.5384615384615384,-0.2172075712941035,-0.274425672608066,0.8109049455386661,-0.0038140961737891,-0.9100682236628486,4.223931623931624,pullback,strategy,"{""rsi_entry"": 5, ""max_hold_days"": 10, ""stop_atr_mult"": null, ""max_mcap"": null}",False,{}
643,0.5272161741835147,-0.5121701682257821,-0.5686359155455771,0.6894083868817182,-0.0102089426818015,-1.3073959897099834,4.360808709175739,553,0.566003616636528,-0.1449816184123544,-0.3088110630996994,0.8980533548099628,-0.0021278915946643,-0.3504620634905283,4.099457504520796,pullback,strategy,"{""rsi_entry"": 5, ""max_hold_days"": 10, ""stop_atr_mult"": null, ""max_mcap"": 2000000000.0}",False,{}
919,0.514689880304679,-0.4973369411239653,-0.5451716706478553,0.6650101437466044,-0.0071587102971696,-1.4804462085846934,3.8150163220892273,615,0.5333333333333333,-0.2054222002897875,-0.2859217881166275,0.8324203474599253,-0.0033249791135679,-0.8043760375754343,3.94959349593496,pullback,strategy,"{""rsi_entry"": 5, ""max_hold_days"": 10, ""stop_atr_mult"": 3.0, ""max_mcap"": null}",False,{}
670,0.5298507462686567,-0.4986866848585426,-0.5567182749110886,0.7156619008714138,-0.0093937845372228,-1.2659586104953082,4.102985074626866,566,0.5565371024734982,-0.1807356742973946,-0.3469860660446106,0.8763099025808719,-0.0028104198225441,-0.4719223006375795,3.950530035335689,pullback,strategy,"{""rsi_entry"": 5, ""max_hold_days"": 10, ""stop_atr_mult"": 3.0, ""max_mcap"": 2000000000.0}",False,{}
1085,0.5078341013824885,-0.5630015653626982,-0.59687348224207,0.6468054491477169,-0.0073716552471884,-1.6908645921212042,3.4009216589861757,717,0.5230125523012552,-0.2523624979768207,-0.3161105770425785,0.7982826900511121,-0.0036646999513209,-1.0424100301178787,3.465829846582985,pullback,strategy,"{""rsi_entry"": 10, ""max_hold_days"": 5, ""stop_atr_mult"": null, ""max_mcap"": null}",False,{}
954,0.5167714884696016,-0.6423449764286149,-0.6806783194245248,0.6961719687636987,-0.0097775311434776,-1.5848475793006598,3.436058700209644,714,0.5210084033613446,-0.3302578104919239,-0.4139669158447486,0.8161451398824447,-0.0050203772015298,-1.1132038225393135,3.4271708683473388,pullback,strategy,"{""rsi_entry"": 10, ""max_hold_days"": 5, ""stop_atr_mult"": null, ""max_mcap"": 2000000000.0}",False,{}
1099,0.5050045495905369,-0.5756927103086651,-0.6085960831566357,0.6486664125522767,-0.007524766749988,-1.728175174097777,3.3184713375796178,720,0.5208333333333334,-0.2513375867752159,-0.3071442393189345,0.802985939090133,-0.003630853007248,-1.0590448896307456,3.4208333333333334,pullback,strategy,"{""rsi_entry"": 10, ""max_hold_days"": 5, ""stop_atr_mult"": 3.0, ""max_mcap"": null}",False,{}
960,0.51875,-0.6319819001309006,-0.6713918508298065,0.7022342996777563,-0.0094399607872461,-1.5740811267922457,3.3822916666666667,727,0.5350756533700137,-0.293488814171482,-0.3957560107265729,0.8421300937891186,-0.0042146832610964,-0.9338041149333312,3.3425034387895463,pullback,strategy,"{""rsi_entry"": 10, ""max_hold_days"": 5, ""stop_atr_mult"": 3.0, ""max_mcap"": 2000000000.0}",False,{}
911,0.531284302963776,-0.417496298889331,-0.4697946497872474,0.726495140420329,-0.0056654308449239,-1.1109238378430943,4.055982436882546,591,0.5414551607445008,-0.2106770357215314,-0.2695273415043012,0.8161739252898988,-0.0036018820950128,-0.8723449254706616,4.204737732656515,pullback,strategy,"{""rsi_entry"": 10, ""max_hold_days"": 10, ""stop_atr_mult"": null, ""max_mcap"": null}",False,{}
763,0.5307994757536042,-0.6122186062724891,-0.65925784173909,0.666358056485988,-0.0112916679117372,-1.5516938837143748,4.347313237221494,595,0.5495798319327732,-0.2217000729342646,-0.3863977836747385,0.8576640467574616,-0.003501829012388,-0.6035679261916171,4.126050420168068,pullback,strategy,"{""rsi_entry"": 10, ""max_hold_days"": 10, ""stop_atr_mult"": null, ""max_mcap"": 2000000000.0}",False,{}
962,0.524948024948025,-0.4836499877576238,-0.5215166987672126,0.6881891192184186,-0.0065591072599376,-1.39703810680426,3.765072765072765,621,0.534621578099839,-0.1940921279057798,-0.2763233496045153,0.8417341166520373,-0.0030567224595575,-0.7477817145569168,3.9323671497584543,pullback,strategy,"{""rsi_entry"": 10, ""max_hold_days"": 10, ""stop_atr_mult"": 3.0, ""max_mcap"": null}",False,{}
795,0.5283018867924528,-0.637865714625221,-0.6806473000144138,0.6752270855538365,-0.0115142884823105,-1.5663642762995085,4.09308176100629,609,0.5402298850574713,-0.2453641212716866,-0.392801077085579,0.8447406654226921,-0.0039198944617625,-0.6918702196660655,3.983579638752052,pullback,strategy,"{""rsi_entry"": 10, ""max_hold_days"": 10, ""stop_atr_mult"": 3.0, ""max_mcap"": 2000000000.0}",False,{}
1094,0.5118829981718465,-0.5418862056673458,-0.5773349157459762,0.659755725242239,-0.006910022707818,-1.570477900402106,3.390310786106033,716,0.520949720670391,-0.2683364624350269,-0.3308470625268329,0.7839174264018678,-0.0039624349983026,-1.126813289596005,3.477653631284916,pullback,strategy,"{""rsi_entry"": 15, ""max_hold_days"": 5, ""stop_atr_mult"": null, ""max_mcap"": null}",False,{}
1024,0.5107421875,-0.7410465478356028,-0.7640912564620266,0.6344818864488584,-0.0121496890113495,-2.0340266633032105,3.4228515625,721,0.5131761442441054,-0.3921992688591653,-0.4536761684730958,0.7774586203333985,-0.0062601424190038,-1.4200770510062393,3.435506241331484,pullback,strategy,"{""rsi_entry"": 15, ""max_hold_days"": 5, ""stop_atr_mult"": null, ""max_mcap"": 2000000000.0}",False,{}
1108,0.5054151624548736,-0.5613560907430275,-0.5953076890202492,0.6563760376597141,-0.007205974935309,-1.6777601541505054,3.306859205776173,722,0.518005540166205,-0.253988540695018,-0.3094768246759229,0.7992866824742086,-0.0036642705171944,-1.0815543282004323,3.418282548476454,pullback,strategy,"{""rsi_entry"": 15, ""max_hold_days"": 5, ""stop_atr_mult"": 3.0, ""max_mcap"": null}",False,{}
1036,0.5164092664092664,-0.6949425229909745,-0.7221099078305914,0.6806187694418837,-0.0105016406301442,-1.7683479996659262,3.3484555984555984,734,0.5245231607629428,-0.3612764700644488,-0.4315018754008994,0.8022525940974616,-0.005460225174319,-1.239931618756987,3.352861035422343,pullback,strategy,"{""rsi_entry"": 15, ""max_hold_days"": 5, ""stop_atr_mult"": 3.0, ""max_mcap"": 2000000000.0}",False,{}
919,0.5331882480957563,-0.4097637287695957,-0.4726978605125791,0.7318093675448839,-0.0054719180801119,-1.0857693773068584,4.039173014145811,592,0.5422297297297297,-0.2222896469067287,-0.280251556118109,0.8054997169598106,-0.0038600629516106,-0.9353970492168724,4.206081081081081,pullback,strategy,"{""rsi_entry"": 15, ""max_hold_days"": 10, ""stop_atr_mult"": null, ""max_mcap"": null}",False,{}
821,0.5347137637028014,-0.6181582867460614,-0.6623236142189565,0.6936866236062982,-0.0105855449224837,-1.446603704257332,4.30572472594397,599,0.5409015025041736,-0.3071376043094006,-0.4474796838970699,0.8047621151323615,-0.0053139464286228,-0.9437566986820144,4.140233722871453,pullback,strategy,"{""rsi_entry"": 15, ""max_hold_days"": 10, ""stop_atr_mult"": null, ""max_mcap"": 2000000000.0}",False,{}
967,0.5274043433298863,-0.4613223511282163,-0.5143857451144137,0.7000672124579227,-0.0061098973449587,-1.294263534216744,3.769389865563599,622,0.5353697749196141,-0.2068632090496414,-0.2875789527509942,0.8311088991886328,-0.0032879899115469,-0.8126673583941885,3.9340836012861735,pullback,strategy,"{""rsi_entry"": 15, ""max_hold_days"": 10, ""stop_atr_mult"": 3.0, ""max_mcap"": null}",False,{}
848,0.5318396226415094,-0.6371779550153198,-0.6783318635401172,0.6901312331062034,-0.0108268895383123,-1.4974806829871607,4.087264150943396,613,0.531810766721044,-0.3218784179167496,-0.4485103683103034,0.7982105606871065,-0.0055419278427866,-1.0041446437964794,4.00163132137031,pullback,strategy,"{""rsi_entry"": 15, ""max_hold_days"": 10, ""stop_atr_mult"": 3.0, ""max_mcap"": 2000000000.0}",False,{}
4128,0.2558139534883721,-0.996967396575634,-0.9970580741188576,0.7215766256765421,-0.0151107751321052,-6.929085337879132,0.4246608527131782,2360,0.2292372881355932,-0.9733900941099892,-0.9733900941099892,0.4888104530424682,-0.0153765244725834,-4.373879698664657,0.3745762711864406,dryup_first_spike,screen,"{""dry_frac"": 0.5, ""min_rvol"": 3, ""min_ret"": 0.03}",False,"{""stop_pct"": 0.05, ""target_pct"": null, ""max_hold_days"": 1}"
2752,0.1845930232558139,-0.9837771514127744,-0.9853245446918614,0.742666411469834,-0.017847556756195,-4.280849611050029,0.9040697674418604,1549,0.1717236927049709,-0.942538077319186,-0.942538077319186,0.5020568605455259,-0.0201061289131617,-2.430061004802051,0.7998708844415752,dryup_first_spike,screen,"{""dry_frac"": 0.5, ""min_rvol"": 3, ""min_ret"": 0.03}",False,"{""stop_pct"": 0.05, ""target_pct"": null, ""max_hold_days"": 3}"
2237,0.1555654894948591,-0.9204499990316908,-0.9385051856009065,0.7696253455512587,-0.0144712428647968,-1.9507081661520929,1.2641931157800623,1270,0.1472440944881889,-0.7861178520890791,-0.7879355600627408,0.6505995244504752,-0.0126308633493989,-0.972071402015916,1.115748031496063,dryup_first_spike,screen,"{""dry_frac"": 0.5, ""min_rvol"": 3, ""min_ret"": 0.03}",False,"{""stop_pct"": 0.05, ""target_pct"": null, ""max_hold_days"": 5}"
1652,0.1246973365617433,-0.7073177058867093,-0.8381753934557492,0.856093618313096,-0.0069491179232206,-0.9852163477565852,1.9691283292978208,963,0.1017653167185877,-0.8292261463675361,-0.8343431855780019,0.6011461149009959,-0.0188038490570594,-1.1462891040596412,1.6801661474558671,dryup_first_spike,screen,"{""dry_frac"": 0.5, ""min_rvol"": 3, ""min_ret"": 0.03}",False,"{""stop_pct"": 0.05, ""target_pct"": null, ""max_hold_days"": 10}"
4039,0.2624411983164149,-0.99871077653425,-0.998745314126722,0.6739223909154277,-0.0179364122052638,-11.658761674147158,0.3399356276306016,2364,0.2373096446700507,-0.9919213089392488,-0.9919213089392488,0.4324755018884257,-0.0213496186710443,-15.63053186742735,0.2893401015228426,dryup_first_spike,screen,"{""dry_frac"": 0.5, ""min_rvol"": 3, ""min_ret"": 0.03}",False,"{""stop_pct"": 0.05, ""target_pct"": 0.15, ""max_hold_days"": 1}"
3021,0.2234359483614697,-0.996012154593783,-0.9960864793527152,0.669789528254101,-0.0201900207711823,-9.879300321358487,0.6428334988414433,1758,0.2025028441410694,-0.9813512629160752,-0.9813512629160752,0.4656948892082668,-0.0243771757440434,-13.595928938182777,0.5062571103526735,dryup_first_spike,screen,"{""dry_frac"": 0.5, ""min_rvol"": 3, ""min_ret"": 0.03}",False,"{""stop_pct"": 0.05, ""target_pct"": 0.15, ""max_hold_days"": 3}"
2653,0.20844327176781,-0.9938498599251137,-0.9939644851504926,0.6507929590866933,-0.0213303556226076,-9.405362630997736,0.8281191104410102,1578,0.1939163498098859,-0.9705238857986664,-0.9705238857986664,0.4891283156804029,-0.0242997084459515,-12.054521761658297,0.6343472750316856,dryup_first_spike,screen,"{""dry_frac"": 0.5, ""min_rvol"": 3, ""min_ret"": 0.03}",False,"{""stop_pct"": 0.05, ""target_pct"": 0.15, ""max_hold_days"": 5}"
2273,0.1966564012318521,-0.9848501606093912,-0.9853581620862584,0.667695355147153,-0.0209951045992212,-8.043859058649566,1.0928288605367356,1379,0.1849166062364031,-0.952584403449018,-0.952584403449018,0.5040383918225064,-0.0245352098997792,-10.70209846431389,0.8252356780275562,dryup_first_spike,screen,"{""dry_frac"": 0.5, ""min_rvol"": 3, ""min_ret"": 0.03}",False,"{""stop_pct"": 0.05, ""target_pct"": 0.15, ""max_hold_days"": 10}"
4150,0.2554216867469879,-0.9967468056175006,-0.9968440790268306,0.7348767094966356,-0.0150163028843975,-7.448831508104631,0.407710843373494,2363,0.2302158273381295,-0.9804279798990504,-0.9804279798990504,0.4922357076714658,-0.017530066518923,-9.607221532460228,0.3554803216250529,dryup_first_spike,screen,"{""dry_frac"": 0.5, ""min_rvol"": 3, ""min_ret"": 0.03}",False,"{""stop_pct"": 0.05, ""target_pct"": 0.4, ""max_hold_days"": 1}"
2836,0.191114245416079,-0.9820108191298847,-0.9845116199179104,0.7595189087228144,-0.0168850168247123,-5.08639022309067,0.8187588152327221,1611,0.1744258224705152,-0.9303661384246114,-0.9303661384246114,0.5649692686062272,-0.0184675797925136,-5.702493683551837,0.6945996275605214,dryup_first_spike,screen,"{""dry_frac"": 0.5, ""min_rvol"": 3, ""min_ret"": 0.03}",False,"{""stop_pct"": 0.05, ""target_pct"": 0.4, ""max_hold_days"": 3}"
2373,0.1639275179098188,-0.9637572240916946,-0.9705053313973796,0.7681666406757551,-0.0175678919191448,-4.3607393870712805,1.1036662452591657,1367,0.1587417702999268,-0.8944338112282453,-0.8944338112282453,0.581163178787942,-0.0176832804379291,-5.034804636682634,0.9348939283101684,dryup_first_spike,screen,"{""dry_frac"": 0.5, ""min_rvol"": 3, ""min_ret"": 0.03}",False,"{""stop_pct"": 0.05, ""target_pct"": 0.4, ""max_hold_days"": 5}"
1833,0.1456628477905073,-0.8721913279399066,-0.9114045710838384,0.7818439723119155,-0.0149601653851723,-2.8796314292249754,1.6486633933442445,1101,0.1298819255222525,-0.8683519622937141,-0.8683519622937141,0.5686174238061896,-0.0192620786081401,-5.04414058317015,1.329700272479564,dryup_first_spike,screen,"{""dry_frac"": 0.5, ""min_rvol"": 3, ""min_ret"": 0.03}",False,"{""stop_pct"": 0.05, ""target_pct"": 0.4, ""max_hold_days"": 10}"
4091,0.3304815448545588,-0.9973796989431746,-0.9976928901732488,0.758726415774448,-0.0145876748750854,-2.4106165232070995,0.6924957223172818,2348,0.3087734241908006,-0.9917852755322192,-0.9917852755322192,0.4608413803003328,-0.0195353184924564,-5.396828015039228,0.6631175468483816,dryup_first_spike,screen,"{""dry_frac"": 0.5, ""min_rvol"": 3, ""min_ret"": 0.03}",False,"{""stop_pct"": 0.1, ""target_pct"": null, ""max_hold_days"": 1}"
2162,0.2761332099907493,-0.898463615573407,-0.9208524387718156,0.8626337149797334,-0.0150348289443838,-0.5779904501116642,1.57631822386679,1183,0.2823330515638207,-0.899880943872861,-0.899880943872861,0.695571988039026,-0.0193294071098241,-1.4828265539779697,1.52240067624683,dryup_first_spike,screen,"{""dry_frac"": 0.5, ""min_rvol"": 3, ""min_ret"": 0.03}",False,"{""stop_pct"": 0.1, ""target_pct"": null, ""max_hold_days"": 3}"
1608,0.2568407960199005,-0.2344374538504355,-0.6974583354916779,0.9715995082450328,-0.0062650237403591,0.3239606332415755,2.2605721393034828,870,0.2505747126436781,-0.6447802841756731,-0.7757304948873531,0.7486178488712705,-0.0120448632638421,-0.2107239155237417,2.228735632183908,dryup_first_spike,screen,"{""dry_frac"": 0.5, ""min_rvol"": 3, ""min_ret"": 0.03}",False,"{""stop_pct"": 0.1, ""target_pct"": null, ""max_hold_days"": 5}"
1078,0.2263450834879406,0.1557607100755953,-0.6687220102008868,1.0194949910283932,-7.746344838351238e-05,0.4814709165542218,3.6196660482374767,575,0.1982608695652173,-0.8307249379624256,-0.8307249379624256,0.5818291910563933,-0.0319253217629646,-0.8792869465392841,3.591304347826087,dryup_first_spike,screen,"{""dry_frac"": 0.5, ""min_rvol"": 3, ""min_ret"": 0.03}",False,"{""stop_pct"": 0.1, ""target_pct"": null, ""max_hold_days"": 10}"
3866,0.3448008277289188,-0.9992793711941969,-0.9992956202819592,0.7152617388619086,-0.0209316157310422,-9.29510728231621,0.5752715985514744,2349,0.3239676458067262,-0.9966172612263252,-0.9966172612263252,0.4515376389415361,-0.0246156761574554,-12.672758803511568,0.5389527458492975,dryup_first_spike,screen,"{""dry_frac"": 0.5, ""min_rvol"": 3, ""min_ret"": 0.03}",False,"{""stop_pct"": 0.1, ""target_pct"": 0.15, ""max_hold_days"": 1}"
2447,0.3391908459337965,-0.9945771421287002,-0.9948876002015375,0.7371442677442299,-0.0243023760527123,-6.426751115248023,1.1552921945239067,1380,0.3376811594202898,-0.9702190490910112,-0.9702190490910112,0.5777953342624328,-0.0272792155402721,-8.293294647050143,1.0557971014492753,dryup_first_spike,screen,"{""dry_frac"": 0.5, ""min_rvol"": 3, ""min_ret"": 0.03}",False,"{""stop_pct"": 0.1, ""target_pct"": 0.15, ""max_hold_days"": 3}"
2025,0.3274074074074074,-0.9911696644279444,-0.9919458284422706,0.7232987645225188,-0.0274755402868399,-6.14712633621418,1.4755555555555555,1132,0.3295053003533569,-0.9346356234600672,-0.935624930063817,0.6097954536066257,-0.0258737066058784,-5.977461527600987,1.36660777385159,dryup_first_spike,screen,"{""dry_frac"": 0.5, ""min_rvol"": 3, ""min_ret"": 0.03}",False,"{""stop_pct"": 0.1, ""target_pct"": 0.15, ""max_hold_days"": 5}"
1612,0.3238213399503722,-0.9690835685477296,-0.9735103580370726,0.7321524626261249,-0.0262769978969462,-4.913110169683239,2.002481389578164,896,0.3214285714285714,-0.8894334787899255,-0.891566544332218,0.6113990347792331,-0.0268931642136873,-4.723135537957028,1.8671875,dryup_first_spike,screen,"{""dry_frac"": 0.5, ""min_rvol"": 3, ""min_ret"": 0.03}",False,"{""stop_pct"": 0.1, ""target_pct"": 0.15, ""max_hold_days"": 10}"
4030,0.3330024813895781,-0.9981563914205756,-0.9983985305355784,0.7696050547737237,-0.0171863685805117,-6.309207797464811,0.6712158808933002,2353,0.3132171695707607,-0.9901665926985171,-0.9901665926985171,0.5086443273731436,-0.0195562634864349,-8.264803939597497,0.6370590735231619,dryup_first_spike,screen,"{""dry_frac"": 0.5, ""min_rvol"": 3, ""min_ret"": 0.03}",False,"{""stop_pct"": 0.1, ""target_pct"": 0.4, ""max_hold_days"": 1}"
2249,0.2841262783459315,-0.9688460377669104,-0.9804018837250088,0.8309056017564569,-0.0201979034058802,-3.3565714575914822,1.4273010226767453,1233,0.2968369829683698,-0.819265602086317,-0.8347266798212116,0.7644704510017355,-0.0158578278220831,-2.3716875629756307,1.3779399837793995,dryup_first_spike,screen,"{""dry_frac"": 0.5, ""min_rvol"": 3, ""min_ret"": 0.03}",False,"{""stop_pct"": 0.1, ""target_pct"": 0.4, ""max_hold_days"": 3}"
1731,0.2668977469670711,-0.8864477520743458,-0.9248069536873548,0.847735374236233,-0.020394962040052,-2.264668712804722,1.9838243789716927,938,0.2771855010660981,-0.5680463253735473,-0.6250324559980813,0.8432907489081127,-0.007671093752068,-1.116538694412689,1.9360341151385927,dryup_first_spike,screen,"{""dry_frac"": 0.5, ""min_rvol"": 3, ""min_ret"": 0.03}",False,"{""stop_pct"": 0.1, ""target_pct"": 0.4, ""max_hold_days"": 5}"
1250,0.252,-0.6820272433848278,-0.7627568548580898,0.8670482020739527,-0.0176915915921437,-1.1714335335477912,2.9296,712,0.2247191011235955,-0.6921565132787042,-0.7232704297311625,0.7678525871020222,-0.0142207819358186,-1.5749440584956915,2.6502808988764044,dryup_first_spike,screen,"{""dry_frac"": 0.5, ""min_rvol"": 3, ""min_ret"": 0.03}",False,"{""stop_pct"": 0.1, ""target_pct"": 0.4, ""max_hold_days"": 10}"
4144,0.3597972972972973,-0.9962189935112636,-0.9968947554448576,0.819227512722216,-0.0141971672904873,-1.973513915844488,0.9005791505791506,2341,0.345578812473302,-0.993523233731242,-0.993523233731242,0.461754118563591,-0.0208650255758665,-4.826061666857918,0.8974797095258437,dryup_first_spike,screen,"{""dry_frac"": 0.5, ""min_rvol"": 3, ""min_ret"": 0.03}",False,"{""stop_pct"": 0.2, ""target_pct"": null, ""max_hold_days"": 1}"
1774,0.342728297632469,-0.8858497587688338,-0.93046141464424,0.8919245757597961,-0.0152662487939601,-0.3901926022344902,2.3404735062006763,955,0.3455497382198952,-0.9482250204182036,-0.9513090537087788,0.6303184585298435,-0.0287595299835914,-1.9112610522998243,2.305759162303665,dryup_first_spike,screen,"{""dry_frac"": 0.5, ""min_rvol"": 3, ""min_ret"": 0.03}",False,"{""stop_pct"": 0.2, ""target_pct"": null, ""max_hold_days"": 3}"
1186,0.3355817875210792,0.2586014002745438,-0.6665341909295542,1.0233114024438017,0.0027019729622861,0.5572392808255741,3.5775716694772344,644,0.3167701863354037,-0.8852186963229642,-0.9315176538487931,0.5759990814141297,-0.031452475286957,-1.3675995827689018,3.459627329192547,dryup_first_spike,screen,"{""dry_frac"": 0.5, ""min_rvol"": 3, ""min_ret"": 0.03}",False,"{""stop_pct"": 0.2, ""target_pct"": null, ""max_hold_days"": 5}"
720,0.3097222222222222,0.4886556996457041,-0.7113838384991276,1.0514888613022382,0.0043758800568204,0.5878225656000814,6.013888888888889,388,0.2551546391752577,-0.8766323881810322,-0.888243779037879,0.6200317938838115,-0.0499864463299243,-1.0564068059311893,5.881443298969073,dryup_first_spike,screen,"{""dry_frac"": 0.5, ""min_rvol"": 3, ""min_ret"": 0.03}",False,"{""stop_pct"": 0.2, ""target_pct"": null, ""max_hold_days"": 10}"
4042,0.3891637803067788,-0.9987683187576604,-0.9988734409595044,0.784729673665602,-0.0188196829977189,-6.658392069620185,0.7607619990103909,2348,0.3739352640545145,-0.9952884179862402,-0.9952884179862402,0.468961409387086,-0.0229287157725966,-9.938074858224557,0.7461669505962522,dryup_first_spike,screen,"{""dry_frac"": 0.5, ""min_rvol"": 3, ""min_ret"": 0.03}",False,"{""stop_pct"": 0.2, ""target_pct"": 0.15, ""max_hold_days"": 1}"
2076,0.4190751445086705,-0.9880253509382164,-0.9915177438589904,0.8119312186072287,-0.0248347221803951,-4.312978367896862,1.716281310211946,1141,0.4382120946538124,-0.9449608134577496,-0.9471235475935846,0.6346146809387364,-0.0278745020151281,-6.053081343910395,1.6231375985977212,dryup_first_spike,screen,"{""dry_frac"": 0.5, ""min_rvol"": 3, ""min_ret"": 0.03}",False,"{""stop_pct"": 0.2, ""target_pct"": 0.15, ""max_hold_days"": 3}"
1552,0.4426546391752577,-0.9491262091568732,-0.962391357252894,0.8161570163215366,-0.0235036855302841,-3.027813521731227,2.36340206185567,853,0.4501758499413834,-0.8610153866223571,-0.8683159534892996,0.6752906317814158,-0.0252006367798122,-3.693396720280135,2.23915592028136,dryup_first_spike,screen,"{""dry_frac"": 0.5, ""min_rvol"": 3, ""min_ret"": 0.03}",False,"{""stop_pct"": 0.2, ""target_pct"": 0.15, ""max_hold_days"": 5}"
1086,0.4622467771639042,-0.8400340930280457,-0.9093237307047004,0.8188566422393747,-0.0237050258942584,-2.1305843199913435,3.544198895027624,629,0.4705882352941176,-0.3753051169915022,-0.5759972825651314,0.9016611244564102,-0.0082661869955625,-0.0380176777939273,3.1526232114467407,dryup_first_spike,screen,"{""dry_frac"": 0.5, ""min_rvol"": 3, ""min_ret"": 0.03}",False,"{""stop_pct"": 0.2, ""target_pct"": 0.15, ""max_hold_days"": 10}"
4093,0.3630588810163694,-0.9972105286663032,-0.9976280571288088,0.824005248016628,-0.0156368993188262,-4.376699445395006,0.8734424627412656,2353,0.3501912452188695,-0.9912015480834594,-0.9912015480834594,0.523495548253806,-0.0197773359390369,-7.119879676983365,0.8635784105397365,dryup_first_spike,screen,"{""dry_frac"": 0.5, ""min_rvol"": 3, ""min_ret"": 0.03}",False,"{""stop_pct"": 0.2, ""target_pct"": 0.4, ""max_hold_days"": 1}"
1859,0.3604088219472834,-0.944243740517804,-0.9674599487329156,0.8833939988535223,-0.0185239289115661,-2.261920759233554,2.126949973103819,1004,0.351593625498008,-0.9315393340179512,-0.9408522251916605,0.6676980179033425,-0.0271306753759065,-3.1843904584650287,2.0866533864541834,dryup_first_spike,screen,"{""dry_frac"": 0.5, ""min_rvol"": 3, ""min_ret"": 0.03}",False,"{""stop_pct"": 0.2, ""target_pct"": 0.4, ""max_hold_days"": 3}"
1314,0.3622526636225266,-0.7379664170997758,-0.8562193029617791,0.9056014377811082,-0.0160829184620117,-1.1029213015349513,3.0593607305936072,707,0.3606789250353607,-0.6346044575243888,-0.6888931917054877,0.8310309685449471,-0.0151477623361326,-0.9926940873898936,2.994342291371994,dryup_first_spike,screen,"{""dry_frac"": 0.5, ""min_rvol"": 3, ""min_ret"": 0.03}",False,"{""stop_pct"": 0.2, ""target_pct"": 0.4, ""max_hold_days"": 5}"
842,0.3610451306413301,-0.1392795635116216,-0.6545939599855066,0.979098273155974,-0.0115673484573911,0.0687451421694057,4.933491686460807,476,0.3319327731092437,-0.4075110092665811,-0.5774136572274849,0.901986786074436,-0.0059484169268938,-0.0366241046148332,4.55672268907563,dryup_first_spike,screen,"{""dry_frac"": 0.5, ""min_rvol"": 3, ""min_ret"": 0.03}",False,"{""stop_pct"": 0.2, ""target_pct"": 0.4, ""max_hold_days"": 10}"
4116,0.3666180758017492,-0.996729312670528,-0.9974080888763236,0.8228624509013251,-0.0148475545196332,-2.0158371260325985,0.9980563654033042,2335,0.3533190578158458,-0.99580567289693,-0.99580567289693,0.4938962002350291,-0.0221014594718404,-5.410209317779376,0.9961456102783726,dryup_first_spike,screen,"{""dry_frac"": 0.5, ""min_rvol"": 3, ""min_ret"": 0.03}",False,"{""stop_pct"": null, ""target_pct"": null, ""max_hold_days"": 1}"
1559,0.3713919178960872,-0.7929196240042657,-0.91082200762989,0.9250579946378844,-0.0140108154417512,-0.1958206415253881,2.9890955740859524,833,0.368547418967587,-0.7766622242987773,-0.7992515535456615,0.8135130983236637,-0.0182257317129349,-0.6231075231361387,2.9759903961584637,dryup_first_spike,screen,"{""dry_frac"": 0.5, ""min_rvol"": 3, ""min_ret"": 0.03}",False,"{""stop_pct"": null, ""target_pct"": null, ""max_hold_days"": 3}"
940,0.375531914893617,-0.8380407041787276,-0.9329693670881998,0.8707206765996223,-0.0211803214820695,-1.0474938242295893,4.962765957446808,500,0.336,-0.9183904136422976,-0.9203253245442726,0.5088100570380242,-0.0479894966893165,-2.6571066681190887,4.966,dryup_first_spike,screen,"{""dry_frac"": 0.5, ""min_rvol"": 3, ""min_ret"": 0.03}",False,"{""stop_pct"": null, ""target_pct"": null, ""max_hold_days"": 5}"
470,0.3829787234042553,-0.7895130753469171,-0.8326239382407785,0.7081630985135169,-0.0503231782228926,-1.2178774209275942,9.936170212765957,250,0.328,-0.5725464583962252,-0.6049058674645751,0.7206659929889923,-0.035971065325502,-0.6984738575099771,9.948,dryup_first_spike,screen,"{""dry_frac"": 0.5, ""min_rvol"": 3, ""min_ret"": 0.03}",False,"{""stop_pct"": null, ""target_pct"": null, ""max_hold_days"": 10}"
4197,0.4131522516082916,-0.9958756837124572,-0.9967520140830196,0.8394599076283793,-0.0146799623787425,-5.05246530279031,0.8344055277579223,2353,0.395240118997025,-0.9942384430934028,-0.9942384430934028,0.5215605956920997,-0.0217580610815434,-8.549061360536225,0.8300042498937527,dryup_first_spike,screen,"{""dry_frac"": 0.5, ""min_rvol"": 3, ""min_ret"": 0.03}",False,"{""stop_pct"": null, ""target_pct"": 0.15, ""max_hold_days"": 1}"
1882,0.4803400637619553,-0.8959250540946285,-0.9357487034601034,0.8625125493712762,-0.014055914159039,-2.090847418833924,2.136556854410202,1019,0.507360157016683,-0.8028157721873619,-0.8071297037817375,0.7434147868700389,-0.0189950551981673,-2.607253422750448,2.0814524043179587,dryup_first_spike,screen,"{""dry_frac"": 0.5, ""min_rvol"": 3, ""min_ret"": 0.03}",False,"{""stop_pct"": null, ""target_pct"": 0.15, ""max_hold_days"": 3}"
1274,0.5274725274725275,-0.5622468869426082,-0.7839897506340456,0.9129785210421189,-0.0108666272933866,-0.7923699613181469,3.2519623233908947,688,0.5290697674418605,-0.756952776832504,-0.7608217973875344,0.7332419946264354,-0.0222049031064694,-2.166039434253952,3.184593023255814,dryup_first_spike,screen,"{""dry_frac"": 0.5, ""min_rvol"": 3, ""min_ret"": 0.03}",False,"{""stop_pct"": null, ""target_pct"": 0.15, ""max_hold_days"": 5}"
770,0.5818181818181818,-0.0899981270415755,-0.6180245481658373,0.9804534092322724,-0.0057539651682482,0.0590852792618469,5.558441558441558,414,0.5748792270531401,0.4233938108626949,-0.3286183496183394,1.103692175580035,0.0104918754671361,0.7009429479580456,5.480676328502415,dryup_first_spike,screen,"{""dry_frac"": 0.5, ""min_rvol"": 3, ""min_ret"": 0.03}",False,"{""stop_pct"": null, ""target_pct"": 0.15, ""max_hold_days"": 10}"
4131,0.3730331638828371,-0.9960971641786156,-0.9972671671546972,0.8455005110214787,-0.0148985051921175,-3.733018299010936,0.9648995400629388,2345,0.35863539445629,-0.9949261259912826,-0.9949261259912826,0.5212796605077945,-0.0220470210078734,-6.805295870052515,0.959914712153518,dryup_first_spike,screen,"{""dry_frac"": 0.5, ""min_rvol"": 3, ""min_ret"": 0.03}",False,"{""stop_pct"": null, ""target_pct"": 0.4, ""max_hold_days"": 1}"
1640,0.3939024390243902,-0.579877749064168,-0.8596541640311443,0.9422569172309412,-0.0110675277455923,-0.3579867553188092,2.7195121951219514,880,0.3795454545454545,-0.9159537403554338,-0.92158126910557,0.7170380852284649,-0.0297301767010529,-2.5713730675905944,2.705681818181818,dryup_first_spike,screen,"{""dry_frac"": 0.5, ""min_rvol"": 3, ""min_ret"": 0.03}",False,"{""stop_pct"": null, ""target_pct"": 0.4, ""max_hold_days"": 3}"
1036,0.4266409266409266,-0.2779679719106687,-0.657633026193166,0.97024582486314,-0.0074174952204245,-0.0828789564922245,4.324324324324325,566,0.3798586572438162,-0.7930095594649161,-0.8203077588561194,0.726771989838319,-0.0294011279232883,-2.0356274795938507,4.210247349823321,dryup_first_spike,screen,"{""dry_frac"": 0.5, ""min_rvol"": 3, ""min_ret"": 0.03}",False,"{""stop_pct"": null, ""target_pct"": 0.4, ""max_hold_days"": 5}"
554,0.4440433212996389,0.5055897596522028,-0.4735078981331284,1.0747910689694546,0.0023092898150905,0.6103858977444425,8.220216606498195,306,0.392156862745098,-0.2513422607108078,-0.5760496981243481,0.9390718368169556,0.0010096281809619,0.1211148603114397,7.869281045751634,dryup_first_spike,screen,"{""dry_frac"": 0.5, ""min_rvol"": 3, ""min_ret"": 0.03}",False,"{""stop_pct"": null, ""target_pct"": 0.4, ""max_hold_days"": 10}"
3557,0.2434635929153781,-0.9944602460383332,-0.9945548704672236,0.7141662092844506,-0.0158913011255833,-6.167056571045369,0.3623840314872083,2091,0.2214251554280248,-0.9572321693281184,-0.9572321693281184,0.4876840498798993,-0.0150432622676767,-3.7152404087905353,0.3400286944045911,dryup_first_spike,screen,"{""dry_frac"": 0.5, ""min_rvol"": 3, ""min_ret"": 0.1}",False,"{""stop_pct"": 0.05, ""target_pct"": null, ""max_hold_days"": 1}"
2677,0.1800522973477773,-0.9783549801164116,-0.981356146589354,0.7491129515775344,-0.016883178526721,-3.8444792137442656,0.8121031004856182,1514,0.1558784676354029,-0.92232052197886,-0.92232052197886,0.5116443815626008,-0.0184026929051935,-2.119284993420933,0.73778071334214,dryup_first_spike,screen,"{""dry_frac"": 0.5, ""min_rvol"": 3, ""min_ret"": 0.1}",False,"{""stop_pct"": 0.05, ""target_pct"": null, ""max_hold_days"": 3}"
2241,0.1548415885765283,-0.9199871853219288,-0.944469803271434,0.7797946532637269,-0.0137418640115579,-1.8484503852672665,1.1659973226238287,1271,0.1392604248623131,-0.4324135153893573,-0.7676193551644244,0.8235343435987335,-0.0048831828008176,0.0621142007409599,1.03933910306845,dryup_first_spike,screen,"{""dry_frac"": 0.5, ""min_rvol"": 3, ""min_ret"": 0.1}",False,"{""stop_pct"": 0.05, ""target_pct"": null, ""max_hold_days"": 5}"
1686,0.1233689205219454,-0.637086356538624,-0.7788477918636209,0.8730096745861897,-0.003779520268131,-0.5568914447050307,1.860023724792408,963,0.102803738317757,-0.6336881716892138,-0.6764459225790347,0.7699211000663373,-0.0098607970272368,-0.3714391872000184,1.6458982346832811,dryup_first_spike,screen,"{""dry_frac"": 0.5, ""min_rvol"": 3, ""min_ret"": 0.1}",False,"{""stop_pct"": 0.05, ""target_pct"": null, ""max_hold_days"": 10}"
3523,0.2506386602327561,-0.9978925350125832,-0.9979127656476706,0.6678144625621429,-0.0189504082334379,-10.32220561544227,0.2642634118648879,2106,0.231718898385565,-0.9888326099981206,-0.9888326099981206,0.4084585097384753,-0.0222210499756439,-14.243479147278393,0.248338081671415,dryup_first_spike,screen,"{""dry_frac"": 0.5, ""min_rvol"": 3, ""min_ret"": 0.1}",False,"{""stop_pct"": 0.05, ""target_pct"": 0.15, ""max_hold_days"": 1}"
2958,0.2187288708586883,-0.9957259452695276,-0.9958316795133796,0.6933767895967264,-0.0201462152634445,-9.18033842286158,0.5070993914807302,1705,0.1988269794721407,-0.9772831155455038,-0.9772831155455038,0.4619750378850321,-0.0236457541330457,-12.089801679398963,0.436950146627566,dryup_first_spike,screen,"{""dry_frac"": 0.5, ""min_rvol"": 3, ""min_ret"": 0.1}",False,"{""stop_pct"": 0.05, ""target_pct"": 0.15, ""max_hold_days"": 3}"
2721,0.211319367879456,-0.9926582392775604,-0.9928398643543273,0.6869422950154133,-0.0199015991797266,-8.413761777994601,0.6504961411245865,1581,0.1935483870967742,-0.9591172672601036,-0.9591172672601036,0.5080027627316553,-0.0218576375229804,-9.548874661292595,0.5306767868437697,dryup_first_spike,screen,"{""dry_frac"": 0.5, ""min_rvol"": 3, ""min_ret"": 0.1}",False,"{""stop_pct"": 0.05, ""target_pct"": 0.15, ""max_hold_days"": 5}"
2440,0.2012295081967213,-0.9874869539796708,-0.9877965095522306,0.7005724781800211,-0.0198622385931472,-7.735212839687861,0.8459016393442623,1451,0.1840110268780151,-0.9607389244348724,-0.9607389244348724,0.5056521665950703,-0.02439755743985,-10.511154828122368,0.6464507236388698,dryup_first_spike,screen,"{""dry_frac"": 0.5, ""min_rvol"": 3, ""min_ret"": 0.1}",False,"{""stop_pct"": 0.05, ""target_pct"": 0.15, ""max_hold_days"": 10}"
3582,0.2428810720268006,-0.9935649573930968,-0.9936472506729156,0.729311802929114,-0.0154838873025558,-6.3801228694178445,0.3442211055276382,2101,0.2208472156116135,-0.9729429823857156,-0.9729429823857156,0.4721070472928809,-0.0178888346289935,-8.84036714717634,0.3165159447881961,dryup_first_spike,screen,"{""dry_frac"": 0.5, ""min_rvol"": 3, ""min_ret"": 0.1}",False,"{""stop_pct"": 0.05, ""target_pct"": 0.4, ""max_hold_days"": 1}"
2758,0.1856417693981145,-0.9754037850986004,-0.9802750220088438,0.7754022936960298,-0.0162237640632243,-4.452584866413432,0.7240754169688179,1580,0.1632911392405063,-0.9197680428862882,-0.927342302051026,0.545152771594628,-0.0175588000381326,-5.974846219091357,0.6234177215189873,dryup_first_spike,screen,"{""dry_frac"": 0.5, ""min_rvol"": 3, ""min_ret"": 0.1}",False,"{""stop_pct"": 0.05, ""target_pct"": 0.4, ""max_hold_days"": 3}"
2391,0.1580928481806775,-0.9668820606499086,-0.973967853800134,0.7702210549157432,-0.0174724913462075,-4.133566030401527,0.9757423672103722,1381,0.1520637219406227,-0.8761302085918788,-0.8864796197653284,0.5859847892198485,-0.0161375767674069,-4.737571976835413,0.8204199855177408,dryup_first_spike,screen,"{""dry_frac"": 0.5, ""min_rvol"": 3, ""min_ret"": 0.1}",False,"{""stop_pct"": 0.05, ""target_pct"": 0.4, ""max_hold_days"": 5}"
1926,0.1417445482866043,-0.9112183811119482,-0.9281069909482772,0.767140691357394,-0.0157987112274961,-3.1412196086607675,1.4439252336448598,1165,0.1253218884120171,-0.8732935661920306,-0.8747194893309372,0.5907524115110677,-0.0192070828634421,-4.845431662711145,1.1450643776824034,dryup_first_spike,screen,"{""dry_frac"": 0.5, ""min_rvol"": 3, ""min_ret"": 0.1}",False,"{""stop_pct"": 0.05, ""target_pct"": 0.4, ""max_hold_days"": 10}"
3540,0.3293785310734463,-0.994926794918774,-0.995554103131642,0.7690577877551185,-0.0152911127147583,-2.0788153062277464,0.6491525423728813,2078,0.307507218479307,-0.9860826503971716,-0.9860826503971716,0.4650155592622915,-0.0198154701973584,-4.390205618889871,0.6342637151106834,dryup_first_spike,screen,"{""dry_frac"": 0.5, ""min_rvol"": 3, ""min_ret"": 0.1}",False,"{""stop_pct"": 0.1, ""target_pct"": null, ""max_hold_days"": 1}"
2139,0.2739597942964001,-0.9148006542329798,-0.9312865116845006,0.8618704202871713,-0.0134712317808169,-0.6343627331415267,1.503973819541842,1167,0.2707797772065124,-0.8411317940581985,-0.8513818757326601,0.7389492552844313,-0.0163646002763555,-1.048527117920033,1.4961439588688945,dryup_first_spike,screen,"{""dry_frac"": 0.5, ""min_rvol"": 3, ""min_ret"": 0.1}",False,"{""stop_pct"": 0.1, ""target_pct"": null, ""max_hold_days"": 3}"
1615,0.2625386996904025,-0.3070076739593224,-0.7485712352114883,0.9639766631165028,-0.0036776898097517,0.292907755067946,2.173374613003096,884,0.2364253393665158,-0.6337960507892619,-0.7881126967552137,0.7800110732323551,-0.0117946352351354,-0.1786386231475375,2.1357466063348416,dryup_first_spike,screen,"{""dry_frac"": 0.5, ""min_rvol"": 3, ""min_ret"": 0.1}",False,"{""stop_pct"": 0.1, ""target_pct"": null, ""max_hold_days"": 5}"
1088,0.2279411764705882,0.4958857646361176,-0.6318876664333617,1.058199732307784,0.0129338011727024,0.6137569705906402,3.532169117647059,588,0.1819727891156462,-0.8552545496477163,-0.8840181077960908,0.6310226026799597,-0.034682700848025,-1.007012549738814,3.462585034013605,dryup_first_spike,screen,"{""dry_frac"": 0.5, ""min_rvol"": 3, ""min_ret"": 0.1}",False,"{""stop_pct"": 0.1, ""target_pct"": null, ""max_hold_days"": 10}"
3427,0.3487014881820834,-0.9988106753327334,-0.9988126268551252,0.7067611006614161,-0.0216020912910631,-8.323049686508453,0.5126933177706449,2099,0.3301572177227251,-0.9944898761224008,-0.9944898761224008,0.4497609611755161,-0.0249700153776174,-11.493837986897292,0.5026202953787517,dryup_first_spike,screen,"{""dry_frac"": 0.5, ""min_rvol"": 3, ""min_ret"": 0.1}",False,"{""stop_pct"": 0.1, ""target_pct"": 0.15, ""max_hold_days"": 1}"
2433,0.3390875462392108,-0.9960146531577276,-0.996202349971816,0.7407403568317591,-0.0252908680150132,-6.490608722932151,1.0238388820386355,1367,0.3262618873445501,-0.976293679607426,-0.976293679607426,0.5348755218832081,-0.0287237977376871,-8.827692735890261,0.9897585954645208,dryup_first_spike,screen,"{""dry_frac"": 0.5, ""min_rvol"": 3, ""min_ret"": 0.1}",False,"{""stop_pct"": 0.1, ""target_pct"": 0.15, ""max_hold_days"": 3}"
2079,0.3386243386243386,-0.9890744318815516,-0.9896628865459174,0.7308252701750934,-0.0252873000807905,-5.609193318090987,1.312169312169312,1178,0.3259762308998302,-0.9516742515844276,-0.9517481632648654,0.5973666733826349,-0.0278731295529723,-7.233640103169346,1.2071307300509335,dryup_first_spike,screen,"{""dry_frac"": 0.5, ""min_rvol"": 3, ""min_ret"": 0.1}",False,"{""stop_pct"": 0.1, ""target_pct"": 0.15, ""max_hold_days"": 5}"
1766,0.3312570781426953,-0.96627798416073,-0.9714718667356282,0.7801665047774988,-0.0241750837717964,-3.9265756785725903,1.6568516421291053,954,0.3176100628930817,-0.9325121381420038,-0.9392008620871924,0.5628111514396794,-0.0305122577693682,-6.799832482792056,1.6352201257861636,dryup_first_spike,screen,"{""dry_frac"": 0.5, ""min_rvol"": 3, ""min_ret"": 0.1}",False,"{""stop_pct"": 0.1, ""target_pct"": 0.15, ""max_hold_days"": 10}"
3480,0.3307471264367816,-0.9972899446156152,-0.9974986842286604,0.7550936414075603,-0.0184089948841094,-5.929976247353295,0.6261494252873563,2089,0.3121110579224509,-0.9855618726505364,-0.9855896856663466,0.5028767554339995,-0.0201283302657048,-7.598725306495382,0.6050741981809479,dryup_first_spike,screen,"{""dry_frac"": 0.5, ""min_rvol"": 3, ""min_ret"": 0.1}",False,"{""stop_pct"": 0.1, ""target_pct"": 0.4, ""max_hold_days"": 1}"
2211,0.2840343735866124,-0.9703997545953312,-0.9814010485784064,0.8278791251824501,-0.0197015170498113,-3.268464772025433,1.3604703753957486,1235,0.2825910931174089,-0.8474567463084359,-0.8674051059985743,0.7341796603560011,-0.0169001860268158,-2.4791964299642144,1.2963562753036435,dryup_first_spike,screen,"{""dry_frac"": 0.5, ""min_rvol"": 3, ""min_ret"": 0.1}",False,"{""stop_pct"": 0.1, ""target_pct"": 0.4, ""max_hold_days"": 3}"
1770,0.2706214689265537,-0.899474917324272,-0.939255902332748,0.8480363968135971,-0.0183919300840243,-2.028683876895033,1.8384180790960447,969,0.2559339525283797,-0.7625075166251362,-0.8111463949665416,0.7758560227178212,-0.0155429182831265,-2.1177389202655594,1.7936016511867905,dryup_first_spike,screen,"{""dry_frac"": 0.5, ""min_rvol"": 3, ""min_ret"": 0.1}",False,"{""stop_pct"": 0.1, ""target_pct"": 0.4, ""max_hold_days"": 5}"
1289,0.2637703646237393,-0.5112316657627036,-0.7328395971545141,0.9276053572178514,-0.0098371658471909,-0.6678895258927903,2.760279286268425,695,0.2172661870503597,-0.7729802200957887,-0.8070923874348406,0.7270009524696908,-0.0216764736708466,-2.405012896763694,2.7179856115107914,dryup_first_spike,screen,"{""dry_frac"": 0.5, ""min_rvol"": 3, ""min_ret"": 0.1}",False,"{""stop_pct"": 0.1, ""target_pct"": 0.4, ""max_hold_days"": 10}"
3551,0.3649676147564066,-0.9912117787249916,-0.9927297371948792,0.8339776562950422,-0.0138999344862365,-1.6006604254031824,0.8921430582934384,2068,0.3481624758220503,-0.9888810593814704,-0.9888810593814704,0.463398586235431,-0.0215027441548554,-4.802597659234479,0.8945841392649904,dryup_first_spike,screen,"{""dry_frac"": 0.5, ""min_rvol"": 3, ""min_ret"": 0.1}",False,"{""stop_pct"": 0.2, ""target_pct"": null, ""max_hold_days"": 1}"
1736,0.3467741935483871,-0.6316340606968318,-0.860087285753038,0.9482590491630556,-0.0045420018113347,0.0696021175941948,2.357142857142857,943,0.3297985153764581,-0.9376718351264848,-0.9429832977464556,0.6680283968548902,-0.0273998069413956,-1.7549837873880507,2.2937433722163307,dryup_first_spike,screen,"{""dry_frac"": 0.5, ""min_rvol"": 3, ""min_ret"": 0.1}",False,"{""stop_pct"": 0.2, ""target_pct"": null, ""max_hold_days"": 3}"
1179,0.3435114503816794,1.0772595123942184,-0.5140073982677296,1.0789319115432965,0.0117050710653313,0.7576872623520932,3.5623409669211195,632,0.3338607594936709,-0.622476827852524,-0.8053294133979539,0.7791570834518424,-0.015095840745509,-0.251135587135315,3.5490506329113924,dryup_first_spike,screen,"{""dry_frac"": 0.5, ""min_rvol"": 3, ""min_ret"": 0.1}",False,"{""stop_pct"": 0.2, ""target_pct"": null, ""max_hold_days"": 5}"
716,0.3212290502793296,1.069153772783841,-0.6856696706858043,1.0951484606702426,0.0259843523785982,0.7371201648507262,6.022346368715084,393,0.2391857506361323,-0.708209619196525,-0.8490514582286145,0.8079916420590596,-0.0354697406600116,-0.2418754154453915,5.7735368956743,dryup_first_spike,screen,"{""dry_frac"": 0.5, ""min_rvol"": 3, ""min_ret"": 0.1}",False,"{""stop_pct"": 0.2, ""target_pct"": null, ""max_hold_days"": 10}"
3520,0.3977272727272727,-0.9980504477825376,-0.9981937933270096,0.7880505500367755,-0.0197949314560099,-6.097447095514758,0.7258522727272727,2099,0.3854216293473082,-0.9915511433473564,-0.9915511433473564,0.466874714576606,-0.0227462603172349,-8.812901658667048,0.7260600285850405,dryup_first_spike,screen,"{""dry_frac"": 0.5, ""min_rvol"": 3, ""min_ret"": 0.1}",False,"{""stop_pct"": 0.2, ""target_pct"": 0.15, ""max_hold_days"": 1}"
2050,0.4365853658536585,-0.9794637142295944,-0.9878003100992055,0.8559641441436555,-0.0219760810359429,-3.660369742280752,1.6473170731707316,1120,0.4321428571428571,-0.94849187084619,-0.9499993587998468,0.6145536201629922,-0.0284587676627682,-6.410051594356197,1.6178571428571429,dryup_first_spike,screen,"{""dry_frac"": 0.5, ""min_rvol"": 3, ""min_ret"": 0.1}",False,"{""stop_pct"": 0.2, ""target_pct"": 0.15, ""max_hold_days"": 3}"
1563,0.4536148432501599,-0.9401674674291224,-0.958702690983032,0.8365698185329383,-0.0218986670919596,-2.818009157528954,2.269993602047345,866,0.4561200923787529,-0.8821137003813305,-0.8842502925252682,0.668927443554317,-0.0271828622538332,-4.229091076144327,2.155889145496536,dryup_first_spike,screen,"{""dry_frac"": 0.5, ""min_rvol"": 3, ""min_ret"": 0.1}",False,"{""stop_pct"": 0.2, ""target_pct"": 0.15, ""max_hold_days"": 5}"
1138,0.4885764499121265,-0.8022590332032533,-0.8875773119238038,0.864187338858894,-0.017533828677047,-1.8704071504328024,3.282952548330404,647,0.4806800618238022,-0.4419077435644787,-0.5839273868271516,0.8909679792899403,-0.010453545885443,-0.135219348249766,3.0139103554868623,dryup_first_spike,screen,"{""dry_frac"": 0.5, ""min_rvol"": 3, ""min_ret"": 0.1}",False,"{""stop_pct"": 0.2, ""target_pct"": 0.15, ""max_hold_days"": 10}"
3549,0.3679909833755987,-0.9941574873950322,-0.9946787786306686,0.8255056306906497,-0.0162075255662816,-3.648273425739231,0.8610876303183995,2084,0.3546065259117082,-0.9860254966137584,-0.9860254966137584,0.514193392218412,-0.0201328349678568,-6.379701131072849,0.8565259117082533,dryup_first_spike,screen,"{""dry_frac"": 0.5, ""min_rvol"": 3, ""min_ret"": 0.1}",False,"{""stop_pct"": 0.2, ""target_pct"": 0.4, ""max_hold_days"": 1}"
1827,0.3672687465790914,-0.8873911635722258,-0.9394027524868196,0.9041688200571802,-0.0139052206143431,-1.4527519130668147,2.1094690749863165,993,0.3454179254783484,-0.9205201430102914,-0.9307504941676952,0.6573358428160504,-0.0276472056711198,-3.835250980136392,2.0513595166163143,dryup_first_spike,screen,"{""dry_frac"": 0.5, ""min_rvol"": 3, ""min_ret"": 0.1}",False,"{""stop_pct"": 0.2, ""target_pct"": 0.4, ""max_hold_days"": 3}"
1306,0.3675344563552833,-0.5577238272704531,-0.8184148843002226,0.930113542416224,-0.0071157439146081,-0.4158649528218273,3.0382848392036754,709,0.3610719322990127,-0.764068825557939,-0.8125727638453667,0.7707930660323538,-0.0229544325753037,-2.1776661832953104,2.981664315937941,dryup_first_spike,screen,"{""dry_frac"": 0.5, ""min_rvol"": 3, ""min_ret"": 0.1}",False,"{""stop_pct"": 0.2, ""target_pct"": 0.4, ""max_hold_days"": 5}"
848,0.3785377358490566,-0.353099808993764,-0.6562496089615032,0.9461324653405188,-0.007953027395036,-0.2441866440257004,4.860849056603773,478,0.3054393305439331,-0.6544865725595459,-0.7131459805430702,0.8294426729841783,-0.0236388016590616,-0.5478361922730246,4.52510460251046,dryup_first_spike,screen,"{""dry_frac"": 0.5, ""min_rvol"": 3, ""min_ret"": 0.1}",False,"{""stop_pct"": 0.2, ""target_pct"": 0.4, ""max_hold_days"": 10}"
3542,0.3718238283455675,-0.9914474741547143,-0.9933289871469816,0.844203120340312,-0.0142469167551942,-1.5729136867095022,0.9977413890457368,2065,0.3559322033898305,-0.9890259392928532,-0.9890259392928532,0.5109702053377932,-0.0209162994790333,-4.440784088174757,0.9961259079903148,dryup_first_spike,screen,"{""dry_frac"": 0.5, ""min_rvol"": 3, ""min_ret"": 0.1}",False,"{""stop_pct"": null, ""target_pct"": null, ""max_hold_days"": 1}"
1542,0.3800259403372243,-0.3701120109534952,-0.7988775191612317,0.9728490964605192,-0.0087151241948941,0.2757085362198347,2.987029831387808,830,0.3674698795180723,-0.8228815798509699,-0.8345566197873437,0.801830925969528,-0.0211658056786082,-0.7458641448926908,2.9759036144578315,dryup_first_spike,screen,"{""dry_frac"": 0.5, ""min_rvol"": 3, ""min_ret"": 0.1}",False,"{""stop_pct"": null, ""target_pct"": null, ""max_hold_days"": 3}"
937,0.368196371398079,0.3313219396131674,-0.7338711957084099,1.0244963874054411,0.0130087405623122,0.5922532314802285,4.970117395944504,500,0.296,-0.947732197190612,-0.9519767362537654,0.62069440111885,-0.0601890978672352,-2.1311521549629537,4.954,dryup_first_spike,screen,"{""dry_frac"": 0.5, ""min_rvol"": 3, ""min_ret"": 0.1}",False,"{""stop_pct"": null, ""target_pct"": null, ""max_hold_days"": 5}"
470,0.4212765957446808,0.4308786687242747,-0.6771949068066045,1.099631546531611,0.0083209560264809,0.61099967322513,9.91063829787234,250,0.34,-0.694414484331158,-0.701946376115826,0.6921510130460935,-0.053331217982788,-0.4112818200199586,9.928,dryup_first_spike,screen,"{""dry_frac"": 0.5, ""min_rvol"": 3, ""min_ret"": 0.1}",False,"{""stop_pct"": null, ""target_pct"": null, ""max_hold_days"": 10}"
3622,0.4215902816123688,-0.9913155459335328,-0.9930188955240102,0.8470471353857264,-0.0151184041395875,-4.430901247003572,0.8114301490889012,2098,0.4080076263107721,-0.9858141387181456,-0.9858141387181456,0.5243170530550199,-0.020243395683705,-7.308234868166247,0.8112488083889419,dryup_first_spike,screen,"{""dry_frac"": 0.5, ""min_rvol"": 3, ""min_ret"": 0.1}",False,"{""stop_pct"": null, ""target_pct"": 0.15, ""max_hold_days"": 1}"
1853,0.4943335132218024,-0.8691589149816443,-0.9312234900012768,0.9015971643138592,-0.0124928528733291,-1.974912268370768,2.1068537506745817,1010,0.4851485148514851,-0.8714867336084859,-0.8714867336084859,0.7033080802714566,-0.0236833068535838,-3.3424829054344904,2.0821782178217823,dryup_first_spike,screen,"{""dry_frac"": 0.5, ""min_rvol"": 3, ""min_ret"": 0.1}",False,"{""stop_pct"": null, ""target_pct"": 0.15, ""max_hold_days"": 3}"
1278,0.5312989045383412,-0.3397062821010823,-0.7527343896221571,0.9571653203431116,-0.0060608816866285,-0.2497141565008271,3.192488262910798,701,0.5178316690442225,-0.8143102126415548,-0.8169432213882444,0.7378678776259221,-0.0280023483408936,-2.741183913866626,3.088445078459344,dryup_first_spike,screen,"{""dry_frac"": 0.5, ""min_rvol"": 3, ""min_ret"": 0.1}",False,"{""stop_pct"": null, ""target_pct"": 0.15, ""max_hold_days"": 5}"
782,0.5946291560102301,-0.0601298710936706,-0.6876183603176855,0.9899257023252148,-0.0029305568477416,0.1135043669922698,5.425831202046036,408,0.5490196078431373,0.0451880362064325,-0.4153550465581853,1.0108453246480396,8.94675555759218e-05,0.4187251881778143,5.58578431372549,dryup_first_spike,screen,"{""dry_frac"": 0.5, ""min_rvol"": 3, ""min_ret"": 0.1}",False,"{""stop_pct"": null, ""target_pct"": 0.15, ""max_hold_days"": 10}"
3563,0.3797361773786135,-0.9874633632377988,-0.989393628384422,0.8528397789113998,-0.013861477540753,-2.895844084199619,0.9615492562447376,2080,0.3629807692307692,-0.989338446351437,-0.989338446351437,0.517290036529535,-0.0212293106552192,-5.847443329114974,0.953846153846154,dryup_first_spike,screen,"{""dry_frac"": 0.5, ""min_rvol"": 3, ""min_ret"": 0.1}",False,"{""stop_pct"": null, ""target_pct"": 0.4, ""max_hold_days"": 1}"
1620,0.4074074074074074,-0.7304033377942462,-0.9053763758506372,0.9252405233145904,-0.0093300593680927,-0.6441068656248846,2.7012345679012344,875,0.3782857142857143,-0.8561947388185746,-0.8719915810660416,0.7364967665337598,-0.0228231526970969,-2.103196943427916,2.678857142857143,dryup_first_spike,screen,"{""dry_frac"": 0.5, ""min_rvol"": 3, ""min_ret"": 0.1}",False,"{""stop_pct"": null, ""target_pct"": 0.4, ""max_hold_days"": 3}"
1036,0.4189189189189189,-0.1468733787453382,-0.7195921396489668,0.9864053771354386,-0.0034325069279651,0.1097454894759633,4.30019305019305,563,0.3801065719360568,-0.8899212008551487,-0.8957595053916325,0.6860130433363147,-0.0390872004635218,-2.94235937585169,4.229129662522203,dryup_first_spike,screen,"{""dry_frac"": 0.5, ""min_rvol"": 3, ""min_ret"": 0.1}",False,"{""stop_pct"": null, ""target_pct"": 0.4, ""max_hold_days"": 5}"
557,0.4721723518850987,0.7091159318049856,-0.5121285026066984,1.0932425222341735,0.017027262065669,0.7201936379982239,8.136445242369838,301,0.3720930232558139,-0.6693959657398658,-0.6913142052839432,0.7493773775594239,-0.0397470797039863,-1.4150174497230743,8.03654485049834,dryup_first_spike,screen,"{""dry_frac"": 0.5, ""min_rvol"": 3, ""min_ret"": 0.1}",False,"{""stop_pct"": null, ""target_pct"": 0.4, ""max_hold_days"": 10}"
446,0.1457399103139013,-0.3636093178688568,-0.4554097307460165,0.80229225018768,-0.0089476384071758,-0.8681983002902947,0.0,543,0.1325966850828729,-0.4706556036179207,-0.6357323228528089,0.7313932971888509,-0.0097344129305595,-1.0411106165322337,0.0,gap_and_go,screen,"{""min_gap"": 0.2, ""max_price"": 10}",False,"{""stop_pct"": 0.05, ""target_pct"": null, ""max_hold_days"": 1}"
446,0.1524663677130044,-0.7279906449844076,-0.7279906449844076,0.4070088266922152,-0.0289424528647179,-5.795409010223632,0.0,543,0.1381215469613259,-0.8303807048138623,-0.8303807048138623,0.3500715525049145,-0.032536174527746,-11.005642399471569,0.0,gap_and_go,screen,"{""min_gap"": 0.2, ""max_price"": 10}",False,"{""stop_pct"": 0.05, ""target_pct"": 0.15, ""max_hold_days"": 1}"
446,0.147982062780269,-0.4781372753559552,-0.5016073038994322,0.7109210070346111,-0.0139012768430016,-1.7822913888005496,0.0,543,0.1344383057090239,-0.7346454144550609,-0.7478143963439581,0.4992170148819982,-0.0240963792177789,-5.824946681430782,0.0,gap_and_go,screen,"{""min_gap"": 0.2, ""max_price"": 10}",False,"{""stop_pct"": 0.05, ""target_pct"": 0.4, ""max_hold_days"": 1}"
446,0.273542600896861,0.1003605578681547,-0.4130283177116187,1.0294277536131635,0.0049064694787818,0.3137142146068408,0.0,543,0.2744014732965009,-0.5258358537965646,-0.7216120486180408,0.8132542947102995,-0.0111972587685506,-1.041070567523154,0.0,gap_and_go,screen,"{""min_gap"": 0.2, ""max_price"": 10}",False,"{""stop_pct"": 0.1, ""target_pct"": null, ""max_hold_days"": 1}"
446,0.2914798206278027,-0.7960780387221743,-0.7961226506365914,0.5199914817388578,-0.0350213592822608,-4.663377274238525,0.0,543,0.2983425414364641,-0.8676463882088986,-0.8706814735472297,0.5170944415456209,-0.0367951276255838,-7.694709259332289,0.0,gap_and_go,screen,"{""min_gap"": 0.2, ""max_price"": 10}",False,"{""stop_pct"": 0.1, ""target_pct"": 0.15, ""max_hold_days"": 1}"
446,0.2757847533632287,-0.3860477859433234,-0.4537124807370953,0.8571022567996033,-0.0096085694766351,-0.8973583593418929,0.0,543,0.2762430939226519,-0.7554394570702375,-0.7767859492890007,0.6488559117907184,-0.0250917745542159,-3.989998943209036,0.0,gap_and_go,screen,"{""min_gap"": 0.2, ""max_price"": 10}",False,"{""stop_pct"": 0.1, ""target_pct"": 0.4, ""max_hold_days"": 1}"
446,0.3654708520179372,-0.0971331821880474,-0.4566281943026257,0.9763534245076404,0.0013092112001818,0.063778171003813,0.0,543,0.3627992633517495,-0.6181322238711234,-0.7321639239196713,0.8123335659643593,-0.0132808515545374,-1.064593219352846,0.0,gap_and_go,screen,"{""min_gap"": 0.2, ""max_price"": 10}",False,"{""stop_pct"": 0.2, ""target_pct"": null, ""max_hold_days"": 1}"
446,0.4506726457399103,-0.7022192402159497,-0.7022192402159497,0.6994271186589057,-0.0260284719812801,-2.6356978952444905,0.0,543,0.4235727440147329,-0.8889198825304838,-0.8889198825304838,0.6052373103859835,-0.0388755150713621,-5.721652298650767,0.0,gap_and_go,screen,"{""min_gap"": 0.2, ""max_price"": 10}",False,"{""stop_pct"": 0.2, ""target_pct"": 0.15, ""max_hold_days"": 1}"
446,0.3721973094170404,-0.4637661864048682,-0.5096946017925934,0.8588455854261893,-0.0120552126245767,-0.941833011398646,0.0,543,0.3701657458563536,-0.7868824970170128,-0.7929514208936961,0.7071586406868722,-0.0258932958390587,-3.217061800611652,0.0,gap_and_go,screen,"{""min_gap"": 0.2, ""max_price"": 10}",False,"{""stop_pct"": 0.2, ""target_pct"": 0.4, ""max_hold_days"": 1}"
446,0.3744394618834081,-0.0705743637787501,-0.4885064261743069,0.9827912499135332,0.0021751683945042,0.1098307079703558,0.0,543,0.3812154696132597,-0.730145383964761,-0.768484121004395,0.7807734312614077,-0.0192792061212502,-1.4777776788540236,0.0,gap_and_go,screen,"{""min_gap"": 0.2, ""max_price"": 10}",False,"{""stop_pct"": null, ""target_pct"": null, ""max_hold_days"": 1}"
446,0.5089686098654709,-0.346069707120708,-0.3935296251076602,0.8685283586100483,-0.0083358721338151,-0.8305831875435037,0.0,543,0.4990791896869245,-0.727435718137925,-0.7481685442983393,0.7405767745362228,-0.0222115697516956,-3.069671541338677,0.0,gap_and_go,screen,"{""min_gap"": 0.2, ""max_price"": 10}",False,"{""stop_pct"": null, ""target_pct"": 0.15, ""max_hold_days"": 1}"
446,0.3923766816143498,-0.1922386288789068,-0.4212279854287956,0.94528182685074,-0.0025842750667933,-0.189621174564766,0.0,543,0.4014732965009208,-0.7474332331373208,-0.7814923356462358,0.7610831262956238,-0.0221260356120224,-2.3872624704956764,0.0,gap_and_go,screen,"{""min_gap"": 0.2, ""max_price"": 10}",False,"{""stop_pct"": null, ""target_pct"": 0.4, ""max_hold_days"": 1}"
726,0.1735537190082644,-0.2745075505200732,-0.3689888043559599,0.9010682260849058,-0.0026721993828924,-0.2530657804972248,0.0,755,0.1298013245033112,-0.7213635622753323,-0.7899373286341076,0.606864916425373,-0.0154106391186545,-2.2425128788238395,0.0,gap_and_go,screen,"{""min_gap"": 0.2, ""max_price"": 20}",False,"{""stop_pct"": 0.05, ""target_pct"": null, ""max_hold_days"": 1}"
726,0.1790633608815427,-0.8477497500071621,-0.8477497500071621,0.456681338627755,-0.0257699848828906,-6.784833765580149,0.0,755,0.1377483443708609,-0.9167925279210354,-0.9167925279210354,0.3252185033364702,-0.0327747247166364,-13.9352578388459,0.0,gap_and_go,screen,"{""min_gap"": 0.2, ""max_price"": 20}",False,"{""stop_pct"": 0.05, ""target_pct"": 0.15, ""max_hold_days"": 1}"
726,0.174931129476584,-0.6059246747546975,-0.616051199112146,0.7309763190346318,-0.0122936745609569,-2.118806180979574,0.0,755,0.1311258278145695,-0.865154750833075,-0.8673175799458405,0.4452348521533227,-0.026226572340847,-8.182219085613262,0.0,gap_and_go,screen,"{""min_gap"": 0.2, ""max_price"": 20}",False,"{""stop_pct"": 0.05, ""target_pct"": 0.4, ""max_hold_days"": 1}"
726,0.2878787878787879,-0.0923240057126587,-0.3912865131424796,0.9783264254933168,0.0015429896003943,0.1217777199650006,0.0,755,0.2635761589403974,-0.758977657895767,-0.8352414210338015,0.7516319334800823,-0.0165883137183937,-1.987033022640685,0.0,gap_and_go,screen,"{""min_gap"": 0.2, ""max_price"": 20}",False,"{""stop_pct"": 0.1, ""target_pct"": null, ""max_hold_days"": 1}"
726,0.3057851239669421,-0.9139163533537852,-0.9149128004308624,0.5342660065944052,-0.03326112677326,-6.0167739062193935,0.0,755,0.2874172185430463,-0.9492474011814404,-0.9492474011814404,0.4853424110998011,-0.0389372039282484,-9.53316032862014,0.0,gap_and_go,screen,"{""min_gap"": 0.2, ""max_price"": 20}",False,"{""stop_pct"": 0.1, ""target_pct"": 0.15, ""max_hold_days"": 1}"
726,0.2892561983471074,-0.6727749997321377,-0.6909023616280012,0.7796440630500543,-0.0143489962460949,-1.897579594286643,0.0,755,0.2649006622516556,-0.891802348965345,-0.8958872680199541,0.6138796632932506,-0.0286331783302048,-5.646100424542239,0.0,gap_and_go,screen,"{""min_gap"": 0.2, ""max_price"": 20}",False,"{""stop_pct"": 0.1, ""target_pct"": 0.4, ""max_hold_days"": 1}"
726,0.3663911845730027,-0.3470454459714555,-0.4400739757526709,0.9253298537322472,-0.0024197677254543,-0.1717159156506183,0.0,755,0.3536423841059603,-0.8090962661490905,-0.8485915812962204,0.7582941943192367,-0.0180803638386912,-1.8128548856726656,0.0,gap_and_go,screen,"{""min_gap"": 0.2, ""max_price"": 20}",False,"{""stop_pct"": 0.2, ""target_pct"": null, ""max_hold_days"": 1}"
726,0.4393939393939394,-0.8655440198249855,-0.8655440198249855,0.6718676394550135,-0.0266309915574562,-3.604270907804608,0.0,755,0.4211920529801324,-0.9447357687777534,-0.9447357687777534,0.6129542389557767,-0.0369073317697186,-6.6370283369127945,0.0,gap_and_go,screen,"{""min_gap"": 0.2, ""max_price"": 20}",False,"{""stop_pct"": 0.2, ""target_pct"": 0.15, ""max_hold_days"": 1}"
726,0.3705234159779614,-0.7523813319273304,-0.7529691885341526,0.7752083527577543,-0.0176482457428882,-1.9167248353289457,0.0,755,0.3642384105960264,-0.8860979289588531,-0.8860979289588531,0.6880827242617427,-0.0265704016923051,-4.055172130752857,0.0,gap_and_go,screen,"{""min_gap"": 0.2, ""max_price"": 20}",False,"{""stop_pct"": 0.2, ""target_pct"": 0.4, ""max_hold_days"": 1}"
726,0.3774104683195592,-0.2917961183218754,-0.378897604854979,0.9396402712871617,-0.0011357558476392,-0.0787151085279768,0.0,755,0.3708609271523179,-0.8661838971697613,-0.8847317529948051,0.751489290240575,-0.0223978761247107,-2.149362040143771,0.0,gap_and_go,screen,"{""min_gap"": 0.2, ""max_price"": 20}",False,"{""stop_pct"": null, ""target_pct"": null, ""max_hold_days"": 1}"
726,0.4917355371900826,-0.5822116797806292,-0.5831770425989267,0.831534506621272,-0.0109982276504402,-1.4886270105338502,0.0,755,0.4966887417218543,-0.759844962470869,-0.769669735939349,0.7786476344410496,-0.017450796965482,-3.069127494220649,0.0,gap_and_go,screen,"{""min_gap"": 0.2, ""max_price"": 20}",False,"{""stop_pct"": null, ""target_pct"": 0.15, ""max_hold_days"": 1}"
726,0.3925619834710744,-0.535907248739087,-0.5891053056787132,0.8664733798183392,-0.008782956520139,-0.903152574217972,0.0,755,0.3933774834437086,-0.8376472112259692,-0.8584490872373713,0.7649504252486998,-0.0212786845031923,-2.80849182823903,0.0,gap_and_go,screen,"{""min_gap"": 0.2, ""max_price"": 20}",False,"{""stop_pct"": null, ""target_pct"": 0.4, ""max_hold_days"": 1}"
388,0.1932989690721649,-0.3407271884242343,-0.5113197563271079,0.8148943261148847,5.940746778692418e-05,-0.7780985303834775,0.2603092783505155,259,0.2084942084942085,0.2584713212014895,-0.2023771062485017,1.1940844958637824,0.0108185566028324,0.8627797871864614,0.2702702702702703,multiday_runner_day2,screen,"{""day1_ret"": 0.5, ""day1_rvol"": 5}",True,"{""stop_pct"": 0.05, ""target_pct"": null, ""max_hold_days"": 1}"
387,0.1266149870801033,-0.2911151169380476,-0.5342537172641413,0.8639350386906,-0.0031104438339024,-0.3933642918491756,0.5891472868217055,259,0.1583011583011583,0.0620216407594909,-0.2344881820234403,1.0418192232588848,0.0042474532194201,0.3410770321284558,0.667953667953668,multiday_runner_day2,screen,"{""day1_ret"": 0.5, ""day1_rvol"": 5}",True,"{""stop_pct"": 0.05, ""target_pct"": null, ""max_hold_days"": 3}"
387,0.0956072351421188,-0.4362986981976,-0.5839184736783862,0.7379695300252284,-0.0136622206205796,-0.5701391184760409,0.8191214470284238,259,0.1158301158301158,-0.1092597282284895,-0.3482498091028599,0.9243382561836352,-0.0022143809799042,-0.059447434880359,0.9498069498069498,multiday_runner_day2,screen,"{""day1_ret"": 0.5, ""day1_rvol"": 5}",True,"{""stop_pct"": 0.05, ""target_pct"": null, ""max_hold_days"": 5}"
386,0.0699481865284974,-0.5785035981454465,-0.6614826553603302,0.5881609399254796,-0.0209110984800387,-0.7729839253390534,1.261658031088083,256,0.07421875,-0.5661745311616999,-0.6228337291954527,0.4754694514333377,-0.0290516657414408,-1.2233327315118074,1.4765625,multiday_runner_day2,screen,"{""day1_ret"": 0.5, ""day1_rvol"": 5}",True,"{""stop_pct"": 0.05, ""target_pct"": null, ""max_hold_days"": 10}"
391,0.217391304347826,-0.540042991124547,-0.5672365530282988,0.6018333329003976,-0.0199881190006697,-3.709585983179496,0.1048593350383631,262,0.2251908396946564,-0.3232383182907387,-0.3750169265873916,0.6670510798744897,-0.0145715546940917,-2.7443493513605977,0.0877862595419847,multiday_runner_day2,screen,"{""day1_ret"": 0.5, ""day1_rvol"": 5}",True,"{""stop_pct"": 0.05, ""target_pct"": 0.15, ""max_hold_days"": 1}"
391,0.1943734015345268,-0.5490022754472099,-0.5782876637587127,0.6192356764509146,-0.0204274150307921,-3.5718866619727367,0.1611253196930946,262,0.2290076335877862,-0.3145809058135658,-0.3571787708532432,0.6920266187257006,-0.0140547561493838,-2.6014167746416303,0.1450381679389313,multiday_runner_day2,screen,"{""day1_ret"": 0.5, ""day1_rvol"": 5}",True,"{""stop_pct"": 0.05, ""target_pct"": 0.15, ""max_hold_days"": 3}"
391,0.1969309462915601,-0.5470957183442069,-0.5744419399280027,0.6198326313999032,-0.020347218998842,-3.523331376546215,0.1918158567774936,262,0.2251908396946564,-0.3119044484656826,-0.3546674758683478,0.6959728684385691,-0.013906893161056,-2.5650671543357104,0.183206106870229,multiday_runner_day2,screen,"{""day1_ret"": 0.5, ""day1_rvol"": 5}",True,"{""stop_pct"": 0.05, ""target_pct"": 0.15, ""max_hold_days"": 5}"
391,0.1892583120204603,-0.5571837408882768,-0.5839221792790226,0.6108569995756372,-0.0209488028527961,-3.619149881061853,0.2429667519181585,262,0.2213740458015267,-0.3281330679431241,-0.3698863198644176,0.6774460883878167,-0.0148318092006312,-2.703677669054804,0.2671755725190839,multiday_runner_day2,screen,"{""day1_ret"": 0.5, ""day1_rvol"": 5}",True,"{""stop_pct"": 0.05, ""target_pct"": 0.15, ""max_hold_days"": 10}"
389,0.1928020565552699,-0.489488695015896,-0.5562980853904047,0.6873446678302226,-0.0167935106523864,-2.417574747594601,0.2210796915167095,262,0.2061068702290076,0.0061331447372887,-0.2495687135915427,1.0051881544739412,0.0015323061791702,0.1376579635841742,0.1908396946564885,multiday_runner_day2,screen,"{""day1_ret"": 0.5, ""day1_rvol"": 5}",True,"{""stop_pct"": 0.05, ""target_pct"": 0.4, ""max_hold_days"": 1}"
389,0.1362467866323907,-0.3868744406560467,-0.5592396522722302,0.8048681306928012,-0.0119072401136899,-1.3887155054028826,0.4010282776349614,262,0.1870229007633587,0.1277083894606281,-0.1919523482199576,1.0877860997753523,0.0061999539911482,0.6130740315533263,0.4045801526717557,multiday_runner_day2,screen,"{""day1_ret"": 0.5, ""day1_rvol"": 5}",True,"{""stop_pct"": 0.05, ""target_pct"": 0.4, ""max_hold_days"": 3}"
389,0.1233933161953727,-0.4168596022106329,-0.5604083921799407,0.7762236083574588,-0.0131418884365061,-1.4994920606467688,0.493573264781491,262,0.1603053435114503,0.0164216004724455,-0.2426460642620193,1.0115320706509234,0.002299555397494,0.188873575653,0.5305343511450382,multiday_runner_day2,screen,"{""day1_ret"": 0.5, ""day1_rvol"": 5}",True,"{""stop_pct"": 0.05, ""target_pct"": 0.4, ""max_hold_days"": 5}"
389,0.1131105398457583,-0.3710081851560962,-0.5315277368348954,0.8082110409389615,-0.011104589585308,-1.1832928810379937,0.6452442159383034,262,0.1450381679389313,-0.034830663705437,-0.2553902779170086,0.975240006716526,0.0002692224009664,-0.013389478498374,0.7290076335877863,multiday_runner_day2,screen,"{""day1_ret"": 0.5, ""day1_rvol"": 5}",True,"{""stop_pct"": 0.05, ""target_pct"": 0.4, ""max_hold_days"": 10}"
387,0.2816537467700258,-0.577385767497339,-0.6779769245614303,0.7664861897470331,-0.0109784985985567,-1.4515088000747258,0.4651162790697674,255,0.2980392156862745,-0.044930911069592,-0.2915524592352446,0.974798007354204,0.000348043605233,0.0542412327688786,0.4745098039215686,multiday_runner_day2,screen,"{""day1_ret"": 0.5, ""day1_rvol"": 5}",True,"{""stop_pct"": 0.1, ""target_pct"": null, ""max_hold_days"": 1}"
385,0.2285714285714285,-0.4718739734463388,-0.6580068912885666,0.8506905619028747,-0.0086860699634929,-0.5450932918139818,1.103896103896104,255,0.2431372549019607,0.1618042042365275,-0.357992636367185,1.0712507236402249,0.0125088482936032,0.5294333135497693,1.1450980392156862,multiday_runner_day2,screen,"{""day1_ret"": 0.5, ""day1_rvol"": 5}",True,"{""stop_pct"": 0.1, ""target_pct"": null, ""max_hold_days"": 3}"
384,0.1822916666666666,-0.539516706132311,-0.7338661783594675,0.8364148758337142,-0.0149892071252508,-0.5640998331555441,1.5833333333333333,252,0.1746031746031746,-0.2566242306862875,-0.368614792346573,0.8707583609250539,-0.0083082227058159,-0.2528865459492309,1.6349206349206349,multiday_runner_day2,screen,"{""day1_ret"": 0.5, ""day1_rvol"": 5}",True,"{""stop_pct"": 0.1, ""target_pct"": null, ""max_hold_days"": 5}"
383,0.1409921671018277,-0.619040240341332,-0.7099414217511886,0.7629638054933502,-0.0215779949669432,-0.5288860680959238,2.449086161879896,247,0.1295546558704453,-0.6977881242933319,-0.763815078402498,0.5061085779622012,-0.0414544010884029,-1.484733633464895,2.558704453441296,multiday_runner_day2,screen,"{""day1_ret"": 0.5, ""day1_rvol"": 5}",True,"{""stop_pct"": 0.1, ""target_pct"": null, ""max_hold_days"": 10}"
390,0.3128205128205128,-0.7319633185335298,-0.7405941524734234,0.568037965590441,-0.0332554488977695,-4.278146089248812,0.2384615384615384,261,0.3371647509578544,-0.419772620203971,-0.4489550128270254,0.6874182197249766,-0.0203232860290502,-2.795960581724378,0.2183908045977011,multiday_runner_day2,screen,"{""day1_ret"": 0.5, ""day1_rvol"": 5}",True,"{""stop_pct"": 0.1, ""target_pct"": 0.15, ""max_hold_days"": 1}"
390,0.3230769230769231,-0.7037939248015617,-0.724138819374636,0.6261811724152195,-0.0307063230811528,-3.6811338699348735,0.4282051282051282,261,0.3486590038314176,-0.443809876298363,-0.4687641591059975,0.6943153539024615,-0.0220600122892033,-2.80706121285839,0.3601532567049808,multiday_runner_day2,screen,"{""day1_ret"": 0.5, ""day1_rvol"": 5}",True,"{""stop_pct"": 0.1, ""target_pct"": 0.15, ""max_hold_days"": 3}"
390,0.3230769230769231,-0.7318496632919985,-0.7535988128804199,0.6236923599780145,-0.0331998629968965,-3.6991902402743286,0.5384615384615384,261,0.3409961685823754,-0.459124840432721,-0.4833897866188306,0.6864459179265562,-0.0231037892271497,-2.833750266207772,0.4367816091954023,multiday_runner_day2,screen,"{""day1_ret"": 0.5, ""day1_rvol"": 5}",True,"{""stop_pct"": 0.1, ""target_pct"": 0.15, ""max_hold_days"": 5}"
390,0.3128205128205128,-0.7382487103701991,-0.7643956267725837,0.6266433386921689,-0.0337642533535671,-3.711797696133162,0.7025641025641025,261,0.3371647509578544,-0.4670041050874151,-0.4909122099544515,0.6785982787366787,-0.0236998083631388,-2.8683734618880457,0.5823754789272031,multiday_runner_day2,screen,"{""day1_ret"": 0.5, ""day1_rvol"": 5}",True,"{""stop_pct"": 0.1, ""target_pct"": 0.15, ""max_hold_days"": 10}"
388,0.2783505154639175,-0.6653551571293335,-0.716791490648005,0.6828748939311363,-0.0269565178497692,-2.7748350402385435,0.4072164948453608,260,0.3,-0.1212158780259657,-0.2794198151375155,0.9290129298322874,-0.0032215694093419,-0.3441031713609646,0.3807692307692307,multiday_runner_day2,screen,"{""day1_ret"": 0.5, ""day1_rvol"": 5}",True,"{""stop_pct"": 0.1, ""target_pct"": 0.4, ""max_hold_days"": 1}"
389,0.2544987146529563,-0.484116191217135,-0.6372796117779189,0.8352926723704261,-0.0155611870612954,-1.301776250497087,0.8303341902313625,260,0.2769230769230769,0.3196888843241039,-0.2981934712583269,1.127462568152091,0.0147370219186904,0.8082153287647874,0.7884615384615384,multiday_runner_day2,screen,"{""day1_ret"": 0.5, ""day1_rvol"": 5}",True,"{""stop_pct"": 0.1, ""target_pct"": 0.4, ""max_hold_days"": 3}"
389,0.2287917737789203,-0.5949428419118536,-0.6936138187397052,0.7964900256533116,-0.021565728627401,-1.714029743747353,1.095115681233933,260,0.2307692307692307,0.0723577545366138,-0.3286923488451053,1.0298357905689264,0.0066828435480345,0.3623568460131727,1.0307692307692309,multiday_runner_day2,screen,"{""day1_ret"": 0.5, ""day1_rvol"": 5}",True,"{""stop_pct"": 0.1, ""target_pct"": 0.4, ""max_hold_days"": 5}"
389,0.2056555269922879,-0.5639991208828049,-0.6767005682411877,0.8207723485752275,-0.0197235220090003,-1.4457296267192938,1.480719794344473,260,0.2192307692307692,0.035266712015197,-0.3160680517466842,1.014783581788797,0.0051057889891961,0.2862942632224994,1.4038461538461535,multiday_runner_day2,screen,"{""day1_ret"": 0.5, ""day1_rvol"": 5}",True,"{""stop_pct"": 0.1, ""target_pct"": 0.4, ""max_hold_days"": 10}"
384,0.3385416666666667,-0.5644628387384136,-0.6779332432307656,0.8136092413308786,-0.0093833713993433,-1.1639937410705876,0.8151041666666666,252,0.369047619047619,-0.2718790013316662,-0.4122001622364862,0.8745905088446433,-0.0099462698681621,-0.6133902002799334,0.7341269841269841,multiday_runner_day2,screen,"{""day1_ret"": 0.5, ""day1_rvol"": 5}",True,"{""stop_pct"": 0.2, ""target_pct"": null, ""max_hold_days"": 1}"
378,0.3306878306878307,-0.4667072698055547,-0.7196246640027151,0.8858953097334187,-0.0079470402455243,-0.3108494745501864,2.023809523809524,251,0.3426294820717131,0.8344894644404532,-0.4673118309975757,1.16695355440842,0.038317819452804,1.09867232795422,1.8764940239043824,multiday_runner_day2,screen,"{""day1_ret"": 0.5, ""day1_rvol"": 5}",True,"{""stop_pct"": 0.2, ""target_pct"": null, ""max_hold_days"": 3}"
371,0.3018867924528302,-0.3783820313016665,-0.7684254925448097,0.92628180879329,-0.0056968105988479,-0.0593781768962204,3.01078167115903,244,0.2622950819672131,-0.382760240155474,-0.5615281316878893,0.8785110355069895,-0.0090930275770877,-0.2224647134144682,2.8237704918032787,multiday_runner_day2,screen,"{""day1_ret"": 0.5, ""day1_rvol"": 5}",True,"{""stop_pct"": 0.2, ""target_pct"": null, ""max_hold_days"": 5}"
354,0.2627118644067797,-0.4904349225030314,-0.753935151553661,0.8842462779003074,-0.0137286369532391,-0.0880442418479519,4.963276836158192,233,0.1931330472103004,-0.7833916214002677,-0.8235996890400755,0.641199074178729,-0.0532641691550241,-1.178258645798842,4.549356223175966,multiday_runner_day2,screen,"{""day1_ret"": 0.5, ""day1_rvol"": 5}",True,"{""stop_pct"": 0.2, ""target_pct"": null, ""max_hold_days"": 10}"
388,0.3969072164948453,-0.7578777779101136,-0.7722441158922604,0.6201630768803672,-0.0357289672977951,-3.511570453544185,0.5257731958762887,261,0.4291187739463601,-0.547033155252445,-0.5686923263588259,0.6629387392760278,-0.0294027506913967,-3.0711356389169118,0.3984674329501915,multiday_runner_day2,screen,"{""day1_ret"": 0.5, ""day1_rvol"": 5}",True,"{""stop_pct"": 0.2, ""target_pct"": 0.15, ""max_hold_days"": 1}"
388,0.4664948453608247,-0.7352010039540551,-0.7684283517266844,0.6912808537190396,-0.0325510043996496,-2.524669682480909,1.0309278350515465,261,0.4827586206896552,-0.5479545558330711,-0.5763950720449085,0.7071556717814531,-0.0288807737953884,-2.51573138829362,0.7624521072796935,multiday_runner_day2,screen,"{""day1_ret"": 0.5, ""day1_rvol"": 5}",True,"{""stop_pct"": 0.2, ""target_pct"": 0.15, ""max_hold_days"": 3}"
388,0.4768041237113402,-0.7698624164856469,-0.8071058257352512,0.6949308650691529,-0.0358391454538746,-2.6731147218869675,1.291237113402062,261,0.4865900383141762,-0.576206999608758,-0.6016860578859695,0.6937363176089243,-0.0308964899503081,-2.585490011941116,0.9770114942528736,multiday_runner_day2,screen,"{""day1_ret"": 0.5, ""day1_rvol"": 5}",True,"{""stop_pct"": 0.2, ""target_pct"": 0.15, ""max_hold_days"": 5}"
388,0.4742268041237113,-0.7974330068403683,-0.8291694823746423,0.694371456827343,-0.0387324668305296,-2.7960775939925075,1.6417525773195876,261,0.4827586206896552,-0.6113285650807472,-0.6388706805325706,0.6689466008754332,-0.0340542022076191,-2.798299646942092,1.2681992337164751,multiday_runner_day2,screen,"{""day1_ret"": 0.5, ""day1_rvol"": 5}",True,"{""stop_pct"": 0.2, ""target_pct"": 0.15, ""max_hold_days"": 10}"
385,0.335064935064935,-0.7081298446370544,-0.7433667009524709,0.7005261310272285,-0.0301401176445761,-2.476805144229884,0.7506493506493507,258,0.3720930232558139,-0.2457556992039358,-0.3699356312521551,0.8883152750802557,-0.0085945815081497,-0.7174059457485489,0.6085271317829457,multiday_runner_day2,screen,"{""day1_ret"": 0.5, ""day1_rvol"": 5}",True,"{""stop_pct"": 0.2, ""target_pct"": 0.4, ""max_hold_days"": 1}"
386,0.3626943005181347,-0.4242257708860641,-0.6290621138060508,0.8922482678563872,-0.0116258426597939,-0.6747741093637828,1.621761658031088,258,0.375968992248062,0.1234097682876163,-0.4326533690506161,1.0320691581803083,0.0104369807242243,0.4666283498516518,1.337209302325581,multiday_runner_day2,screen,"{""day1_ret"": 0.5, ""day1_rvol"": 5}",True,"{""stop_pct"": 0.2, ""target_pct"": 0.4, ""max_hold_days"": 3}"
386,0.3575129533678756,-0.4451280193768976,-0.6758006923118816,0.9020809238923612,-0.0124384932793114,-0.6415851209243024,2.1761658031088085,258,0.3294573643410852,-0.1783913947426054,-0.4851803354628107,0.9525744673562788,-0.0004652592450097,-0.1104957480637607,1.8410852713178292,multiday_runner_day2,screen,"{""day1_ret"": 0.5, ""day1_rvol"": 5}",True,"{""stop_pct"": 0.2, ""target_pct"": 0.4, ""max_hold_days"": 5}"
382,0.3481675392670157,-0.322111442199542,-0.669226012639978,0.942923600797382,-0.0068917016396209,-0.2951889520386681,3.018324607329843,257,0.3190661478599221,-0.2942591000814684,-0.4915433356218492,0.9198884028589251,-0.0069543220856214,-0.3759017291623348,2.603112840466926,multiday_runner_day2,screen,"{""day1_ret"": 0.5, ""day1_rvol"": 5}",True,"{""stop_pct"": 0.2, ""target_pct"": 0.4, ""max_hold_days"": 10}"
382,0.3507853403141361,-0.5334143005198551,-0.6571564251789057,0.8244735956873352,-0.007717145242554,-1.0021496983376137,0.9947643979057592,249,0.4016064257028112,-0.3192966958353657,-0.3614357154335494,0.8554322229851398,-0.0114639239065934,-0.5900388979632661,0.9919678714859438,multiday_runner_day2,screen,"{""day1_ret"": 0.5, ""day1_rvol"": 5}",True,"{""stop_pct"": null, ""target_pct"": null, ""max_hold_days"": 1}"
375,0.376,-0.1731263639424057,-0.55203547066522,0.96248363819684,0.003856467891753,0.1702687216214112,2.976,246,0.4105691056910569,1.1616570219975575,-0.5810579099547384,1.169061808496479,0.0465070476940786,1.17700498553669,2.975609756097561,multiday_runner_day2,screen,"{""day1_ret"": 0.5, ""day1_rvol"": 5}",True,"{""stop_pct"": null, ""target_pct"": null, ""max_hold_days"": 3}"
358,0.3715083798882682,-0.3933414175709693,-0.7034660332076994,0.9257624759929748,-0.0045437090491763,0.01305021322798,4.93854748603352,234,0.3333333333333333,-0.5911655147020334,-0.674238240296736,0.8219157173937431,-0.026403239666825,-0.1804114780667347,4.948717948717949,multiday_runner_day2,screen,"{""day1_ret"": 0.5, ""day1_rvol"": 5}",True,"{""stop_pct"": null, ""target_pct"": null, ""max_hold_days"": 5}"
299,0.334448160535117,-0.7375240065394133,-0.8227543123188685,0.7640100721807,-0.0261820647824874,-0.4170958178690819,9.782608695652174,186,0.2634408602150537,-0.9564221983173788,-0.9588267650855712,0.3841225289177677,-0.1450132432462309,-2.250311049551531,9.78494623655914,multiday_runner_day2,screen,"{""day1_ret"": 0.5, ""day1_rvol"": 5}",True,"{""stop_pct"": null, ""target_pct"": null, ""max_hold_days"": 10}"
386,0.4326424870466321,-0.6480155011525977,-0.6854633622524768,0.7023795765510262,-0.0260889731812113,-2.311908078737842,0.6839378238341969,260,0.5153846153846153,-0.3439670435613181,-0.3843014864422243,0.8039011052949645,-0.0147837201229678,-1.1678076267529496,0.5923076923076923,multiday_runner_day2,screen,"{""day1_ret"": 0.5, ""day1_rvol"": 5}",True,"{""stop_pct"": null, ""target_pct"": 0.15, ""max_hold_days"": 1}"
386,0.538860103626943,-0.5398371009474363,-0.6450443026258585,0.8116699163964446,-0.0184908741115727,-0.9693261911901532,1.7901554404145077,260,0.6230769230769231,-0.130329801227983,-0.3544159682202564,0.9474858201809682,-0.0027783144303552,-0.1061392495696386,1.4576923076923076,multiday_runner_day2,screen,"{""day1_ret"": 0.5, ""day1_rvol"": 5}",True,"{""stop_pct"": null, ""target_pct"": 0.15, ""max_hold_days"": 3}"
383,0.587467362924282,-0.6252431666943848,-0.7110866244416255,0.8001565176990534,-0.023894113215576,-1.1812448481116244,2.691906005221932,260,0.6307692307692307,-0.501662273449571,-0.5145776626873377,0.777870944463906,-0.0230588673894931,-1.2847796046657836,2.230769230769231,multiday_runner_day2,screen,"{""day1_ret"": 0.5, ""day1_rvol"": 5}",True,"{""stop_pct"": null, ""target_pct"": 0.15, ""max_hold_days"": 5}"
366,0.6147540983606558,-0.6709005107577617,-0.735042729182777,0.7974027128542678,-0.028669498385078,-1.2228012802112795,4.66120218579235,254,0.6456692913385826,-0.645994839387097,-0.6551695700926019,0.7212316852331722,-0.0362700728797738,-1.9385535488295251,4.062992125984252,multiday_runner_day2,screen,"{""day1_ret"": 0.5, ""day1_rvol"": 5}",True,"{""stop_pct"": null, ""target_pct"": 0.15, ""max_hold_days"": 10}"
383,0.3498694516971279,-0.6792355997915362,-0.713100249366434,0.7117716217555216,-0.0277649262253895,-2.1550022271016145,0.929503916449086,256,0.41015625,-0.2903650891875065,-0.3866712334864198,0.8772501314839091,-0.0100828044588488,-0.6544997653056873,0.84765625,multiday_runner_day2,screen,"{""day1_ret"": 0.5, ""day1_rvol"": 5}",True,"{""stop_pct"": null, ""target_pct"": 0.4, ""max_hold_days"": 1}"
384,0.4088541666666667,-0.1757018268368069,-0.4815121488278389,0.9594403092436532,-0.0016552550737112,-0.0129282637652918,2.5260416666666665,255,0.4549019607843137,0.4231260867289099,-0.5130951085958568,1.077717295715957,0.0223331655421905,0.8448183104509474,2.313725490196078,multiday_runner_day2,screen,"{""day1_ret"": 0.5, ""day1_rvol"": 5}",True,"{""stop_pct"": null, ""target_pct"": 0.4, ""max_hold_days"": 3}"
377,0.4323607427055703,-0.3661474035678018,-0.6322774783856522,0.9283187629410312,-0.0089688847292073,-0.2681741361194864,3.9363395225464193,254,0.421259842519685,-0.2948934833145892,-0.6261221644568103,0.937539037657816,-0.0044121145132896,-0.1847795422381786,3.645669291338583,multiday_runner_day2,screen,"{""day1_ret"": 0.5, ""day1_rvol"": 5}",True,"{""stop_pct"": null, ""target_pct"": 0.4, ""max_hold_days"": 5}"
338,0.4349112426035503,-0.5612252564663429,-0.736149063182862,0.8940180608315014,-0.018509040578291,-0.5920698200299854,7.136094674556213,220,0.4090909090909091,-0.6924195907371683,-0.7545549852874552,0.8173343141302625,-0.0404316240928239,-1.3889057194475227,6.918181818181818,multiday_runner_day2,screen,"{""day1_ret"": 0.5, ""day1_rvol"": 5}",True,"{""stop_pct"": null, ""target_pct"": 0.4, ""max_hold_days"": 10}"
403,0.1910669975186104,-0.3671091616645162,-0.5240609543850476,0.8052369682186864,-0.0010957207551326,-0.8575560706315644,0.260545905707196,263,0.2129277566539923,0.2577819356147066,-0.2008039441400679,1.1917856174636283,0.0106998741049084,0.8601041782089617,0.2737642585551331,multiday_runner_day2,screen,"{""day1_ret"": 0.5, ""day1_rvol"": 5}",False,"{""stop_pct"": 0.05, ""target_pct"": null, ""max_hold_days"": 1}"
402,0.126865671641791,-0.3024195784972663,-0.5417478564001272,0.8629897579516279,-0.003347948041747,-0.3976884785841977,0.5870646766169154,263,0.1634980988593156,0.068387578311418,-0.2295795609754476,1.0456595463863547,0.0044085458341441,0.3558257557138493,0.6806083650190115,multiday_runner_day2,screen,"{""day1_ret"": 0.5, ""day1_rvol"": 5}",False,"{""stop_pct"": 0.05, ""target_pct"": null, ""max_hold_days"": 3}"
402,0.0970149253731343,-0.4446526293714344,-0.5804669881122921,0.741640164521247,-0.0133806722805907,-0.5652659877528451,0.818407960199005,263,0.1216730038022813,-0.0995455770310022,-0.346903299385774,0.9319222709789126,-0.0017815033781888,-0.0340164060582053,0.973384030418251,multiday_runner_day2,screen,"{""day1_ret"": 0.5, ""day1_rvol"": 5}",False,"{""stop_pct"": 0.05, ""target_pct"": null, ""max_hold_days"": 5}"
401,0.0723192019950124,-0.5852273145828575,-0.6606900546582832,0.5950734863364096,-0.0204668867342644,-0.7638075093796031,1.269326683291771,261,0.0804597701149425,-0.5546211147679809,-0.6127928924490142,0.4923744229965942,-0.0279754343487403,-1.177236882109782,1.524904214559387,multiday_runner_day2,screen,"{""day1_ret"": 0.5, ""day1_rvol"": 5}",False,"{""stop_pct"": 0.05, ""target_pct"": null, ""max_hold_days"": 10}"
406,0.2142857142857142,-0.5622004366541871,-0.5871901052200351,0.5943403209917906,-0.0204661708501477,-3.9098717507542817,0.1083743842364532,266,0.2293233082706766,-0.3227647676467636,-0.374580916466123,0.6704279878730496,-0.0143070924826868,-2.716386985856548,0.093984962406015,multiday_runner_day2,screen,"{""day1_ret"": 0.5, ""day1_rvol"": 5}",False,"{""stop_pct"": 0.05, ""target_pct"": 0.15, ""max_hold_days"": 1}"
406,0.1921182266009852,-0.5697603383536449,-0.5952827535277239,0.6123894779108372,-0.0208655271871052,-3.7232017457065583,0.1625615763546798,266,0.2330827067669172,-0.3080066521159472,-0.3510130980867996,0.701744943656546,-0.0134786175562421,-2.500163843484537,0.1616541353383458,multiday_runner_day2,screen,"{""day1_ret"": 0.5, ""day1_rvol"": 5}",False,"{""stop_pct"": 0.05, ""target_pct"": 0.15, ""max_hold_days"": 3}"
406,0.1945812807881773,-0.5682518357852435,-0.591846585129768,0.6125606469297247,-0.0207882940627395,-3.678416309753376,0.1921182266009852,266,0.2293233082706766,-0.3005720211163271,-0.3440393241100763,0.7110633032673546,-0.0130749334171511,-2.412752866198166,0.206766917293233,multiday_runner_day2,screen,"{""day1_ret"": 0.5, ""day1_rvol"": 5}",False,"{""stop_pct"": 0.05, ""target_pct"": 0.15, ""max_hold_days"": 5}"
406,0.1871921182266009,-0.5788438357635808,-0.6018531011317305,0.6035001675024522,-0.0213676519122371,-3.7788719917753695,0.2413793103448276,266,0.225563909774436,-0.3166481046038959,-0.3591150909638549,0.6929865788060456,-0.0139784976839712,-2.546548677083101,0.2894736842105263,multiday_runner_day2,screen,"{""day1_ret"": 0.5, ""day1_rvol"": 5}",False,"{""stop_pct"": 0.05, ""target_pct"": 0.15, ""max_hold_days"": 10}"
404,0.1905940594059406,-0.5123528370101009,-0.5704299614521189,0.6797753608458096,-0.0173200524891041,-2.6148905598203056,0.2227722772277227,266,0.2105263157894736,0.0070410586041458,-0.2480147196465856,1.0059027112099912,0.0015546050691727,0.1419043972021278,0.1954887218045112,multiday_runner_day2,screen,"{""day1_ret"": 0.5, ""day1_rvol"": 5}",False,"{""stop_pct"": 0.05, ""target_pct"": 0.4, ""max_hold_days"": 1}"
404,0.1361386138613861,-0.394726296770111,-0.5571375350478014,0.8072471582148948,-0.0118088437849787,-1.4132771414830547,0.4034653465346535,266,0.1917293233082706,0.1336033630669073,-0.1891305347924714,1.0908763222128306,0.006329868858011,0.6332147078364485,0.4210526315789473,multiday_runner_day2,screen,"{""day1_ret"": 0.5, ""day1_rvol"": 5}",False,"{""stop_pct"": 0.05, ""target_pct"": 0.4, ""max_hold_days"": 3}"
404,0.1237623762376237,-0.4275584131879929,-0.5579529598678135,0.7773162080925909,-0.0131017689506418,-1.5384699009411906,0.4975247524752475,266,0.1654135338345864,0.0270123311660166,-0.2414293940896339,1.018717942346565,0.0026596721784772,0.230125970498922,0.5601503759398496,multiday_runner_day2,screen,"{""day1_ret"": 0.5, ""day1_rvol"": 5}",False,"{""stop_pct"": 0.05, ""target_pct"": 0.4, ""max_hold_days"": 5}"
404,0.1138613861386138,-0.3802625482196899,-0.5273106984537295,0.8092949504447571,-0.0110811124819589,-1.2115772297383227,0.655940594059406,266,0.150375939849624,-0.0173531236154935,-0.2545168382702929,0.9878706743481328,0.0009978860682304,0.059231777541749,0.793233082706767,multiday_runner_day2,screen,"{""day1_ret"": 0.5, ""day1_rvol"": 5}",False,"{""stop_pct"": 0.05, ""target_pct"": 0.4, ""max_hold_days"": 10}"
402,0.2786069651741293,-0.5990989240349154,-0.6937378024954748,0.7608928798094843,-0.0118668624188392,-1.5401304693407416,0.4701492537313433,259,0.3011583011583011,-0.0546780609734718,-0.2931378653537752,0.9695832606002044,-9.672874823152396e-06,0.027571340727567,0.4749034749034749,multiday_runner_day2,screen,"{""day1_ret"": 0.5, ""day1_rvol"": 5}",False,"{""stop_pct"": 0.1, ""target_pct"": null, ""max_hold_days"": 1}"
400,0.23,-0.4929834592982277,-0.6743515543211929,0.8461628715607078,-0.0094058683091365,-0.5695817566762655,1.1125,259,0.2471042471042471,0.1539630707341255,-0.3604154237803734,1.067220502585673,0.0121459318997991,0.5188542100408989,1.1505791505791505,multiday_runner_day2,screen,"{""day1_ret"": 0.5, ""day1_rvol"": 5}",False,"{""stop_pct"": 0.1, ""target_pct"": null, ""max_hold_days"": 3}"
399,0.18796992481203,-0.5489431401976015,-0.7392473375524877,0.8385531312454978,-0.0148694581010356,-0.5671159572290311,1.598997493734336,256,0.1796875,-0.2561420063733401,-0.3709171550272147,0.872318366408096,-0.008171874843379,-0.2513187830283877,1.6484375,multiday_runner_day2,screen,"{""day1_ret"": 0.5, ""day1_rvol"": 5}",False,"{""stop_pct"": 0.1, ""target_pct"": null, ""max_hold_days"": 5}"
398,0.1482412060301507,-0.6119079951178785,-0.709920807056423,0.7772904147608826,-0.0205107536789711,-0.5027551925141859,2.4949748743718594,252,0.1349206349206349,-0.685988562575407,-0.7546344959015896,0.5187388620136865,-0.0407259013586697,-1.4299359731946266,2.5873015873015874,multiday_runner_day2,screen,"{""day1_ret"": 0.5, ""day1_rvol"": 5}",False,"{""stop_pct"": 0.1, ""target_pct"": null, ""max_hold_days"": 10}"
405,0.3086419753086419,-0.7466566915234933,-0.7543015069868358,0.5650250210617078,-0.033384469330717,-4.392131156208681,0.2493827160493827,265,0.3396226415094339,-0.4251848655336867,-0.4540913537354843,0.6860839986632692,-0.020360883198097,-2.8016119286528007,0.2226415094339622,multiday_runner_day2,screen,"{""day1_ret"": 0.5, ""day1_rvol"": 5}",False,"{""stop_pct"": 0.1, ""target_pct"": 0.15, ""max_hold_days"": 1}"
405,0.3209876543209876,-0.7266857257202193,-0.7444155630902538,0.6150779682124048,-0.0314464883980799,-3.835074544701446,0.4493827160493827,265,0.350943396226415,-0.4447587981779939,-0.4696705062185883,0.6966371808206689,-0.0217507414704712,-2.7663398082748576,0.3735849056603773,multiday_runner_day2,screen,"{""day1_ret"": 0.5, ""day1_rvol"": 5}",False,"{""stop_pct"": 0.1, ""target_pct"": 0.15, ""max_hold_days"": 3}"
405,0.3234567901234568,-0.7482536701745108,-0.7716155649124843,0.6214896640845514,-0.0334147793814155,-3.776971933816558,0.5679012345679012,265,0.3433962264150943,-0.4558871988193672,-0.4802973933093197,0.6925098816230483,-0.0225197448770662,-2.764162323851697,0.4566037735849056,multiday_runner_day2,screen,"{""day1_ret"": 0.5, ""day1_rvol"": 5}",False,"{""stop_pct"": 0.1, ""target_pct"": 0.15, ""max_hold_days"": 5}"
405,0.3135802469135803,-0.7530448197388546,-0.7805319312240206,0.6248018449675679,-0.0337289426842528,-3.7715301799121055,0.7407407407407407,265,0.3396226415094339,-0.463837056667015,-0.4878872229016465,0.6847435776475506,-0.0230992961491363,-2.799898743134195,0.6,multiday_runner_day2,screen,"{""day1_ret"": 0.5, ""day1_rvol"": 5}",False,"{""stop_pct"": 0.1, ""target_pct"": 0.15, ""max_hold_days"": 10}"
403,0.2754342431761786,-0.6827201603727485,-0.731178279064881,0.6784896815500201,-0.0272479619365816,-2.895438566192801,0.4143920595533499,264,0.303030303030303,-0.129557234928515,-0.2811148972037223,0.9247846139839466,-0.0035184259103884,-0.3744152925627068,0.3825757575757575,multiday_runner_day2,screen,"{""day1_ret"": 0.5, ""day1_rvol"": 5}",False,"{""stop_pct"": 0.1, ""target_pct"": 0.4, ""max_hold_days"": 1}"
404,0.2549504950495049,-0.5074287515038829,-0.6446278910711075,0.8293538324934784,-0.0160104833920735,-1.3790614824911775,0.8465346534653465,264,0.2803030303030303,0.3099764655028556,-0.3011843545745143,1.1224245129229282,0.0143472187349948,0.7913442705413835,0.7992424242424242,multiday_runner_day2,screen,"{""day1_ret"": 0.5, ""day1_rvol"": 5}",False,"{""stop_pct"": 0.1, ""target_pct"": 0.4, ""max_hold_days"": 3}"
404,0.2326732673267326,-0.6057463670269811,-0.6998062682568353,0.7981700134725956,-0.0214239996532208,-1.7225532717289165,1.1212871287128714,264,0.2348484848484848,0.0716858243865155,-0.3318297979765306,1.029213244058418,0.0065879222895816,0.3613204667719605,1.053030303030303,multiday_runner_day2,screen,"{""day1_ret"": 0.5, ""day1_rvol"": 5}",False,"{""stop_pct"": 0.1, ""target_pct"": 0.4, ""max_hold_days"": 5}"
404,0.2103960396039604,-0.5611880236399849,-0.6801953411849392,0.8300375232038204,-0.0187943180204798,-1.3984022731380463,1.542079207920792,264,0.2234848484848484,0.0436474926688612,-0.3195417788477315,1.01800962479073,0.0053753387837732,0.3046964220139302,1.4583333333333333,multiday_runner_day2,screen,"{""day1_ret"": 0.5, ""day1_rvol"": 5}",False,"{""stop_pct"": 0.1, ""target_pct"": 0.4, ""max_hold_days"": 10}"
399,0.3383458646616541,-0.5806163170442888,-0.6889974661465599,0.8102145000036268,-0.0099220652796788,-1.2123508231665554,0.8195488721804511,256,0.37109375,-0.280089758856226,-0.4108560055156354,0.8711857520741134,-0.0101978928247957,-0.6361600063744318,0.73828125,multiday_runner_day2,screen,"{""day1_ret"": 0.5, ""day1_rvol"": 5}",False,"{""stop_pct"": 0.2, ""target_pct"": null, ""max_hold_days"": 1}"
393,0.3307888040712468,-0.4913444048379501,-0.734225650752298,0.8814022978773762,-0.0089793799665899,-0.3383888732092799,2.04325699745547,255,0.3450980392156862,0.8343900843934016,-0.4674697454091578,1.1663901419562448,0.0381870771493863,1.09872961722135,1.8941176470588237,multiday_runner_day2,screen,"{""day1_ret"": 0.5, ""day1_rvol"": 5}",False,"{""stop_pct"": 0.2, ""target_pct"": null, ""max_hold_days"": 3}"
383,0.3133159268929504,-0.3279474083529676,-0.7597154830655883,0.9393433131409842,-0.0039590063719663,0.0054330303161633,3.057441253263708,248,0.2701612903225806,-0.3743237292819653,-0.5618257978094743,0.8823953907515186,-0.0081847749416002,-0.1989714038573589,2.8588709677419355,multiday_runner_day2,screen,"{""day1_ret"": 0.5, ""day1_rvol"": 5}",False,"{""stop_pct"": 0.2, ""target_pct"": null, ""max_hold_days"": 5}"
364,0.2829670329670329,-0.4303537280149758,-0.7509913076598067,0.903073224945752,-0.0114749898478705,-0.0149544183459945,5.104395604395604,237,0.1983122362869198,-0.7716191189066074,-0.8143027395841838,0.6487271861469234,-0.0506012667530376,-1.161290802562486,4.662447257383966,multiday_runner_day2,screen,"{""day1_ret"": 0.5, ""day1_rvol"": 5}",False,"{""stop_pct"": 0.2, ""target_pct"": null, ""max_hold_days"": 10}"
403,0.3945409429280397,-0.7674402630384902,-0.7807598781409831,0.6189610659079268,-0.0353543772081062,-3.597444738453877,0.5384615384615384,265,0.430188679245283,-0.5522318843089182,-0.5736424717419563,0.6611490431977296,-0.0293521452333034,-3.079442993117539,0.4075471698113208,multiday_runner_day2,screen,"{""day1_ret"": 0.5, ""day1_rvol"": 5}",False,"{""stop_pct"": 0.2, ""target_pct"": 0.15, ""max_hold_days"": 1}"
403,0.4615384615384615,-0.7587333174246853,-0.7868254456282671,0.6811984404427404,-0.0334909583945127,-2.6657350158887048,1.0744416873449132,265,0.4867924528301887,-0.5340625088570008,-0.5633533251109281,0.717614690562743,-0.0272889456306256,-2.345595712292863,0.7886792452830189,multiday_runner_day2,screen,"{""day1_ret"": 0.5, ""day1_rvol"": 5}",False,"{""stop_pct"": 0.2, ""target_pct"": 0.15, ""max_hold_days"": 3}"
402,0.4825870646766169,-0.766088925904784,-0.8061229538576491,0.7056197290052125,-0.0342331925316393,-2.6485021600866725,1.36318407960199,265,0.490566037735849,-0.5629674722780906,-0.5892324211552484,0.7048311330992667,-0.0291607917751047,-2.414222462260561,1.0150943396226415,multiday_runner_day2,screen,"{""day1_ret"": 0.5, ""day1_rvol"": 5}",False,"{""stop_pct"": 0.2, ""target_pct"": 0.15, ""max_hold_days"": 5}"
402,0.4800995024875621,-0.7915566158317104,-0.8321642262920885,0.705450520563454,-0.0367439631059637,-2.723267996719182,1.7412935323383083,265,0.4867924528301887,-0.5942068351054459,-0.6229736681605949,0.6819001055390372,-0.0319431060556078,-2.5915269046536995,1.320754716981132,multiday_runner_day2,screen,"{""day1_ret"": 0.5, ""day1_rvol"": 5}",False,"{""stop_pct"": 0.2, ""target_pct"": 0.15, ""max_hold_days"": 10}"
400,0.335,-0.717819263245687,-0.7516764368614246,0.6992299071470428,-0.0298990868060145,-2.5320768625222008,0.7575,262,0.3740458015267175,-0.2535507454832295,-0.3686726741415144,0.8851408154243741,-0.0088610785705095,-0.742072235539039,0.6145038167938931,multiday_runner_day2,screen,"{""day1_ret"": 0.5, ""day1_rvol"": 5}",False,"{""stop_pct"": 0.2, ""target_pct"": 0.4, ""max_hold_days"": 1}"
401,0.3615960099750623,-0.4539844053711709,-0.6339328744620447,0.8856156482495104,-0.0124918042807632,-0.7461489691037835,1.653366583541147,262,0.3778625954198473,0.1327960233499503,-0.4309331898972514,1.0343100625700072,0.0107353931957618,0.4823644742067547,1.3625954198473282,multiday_runner_day2,screen,"{""day1_ret"": 0.5, ""day1_rvol"": 5}",False,"{""stop_pct"": 0.2, ""target_pct"": 0.4, ""max_hold_days"": 3}"
400,0.365,-0.4341265663689428,-0.682141309455201,0.9081140531746764,-0.0116330153143858,-0.6069826468533082,2.23,262,0.3358778625954198,-0.1641796549291102,-0.4858523642805989,0.9569075062277514,0.0002627391529772,-0.0737786684770278,1.8893129770992367,multiday_runner_day2,screen,"{""day1_ret"": 0.5, ""day1_rvol"": 5}",False,"{""stop_pct"": 0.2, ""target_pct"": 0.4, ""max_hold_days"": 5}"
393,0.361323155216285,-0.2478178842327116,-0.661068116431774,0.95866852122641,-0.0042184912616694,-0.1570796373671207,3.175572519083969,261,0.3218390804597701,-0.2865179218528312,-0.4877527197417397,0.9226270828945508,-0.006450680755093,-0.3497567120235527,2.7049808429118776,multiday_runner_day2,screen,"{""day1_ret"": 0.5, ""day1_rvol"": 5}",False,"{""stop_pct"": 0.2, ""target_pct"": 0.4, ""max_hold_days"": 10}"
397,0.3501259445843829,-0.5458337010870569,-0.6617143160174019,0.822473127381774,-0.0080869852625129,-1.0382708381043362,0.9949622166246852,253,0.4031620553359684,-0.3237484866878918,-0.3635070231334134,0.8538321096046171,-0.0116945360043977,-0.6035620949257476,0.9920948616600792,multiday_runner_day2,screen,"{""day1_ret"": 0.5, ""day1_rvol"": 5}",False,"{""stop_pct"": null, ""target_pct"": null, ""max_hold_days"": 1}"
390,0.3743589743589743,-0.2281000222025753,-0.5854521910512753,0.9505872337337592,0.0019662740276287,0.1213428302931398,2.976923076923077,250,0.412,1.151668426134433,-0.5818014007429466,1.1673737811449287,0.0462426628927321,1.1733558696830082,2.976,multiday_runner_day2,screen,"{""day1_ret"": 0.5, ""day1_rvol"": 5}",False,"{""stop_pct"": null, ""target_pct"": null, ""max_hold_days"": 3}"
370,0.3783783783783784,-0.386550473041233,-0.7050415138558982,0.9282731533835896,-0.0043479638117568,0.0004722083694811,4.940540540540541,238,0.3445378151260504,-0.5701292343227196,-0.6747785963944676,0.8317578592958288,-0.0245759766892178,-0.1351200053046726,4.949579831932773,multiday_runner_day2,screen,"{""day1_ret"": 0.5, ""day1_rvol"": 5}",False,"{""stop_pct"": null, ""target_pct"": null, ""max_hold_days"": 5}"
307,0.3420195439739413,-0.7280467486556855,-0.8226097128175751,0.7775084585181778,-0.0254453440099338,-0.3978496137849815,9.791530944625409,188,0.2659574468085106,-0.951186363366312,-0.9538798367392654,0.3868328254404897,-0.1428997502465682,-2.210314148344763,9.787234042553193,multiday_runner_day2,screen,"{""day1_ret"": 0.5, ""day1_rvol"": 5}",False,"{""stop_pct"": null, ""target_pct"": null, ""max_hold_days"": 10}"
401,0.428927680798005,-0.659330239034108,-0.6949128967457696,0.7007589487447043,-0.0258409291485981,-2.3782348257063672,0.6932668329177057,264,0.5151515151515151,-0.3519040897809514,-0.3917394084449869,0.8003050010163971,-0.0149544234406912,-1.1965912718005238,0.5984848484848485,multiday_runner_day2,screen,"{""day1_ret"": 0.5, ""day1_rvol"": 5}",False,"{""stop_pct"": null, ""target_pct"": 0.15, ""max_hold_days"": 1}"
401,0.5311720698254364,-0.5856283738931503,-0.673697863998475,0.7940204120070454,-0.0203465272009032,-1.1088293320568816,1.8229426433915208,264,0.625,-0.1072088737726153,-0.3485884153910448,0.957452036264848,-0.0015759484220142,-0.038196628793196,1.4734848484848484,multiday_runner_day2,screen,"{""day1_ret"": 0.5, ""day1_rvol"": 5}",False,"{""stop_pct"": null, ""target_pct"": 0.15, ""max_hold_days"": 3}"
396,0.5883838383838383,-0.6191213937870881,-0.7083624806504499,0.8092868256650458,-0.0226960519250458,-1.1658311070515983,2.744949494949495,264,0.6325757575757576,-0.483330852804831,-0.496721336381826,0.7894410264421915,-0.0214353464569717,-1.197681334952666,2.25,multiday_runner_day2,screen,"{""day1_ret"": 0.5, ""day1_rvol"": 5}",False,"{""stop_pct"": null, ""target_pct"": 0.15, ""max_hold_days"": 5}"
376,0.6143617021276596,-0.6669365242837091,-0.7422945578757902,0.8006663936002255,-0.0285652829280797,-1.2192300064617143,4.784574468085107,258,0.6511627906976745,-0.6194991589648632,-0.6293605766449655,0.7357711033838401,-0.0329687743518692,-1.779007593101249,4.038759689922481,multiday_runner_day2,screen,"{""day1_ret"": 0.5, ""day1_rvol"": 5}",False,"{""stop_pct"": null, ""target_pct"": 0.15, ""max_hold_days"": 10}"
398,0.3492462311557789,-0.6861833840755449,-0.7190867402555177,0.7119833962294213,-0.0273782673640356,-2.195105804840413,0.9321608040201004,260,0.4115384615384615,-0.2989383034759215,-0.3851714617128565,0.8738873467589088,-0.0103284557609082,-0.6787065832372722,0.85,multiday_runner_day2,screen,"{""day1_ret"": 0.5, ""day1_rvol"": 5}",False,"{""stop_pct"": null, ""target_pct"": 0.4, ""max_hold_days"": 1}"
399,0.4060150375939849,-0.2277760572894132,-0.4953894921372331,0.9473116766593476,-0.0032873926636121,-0.087958422816885,2.5413533834586466,259,0.4555984555984556,0.4320761062866909,-0.5129463467112158,1.0788602507026106,0.0224513096667887,0.8527594663030804,2.324324324324324,multiday_runner_day2,screen,"{""day1_ret"": 0.5, ""day1_rvol"": 5}",False,"{""stop_pct"": null, ""target_pct"": 0.4, ""max_hold_days"": 3}"
390,0.4384615384615384,-0.3338427226210385,-0.6182568463412308,0.9379074690315804,-0.0076030379565937,-0.2091596888187723,3.964102564102564,258,0.4263565891472868,-0.2822271123274252,-0.627457373232251,0.9410763033563692,-0.0036116377638877,-0.1632791263030307,3.6666666666666665,multiday_runner_day2,screen,"{""day1_ret"": 0.5, ""day1_rvol"": 5}",False,"{""stop_pct"": null, ""target_pct"": 0.4, ""max_hold_days"": 5}"
347,0.4438040345821326,-0.5714629453937534,-0.7575433456682799,0.8952709340269229,-0.0180865719628307,-0.6192877202909495,7.22478386167147,222,0.4144144144144144,-0.663136334493887,-0.7194208753204923,0.8201882013828247,-0.0376768177997519,-1.2917158041955037,6.981981981981982,multiday_runner_day2,screen,"{""day1_ret"": 0.5, ""day1_rvol"": 5}",False,"{""stop_pct"": null, ""target_pct"": 0.4, ""max_hold_days"": 10}"
847,0.2089728453364817,-0.4011001348077384,-0.4030003397000614,0.5446446505255518,-0.0124264306189161,-2.6964161373057167,0.6765053128689492,659,0.1699544764795144,-0.5259779172282366,-0.5259779172282366,0.3674360159992508,-0.0168834989011436,-5.350112906148698,0.6433990895295902,quiet_volume_spike,screen,"{""max_abs_ret"": 0.02, ""min_rvol"": 10}",True,"{""stop_pct"": 0.05, ""target_pct"": null, ""max_hold_days"": 1}"
799,0.1977471839799749,-0.3210853511629423,-0.3395650451801478,0.674583507859482,-0.0105642056176625,-1.600599509974766,1.869837296620776,616,0.1688311688311688,-0.4876301486494538,-0.4876301486494538,0.4573901279788298,-0.0165011610616409,-3.192810898340302,1.7435064935064934,quiet_volume_spike,screen,"{""max_abs_ret"": 0.02, ""min_rvol"": 10}",True,"{""stop_pct"": 0.05, ""target_pct"": null, ""max_hold_days"": 3}"
761,0.1984231274638633,-0.4190100271471795,-0.4244385521576793,0.5681455251514262,-0.0121689822815564,-2.003746801207473,2.936925098554533,548,0.1478102189781022,-0.4920884521717035,-0.4920884521717035,0.4187425899396116,-0.0180149848554663,-2.883178598831961,2.706204379562044,quiet_volume_spike,screen,"{""max_abs_ret"": 0.02, ""min_rvol"": 10}",True,"{""stop_pct"": 0.05, ""target_pct"": null, ""max_hold_days"": 5}"
622,0.2009646302250803,-0.354093404899913,-0.4409245093125175,0.6048500523238372,-0.0130934567970812,-0.7450169958786176,5.282958199356913,401,0.1521197007481296,-0.2696208568374296,-0.3716204721659053,0.6527085483472608,-0.0152616660578373,-0.9710168016179812,4.967581047381546,quiet_volume_spike,screen,"{""max_abs_ret"": 0.02, ""min_rvol"": 10}",True,"{""stop_pct"": 0.05, ""target_pct"": null, ""max_hold_days"": 10}"
847,0.217237308146399,-0.3627861254089347,-0.3682563894080353,0.5885366181245488,-0.0109139025340211,-2.977424036164652,0.6245572609208973,659,0.1745068285280728,-0.538664992877482,-0.538664992877482,0.3484076242589816,-0.0168781750155057,-7.582177510315973,0.6069802731411229,quiet_volume_spike,screen,"{""max_abs_ret"": 0.02, ""min_rvol"": 10}",True,"{""stop_pct"": 0.05, ""target_pct"": 0.15, ""max_hold_days"": 1}"
804,0.222636815920398,-0.2889683899378752,-0.2894176376542086,0.6943558711005657,-0.009297212764038,-2.087706258933132,1.6927860696517414,620,0.1838709677419354,-0.4943161500247425,-0.4943161500247425,0.4500170770884197,-0.0149962130925504,-5.898929767439197,1.5919354838709678,quiet_volume_spike,screen,"{""max_abs_ret"": 0.02, ""min_rvol"": 10}",True,"{""stop_pct"": 0.05, ""target_pct"": 0.15, ""max_hold_days"": 3}"
771,0.2308690012970168,-0.3105315371800056,-0.3184308479330412,0.6808102669940594,-0.0096892325775686,-2.2003990547065007,2.630350194552529,561,0.17825311942959,-0.4771824244822352,-0.4771824244822352,0.4489824631102243,-0.0155138851717119,-5.835343723074908,2.411764705882353,quiet_volume_spike,screen,"{""max_abs_ret"": 0.02, ""min_rvol"": 10}",True,"{""stop_pct"": 0.05, ""target_pct"": 0.15, ""max_hold_days"": 5}"
648,0.2453703703703703,-0.3369700537974968,-0.3376749877707022,0.6340365163859123,-0.0112927488571273,-2.5639235735709485,4.63425925925926,445,0.1865168539325842,-0.4042256743600024,-0.4042256743600024,0.471478265012181,-0.0165308000004311,-5.17886816454004,4.166292134831461,quiet_volume_spike,screen,"{""max_abs_ret"": 0.02, ""min_rvol"": 10}",True,"{""stop_pct"": 0.05, ""target_pct"": 0.15, ""max_hold_days"": 10}"
847,0.2113341204250295,-0.3324018896025867,-0.3345200620537952,0.6261190969427468,-0.010345495093509,-2.153759028295271,0.6658795749704841,659,0.1699544764795144,-0.4936300090062137,-0.4936300090062137,0.4170959705449564,-0.0152596553542757,-5.0975232921149605,0.6358118361153262,quiet_volume_spike,screen,"{""max_abs_ret"": 0.02, ""min_rvol"": 10}",True,"{""stop_pct"": 0.05, ""target_pct"": 0.4, ""max_hold_days"": 1}"
802,0.2019950124688279,-0.2102871491777527,-0.2669762031755308,0.7889452587224978,-0.0072230457720197,-1.0490528984240772,1.8204488778054864,617,0.1734197730956239,-0.4108201020411345,-0.411980082069845,0.5520541114653774,-0.0129522682201617,-3.682970552407404,1.701782820097245,quiet_volume_spike,screen,"{""max_abs_ret"": 0.02, ""min_rvol"": 10}",True,"{""stop_pct"": 0.05, ""target_pct"": 0.4, ""max_hold_days"": 3}"
764,0.2054973821989529,-0.3041749265837279,-0.356565467656063,0.6946526746852073,-0.0085233743504048,-1.5003520056402306,2.856020942408377,549,0.1584699453551912,-0.4145831812103846,-0.4281538692066433,0.5257667901246474,-0.0139506342473445,-3.6449266943624647,2.639344262295082,quiet_volume_spike,screen,"{""max_abs_ret"": 0.02, ""min_rvol"": 10}",True,"{""stop_pct"": 0.05, ""target_pct"": 0.4, ""max_hold_days"": 5}"
624,0.2083333333333333,-0.3882354653728043,-0.3904594943960695,0.5649029283009208,-0.0116990584038438,-2.2250712785503106,5.1298076923076925,411,0.1678832116788321,-0.2412542251209525,-0.2697747539610267,0.6655209423008124,-0.0120272318314247,-2.044439792637589,4.768856447688565,quiet_volume_spike,screen,"{""max_abs_ret"": 0.02, ""min_rvol"": 10}",True,"{""stop_pct"": 0.05, ""target_pct"": 0.4, ""max_hold_days"": 10}"
847,0.2479338842975206,-0.3084045156994596,-0.3444041185975061,0.7047240441628776,-0.011208079189687,-1.3096348682626455,0.8252656434474617,659,0.2063732928679817,-0.6685384081322301,-0.6781019527529865,0.3264627243205634,-0.0215962635156323,-6.203034169876822,0.795144157814871,quiet_volume_spike,screen,"{""max_abs_ret"": 0.02, ""min_rvol"": 10}",True,"{""stop_pct"": 0.1, ""target_pct"": null, ""max_hold_days"": 1}"
788,0.248730964467005,-0.1657175889997448,-0.2810292902589616,0.8725027202257262,-0.0100461337813778,-0.329666982768668,2.2753807106598987,601,0.2113144758735441,-0.699770474049288,-0.699770474049288,0.3758208006615512,-0.0240149243832622,-4.623231237803904,2.168053244592346,quiet_volume_spike,screen,"{""max_abs_ret"": 0.02, ""min_rvol"": 10}",True,"{""stop_pct"": 0.1, ""target_pct"": null, ""max_hold_days"": 3}"
731,0.2517099863201094,-0.2989900303534907,-0.4100154159295965,0.7680127745312242,-0.0105344821450682,-0.6557896922867638,3.632010943912449,516,0.1976744186046511,-0.7088898625169177,-0.7088898625169177,0.3369968152574495,-0.0268960010497464,-4.385128897939803,3.36046511627907,quiet_volume_spike,screen,"{""max_abs_ret"": 0.02, ""min_rvol"": 10}",True,"{""stop_pct"": 0.1, ""target_pct"": null, ""max_hold_days"": 5}"
554,0.2545126353790614,-0.3508373158397198,-0.4734769740213238,0.6950331779999475,-0.0163811939535986,-0.7285463557783453,6.64259927797834,342,0.219298245614035,-0.5988912619328073,-0.5988912619328073,0.3034437939103793,-0.0269616992560008,-4.44788359775471,6.318713450292398,quiet_volume_spike,screen,"{""max_abs_ret"": 0.02, ""min_rvol"": 10}",True,"{""stop_pct"": 0.1, ""target_pct"": null, ""max_hold_days"": 10}"
847,0.2632821723730815,-0.3324773332233171,-0.3676719702298977,0.6710003047936015,-0.0109130028175832,-2.1830844607454742,0.7497048406139315,659,0.2230652503793626,-0.6208626079399935,-0.6290668210666068,0.383657962433865,-0.0181530364039448,-6.53663742428256,0.7329286798179059,quiet_volume_spike,screen,"{""max_abs_ret"": 0.02, ""min_rvol"": 10}",True,"{""stop_pct"": 0.1, ""target_pct"": 0.15, ""max_hold_days"": 1}"
794,0.2846347607052896,-0.3102191849989467,-0.336663013998883,0.7359738114616035,-0.0114307186653731,-1.7619119240620622,2.017632241813602,611,0.2520458265139116,-0.6253809682856261,-0.6273803139094425,0.4600076019985655,-0.0176812873298482,-5.922159513095419,1.9198036006546644,quiet_volume_spike,screen,"{""max_abs_ret"": 0.02, ""min_rvol"": 10}",True,"{""stop_pct"": 0.1, ""target_pct"": 0.15, ""max_hold_days"": 3}"
749,0.2883845126835781,-0.3935656078665425,-0.4071890280050608,0.6819635815490146,-0.012966418298138,-2.2744977340415957,3.137516688918558,541,0.243992606284658,-0.607177129429013,-0.6092736291279657,0.4603710257113278,-0.0182761903735509,-5.643455283118262,2.9038817005545288,quiet_volume_spike,screen,"{""max_abs_ret"": 0.02, ""min_rvol"": 10}",True,"{""stop_pct"": 0.1, ""target_pct"": 0.15, ""max_hold_days"": 5}"
593,0.3153456998313659,-0.4004653740812108,-0.4031166404832217,0.6417214639089337,-0.0159573060264516,-2.3027998286290763,5.620573355817875,398,0.2914572864321608,-0.4701901014737795,-0.4730177023493288,0.5327503403022498,-0.016641119705403,-4.264410217789627,5.07286432160804,quiet_volume_spike,screen,"{""max_abs_ret"": 0.02, ""min_rvol"": 10}",True,"{""stop_pct"": 0.1, ""target_pct"": 0.15, ""max_hold_days"": 10}"
847,0.2538370720188902,-0.2681066311738823,-0.3246772539900163,0.7414918754933552,-0.0087470817419569,-1.3415815220091436,0.8040141676505312,659,0.2063732928679817,-0.623661338813823,-0.6444928426224847,0.4038900128832304,-0.0190002226359864,-5.368681487699235,0.7845220030349014,quiet_volume_spike,screen,"{""max_abs_ret"": 0.02, ""min_rvol"": 10}",True,"{""stop_pct"": 0.1, ""target_pct"": 0.4, ""max_hold_days"": 1}"
791,0.2579013906447535,-0.2255918151313248,-0.3231171986625746,0.8189715649825418,-0.0080071781128256,-0.917100470567155,2.194690265486725,604,0.2185430463576159,-0.614532246146281,-0.6228371156243655,0.4892028903988329,-0.0166271059559316,-4.804840043707701,2.1109271523178808,quiet_volume_spike,screen,"{""max_abs_ret"": 0.02, ""min_rvol"": 10}",True,"{""stop_pct"": 0.1, ""target_pct"": 0.4, ""max_hold_days"": 3}"
738,0.2615176151761517,-0.2958998463299896,-0.4251088008495727,0.7676174502862284,-0.0081421234049595,-1.092969681637691,3.459349593495935,517,0.206963249516441,-0.5849836753484974,-0.5939251662333953,0.496084400878984,-0.015855651358599,-4.691625824236031,3.2843326885880075,quiet_volume_spike,screen,"{""max_abs_ret"": 0.02, ""min_rvol"": 10}",True,"{""stop_pct"": 0.1, ""target_pct"": 0.4, ""max_hold_days"": 5}"
572,0.2657342657342657,-0.3956818068615841,-0.4662165490093553,0.6537830034127317,-0.013912885216063,-1.642472875761861,6.2622377622377625,354,0.2655367231638418,-0.323952917982749,-0.3718885798600021,0.6603261760819551,-0.003887712442152,-2.1394446722028606,5.92090395480226,quiet_volume_spike,screen,"{""max_abs_ret"": 0.02, ""min_rvol"": 10}",True,"{""stop_pct"": 0.1, ""target_pct"": 0.4, ""max_hold_days"": 10}"
845,0.2627218934911242,-0.3903289105474053,-0.422206137153753,0.6503375440487635,-0.0136026929975145,-1.6703667829086517,0.931360946745562,657,0.2237442922374429,-0.7617558313516958,-0.7663690197976385,0.2986732546975231,-0.0250171524686526,-4.475195079067798,0.9223744292237442,quiet_volume_spike,screen,"{""max_abs_ret"": 0.02, ""min_rvol"": 10}",True,"{""stop_pct"": 0.2, ""target_pct"": null, ""max_hold_days"": 1}"
781,0.2842509603072983,0.09344115686351,-0.2902548519795945,1.062110889260214,0.0004465111267132,0.2946716992774094,2.679897567221511,586,0.2474402730375426,-0.7684127734390196,-0.7692130475157439,0.4020717086024677,-0.0263337700296408,-3.215562035354077,2.598976109215017,quiet_volume_spike,screen,"{""max_abs_ret"": 0.02, ""min_rvol"": 10}",True,"{""stop_pct"": 0.2, ""target_pct"": null, ""max_hold_days"": 3}"
702,0.292022792022792,-0.0789799176742498,-0.2502858330721614,0.9499771720813104,0.0059831538021969,0.0462855471739806,4.3746438746438745,472,0.2351694915254237,-0.7860362856986662,-0.7860362856986662,0.3435271041385641,-0.032567167804354,-3.214661052359511,4.1059322033898304,quiet_volume_spike,screen,"{""max_abs_ret"": 0.02, ""min_rvol"": 10}",True,"{""stop_pct"": 0.2, ""target_pct"": null, ""max_hold_days"": 5}"
480,0.3229166666666667,-0.1667905516814065,-0.2669043141192965,0.8786922872394743,0.0072580906331392,-0.0383548589915047,8.358333333333333,291,0.274914089347079,-0.5617107529392885,-0.5617107529392885,0.4473589947523228,-0.0228239563001578,-2.122780214792249,7.81786941580756,quiet_volume_spike,screen,"{""max_abs_ret"": 0.02, ""min_rvol"": 10}",True,"{""stop_pct"": 0.2, ""target_pct"": null, ""max_hold_days"": 10}"
845,0.2828402366863905,-0.3707660773786431,-0.4142790747945976,0.6579555995593095,-0.0119538191241885,-2.2650634417478828,0.8485207100591716,658,0.2522796352583586,-0.6806057504690484,-0.6844630807944052,0.4007113081355489,-0.0192514348104948,-5.689428584780019,0.8419452887537994,quiet_volume_spike,screen,"{""max_abs_ret"": 0.02, ""min_rvol"": 10}",True,"{""stop_pct"": 0.2, ""target_pct"": 0.15, ""max_hold_days"": 1}"
788,0.3248730964467005,-0.2113691966181923,-0.2541850034660092,0.8383025496111592,-0.0068151065929616,-0.7546937252132788,2.3654822335025383,600,0.3,-0.6777903899980333,-0.6826856478259635,0.503203780827611,-0.0175740273415479,-4.930371994007533,2.268333333333333,quiet_volume_spike,screen,"{""max_abs_ret"": 0.02, ""min_rvol"": 10}",True,"{""stop_pct"": 0.2, ""target_pct"": 0.15, ""max_hold_days"": 3}"
726,0.3402203856749311,-0.2884298267372142,-0.3230269330850882,0.794043196274257,-0.0076969095424358,-0.9810404838066304,3.763085399449036,510,0.3176470588235294,-0.644789634343438,-0.6477176429566079,0.5180307769345596,-0.0173852475280703,-4.281332602500807,3.443137254901961,quiet_volume_spike,screen,"{""max_abs_ret"": 0.02, ""min_rvol"": 10}",True,"{""stop_pct"": 0.2, ""target_pct"": 0.15, ""max_hold_days"": 5}"
537,0.3780260707635009,-0.2860315008629224,-0.301643404593758,0.7749009521086494,-0.0089280765273297,-0.9889180987554856,6.851024208566108,354,0.3644067796610169,-0.49693569105434,-0.5035559321747853,0.5862526181975323,-0.0182758717903336,-3.4962859047093864,5.997175141242938,quiet_volume_spike,screen,"{""max_abs_ret"": 0.02, ""min_rvol"": 10}",True,"{""stop_pct"": 0.2, ""target_pct"": 0.15, ""max_hold_days"": 10}"
845,0.2698224852071006,-0.3210426420648106,-0.3547322215984904,0.712568164665465,-0.0102728526289069,-1.5358939999321672,0.9076923076923076,657,0.228310502283105,-0.6704412285838619,-0.6856434569108759,0.4378032770054494,-0.0198800094919706,-4.637676335532765,0.9041095890410958,quiet_volume_spike,screen,"{""max_abs_ret"": 0.02, ""min_rvol"": 10}",True,"{""stop_pct"": 0.2, ""target_pct"": 0.4, ""max_hold_days"": 1}"
785,0.2968152866242038,-0.0982065112909048,-0.2587706160303619,0.930664497363203,-0.0019717485205276,-0.2301067071578213,2.5745222929936307,591,0.2588832487309644,-0.643153873124684,-0.6522501630158098,0.5580420971149118,-0.0150191057382398,-3.310446011999343,2.517766497461929,quiet_volume_spike,screen,"{""max_abs_ret"": 0.02, ""min_rvol"": 10}",True,"{""stop_pct"": 0.2, ""target_pct"": 0.4, ""max_hold_days"": 3}"
712,0.3146067415730337,-0.0612591392422691,-0.3344887952721002,0.9589515725091368,0.0011307489464201,-0.065555049712038,4.160112359550562,480,0.2604166666666667,-0.6084834914305974,-0.6160035061330638,0.5611249363708717,-0.0140260522463366,-3.022193694199828,3.966666666666667,quiet_volume_spike,screen,"{""max_abs_ret"": 0.02, ""min_rvol"": 10}",True,"{""stop_pct"": 0.2, ""target_pct"": 0.4, ""max_hold_days"": 5}"
496,0.3487903225806452,-0.109308964050292,-0.3212846139285394,0.9139461073358988,-0.000313408621619,-0.2141806291017483,7.877016129032258,312,0.2916666666666667,-0.2858981398198561,-0.3184135259132865,0.7725469333909517,0.0040361141411847,-1.281613236366995,7.121794871794871,quiet_volume_spike,screen,"{""max_abs_ret"": 0.02, ""min_rvol"": 10}",True,"{""stop_pct"": 0.2, ""target_pct"": 0.4, ""max_hold_days"": 10}"
844,0.2654028436018957,-0.5219539085491083,-0.5389505563449231,0.5713729895178876,-0.0175602648247463,-2.263398200138384,0.9940758293838864,657,0.2237442922374429,-0.8757409760896768,-0.8757409760896768,0.2301366672215207,-0.0340872329427967,-5.5992038755598985,0.9984779299847792,quiet_volume_spike,screen,"{""max_abs_ret"": 0.02, ""min_rvol"": 10}",True,"{""stop_pct"": null, ""target_pct"": null, ""max_hold_days"": 1}"
777,0.2947232947232947,-0.0701768723252417,-0.3871449942667669,0.9574554575373864,-0.0046264688460365,0.0589001378462567,2.969111969111969,571,0.2539404553415061,-0.8835243616631789,-0.8835243616631789,0.3030886559901538,-0.0378691040317125,-3.9807978688540735,2.984238178633976,quiet_volume_spike,screen,"{""max_abs_ret"": 0.02, ""min_rvol"": 10}",True,"{""stop_pct"": null, ""target_pct"": null, ""max_hold_days"": 3}"
678,0.2979351032448377,-0.1638363184493538,-0.3439019183110579,0.9033151043319976,0.0011750166797856,-0.0502576896640689,4.960176991150442,437,0.2448512585812357,-0.8581621336608296,-0.8581621336608296,0.2867336949772262,-0.0425744027931096,-2.669616426782142,4.940503432494279,quiet_volume_spike,screen,"{""max_abs_ret"": 0.02, ""min_rvol"": 10}",True,"{""stop_pct"": null, ""target_pct"": null, ""max_hold_days"": 5}"
431,0.345707656612529,-0.4207962091058521,-0.4365034234566781,0.700881168768584,-0.0036024568766819,-0.5850507316905087,9.844547563805104,245,0.2530612244897959,-0.709983521693198,-0.710223978404203,0.3224309240578933,-0.0467293934032638,-1.859666288314341,9.779591836734694,quiet_volume_spike,screen,"{""max_abs_ret"": 0.02, ""min_rvol"": 10}",True,"{""stop_pct"": null, ""target_pct"": null, ""max_hold_days"": 10}"
844,0.2973933649289099,-0.3819823188112489,-0.4260137047774084,0.673870771995901,-0.0111226109489567,-2.061007139948364,0.8981042654028436,658,0.2644376899696048,-0.7530195718544133,-0.7530195718544133,0.3948625657580101,-0.0229221313213841,-5.431885858334791,0.905775075987842,quiet_volume_spike,screen,"{""max_abs_ret"": 0.02, ""min_rvol"": 10}",True,"{""stop_pct"": null, ""target_pct"": 0.15, ""max_hold_days"": 1}"
784,0.3482142857142857,-0.1941150779192296,-0.2838142162969107,0.8619584712284919,-0.0054633326555388,-0.5018366912214592,2.576530612244898,586,0.3242320819112628,-0.7667052435171373,-0.7667852066695293,0.4745126030484321,-0.0236186879921934,-4.735121852331105,2.561433447098976,quiet_volume_spike,screen,"{""max_abs_ret"": 0.02, ""min_rvol"": 10}",True,"{""stop_pct"": null, ""target_pct"": 0.15, ""max_hold_days"": 3}"
706,0.3640226628895184,-0.2251110034235075,-0.3016587102750867,0.8476723461030137,-0.0066906086659189,-0.5742404067178066,4.196883852691218,478,0.3389121338912134,-0.7136840186830522,-0.7136840186830522,0.4972115580850482,-0.0235084046739612,-3.9469544591042296,4.071129707112971,quiet_volume_spike,screen,"{""max_abs_ret"": 0.02, ""min_rvol"": 10}",True,"{""stop_pct"": null, ""target_pct"": 0.15, ""max_hold_days"": 5}"
498,0.4357429718875502,0.0169892754209552,-0.1979264663941508,1.0144348223630688,0.0008929189431931,0.136048590106372,7.863453815261044,302,0.4006622516556291,-0.5763373671250365,-0.5781271590608836,0.5688791520986373,-0.0290149778195683,-2.734312915643953,7.470198675496689,quiet_volume_spike,screen,"{""max_abs_ret"": 0.02, ""min_rvol"": 10}",True,"{""stop_pct"": null, ""target_pct"": 0.15, ""max_hold_days"": 10}"
844,0.2772511848341232,-0.3747218220368321,-0.4116380448074295,0.6982585442833682,-0.0113780551872398,-1.6305990979561027,0.9644549763033176,657,0.228310502283105,-0.8263420632711087,-0.8282239010318815,0.342411587800688,-0.0289500899661147,-5.83475438866887,0.9802130898021308,quiet_volume_spike,screen,"{""max_abs_ret"": 0.02, ""min_rvol"": 10}",True,"{""stop_pct"": null, ""target_pct"": 0.4, ""max_hold_days"": 1}"
780,0.3115384615384615,-0.1620132448361319,-0.3424147541180065,0.8975628191282337,-0.0028338536126469,-0.3673980046039794,2.8282051282051284,576,0.265625,-0.8030043427735497,-0.8030043427735497,0.4364479335185528,-0.0261723131697704,-3.754824255050461,2.892361111111111,quiet_volume_spike,screen,"{""max_abs_ret"": 0.02, ""min_rvol"": 10}",True,"{""stop_pct"": null, ""target_pct"": 0.4, ""max_hold_days"": 3}"
691,0.321273516642547,-0.1950083704747252,-0.408658277288815,0.8834422814049182,-0.0025009130475351,-0.4060144155170467,4.667149059334298,444,0.2635135135135135,-0.7356904815591905,-0.7367131622730143,0.475954343603517,-0.0252216669740776,-3.1066583442971365,4.731981981981982,quiet_volume_spike,screen,"{""max_abs_ret"": 0.02, ""min_rvol"": 10}",True,"{""stop_pct"": null, ""target_pct"": 0.4, ""max_hold_days"": 5}"
458,0.3624454148471616,-0.1565698342123047,-0.2721290382991695,0.8839391841454682,-0.0029442909436497,-0.3629242978802913,9.102620087336245,261,0.2873563218390804,-0.5984602562121404,-0.5984602562121404,0.5191380128532851,-0.0198537283525892,-2.617526901564531,9.091954022988508,quiet_volume_spike,screen,"{""max_abs_ret"": 0.02, ""min_rvol"": 10}",True,"{""stop_pct"": null, ""target_pct"": 0.4, ""max_hold_days"": 10}"
868,0.2096774193548387,-0.4111034992726624,-0.4132306067294935,0.5477552085510405,-0.0125256815547951,-2.765199903376065,0.6693548387096774,686,0.1720116618075801,-0.5481033032005618,-0.5481033032005618,0.3703742215038058,-0.0167685762034941,-5.490871352046937,0.6311953352769679,quiet_volume_spike,screen,"{""max_abs_ret"": 0.02, ""min_rvol"": 10}",False,"{""stop_pct"": 0.05, ""target_pct"": null, ""max_hold_days"": 1}"
818,0.1980440097799511,-0.3423258880865747,-0.3608489755108648,0.6630602080035161,-0.011027610435599,-1.721097369775664,1.8459657701711487,638,0.170846394984326,-0.5151583197510993,-0.5151583197510993,0.4565370301290412,-0.0163911616119182,-3.4485968329917727,1.7006269592476488,quiet_volume_spike,screen,"{""max_abs_ret"": 0.02, ""min_rvol"": 10}",False,"{""stop_pct"": 0.05, ""target_pct"": null, ""max_hold_days"": 3}"
778,0.1966580976863753,-0.450147005660951,-0.4551544718388935,0.5486569253454674,-0.0128635234297952,-2.165878318907052,2.8881748071979434,561,0.1515151515151515,-0.5095726558078337,-0.5095726558078337,0.4194462284865609,-0.017612657974435,-3.080059904115976,2.6541889483065955,quiet_volume_spike,screen,"{""max_abs_ret"": 0.02, ""min_rvol"": 10}",False,"{""stop_pct"": 0.05, ""target_pct"": null, ""max_hold_days"": 5}"
633,0.1974723538704581,-0.3867202073880297,-0.4676781962538207,0.5783494882337582,-0.0137232792160218,-0.8414486035213324,5.225908372827804,416,0.1490384615384615,-0.3091346910960443,-0.3974076451420172,0.6255126976475237,-0.0157148815145887,-1.153053155785355,4.7860576923076925,quiet_volume_spike,screen,"{""max_abs_ret"": 0.02, ""min_rvol"": 10}",False,"{""stop_pct"": 0.05, ""target_pct"": null, ""max_hold_days"": 10}"
868,0.2177419354838709,-0.3716608258055087,-0.3770549035255309,0.5920529342982722,-0.0109834767333045,-3.0033102217556427,0.6163594470046083,686,0.1763848396501457,-0.5583642419918527,-0.5583642419918527,0.355996795622188,-0.0167558780305452,-7.553468973181781,0.5918367346938775,quiet_volume_spike,screen,"{""max_abs_ret"": 0.02, ""min_rvol"": 10}",False,"{""stop_pct"": 0.05, ""target_pct"": 0.15, ""max_hold_days"": 1}"
823,0.2235722964763062,-0.3076343986223449,-0.3080718526832965,0.6849664128381732,-0.0096066016964188,-2.2016505278145595,1.6658566221142164,643,0.1866251944012441,-0.5128035125460537,-0.5128035125460537,0.4547135316466151,-0.014926434952915,-5.946732095250724,1.541213063763608,quiet_volume_spike,screen,"{""max_abs_ret"": 0.02, ""min_rvol"": 10}",False,"{""stop_pct"": 0.05, ""target_pct"": 0.15, ""max_hold_days"": 3}"
789,0.229404309252218,-0.3403735192676052,-0.3461734586538323,0.6614453508538921,-0.0101629260093792,-2.3856495097354404,2.575411913814956,578,0.1816608996539792,-0.4789160774249507,-0.4789160774249507,0.4707814027543006,-0.0148557390956723,-5.6022788747653625,2.3442906574394464,quiet_volume_spike,screen,"{""max_abs_ret"": 0.02, ""min_rvol"": 10}",False,"{""stop_pct"": 0.05, ""target_pct"": 0.15, ""max_hold_days"": 5}"
661,0.2420574886535552,-0.3674809138134928,-0.3681534086157375,0.6108287144501885,-0.0116730395199268,-2.7626056457814987,4.553706505295008,462,0.1948051948051948,-0.3929986087660284,-0.3929986087660284,0.5068897699224498,-0.0150648782295375,-4.79564254797246,4.004329004329004,quiet_volume_spike,screen,"{""max_abs_ret"": 0.02, ""min_rvol"": 10}",False,"{""stop_pct"": 0.05, ""target_pct"": 0.15, ""max_hold_days"": 10}"
868,0.2119815668202765,-0.3423121247081645,-0.3446877081631057,0.6268903962865506,-0.0104950912437124,-2.197304261870492,0.6589861751152074,686,0.1720116618075801,-0.5173060750024603,-0.5173060750024603,0.4167091768317842,-0.0152086448661969,-5.234894316432089,0.6239067055393586,quiet_volume_spike,screen,"{""max_abs_ret"": 0.02, ""min_rvol"": 10}",False,"{""stop_pct"": 0.05, ""target_pct"": 0.4, ""max_hold_days"": 1}"
821,0.2021924482338611,-0.235226540003101,-0.2876257932387067,0.7708395577452678,-0.0077620800937483,-1.1761946359238376,1.797807551766139,640,0.175,-0.4423034117630653,-0.4442266873688433,0.5429104997056642,-0.0129709664699171,-3.9083476801474353,1.6625,quiet_volume_spike,screen,"{""max_abs_ret"": 0.02, ""min_rvol"": 10}",False,"{""stop_pct"": 0.05, ""target_pct"": 0.4, ""max_hold_days"": 3}"
781,0.203585147247119,-0.3400926624207534,-0.3879350155190394,0.6679151393161797,-0.0092946014287139,-1.6873968370990176,2.8092189500640203,566,0.1607773851590106,-0.4434552981415378,-0.4569248684727497,0.5177892068110472,-0.0139073838909676,-3.889570892730573,2.5618374558303887,quiet_volume_spike,screen,"{""max_abs_ret"": 0.02, ""min_rvol"": 10}",False,"{""stop_pct"": 0.05, ""target_pct"": 0.4, ""max_hold_days"": 5}"
636,0.2059748427672956,-0.418561436065382,-0.4206752170517615,0.546594519843808,-0.0123779792269509,-2.3739354401090145,5.0581761006289305,427,0.1733021077283372,-0.2778079244804849,-0.3088080904182949,0.6447212062349077,-0.0113488657572835,-2.317486176119055,4.571428571428571,quiet_volume_spike,screen,"{""max_abs_ret"": 0.02, ""min_rvol"": 10}",False,"{""stop_pct"": 0.05, ""target_pct"": 0.4, ""max_hold_days"": 10}"
868,0.2488479262672811,-0.329196544838133,-0.3640169838772329,0.6970626643299643,-0.0114654083919243,-1.4011507263079717,0.8202764976958525,686,0.2099125364431487,-0.6847002512472569,-0.6937974838983119,0.3424637405522638,-0.021381287530469,-6.218649098481309,0.7857142857142857,quiet_volume_spike,screen,"{""max_abs_ret"": 0.02, ""min_rvol"": 10}",False,"{""stop_pct"": 0.1, ""target_pct"": null, ""max_hold_days"": 1}"
806,0.2481389578163771,-0.210673002399809,-0.3118073044611503,0.8436702288284144,-0.01102165740267,-0.4426230739642168,2.2506203473945408,619,0.2148626817447496,-0.7098849505442246,-0.7098849505442246,0.3963580144759364,-0.0234437093319136,-4.687862082960787,2.132471728594507,quiet_volume_spike,screen,"{""max_abs_ret"": 0.02, ""min_rvol"": 10}",False,"{""stop_pct"": 0.1, ""target_pct"": null, ""max_hold_days"": 3}"
747,0.253012048192771,-0.299976689213502,-0.436779727759564,0.7747204959788059,-0.0105061920079833,-0.6445745823003677,3.5930388219544844,529,0.2003780718336484,-0.718474436249269,-0.718474436249269,0.3560252735470242,-0.0262138216782513,-4.342411553327833,3.294896030245747,quiet_volume_spike,screen,"{""max_abs_ret"": 0.02, ""min_rvol"": 10}",False,"{""stop_pct"": 0.1, ""target_pct"": null, ""max_hold_days"": 5}"
562,0.2562277580071174,-0.3732812867106356,-0.483845795397938,0.6812739238590739,-0.0170839262271332,-0.7891146949729845,6.569395017793594,348,0.2126436781609195,-0.628173357019258,-0.628173357019258,0.2933116534344513,-0.0284445366496857,-4.991001510189412,6.2011494252873565,quiet_volume_spike,screen,"{""max_abs_ret"": 0.02, ""min_rvol"": 10}",False,"{""stop_pct"": 0.1, ""target_pct"": null, ""max_hold_days"": 10}"
868,0.2649769585253456,-0.3493945528371747,-0.3836417252965708,0.6678399951536149,-0.0109154609657677,-2.254880148232591,0.7419354838709677,686,0.2259475218658892,-0.6448961168896734,-0.6525802651697883,0.3896930338478613,-0.0183816322691725,-6.758646869494861,0.7201166180758017,quiet_volume_spike,screen,"{""max_abs_ret"": 0.02, ""min_rvol"": 10}",False,"{""stop_pct"": 0.1, ""target_pct"": 0.15, ""max_hold_days"": 1}"
813,0.2853628536285363,-0.3489313923223037,-0.372251088276431,0.7141245906383389,-0.0119656537559808,-1.9693835248970144,1.98769987699877,633,0.2575039494470774,-0.643023570692306,-0.6449287575656897,0.4679306902437734,-0.0177438624866309,-6.031790339982777,1.867298578199052,quiet_volume_spike,screen,"{""max_abs_ret"": 0.02, ""min_rvol"": 10}",False,"{""stop_pct"": 0.1, ""target_pct"": 0.15, ""max_hold_days"": 3}"
765,0.2888888888888888,-0.4258006835377775,-0.4385446453116737,0.6640120432228195,-0.0132073091745513,-2.424997978217324,3.094117647058824,557,0.2495511669658887,-0.6259852014401099,-0.6279813222653685,0.4668969466281831,-0.0189583310185508,-5.768524333684775,2.8402154398563733,quiet_volume_spike,screen,"{""max_abs_ret"": 0.02, ""min_rvol"": 10}",False,"{""stop_pct"": 0.1, ""target_pct"": 0.15, ""max_hold_days"": 5}"
602,0.3189368770764119,-0.4046354142345832,-0.4072682398545679,0.6453834787546563,-0.0156118753273641,-2.2896951088619493,5.5365448504983386,406,0.293103448275862,-0.4702399410791618,-0.4730672759602248,0.5476587893503879,-0.0159442328062767,-4.259680933782538,4.972906403940887,quiet_volume_spike,screen,"{""max_abs_ret"": 0.02, ""min_rvol"": 10}",False,"{""stop_pct"": 0.1, ""target_pct"": 0.15, ""max_hold_days"": 10}"
868,0.2546082949308755,-0.2868478848836486,-0.337620134386704,0.7343295545117565,-0.0090639512050263,-1.417341302476271,0.7995391705069125,686,0.2099125364431487,-0.6412002109111341,-0.6610608841393202,0.416225269777538,-0.0188874231869025,-5.419051901386296,0.7755102040816326,quiet_volume_spike,screen,"{""max_abs_ret"": 0.02, ""min_rvol"": 10}",False,"{""stop_pct"": 0.1, ""target_pct"": 0.4, ""max_hold_days"": 1}"
809,0.2571075401730531,-0.2675268716126389,-0.3582706585112104,0.7927352732335187,-0.0090244503511389,-1.094357554184046,2.171817058096415,624,0.2243589743589743,-0.6238984283316366,-0.6320015042231508,0.5062616071250737,-0.0161326778598321,-4.76105747313374,2.0721153846153846,quiet_volume_spike,screen,"{""max_abs_ret"": 0.02, ""min_rvol"": 10}",False,"{""stop_pct"": 0.1, ""target_pct"": 0.4, ""max_hold_days"": 3}"
754,0.2625994694960212,-0.3102252220400585,-0.4565715051599327,0.7638807961963852,-0.0083694853962502,-1.1244758254063207,3.421750663129973,532,0.212406015037594,-0.6077765818561498,-0.6162270015381266,0.5012126717547768,-0.0157912313814803,-4.806237377162053,3.218045112781955,quiet_volume_spike,screen,"{""max_abs_ret"": 0.02, ""min_rvol"": 10}",False,"{""stop_pct"": 0.1, ""target_pct"": 0.4, ""max_hold_days"": 5}"
579,0.2677029360967184,-0.4048838507823722,-0.4718070742011617,0.6514293311840648,-0.0137852807896421,-1.6708577434022711,6.212435233160622,364,0.260989010989011,-0.3443173091743569,-0.3684086750538202,0.6582012184604201,-0.0033919098135667,-2.317021458172237,5.769230769230769,quiet_volume_spike,screen,"{""max_abs_ret"": 0.02, ""min_rvol"": 10}",False,"{""stop_pct"": 0.1, ""target_pct"": 0.4, ""max_hold_days"": 10}"
866,0.2632794457274827,-0.4242970253157694,-0.4542109663321453,0.63628009896453,-0.0142925424549241,-1.8188716102803864,0.9260969976905312,684,0.2266081871345029,-0.7812463664802372,-0.7854821542453139,0.3031646671939587,-0.0249683708692091,-4.647331416581315,0.9166666666666666,quiet_volume_spike,screen,"{""max_abs_ret"": 0.02, ""min_rvol"": 10}",False,"{""stop_pct"": 0.2, ""target_pct"": null, ""max_hold_days"": 1}"
799,0.2841051314142678,0.0135012122067188,-0.3456528948366676,1.0086329753641192,-0.001762257278998,0.1683384051435991,2.6595744680851063,603,0.2570480928689884,-0.7736545551379483,-0.7745074671930127,0.4179061831950496,-0.0255256957691688,-3.234188842182478,2.583747927031509,quiet_volume_spike,screen,"{""max_abs_ret"": 0.02, ""min_rvol"": 10}",False,"{""stop_pct"": 0.2, ""target_pct"": null, ""max_hold_days"": 3}"
716,0.2918994413407821,-0.1369485890457001,-0.2906879474278406,0.915327928418299,0.004400977581051,-0.0365415205105716,4.337988826815643,484,0.2458677685950413,-0.7918111484301087,-0.7918111484301087,0.3608360576487578,-0.0312354718262946,-3.2172546735876244,4.070247933884297,quiet_volume_spike,screen,"{""max_abs_ret"": 0.02, ""min_rvol"": 10}",False,"{""stop_pct"": 0.2, ""target_pct"": null, ""max_hold_days"": 5}"
490,0.3163265306122449,-0.1707654629119436,-0.2747911527868298,0.875302176297643,0.0042700359209418,-0.033504025122754,8.261224489795918,296,0.2736486486486486,-0.6030957130367535,-0.6030957130367535,0.4239883478974499,-0.0256376104645559,-2.304188336382958,7.739864864864865,quiet_volume_spike,screen,"{""max_abs_ret"": 0.02, ""min_rvol"": 10}",False,"{""stop_pct"": 0.2, ""target_pct"": null, ""max_hold_days"": 10}"
866,0.2840646651270208,-0.4032767640274244,-0.4444673379566443,0.6443113218618518,-0.0124210377185587,-2.423867512912776,0.8406466512702079,685,0.2540145985401459,-0.710115908940353,-0.7136168445299106,0.397223443108682,-0.0197384872486021,-5.919153868178882,0.8335766423357664,quiet_volume_spike,screen,"{""max_abs_ret"": 0.02, ""min_rvol"": 10}",False,"{""stop_pct"": 0.2, ""target_pct"": 0.15, ""max_hold_days"": 1}"
807,0.3258983890954151,-0.2771946283952967,-0.3161004337024198,0.7976711770808054,-0.0084038429549173,-0.978614206673584,2.3382899628252787,618,0.3106796116504854,-0.6877470248087361,-0.6924240530222701,0.510439441482534,-0.0175951597063299,-4.946693043068247,2.237864077669903,quiet_volume_spike,screen,"{""max_abs_ret"": 0.02, ""min_rvol"": 10}",False,"{""stop_pct"": 0.2, ""target_pct"": 0.15, ""max_hold_days"": 3}"
742,0.3409703504043126,-0.3485273419661019,-0.3801390994200246,0.7616336505780216,-0.0089975803086851,-1.1596452724423427,3.710242587601078,523,0.3193116634799235,-0.6533459544207534,-0.6562034330570261,0.5255463945651575,-0.0173791783216308,-4.419199300975001,3.3977055449330784,quiet_volume_spike,screen,"{""max_abs_ret"": 0.02, ""min_rvol"": 10}",False,"{""stop_pct"": 0.2, ""target_pct"": 0.15, ""max_hold_days"": 5}"
552,0.3786231884057971,-0.2870629455159463,-0.3026422682224433,0.7790957075371987,-0.0093917309402128,-0.9869502867487394,6.701086956521739,362,0.3701657458563536,-0.5112925594259671,-0.5205347130445177,0.5946859871514876,-0.0160227282759102,-3.506115581349057,5.861878453038674,quiet_volume_spike,screen,"{""max_abs_ret"": 0.02, ""min_rvol"": 10}",False,"{""stop_pct"": 0.2, ""target_pct"": 0.15, ""max_hold_days"": 10}"
866,0.2702078521939954,-0.3582388437092511,-0.3899689696007858,0.6930123266533178,-0.0110434487927146,-1.706367079975473,0.9030023094688222,684,0.2309941520467836,-0.6969949872040713,-0.7109723162521184,0.4366828608719011,-0.020034009852133,-4.799664217510742,0.8991228070175439,quiet_volume_spike,screen,"{""max_abs_ret"": 0.02, ""min_rvol"": 10}",False,"{""stop_pct"": 0.2, ""target_pct"": 0.4, ""max_hold_days"": 1}"
803,0.2963885429638854,-0.1751827802977965,-0.3153158431373654,0.881546664096959,-0.0041153067801951,-0.4628374358245061,2.556662515566625,609,0.2676518883415435,-0.6472909696059963,-0.65625768335279,0.5697641768737987,-0.0146657220191052,-3.240336544981093,2.4991789819376025,quiet_volume_spike,screen,"{""max_abs_ret"": 0.02, ""min_rvol"": 10}",False,"{""stop_pct"": 0.2, ""target_pct"": 0.4, ""max_hold_days"": 3}"
726,0.3140495867768595,-0.1136409681765016,-0.3782575946979913,0.9258898703262428,-0.000416267249144,-0.1984288603389467,4.126721763085399,492,0.266260162601626,-0.6321423883413521,-0.6392079771161274,0.5652007311547256,-0.014305976661652,-3.1218779782879507,3.922764227642277,quiet_volume_spike,screen,"{""max_abs_ret"": 0.02, ""min_rvol"": 10}",False,"{""stop_pct"": 0.2, ""target_pct"": 0.4, ""max_hold_days"": 5}"
509,0.343811394891945,-0.1182671092681146,-0.32386966533099,0.9089118564402656,-0.0015679127444961,-0.2377084806754368,7.74656188605108,316,0.2943037974683544,-0.3912345715291733,-0.418953646427071,0.6883066828108251,-0.0039260987818699,-2.0436072618890124,7.085443037974684,quiet_volume_spike,screen,"{""max_abs_ret"": 0.02, ""min_rvol"": 10}",False,"{""stop_pct"": 0.2, ""target_pct"": 0.4, ""max_hold_days"": 10}"
865,0.2670520231213872,-0.5368610889548218,-0.553391775222247,0.5759755420314161,-0.0175214301328044,-2.2377214245739183,0.9942196531791908,684,0.2280701754385964,-0.8873678794170993,-0.8873678794170993,0.2438380258225843,-0.0339089092497119,-5.695120462647149,0.9985380116959064,quiet_volume_spike,screen,"{""max_abs_ret"": 0.02, ""min_rvol"": 10}",False,"{""stop_pct"": null, ""target_pct"": null, ""max_hold_days"": 1}"
795,0.2955974842767295,-0.1448519060166874,-0.4326816808508462,0.9151262243173016,-0.0063517057952627,-0.0383189678804333,2.969811320754717,587,0.2708688245315162,-0.8634038792632648,-0.8634038792632648,0.3740070347902272,-0.034067562065268,-3.679035525965025,2.9846678023850086,quiet_volume_spike,screen,"{""max_abs_ret"": 0.02, ""min_rvol"": 10}",False,"{""stop_pct"": null, ""target_pct"": null, ""max_hold_days"": 3}"
688,0.3023255813953488,-0.1691346175857521,-0.3546720822000208,0.9025630662373968,0.0005847379904855,-0.0497343023249614,4.960755813953488,443,0.2686230248306998,-0.7985910418305661,-0.7985910418305661,0.37823327133649,-0.0338226585332309,-2.1384850085585905,4.941309255079007,quiet_volume_spike,screen,"{""max_abs_ret"": 0.02, ""min_rvol"": 10}",False,"{""stop_pct"": null, ""target_pct"": null, ""max_hold_days"": 5}"
434,0.3594470046082949,-0.4327182785702086,-0.4499861217922335,0.7005412526656346,-0.0035302839929987,-0.6365534185966748,9.852534562211982,246,0.2682926829268293,-0.6378154610547699,-0.6525214758168436,0.4265723001951287,-0.0349684349940778,-1.4271479790796635,9.78048780487805,quiet_volume_spike,screen,"{""max_abs_ret"": 0.02, ""min_rvol"": 10}",False,"{""stop_pct"": null, ""target_pct"": null, ""max_hold_days"": 10}"
865,0.2994219653179191,-0.4038838234746108,-0.4462849288298943,0.6695241916474801,-0.0111601306798323,-2.1481612323251764,0.8947976878612717,685,0.2671532846715328,-0.7779864050456877,-0.7779864050456877,0.3987130271445945,-0.023485164160348,-5.723598887365052,0.9021897810218978,quiet_volume_spike,screen,"{""max_abs_ret"": 0.02, ""min_rvol"": 10}",False,"{""stop_pct"": null, ""target_pct"": 0.15, ""max_hold_days"": 1}"
803,0.3511830635118306,-0.2604889770023096,-0.342324348430266,0.8239448547075925,-0.0068016604943719,-0.6905672109586068,2.566625155666252,604,0.3377483443708609,-0.7552493177154438,-0.755423929115328,0.5018615724971026,-0.0221913043151346,-4.509477772181666,2.54635761589404,quiet_volume_spike,screen,"{""max_abs_ret"": 0.02, ""min_rvol"": 10}",False,"{""stop_pct"": null, ""target_pct"": 0.15, ""max_hold_days"": 3}"
719,0.3671766342141864,-0.2388053271776785,-0.3139807421448236,0.8436593955864056,-0.0072146594589249,-0.5981638191345251,4.171070931849791,490,0.3530612244897959,-0.664795838098071,-0.6816319126325856,0.5518595173073361,-0.0190620023517073,-3.2496762079147525,4.012244897959183,quiet_volume_spike,screen,"{""max_abs_ret"": 0.02, ""min_rvol"": 10}",False,"{""stop_pct"": null, ""target_pct"": 0.15, ""max_hold_days"": 5}"
504,0.4444444444444444,-0.0515206964197746,-0.2141635853880586,0.9576830251794152,-0.0017709024174496,-0.0784953552973317,7.811507936507937,310,0.4193548387096774,-0.5486890886846183,-0.5505956826746304,0.6104278386612648,-0.0229847022847791,-2.2999236132870844,7.248387096774193,quiet_volume_spike,screen,"{""max_abs_ret"": 0.02, ""min_rvol"": 10}",False,"{""stop_pct"": null, ""target_pct"": 0.15, ""max_hold_days"": 10}"
865,0.2786127167630058,-0.3826552394136661,-0.4191110742626435,0.7052751362946895,-0.0113842855825408,-1.6200525528876233,0.9641618497109826,684,0.2324561403508772,-0.8381514765070213,-0.8399053420012882,0.3675284850931645,-0.0286028294820941,-5.936873018526363,0.97953216374269,quiet_volume_spike,screen,"{""max_abs_ret"": 0.02, ""min_rvol"": 10}",False,"{""stop_pct"": null, ""target_pct"": 0.4, ""max_hold_days"": 1}"
798,0.3132832080200501,-0.2108329936720014,-0.3773965097583868,0.8726904667162472,-0.0040511507682286,-0.4952352218222587,2.827067669172932,594,0.2794612794612794,-0.7900613961688616,-0.7900613961688616,0.4811794662262193,-0.0239469592506727,-3.611256025623218,2.887205387205387,quiet_volume_spike,screen,"{""max_abs_ret"": 0.02, ""min_rvol"": 10}",False,"{""stop_pct"": null, ""target_pct"": 0.4, ""max_hold_days"": 3}"
701,0.3252496433666191,-0.1616487002334981,-0.3924298883908818,0.904742866843697,-0.0019167499462801,-0.3035202892881126,4.659058487874465,452,0.2876106194690265,-0.6571797626583633,-0.6658371092122163,0.5640315322777694,-0.0175417601062679,-2.423407349521673,4.716814159292035,quiet_volume_spike,screen,"{""max_abs_ret"": 0.02, ""min_rvol"": 10}",False,"{""stop_pct"": null, ""target_pct"": 0.4, ""max_hold_days"": 5}"
463,0.3736501079913606,-0.201019111134012,-0.2941994718021389,0.857659673276657,-0.0038638467662317,-0.4734827267280757,9.075593952483802,262,0.2977099236641221,-0.5516245574091004,-0.5516245574091004,0.5744540860807742,-0.0158466096453162,-2.3224450840309063,9.091603053435117,quiet_volume_spike,screen,"{""max_abs_ret"": 0.02, ""min_rvol"": 10}",False,"{""stop_pct"": null, ""target_pct"": 0.4, ""max_hold_days"": 10}"
1426,0.3260869565217391,-0.6747911727409905,-0.6747911727409905,0.4987461722101262,-0.0132122850682049,-4.68908891853686,0.6837307152875175,758,0.3153034300791557,-0.5031048520146553,-0.5051142597899811,0.480939088130498,-0.0133576217104746,-4.180434912573374,0.6926121372031663,toss_dryup_after_red,screen,"{""dry_frac"": 0.4, ""drop_from_first"": 0.4, ""base_adv"": 10000000.0}",True,"{""stop_pct"": 0.05, ""target_pct"": null, ""max_hold_days"": 1}"
1252,0.3067092651757188,-0.6616464543745924,-0.6616464543745924,0.5435260443322757,-0.01368500467577,-3.277906815530364,1.7300319488817892,673,0.288261515601783,-0.5726207723839285,-0.5762670557299636,0.4607362928395891,-0.016675776152915,-3.363237078304537,1.75037147102526,toss_dryup_after_red,screen,"{""dry_frac"": 0.4, ""drop_from_first"": 0.4, ""base_adv"": 10000000.0}",True,"{""stop_pct"": 0.05, ""target_pct"": null, ""max_hold_days"": 3}"
1102,0.2831215970961887,-0.5277202661404223,-0.612103279423762,0.6488094069061289,-0.0115779938548599,-1.7536093750938508,2.55989110707804,575,0.2556521739130434,-0.4686181715015109,-0.4868431141293784,0.5559831022373373,-0.0166203103208947,-2.3732191737539927,2.652173913043478,toss_dryup_after_red,screen,"{""dry_frac"": 0.4, ""drop_from_first"": 0.4, ""base_adv"": 10000000.0}",True,"{""stop_pct"": 0.05, ""target_pct"": null, ""max_hold_days"": 5}"
846,0.2399527186761229,-0.5332327040249676,-0.5706751828908779,0.5801586331057791,-0.0149096285181883,-1.850177690008228,4.117021276595745,440,0.2204545454545454,-0.4684716374237624,-0.4684716374237624,0.4942474450613494,-0.0205723052700025,-2.3609186121030588,4.206818181818182,toss_dryup_after_red,screen,"{""dry_frac"": 0.4, ""drop_from_first"": 0.4, ""base_adv"": 10000000.0}",True,"{""stop_pct"": 0.05, ""target_pct"": null, ""max_hold_days"": 10}"
1432,0.3261173184357542,-0.6781858151861481,-0.6781858151861481,0.4986045547000784,-0.0130324970979354,-5.143909225897891,0.6529329608938548,764,0.3154450261780104,-0.5215244812630375,-0.5215244812630375,0.4698718560200627,-0.0138678615856049,-5.380334304186071,0.662303664921466,toss_dryup_after_red,screen,"{""dry_frac"": 0.4, ""drop_from_first"": 0.4, ""base_adv"": 10000000.0}",True,"{""stop_pct"": 0.05, ""target_pct"": 0.15, ""max_hold_days"": 1}"
1275,0.3137254901960784,-0.6228666879486665,-0.6228666879486665,0.6051743823049758,-0.0123380177429986,-3.5510005876861888,1.540392156862745,688,0.2906976744186046,-0.5314394592215388,-0.5314394592215388,0.5353867386028335,-0.0150619440652969,-4.674089307650301,1.5973837209302326,toss_dryup_after_red,screen,"{""dry_frac"": 0.4, ""drop_from_first"": 0.4, ""base_adv"": 10000000.0}",True,"{""stop_pct"": 0.05, ""target_pct"": 0.15, ""max_hold_days"": 3}"
1166,0.2993138936535163,-0.5846019941888796,-0.5846019941888796,0.6500567179593362,-0.0122411590310053,-3.108986986124666,2.137221269296741,607,0.2652388797364086,-0.5121086017550411,-0.5121086017550411,0.5417865145457494,-0.0164698592756982,-4.404477259717933,2.296540362438221,toss_dryup_after_red,screen,"{""dry_frac"": 0.4, ""drop_from_first"": 0.4, ""base_adv"": 10000000.0}",True,"{""stop_pct"": 0.05, ""target_pct"": 0.15, ""max_hold_days"": 5}"
974,0.2915811088295688,-0.4720591418963125,-0.4720591418963125,0.7054195158599437,-0.0107819492774617,-2.301001236440292,3.124229979466119,487,0.2299794661190965,-0.4962875491194985,-0.4962875491194985,0.5047432727057677,-0.0198875392844967,-4.320335201869389,3.425051334702258,toss_dryup_after_red,screen,"{""dry_frac"": 0.4, ""drop_from_first"": 0.4, ""base_adv"": 10000000.0}",True,"{""stop_pct"": 0.05, ""target_pct"": 0.15, ""max_hold_days"": 10}"
1427,0.3258584442887176,-0.6540530404177318,-0.6540530404177318,0.5230062586764312,-0.0124715164116739,-4.460978894168689,0.6783461807988788,759,0.3148880105401844,-0.509029988467977,-0.5126965305811273,0.4769486816728046,-0.0135028154478462,-4.759887802408975,0.6877470355731226,toss_dryup_after_red,screen,"{""dry_frac"": 0.4, ""drop_from_first"": 0.4, ""base_adv"": 10000000.0}",True,"{""stop_pct"": 0.05, ""target_pct"": 0.4, ""max_hold_days"": 1}"
1255,0.3067729083665338,-0.5680922465693583,-0.573325833821678,0.639274254563056,-0.0105631512420851,-2.606037379405623,1.6916334661354582,676,0.2884615384615384,-0.5461548250171631,-0.5523026764696239,0.4955514595655605,-0.0157476530181843,-3.994816386240288,1.7248520710059172,toss_dryup_after_red,screen,"{""dry_frac"": 0.4, ""drop_from_first"": 0.4, ""base_adv"": 10000000.0}",True,"{""stop_pct"": 0.05, ""target_pct"": 0.4, ""max_hold_days"": 3}"
1113,0.2839173405211141,-0.5037673201344897,-0.5146659168962799,0.6927623967744296,-0.0110093711932679,-2.085937793430229,2.4761904761904763,582,0.2542955326460481,-0.4682614610925086,-0.4682614610925086,0.5719657611083693,-0.0160679367761855,-3.157380000438458,2.59106529209622,toss_dryup_after_red,screen,"{""dry_frac"": 0.4, ""drop_from_first"": 0.4, ""base_adv"": 10000000.0}",True,"{""stop_pct"": 0.05, ""target_pct"": 0.4, ""max_hold_days"": 5}"
878,0.244874715261959,-0.5266746494285794,-0.5344774548436433,0.6204363379422704,-0.0126032709730596,-2.314942968863388,3.8507972665148062,453,0.2207505518763796,-0.390804321850282,-0.390804321850282,0.6063127913811672,-0.0164803755350406,-2.4328251620181884,3.977924944812362,toss_dryup_after_red,screen,"{""dry_frac"": 0.4, ""drop_from_first"": 0.4, ""base_adv"": 10000000.0}",True,"{""stop_pct"": 0.05, ""target_pct"": 0.4, ""max_hold_days"": 10}"
1385,0.3754512635379061,-0.5495679752326124,-0.5544331953990262,0.6475619270242496,-0.0109094509491649,-2.8241303004697897,0.9046931407942238,741,0.3522267206477733,-0.5194378388726016,-0.5194378388726016,0.50367504535021,-0.0130358828143142,-4.060355131702952,0.9001349527665317,toss_dryup_after_red,screen,"{""dry_frac"": 0.4, ""drop_from_first"": 0.4, ""base_adv"": 10000000.0}",True,"{""stop_pct"": 0.1, ""target_pct"": null, ""max_hold_days"": 1}"
1122,0.3877005347593583,-0.3007980339035094,-0.5913565859300776,0.8258088263891392,-0.0070978952928905,-0.2217580394286462,2.4741532976827094,606,0.3663366336633663,-0.4929838845729192,-0.5308871614918198,0.5801152618149232,-0.0123840601968043,-2.540158497725721,2.504950495049505,toss_dryup_after_red,screen,"{""dry_frac"": 0.4, ""drop_from_first"": 0.4, ""base_adv"": 10000000.0}",True,"{""stop_pct"": 0.1, ""target_pct"": null, ""max_hold_days"": 3}"
908,0.3755506607929515,-0.3760205543356787,-0.5130074605031967,0.7642553207267131,-0.0084941070949726,-0.9232612533137348,3.8777533039647576,474,0.3438818565400844,-0.40947467040837,-0.4350408234022672,0.6177582632367966,-0.0156469606881156,-1.818870705549625,3.974683544303797,toss_dryup_after_red,screen,"{""dry_frac"": 0.4, ""drop_from_first"": 0.4, ""base_adv"": 10000000.0}",True,"{""stop_pct"": 0.1, ""target_pct"": null, ""max_hold_days"": 5}"
600,0.3533333333333333,-0.5493847828554146,-0.5889430868874332,0.5804046067953095,-0.018187983619032,-1.6510298795421037,6.816666666666666,313,0.3450479233226837,-0.369540708258597,-0.400964831075194,0.6084953227067729,-0.0206797126647602,-1.6335145736773806,6.920127795527157,toss_dryup_after_red,screen,"{""dry_frac"": 0.4, ""drop_from_first"": 0.4, ""base_adv"": 10000000.0}",True,"{""stop_pct"": 0.1, ""target_pct"": null, ""max_hold_days"": 10}"
1395,0.3777777777777777,-0.5621336014784469,-0.5621336014784469,0.6362977031524142,-0.0107448869893987,-3.239563003712576,0.8637992831541219,749,0.3551401869158878,-0.523249912785221,-0.523249912785221,0.5150026046052443,-0.0129427344623192,-4.696569626901155,0.8638184245660881,toss_dryup_after_red,screen,"{""dry_frac"": 0.4, ""drop_from_first"": 0.4, ""base_adv"": 10000000.0}",True,"{""stop_pct"": 0.1, ""target_pct"": 0.15, ""max_hold_days"": 1}"
1150,0.3991304347826087,-0.3017990585602055,-0.5686010108188058,0.837859305607936,-0.0059612559595645,-0.2503411189581891,2.225217391304348,620,0.3790322580645161,-0.4524880884512241,-0.4725929132376248,0.6351897372782105,-0.0100773725060456,-3.1143825702088885,2.2870967741935484,toss_dryup_after_red,screen,"{""dry_frac"": 0.4, ""drop_from_first"": 0.4, ""base_adv"": 10000000.0}",True,"{""stop_pct"": 0.1, ""target_pct"": 0.15, ""max_hold_days"": 3}"
973,0.3977389516957862,-0.4409586422309905,-0.4739164838202213,0.7601708447621391,-0.0093044916341085,-1.7470168419832008,3.312435765673176,501,0.3712574850299401,-0.3699842695614957,-0.3802236359426787,0.6672272672099359,-0.0113116418385058,-2.435775168298326,3.4870259481037924,toss_dryup_after_red,screen,"{""dry_frac"": 0.4, ""drop_from_first"": 0.4, ""base_adv"": 10000000.0}",True,"{""stop_pct"": 0.1, ""target_pct"": 0.15, ""max_hold_days"": 5}"
725,0.4220689655172414,-0.3241497523388845,-0.3414197463289504,0.814887802201081,-0.006785412646218,-0.7356216164814537,5.2620689655172415,359,0.3844011142061281,-0.310789914464912,-0.339785502744081,0.7010414202729053,-0.0140356609291264,-1.9837999471052865,5.573816155988858,toss_dryup_after_red,screen,"{""dry_frac"": 0.4, ""drop_from_first"": 0.4, ""base_adv"": 10000000.0}",True,"{""stop_pct"": 0.1, ""target_pct"": 0.15, ""max_hold_days"": 10}"
1389,0.3758099352051836,-0.4951974964436281,-0.5069102506274432,0.6956027748186386,-0.0097526374011031,-2.421892569258601,0.896328293736501,742,0.3517520215633423,-0.5266503454754201,-0.5266503454754201,0.4994730964682801,-0.0132439234008098,-4.467150578827644,0.8962264150943396,toss_dryup_after_red,screen,"{""dry_frac"": 0.4, ""drop_from_first"": 0.4, ""base_adv"": 10000000.0}",True,"{""stop_pct"": 0.1, ""target_pct"": 0.4, ""max_hold_days"": 1}"
1128,0.3865248226950354,-0.1916494838724504,-0.5282219902082836,0.8981324581480957,-0.0043540304799478,-0.0696598596014033,2.421985815602837,606,0.3696369636963696,-0.4482907626415139,-0.4823128294946736,0.6274108737497305,-0.0098624064023571,-2.713780009311448,2.471947194719472,toss_dryup_after_red,screen,"{""dry_frac"": 0.4, ""drop_from_first"": 0.4, ""base_adv"": 10000000.0}",True,"{""stop_pct"": 0.1, ""target_pct"": 0.4, ""max_hold_days"": 3}"
921,0.3800217155266015,-0.239849548641062,-0.3705538840620627,0.8710745635183085,-0.005829515012216,-0.6908626067837875,3.748099891422367,478,0.3430962343096234,-0.3751509388704497,-0.3895779542644904,0.6570936631893168,-0.013828310739271,-2.083982283879023,3.8912133891213383,toss_dryup_after_red,screen,"{""dry_frac"": 0.4, ""drop_from_first"": 0.4, ""base_adv"": 10000000.0}",True,"{""stop_pct"": 0.1, ""target_pct"": 0.4, ""max_hold_days"": 5}"
631,0.3692551505546751,-0.2330210791947218,-0.3247864611575238,0.8627937346254199,-0.0056435920758395,-0.4221284523308132,6.369255150554675,322,0.3540372670807453,-0.321402179856908,-0.3500009549629929,0.6741176413320245,-0.0168185114632692,-1.7821363510511277,6.661490683229814,toss_dryup_after_red,screen,"{""dry_frac"": 0.4, ""drop_from_first"": 0.4, ""base_adv"": 10000000.0}",True,"{""stop_pct"": 0.1, ""target_pct"": 0.4, ""max_hold_days"": 10}"
1367,0.3840526700804682,-0.4593890999299173,-0.461798524490062,0.6967422445249378,-0.0093211836830662,-2.254695701814566,0.9831748354059984,731,0.3570451436388508,-0.5036382494846262,-0.5036382494846262,0.4992150400391387,-0.0128633584504113,-3.681034385771733,0.9781121751025992,toss_dryup_after_red,screen,"{""dry_frac"": 0.4, ""drop_from_first"": 0.4, ""base_adv"": 10000000.0}",True,"{""stop_pct"": 0.2, ""target_pct"": null, ""max_hold_days"": 1}"
1066,0.4127579737335834,-0.1341163841937549,-0.4805715702956862,0.9241843714005455,-0.0036968331212707,0.0022170026299952,2.879924953095685,576,0.390625,-0.3265922493669431,-0.3850825609651717,0.7115762881388877,-0.0069942338404733,-1.5148760078211416,2.8819444444444446,toss_dryup_after_red,screen,"{""dry_frac"": 0.4, ""drop_from_first"": 0.4, ""base_adv"": 10000000.0}",True,"{""stop_pct"": 0.2, ""target_pct"": null, ""max_hold_days"": 3}"
813,0.4194341943419434,-0.133891227003246,-0.2725429639477907,0.9257849672743084,-0.0001495057018182,-0.1595972951816401,4.6691266912669125,432,0.4027777777777778,-0.2407289701902714,-0.2767415818957525,0.7784093516941636,-0.0081522710061381,-0.7873970378203015,4.703703703703703,toss_dryup_after_red,screen,"{""dry_frac"": 0.4, ""drop_from_first"": 0.4, ""base_adv"": 10000000.0}",True,"{""stop_pct"": 0.2, ""target_pct"": null, ""max_hold_days"": 5}"
495,0.4404040404040404,-0.3161099092481366,-0.55365897050214,0.757553461863416,-0.0045656877811664,-0.3277600856284321,8.791919191919192,260,0.4038461538461538,-0.1074010353243768,-0.2201825480277017,0.8856592241407993,-0.009921025691817,-0.2441775295963356,8.865384615384615,toss_dryup_after_red,screen,"{""dry_frac"": 0.4, ""drop_from_first"": 0.4, ""base_adv"": 10000000.0}",True,"{""stop_pct"": 0.2, ""target_pct"": null, ""max_hold_days"": 10}"
1378,0.388243831640058,-0.4454417687015092,-0.4454417687015092,0.7093322221657723,-0.0088240340502816,-2.3374607398536917,0.9383164005805515,738,0.3604336043360434,-0.4970712260042851,-0.4970712260042851,0.5172311700311515,-0.0124117071960327,-4.282425726801108,0.940379403794038,toss_dryup_after_red,screen,"{""dry_frac"": 0.4, ""drop_from_first"": 0.4, ""base_adv"": 10000000.0}",True,"{""stop_pct"": 0.2, ""target_pct"": 0.15, ""max_hold_days"": 1}"
1086,0.4318600368324125,-0.0510190090210994,-0.4124661219046174,0.9724135159411648,-0.0020236517984138,0.1076771077769002,2.6298342541436464,593,0.4080944350758853,-0.256584373418129,-0.3196667478560524,0.7847342657910027,-0.0050080874281496,-1.363339987347057,2.642495784148398,toss_dryup_after_red,screen,"{""dry_frac"": 0.4, ""drop_from_first"": 0.4, ""base_adv"": 10000000.0}",True,"{""stop_pct"": 0.2, ""target_pct"": 0.15, ""max_hold_days"": 3}"
868,0.4458525345622119,-0.3263925269370711,-0.3752439282653801,0.8243084637525933,-0.0058875233007302,-1.0760350185903156,4.047235023041475,461,0.4360086767895879,-0.1604718105472242,-0.2417923862221682,0.8521439122334205,-0.001873346610042,-0.7494897528599278,4.132321041214751,toss_dryup_after_red,screen,"{""dry_frac"": 0.4, ""drop_from_first"": 0.4, ""base_adv"": 10000000.0}",True,"{""stop_pct"": 0.2, ""target_pct"": 0.15, ""max_hold_days"": 5}"
587,0.4923339011925042,0.31268492973538,-0.2706260536010095,1.191743120543488,0.0053797877043555,0.4943437920636834,7.07495741056218,294,0.4523809523809524,-0.2474591487132276,-0.2543925131107362,0.7394768208372854,-0.0135672884440765,-1.4148482053646363,7.472789115646258,toss_dryup_after_red,screen,"{""dry_frac"": 0.4, ""drop_from_first"": 0.4, ""base_adv"": 10000000.0}",True,"{""stop_pct"": 0.2, ""target_pct"": 0.15, ""max_hold_days"": 10}"
1371,0.3843909555069292,-0.3603148365741935,-0.3831677091950365,0.7739936996726168,-0.0076508073486837,-1.5602384443963748,0.973741794310722,732,0.3565573770491803,-0.5117766853610515,-0.5117766853610515,0.4939237599126902,-0.0130744768104436,-4.133833465654295,0.9740437158469946,toss_dryup_after_red,screen,"{""dry_frac"": 0.4, ""drop_from_first"": 0.4, ""base_adv"": 10000000.0}",True,"{""stop_pct"": 0.2, ""target_pct"": 0.4, ""max_hold_days"": 1}"
1069,0.4134705332086061,0.0953888477678763,-0.3759790343452468,1.049597882892459,-0.0006638121594784,0.2869222334320922,2.82132834424696,577,0.3916811091854419,-0.2949340506419232,-0.3483211519309328,0.7424171558282536,-0.0060180356136524,-1.4119667240657177,2.8405545927209706,toss_dryup_after_red,screen,"{""dry_frac"": 0.4, ""drop_from_first"": 0.4, ""base_adv"": 10000000.0}",True,"{""stop_pct"": 0.2, ""target_pct"": 0.4, ""max_hold_days"": 3}"
826,0.423728813559322,-0.0536275308646995,-0.2553605696053186,0.9726969093063266,0.0002989239587994,-0.0274171823673688,4.508474576271187,434,0.3940092165898617,-0.2400867142608942,-0.266874030152974,0.7798761231787902,-0.005892881958989,-1.0624434067038762,4.626728110599078,toss_dryup_after_red,screen,"{""dry_frac"": 0.4, ""drop_from_first"": 0.4, ""base_adv"": 10000000.0}",True,"{""stop_pct"": 0.2, ""target_pct"": 0.4, ""max_hold_days"": 5}"
514,0.4552529182879377,0.6134340284308151,-0.2451249375106674,1.3714408235553353,0.0138114567906274,0.7167395611758869,8.34046692607004,265,0.4113207547169811,0.0217499558588754,-0.1621681522616553,1.0241011932338229,-0.0047502096042823,0.2076900237519637,8.652830188679244,toss_dryup_after_red,screen,"{""dry_frac"": 0.4, ""drop_from_first"": 0.4, ""base_adv"": 10000000.0}",True,"{""stop_pct"": 0.2, ""target_pct"": 0.4, ""max_hold_days"": 10}"
1363,0.3851797505502567,-0.4581641832635259,-0.4616444187597069,0.6962685825582848,-0.0096128569391643,-2.131096530761244,0.9955979457079972,731,0.3570451436388508,-0.5007360461686506,-0.5007360461686506,0.4983630404817821,-0.0127930793530628,-3.741072595430413,0.9931600547195624,toss_dryup_after_red,screen,"{""dry_frac"": 0.4, ""drop_from_first"": 0.4, ""base_adv"": 10000000.0}",True,"{""stop_pct"": null, ""target_pct"": null, ""max_hold_days"": 1}"
1054,0.4165085388994307,-0.0966529822432769,-0.4414875568267614,0.9438745756410306,-0.002845394323046,0.0558665322474353,2.9791271347248576,568,0.3890845070422535,-0.3280228944602932,-0.3715130073168935,0.7065019331211085,-0.0078465728716739,-1.4646140945213302,2.964788732394366,toss_dryup_after_red,screen,"{""dry_frac"": 0.4, ""drop_from_first"": 0.4, ""base_adv"": 10000000.0}",True,"{""stop_pct"": null, ""target_pct"": null, ""max_hold_days"": 3}"
783,0.4367816091954023,-0.1095864441798805,-0.2905885582580007,0.9365437697873024,0.0007513232563243,-0.0868995559850624,4.959131545338442,421,0.4133016627078384,-0.1834812763239079,-0.2451989912873201,0.8259144749695455,-0.0066166355077735,-0.5289639564709041,4.919239904988124,toss_dryup_after_red,screen,"{""dry_frac"": 0.4, ""drop_from_first"": 0.4, ""base_adv"": 10000000.0}",True,"{""stop_pct"": null, ""target_pct"": null, ""max_hold_days"": 5}"
451,0.4323725055432372,-0.3808965902083127,-0.5612719134990866,0.7111604400522527,-0.0095769420016113,-0.456670746553327,9.8980044345898,239,0.3974895397489539,-0.2893954968210749,-0.3175977718472641,0.6762887954547924,-0.0197154707183681,-1.170341394952978,9.753138075313808,toss_dryup_after_red,screen,"{""dry_frac"": 0.4, ""drop_from_first"": 0.4, ""base_adv"": 10000000.0}",True,"{""stop_pct"": null, ""target_pct"": null, ""max_hold_days"": 10}"
1374,0.3915574963609898,-0.4080698127603924,-0.418455569707492,0.73364585047468,-0.0081374459794191,-2.001878121441452,0.9490538573508006,738,0.3631436314363143,-0.473366564647808,-0.473366564647808,0.5369855035106156,-0.0117998290857678,-3.997904778772818,0.9498644986449865,toss_dryup_after_red,screen,"{""dry_frac"": 0.4, ""drop_from_first"": 0.4, ""base_adv"": 10000000.0}",True,"{""stop_pct"": null, ""target_pct"": 0.15, ""max_hold_days"": 1}"
1074,0.4376163873370577,0.1576636064611531,-0.3218344344911563,1.0850202467612746,0.006612574840628,0.3520745275379452,2.71415270018622,583,0.4082332761578044,-0.2174038954173883,-0.2442503803788349,0.8176925635327035,-0.0046057733991088,-1.127041041561744,2.718696397941681,toss_dryup_after_red,screen,"{""dry_frac"": 0.4, ""drop_from_first"": 0.4, ""base_adv"": 10000000.0}",True,"{""stop_pct"": null, ""target_pct"": 0.15, ""max_hold_days"": 3}"
838,0.4618138424821002,-0.093648063040082,-0.260651557716913,0.948662199695208,0.006463742660358,-0.1306393938293893,4.287589498806683,449,0.4409799554565701,-0.1592728710086908,-0.2407764147015966,0.8495207521253467,-0.0010727727408611,-0.7422338688259676,4.311804008908686,toss_dryup_after_red,screen,"{""dry_frac"": 0.4, ""drop_from_first"": 0.4, ""base_adv"": 10000000.0}",True,"{""stop_pct"": null, ""target_pct"": 0.15, ""max_hold_days"": 5}"
526,0.5209125475285171,0.4841285056928248,-0.2084611330353704,1.328461333411784,0.0139455413523636,0.6340346811032043,8.100760456273765,271,0.4612546125461255,-0.184209417423752,-0.184209417423752,0.8087725927869723,-0.0062836846284382,-0.916034504993474,8.276752767527675,toss_dryup_after_red,screen,"{""dry_frac"": 0.4, ""drop_from_first"": 0.4, ""base_adv"": 10000000.0}",True,"{""stop_pct"": null, ""target_pct"": 0.15, ""max_hold_days"": 10}"
1367,0.3862472567666423,-0.3294931533688087,-0.3720268625713802,0.7918745540086131,-0.0076053542455966,-1.3148655862366334,0.9853694220921726,732,0.3579234972677595,-0.4884030116654524,-0.4884030116654524,0.5182372577040939,-0.0124576898227212,-3.959811274816688,0.9877049180327868,toss_dryup_after_red,screen,"{""dry_frac"": 0.4, ""drop_from_first"": 0.4, ""base_adv"": 10000000.0}",True,"{""stop_pct"": null, ""target_pct"": 0.4, ""max_hold_days"": 1}"
1057,0.4172185430463576,0.2656206790592335,-0.3334733135843802,1.1411569240647106,0.0074145104195063,0.4588337651487101,2.917691579943236,570,0.3964912280701754,-0.1998321425902276,-0.2610654107413637,0.8270081374273491,-0.0042824426311841,-0.8684800687071871,2.9175438596491228,toss_dryup_after_red,screen,"{""dry_frac"": 0.4, ""drop_from_first"": 0.4, ""base_adv"": 10000000.0}",True,"{""stop_pct"": null, ""target_pct"": 0.4, ""max_hold_days"": 3}"
796,0.4422110552763819,0.1190332450578242,-0.2210641831697639,1.0638519471337589,0.0030355492937443,0.3817739896813858,4.78140703517588,424,0.4056603773584906,-0.1739642564599064,-0.225196860318403,0.8399218154630603,-0.0043587524204751,-0.6855363471966986,4.818396226415095,toss_dryup_after_red,screen,"{""dry_frac"": 0.4, ""drop_from_first"": 0.4, ""base_adv"": 10000000.0}",True,"{""stop_pct"": null, ""target_pct"": 0.4, ""max_hold_days"": 5}"
475,0.4484210526315789,0.2152940006284536,-0.28648285901238,1.1446052223130736,0.0122130773103574,0.4162114832653815,9.334736842105263,248,0.4193548387096774,0.0123886362946632,-0.2034972576604535,1.0137224533191045,-0.0019095152505843,0.1772206256880099,9.399193548387096,toss_dryup_after_red,screen,"{""dry_frac"": 0.4, ""drop_from_first"": 0.4, ""base_adv"": 10000000.0}",True,"{""stop_pct"": null, ""target_pct"": 0.4, ""max_hold_days"": 10}"
1290,0.3186046511627907,-0.6443212531110649,-0.6454116022173582,0.4843941422006226,-0.0141063706674331,-4.768742823735733,0.6627906976744186,677,0.3028064992614475,-0.4925877940776306,-0.4972236372988837,0.4366725785630252,-0.0147545869650379,-4.372787797788604,0.6765140324963073,toss_dryup_after_red,screen,"{""dry_frac"": 0.4, ""drop_from_first"": 0.4, ""base_adv"": 2000000.0}",True,"{""stop_pct"": 0.05, ""target_pct"": null, ""max_hold_days"": 1}"
1158,0.2910189982728843,-0.6414575110132557,-0.6415000260572836,0.5223996981959164,-0.0145562975963897,-3.2894423364522662,1.6640759930915372,617,0.2690437601296596,-0.5670366559755118,-0.5682732809191426,0.428107120530009,-0.018117022243899,-3.4839710921776024,1.7082658022690438,toss_dryup_after_red,screen,"{""dry_frac"": 0.4, ""drop_from_first"": 0.4, ""base_adv"": 2000000.0}",True,"{""stop_pct"": 0.05, ""target_pct"": null, ""max_hold_days"": 3}"
1037,0.2680810028929604,-0.5451533713412049,-0.6191901551750141,0.6000118832241663,-0.013354063554718,-1.949619701900544,2.4667309546769527,536,0.25,-0.413122634322823,-0.4373907573177454,0.5889048855993216,-0.0166568442637151,-2.053110325922918,2.576492537313433,toss_dryup_after_red,screen,"{""dry_frac"": 0.4, ""drop_from_first"": 0.4, ""base_adv"": 2000000.0}",True,"{""stop_pct"": 0.05, ""target_pct"": null, ""max_hold_days"": 5}"
827,0.2321644498186215,-0.6208662332264556,-0.6208662332264556,0.4825821824686364,-0.0184353063858522,-2.542964727126815,3.964933494558646,420,0.2095238095238095,-0.4149983635119282,-0.4149983635119282,0.5185936788669616,-0.021693671696428,-1.9884942235023704,4.140476190476191,toss_dryup_after_red,screen,"{""dry_frac"": 0.4, ""drop_from_first"": 0.4, ""base_adv"": 2000000.0}",True,"{""stop_pct"": 0.05, ""target_pct"": null, ""max_hold_days"": 10}"
1296,0.3186728395061728,-0.6565544023563991,-0.6565544023563991,0.4743828122165466,-0.0140715017800343,-5.477466400741104,0.6319444444444444,681,0.3039647577092511,-0.4983263245618377,-0.4983263245618377,0.4384498520116469,-0.0150125075151885,-5.534586708272001,0.6490455212922174,toss_dryup_after_red,screen,"{""dry_frac"": 0.4, ""drop_from_first"": 0.4, ""base_adv"": 2000000.0}",True,"{""stop_pct"": 0.05, ""target_pct"": 0.15, ""max_hold_days"": 1}"
1178,0.3013582342954159,-0.6237373179439898,-0.6237373179439898,0.567306801718454,-0.0134796100284938,-3.882358654434277,1.4779286926994906,627,0.2759170653907496,-0.5088648993429838,-0.5088648993429838,0.5198444142225532,-0.0158364860204538,-4.728966275632176,1.5645933014354068,toss_dryup_after_red,screen,"{""dry_frac"": 0.4, ""drop_from_first"": 0.4, ""base_adv"": 2000000.0}",True,"{""stop_pct"": 0.05, ""target_pct"": 0.15, ""max_hold_days"": 3}"
1099,0.2848043676069153,-0.6060366546312018,-0.6060366546312018,0.5980269386672625,-0.0139131532644265,-3.595460240475141,2.046405823475887,561,0.2620320855614973,-0.4397492464363258,-0.4397492464363258,0.5851659061327459,-0.0159201001593337,-3.934150003211636,2.229946524064171,toss_dryup_after_red,screen,"{""dry_frac"": 0.4, ""drop_from_first"": 0.4, ""base_adv"": 2000000.0}",True,"{""stop_pct"": 0.05, ""target_pct"": 0.15, ""max_hold_days"": 5}"
950,0.2705263157894736,-0.5920540364975271,-0.5920540364975271,0.5855563080044496,-0.0141339225393016,-3.379065002363131,2.9894736842105263,472,0.2309322033898305,-0.4152230011426161,-0.4152230011426161,0.5690402620012033,-0.0194813334918092,-3.671694692311015,3.165254237288136,toss_dryup_after_red,screen,"{""dry_frac"": 0.4, ""drop_from_first"": 0.4, ""base_adv"": 2000000.0}",True,"{""stop_pct"": 0.05, ""target_pct"": 0.15, ""max_hold_days"": 10}"
1291,0.3183578621223857,-0.6224885007375764,-0.623858066288871,0.5105022371569795,-0.0132868734106794,-4.545059402612679,0.656855151045701,677,0.3028064992614475,-0.5048156542482349,-0.5109591033519822,0.4190638743881009,-0.0151167419994078,-5.2800017941515325,0.6735598227474151,toss_dryup_after_red,screen,"{""dry_frac"": 0.4, ""drop_from_first"": 0.4, ""base_adv"": 2000000.0}",True,"{""stop_pct"": 0.05, ""target_pct"": 0.4, ""max_hold_days"": 1}"
1161,0.2911283376399655,-0.5531876851689318,-0.5531876851689318,0.6192400633817583,-0.0113997560650443,-2.6959874401760726,1.6218776916451334,617,0.2706645056726094,-0.5478380709375101,-0.5513384549205993,0.4498375872749512,-0.0174064588319387,-4.428592356216086,1.6888168557536467,toss_dryup_after_red,screen,"{""dry_frac"": 0.4, ""drop_from_first"": 0.4, ""base_adv"": 2000000.0}",True,"{""stop_pct"": 0.05, ""target_pct"": 0.4, ""max_hold_days"": 3}"
1050,0.2695238095238095,-0.5284401062501785,-0.5284401062501785,0.6458215447823593,-0.0128334375808995,-2.4654693358512545,2.374285714285714,538,0.2509293680297397,-0.4163261097395475,-0.4163261097395475,0.5901637412169052,-0.0162587822030999,-2.9233828126924246,2.529739776951673,toss_dryup_after_red,screen,"{""dry_frac"": 0.4, ""drop_from_first"": 0.4, ""base_adv"": 2000000.0}",True,"{""stop_pct"": 0.05, ""target_pct"": 0.4, ""max_hold_days"": 5}"
863,0.235225955967555,-0.5449111693032038,-0.5449111693032038,0.597847573845601,-0.0148351972490395,-2.570477746182327,3.684820393974507,427,0.2131147540983606,-0.3580408404242705,-0.3597154775453494,0.5978769951550932,-0.0182231867438396,-2.306394069433748,3.985948477751757,toss_dryup_after_red,screen,"{""dry_frac"": 0.4, ""drop_from_first"": 0.4, ""base_adv"": 2000000.0}",True,"{""stop_pct"": 0.05, ""target_pct"": 0.4, ""max_hold_days"": 10}"
1249,0.3730984787830264,-0.5111259114138436,-0.5190011445211637,0.6436421395609667,-0.0115940894504939,-2.715279964241422,0.8951160928742994,661,0.3449319213313161,-0.5113912557875051,-0.512557085594574,0.4680359769691886,-0.0145305701105578,-4.131802217212954,0.8880484114977307,toss_dryup_after_red,screen,"{""dry_frac"": 0.4, ""drop_from_first"": 0.4, ""base_adv"": 2000000.0}",True,"{""stop_pct"": 0.1, ""target_pct"": null, ""max_hold_days"": 1}"
1039,0.3772858517805582,-0.2907735660164864,-0.5833368447012776,0.8186556761620168,-0.0077383138652453,-0.2128317162384115,2.43888354186718,557,0.3536804308797127,-0.4980677524594483,-0.5238610774100794,0.5449278789615668,-0.0134005663077094,-2.6035560495429544,2.4829443447037702,toss_dryup_after_red,screen,"{""dry_frac"": 0.4, ""drop_from_first"": 0.4, ""base_adv"": 2000000.0}",True,"{""stop_pct"": 0.1, ""target_pct"": null, ""max_hold_days"": 3}"
853,0.3622508792497069,-0.0102780451019803,-0.5595335550553919,0.99304237211479,-0.0017727252848714,0.1592975671860413,3.8147713950762014,444,0.3445945945945945,-0.3987900741473414,-0.4167732068509392,0.6039028243667441,-0.0168255703362311,-1.8094264996398368,3.954954954954955,toss_dryup_after_red,screen,"{""dry_frac"": 0.4, ""drop_from_first"": 0.4, ""base_adv"": 2000000.0}",True,"{""stop_pct"": 0.1, ""target_pct"": null, ""max_hold_days"": 5}"
600,0.3516666666666667,-0.3320977967943792,-0.6216281896006299,0.7485292370339037,-0.0098852065097759,-0.3122364147381745,6.655,297,0.3501683501683502,-0.2710043940188861,-0.3175971396224464,0.6779402722288669,-0.0163677979715703,-0.9737804520318712,7.023569023569023,toss_dryup_after_red,screen,"{""dry_frac"": 0.4, ""drop_from_first"": 0.4, ""base_adv"": 2000000.0}",True,"{""stop_pct"": 0.1, ""target_pct"": null, ""max_hold_days"": 10}"
1259,0.3756949960285941,-0.5470750993012956,-0.5470750993012956,0.614258246044799,-0.0117409270567187,-3.420513656777352,0.8538522637013503,667,0.3493253373313343,-0.4985761464006193,-0.4985761464006193,0.4968362946445295,-0.013974443232277,-4.6115784710654575,0.8515742128935532,toss_dryup_after_red,screen,"{""dry_frac"": 0.4, ""drop_from_first"": 0.4, ""base_adv"": 2000000.0}",True,"{""stop_pct"": 0.1, ""target_pct"": 0.15, ""max_hold_days"": 1}"
1066,0.3893058161350844,-0.2986825523204991,-0.572581556779119,0.8267313591431984,-0.0065581708312581,-0.2524980959748159,2.1857410881801127,574,0.3693379790940767,-0.4417185528227697,-0.4530554238767242,0.6254248827744331,-0.0103472695109525,-3.1452962114684677,2.245644599303136,toss_dryup_after_red,screen,"{""dry_frac"": 0.4, ""drop_from_first"": 0.4, ""base_adv"": 2000000.0}",True,"{""stop_pct"": 0.1, ""target_pct"": 0.15, ""max_hold_days"": 3}"
910,0.3901098901098901,-0.2058834790194712,-0.5300867853814806,0.8779063944470933,-0.0052406970126363,-0.101665924852972,3.2296703296703297,470,0.3702127659574468,-0.2952168886216025,-0.3192916942297767,0.7233322945654408,-0.0097542661665956,-1.932581144872232,3.4148936170212765,toss_dryup_after_red,screen,"{""dry_frac"": 0.4, ""drop_from_first"": 0.4, ""base_adv"": 2000000.0}",True,"{""stop_pct"": 0.1, ""target_pct"": 0.15, ""max_hold_days"": 5}"
721,0.4160887656033287,0.1310843316535022,-0.3107422012670858,1.0753794620023784,0.0008020825089554,0.3237284129719958,5.070735090152566,344,0.3866279069767442,-0.1944328177533857,-0.2368109477866308,0.8000615560684509,-0.010494042061757,-1.2120867493048757,5.497093023255814,toss_dryup_after_red,screen,"{""dry_frac"": 0.4, ""drop_from_first"": 0.4, ""base_adv"": 2000000.0}",True,"{""stop_pct"": 0.1, ""target_pct"": 0.15, ""max_hold_days"": 10}"
1253,0.3735035913806863,-0.4526894312416051,-0.4691354022410814,0.6973840826300314,-0.0103095303345616,-2.300748887056133,0.8858739026336792,661,0.3449319213313161,-0.523068206139663,-0.52580406366769,0.4527211091892766,-0.01490149137874,-4.738444643239903,0.8850226928895613,toss_dryup_after_red,screen,"{""dry_frac"": 0.4, ""drop_from_first"": 0.4, ""base_adv"": 2000000.0}",True,"{""stop_pct"": 0.1, ""target_pct"": 0.4, ""max_hold_days"": 1}"
1044,0.3783524904214559,-0.1832340719713139,-0.5326146388721664,0.895102516229406,-0.0048244242555025,-0.0632473119991895,2.386015325670498,557,0.3572710951526032,-0.460575903001397,-0.4812197284743458,0.5852077745273626,-0.0109576926268038,-2.8992125888626936,2.452423698384201,toss_dryup_after_red,screen,"{""dry_frac"": 0.4, ""drop_from_first"": 0.4, ""base_adv"": 2000000.0}",True,"{""stop_pct"": 0.1, ""target_pct"": 0.4, ""max_hold_days"": 3}"
868,0.3629032258064516,0.017521031146793,-0.4493838595732731,1.0104882205658077,-0.0021170660197536,0.1963725730421915,3.683179723502304,448,0.3459821428571428,-0.3538753132292066,-0.3547565371656965,0.6556171482488017,-0.0143671478154332,-2.023179010445239,3.8705357142857135,toss_dryup_after_red,screen,"{""dry_frac"": 0.4, ""drop_from_first"": 0.4, ""base_adv"": 2000000.0}",True,"{""stop_pct"": 0.1, ""target_pct"": 0.4, ""max_hold_days"": 5}"
638,0.3667711598746082,0.2694458184164152,-0.3285643126597987,1.159001553271738,0.0044285346397803,0.4573351941423381,6.15987460815047,306,0.3431372549019608,-0.3179022715974748,-0.3375464188669128,0.6332177585889565,-0.0170693741586998,-1.7971102958525065,6.73202614379085,toss_dryup_after_red,screen,"{""dry_frac"": 0.4, ""drop_from_first"": 0.4, ""base_adv"": 2000000.0}",True,"{""stop_pct"": 0.1, ""target_pct"": 0.4, ""max_hold_days"": 10}"
1230,0.383739837398374,-0.393689178579843,-0.4034146837263295,0.7108642714330653,-0.0096028564525297,-1.9747772004919768,0.98130081300813,651,0.3502304147465437,-0.4986208096430361,-0.4986208096430361,0.4611579894336118,-0.0144710419469762,-3.748899701513669,0.9754224270353302,toss_dryup_after_red,screen,"{""dry_frac"": 0.4, ""drop_from_first"": 0.4, ""base_adv"": 2000000.0}",True,"{""stop_pct"": 0.2, ""target_pct"": null, ""max_hold_days"": 1}"
985,0.4101522842639594,-0.0765543514915454,-0.4350081066002028,0.9537491378257053,-0.003384083572376,0.0747168009310889,2.87005076142132,526,0.376425855513308,-0.3886842824403989,-0.4257834571579695,0.6295275338427363,-0.0096360010430049,-1.91694213505831,2.870722433460076,toss_dryup_after_red,screen,"{""dry_frac"": 0.4, ""drop_from_first"": 0.4, ""base_adv"": 2000000.0}",True,"{""stop_pct"": 0.2, ""target_pct"": null, ""max_hold_days"": 3}"
767,0.409387222946545,0.3986375056019577,-0.3038192879863534,1.2498931647529714,0.0075497526922748,0.6218288683978225,4.65580182529335,404,0.3886138613861386,-0.2132294916752135,-0.2690964144382579,0.781841926440082,-0.0092286356370114,-0.7110200357827599,4.725247524752476,toss_dryup_after_red,screen,"{""dry_frac"": 0.4, ""drop_from_first"": 0.4, ""base_adv"": 2000000.0}",True,"{""stop_pct"": 0.2, ""target_pct"": null, ""max_hold_days"": 5}"
481,0.422037422037422,-0.1508144182395283,-0.4448915116298262,0.8730919873429371,-0.0010376513899661,-0.0547004981085647,8.852390852390853,255,0.388235294117647,-0.179556696352017,-0.2260723178160614,0.7958083961557244,-0.0150113807374493,-0.568383205201435,8.8,toss_dryup_after_red,screen,"{""dry_frac"": 0.4, ""drop_from_first"": 0.4, ""base_adv"": 2000000.0}",True,"{""stop_pct"": 0.2, ""target_pct"": null, ""max_hold_days"": 10}"
1241,0.3883964544721998,-0.406957071360099,-0.4070715708230802,0.7037974099074586,-0.0093877968720968,-2.309606051653629,0.935535858178888,656,0.3551829268292683,-0.4735716362423178,-0.4735716362423178,0.4984399956449374,-0.0135047271903702,-4.187168023092874,0.9375,toss_dryup_after_red,screen,"{""dry_frac"": 0.4, ""drop_from_first"": 0.4, ""base_adv"": 2000000.0}",True,"{""stop_pct"": 0.2, ""target_pct"": 0.15, ""max_hold_days"": 1}"
1006,0.4314115308151093,0.0090667210943782,-0.3803111070696643,1.0053181512674565,-0.0015677593875152,0.1786823744599918,2.607355864811133,541,0.388170055452865,-0.3519598577058834,-0.3684843734577392,0.6823771596286535,-0.0082048111435972,-2.09766879418496,2.6377079482439925,toss_dryup_after_red,screen,"{""dry_frac"": 0.4, ""drop_from_first"": 0.4, ""base_adv"": 2000000.0}",True,"{""stop_pct"": 0.2, ""target_pct"": 0.15, ""max_hold_days"": 3}"
822,0.4452554744525547,-0.0157536017663887,-0.3904923390289159,0.9906497239533104,-0.0001332372264382,0.1487015184261428,4.010948905109489,433,0.4249422632794457,-0.1577556709558187,-0.205550591895497,0.8504956164701745,-0.0021605467764683,-0.7818189054548564,4.087759815242494,toss_dryup_after_red,screen,"{""dry_frac"": 0.4, ""drop_from_first"": 0.4, ""base_adv"": 2000000.0}",True,"{""stop_pct"": 0.2, ""target_pct"": 0.15, ""max_hold_days"": 5}"
584,0.4965753424657534,0.3169869488778958,-0.2575825217748372,1.204088190666748,0.0056117017240844,0.500642394738303,6.916095890410959,297,0.4545454545454545,-0.2063135119336144,-0.2134561040401528,0.7860018121797633,-0.0110322942281188,-1.2003305093114005,7.043771043771044,toss_dryup_after_red,screen,"{""dry_frac"": 0.4, ""drop_from_first"": 0.4, ""base_adv"": 2000000.0}",True,"{""stop_pct"": 0.2, ""target_pct"": 0.15, ""max_hold_days"": 10}"
1234,0.3841166936790924,-0.2819304280442342,-0.3221073292413183,0.802667247055188,-0.0077461201109444,-1.2340666801088347,0.9708265802269044,651,0.3502304147465437,-0.5105249787231454,-0.510639087192554,0.4455200696809117,-0.0148476609304915,-4.369366823356486,0.9723502304147466,toss_dryup_after_red,screen,"{""dry_frac"": 0.4, ""drop_from_first"": 0.4, ""base_adv"": 2000000.0}",True,"{""stop_pct"": 0.2, ""target_pct"": 0.4, ""max_hold_days"": 1}"
987,0.4113475177304964,0.1535256476773498,-0.3416951629457019,1.0858230375408693,-0.0003830433071223,0.3475468443499514,2.807497467071935,527,0.3776091081593928,-0.3634600459902299,-0.3913467909057241,0.652917596904464,-0.0086828728879749,-1.8989005641323824,2.8311195445920303,toss_dryup_after_red,screen,"{""dry_frac"": 0.4, ""drop_from_first"": 0.4, ""base_adv"": 2000000.0}",True,"{""stop_pct"": 0.2, ""target_pct"": 0.4, ""max_hold_days"": 3}"
778,0.4125964010282776,0.3264585052979842,-0.2324442984423822,1.1878041396827388,0.0044488920779196,0.518272806281774,4.497429305912596,408,0.3872549019607843,-0.2328632100196183,-0.2344450646368678,0.7709656287277352,-0.0074601338996721,-1.0857786866792365,4.620098039215686,toss_dryup_after_red,screen,"{""dry_frac"": 0.4, ""drop_from_first"": 0.4, ""base_adv"": 2000000.0}",True,"{""stop_pct"": 0.2, ""target_pct"": 0.4, ""max_hold_days"": 5}"
511,0.4227005870841487,0.4327893572293397,-0.2869816066532971,1.2808359852009152,0.0122643896217122,0.5890133083265516,8.26027397260274,262,0.3893129770992366,-0.2584371537403548,-0.2584371537403548,0.7161528408743514,-0.0155602800655632,-1.3336068442236322,8.450381679389313,toss_dryup_after_red,screen,"{""dry_frac"": 0.4, ""drop_from_first"": 0.4, ""base_adv"": 2000000.0}",True,"{""stop_pct"": 0.2, ""target_pct"": 0.4, ""max_hold_days"": 10}"
1226,0.3849918433931484,-0.3930134220769067,-0.4013069596628823,0.7100737624730789,-0.0099280418841281,-1.8563175692764933,0.99510603588907,650,0.3507692307692308,-0.4921287081259049,-0.4921287081259049,0.4622325512055566,-0.0142844203432728,-3.684378536459668,0.9938461538461538,toss_dryup_after_red,screen,"{""dry_frac"": 0.4, ""drop_from_first"": 0.4, ""base_adv"": 2000000.0}",True,"{""stop_pct"": null, ""target_pct"": null, ""max_hold_days"": 1}"
974,0.4158110882956878,-0.0330231552887457,-0.3928655463465099,0.9795522348966846,-0.0023633862332848,0.1341339419668801,2.975359342915811,516,0.3720930232558139,-0.4232585545189993,-0.4556813145306049,0.600348588497078,-0.0114263111164041,-2.1340454190032343,2.9651162790697674,toss_dryup_after_red,screen,"{""dry_frac"": 0.4, ""drop_from_first"": 0.4, ""base_adv"": 2000000.0}",True,"{""stop_pct"": null, ""target_pct"": null, ""max_hold_days"": 3}"
737,0.4165535956580732,0.3981060371058877,-0.2977059957668948,1.2574602161347856,0.0047529784466134,0.6404329088643449,4.96472184531886,394,0.4086294416243655,-0.2985729119178071,-0.3154748264390657,0.7033658649991487,-0.0112286698000214,-1.1062988310806314,4.928934010152284,toss_dryup_after_red,screen,"{""dry_frac"": 0.4, ""drop_from_first"": 0.4, ""base_adv"": 2000000.0}",True,"{""stop_pct"": null, ""target_pct"": null, ""max_hold_days"": 5}"
444,0.4189189189189189,-0.3369003387591727,-0.5120705950524005,0.7260293543048415,-0.0081269787159795,-0.3982693472117038,9.887387387387388,235,0.3957446808510638,-0.2614631888017433,-0.2715802706002539,0.6892806188465107,-0.0194715675498194,-0.8113459809722341,9.740425531914894,toss_dryup_after_red,screen,"{""dry_frac"": 0.4, ""drop_from_first"": 0.4, ""base_adv"": 2000000.0}",True,"{""stop_pct"": null, ""target_pct"": null, ""max_hold_days"": 10}"
1237,0.3920776071139854,-0.3715804033084506,-0.3863585540223155,0.7291961730888976,-0.0086269909237721,-1.9566891088397005,0.9474535165723524,655,0.3587786259541984,-0.4449823951720145,-0.4449823951720145,0.5231943009047042,-0.0127070746981906,-3.8275950447044167,0.9496183206106872,toss_dryup_after_red,screen,"{""dry_frac"": 0.4, ""drop_from_first"": 0.4, ""base_adv"": 2000000.0}",True,"{""stop_pct"": null, ""target_pct"": 0.15, ""max_hold_days"": 1}"
996,0.4377510040160642,0.1940245545503354,-0.2667144929927582,1.1135074517628576,0.0073629956995896,0.3871059113906078,2.6977911646586343,532,0.3909774436090225,-0.3279201211039224,-0.3415518509290856,0.7011179741588731,-0.0080973079289337,-1.9142120206378448,2.723684210526316,toss_dryup_after_red,screen,"{""dry_frac"": 0.4, ""drop_from_first"": 0.4, ""base_adv"": 2000000.0}",True,"{""stop_pct"": null, ""target_pct"": 0.15, ""max_hold_days"": 3}"
795,0.4540880503144654,-0.2665000481039477,-0.2810927834580199,0.8357088575882894,-0.0049170399185462,-0.9503478090782566,4.264150943396227,424,0.445754716981132,-0.002275566875717,-0.1953216448535135,0.9976482147664362,0.0026059120669119,0.0860029009172761,4.268867924528302,toss_dryup_after_red,screen,"{""dry_frac"": 0.4, ""drop_from_first"": 0.4, ""base_adv"": 2000000.0}",True,"{""stop_pct"": null, ""target_pct"": 0.15, ""max_hold_days"": 5}"
523,0.51434034416826,0.1330679557463083,-0.2469566229447271,1.0979114375461674,0.0047429891108709,0.3817541574337787,8.066921606118546,268,0.458955223880597,-0.1394484034890684,-0.1965895202915376,0.8441089138592549,-0.0052486018255835,-0.5922779552890353,8.052238805970148,toss_dryup_after_red,screen,"{""dry_frac"": 0.4, ""drop_from_first"": 0.4, ""base_adv"": 2000000.0}",True,"{""stop_pct"": null, ""target_pct"": 0.15, ""max_hold_days"": 10}"
1230,0.3861788617886179,-0.24785010808042,-0.3055217365477896,0.8251826235752477,-0.0076959143053582,-0.9862507252770016,0.983739837398374,650,0.3523076923076923,-0.4833360561279303,-0.4833360561279303,0.4748858359904754,-0.0140460586562227,-4.105620285379499,0.9892307692307692,toss_dryup_after_red,screen,"{""dry_frac"": 0.4, ""drop_from_first"": 0.4, ""base_adv"": 2000000.0}",True,"{""stop_pct"": null, ""target_pct"": 0.4, ""max_hold_days"": 1}"
976,0.4170081967213114,0.3208150919114525,-0.2935292212730624,1.1835339900271782,0.0084613674227024,0.5095954231888816,2.9098360655737703,519,0.3815028901734104,-0.3109517776991831,-0.3294062632618374,0.7061269545567513,-0.0077750497749322,-1.5333232865705686,2.9210019267822736,toss_dryup_after_red,screen,"{""dry_frac"": 0.4, ""drop_from_first"": 0.4, ""base_adv"": 2000000.0}",True,"{""stop_pct"": null, ""target_pct"": 0.4, ""max_hold_days"": 3}"
747,0.4230254350736278,0.4639615378822723,-0.2423535749294195,1.2786280125615306,0.0066169138028524,0.6400757980895779,4.78045515394913,398,0.4070351758793969,-0.031022225086796,-0.2257955166414962,0.967734029948172,-0.0016158696042934,-0.0201427711930716,4.8040201005025125,toss_dryup_after_red,screen,"{""dry_frac"": 0.4, ""drop_from_first"": 0.4, ""base_adv"": 2000000.0}",True,"{""stop_pct"": null, ""target_pct"": 0.4, ""max_hold_days"": 5}"
469,0.4392324093816631,0.2722794895895057,-0.2497402309674593,1.20833719655782,0.0139404490442729,0.4734086089555337,9.353944562899787,240,0.4166666666666667,-0.1599414034795273,-0.2129280015542636,0.8139296262551974,-0.0061760297106303,-0.6266392394554761,9.4,toss_dryup_after_red,screen,"{""dry_frac"": 0.4, ""drop_from_first"": 0.4, ""base_adv"": 2000000.0}",True,"{""stop_pct"": null, ""target_pct"": 0.4, ""max_hold_days"": 10}"
1754,0.3340935005701254,-0.602288801479727,-0.6032256871381143,0.5257737199978866,-0.0112501679616516,-4.853842582246265,0.7856328392246295,868,0.3271889400921659,-0.4291264099296431,-0.4426344606278941,0.5207195874774203,-0.0106370346278399,-4.861237489776402,0.8099078341013825,toss_weak_green_rising_vol,screen,"{""max_ret"": 0.03, ""window"": 10, ""base_adv"": 2000000.0}",True,"{""stop_pct"": 0.05, ""target_pct"": null, ""max_hold_days"": 1}"
1335,0.3213483146067415,-0.4659108751956334,-0.498991873622154,0.6876314603283219,-0.0108169702736247,-2.277833246731217,1.9820224719101125,676,0.3032544378698225,-0.3237652524672612,-0.3457889355730446,0.6776935901666865,-0.0102194134812104,-2.656620036434348,2.035502958579882,toss_weak_green_rising_vol,screen,"{""max_ret"": 0.03, ""window"": 10, ""base_adv"": 2000000.0}",True,"{""stop_pct"": 0.05, ""target_pct"": null, ""max_hold_days"": 3}"
1081,0.3163737280296022,-0.2983328454427074,-0.4705736031597349,0.7873317413953972,-0.0070365608436979,-0.9192282447038254,2.9666975023126736,548,0.3211678832116788,-0.1064926674273257,-0.2459227283187549,0.8868531597256665,-0.0074124592853374,-0.6100286787417545,3.0437956204379564,toss_weak_green_rising_vol,screen,"{""max_ret"": 0.03, ""window"": 10, ""base_adv"": 2000000.0}",True,"{""stop_pct"": 0.05, ""target_pct"": null, ""max_hold_days"": 5}"
786,0.2468193384223918,-0.2854132172040944,-0.4328090452304252,0.7663166135627361,-0.008264679108182,-0.8702026164588805,4.740458015267175,400,0.27,-0.0333990890521121,-0.2458322444223014,0.9611365700481488,-0.0076392719298285,-0.0415081231475942,4.9625,toss_weak_green_rising_vol,screen,"{""max_ret"": 0.03, ""window"": 10, ""base_adv"": 2000000.0}",True,"{""stop_pct"": 0.05, ""target_pct"": null, ""max_hold_days"": 10}"
1754,0.3352337514253136,-0.5950155359233423,-0.5959695551656337,0.533638512654839,-0.0109515584559611,-4.776603121003864,0.7730900798175598,869,0.3268124280782508,-0.4053691536012291,-0.4184337832702611,0.5536262629652564,-0.0103214079764906,-4.496729067605671,0.7882623705408516,toss_weak_green_rising_vol,screen,"{""max_ret"": 0.03, ""window"": 10, ""base_adv"": 2000000.0}",True,"{""stop_pct"": 0.05, ""target_pct"": 0.15, ""max_hold_days"": 1}"
1351,0.3301258327165063,-0.478178500839904,-0.5099031296036393,0.6787915651876057,-0.0102114766634937,-2.763879015804993,1.8697261287934863,687,0.3085880640465793,-0.3115912150997062,-0.3305342850203908,0.6933327856744725,-0.0105407111268522,-2.735138923478478,1.899563318777293,toss_weak_green_rising_vol,screen,"{""max_ret"": 0.03, ""window"": 10, ""base_adv"": 2000000.0}",True,"{""stop_pct"": 0.05, ""target_pct"": 0.15, ""max_hold_days"": 3}"
1132,0.323321554770318,-0.4187376961010978,-0.4821091062790551,0.7129468474748354,-0.00949886052111,-2.2103353316492376,2.6625441696113072,568,0.3362676056338028,-0.1612512891573246,-0.2075696991023506,0.8285786718971517,-0.0070222624288103,-1.191985087882138,2.7535211267605635,toss_weak_green_rising_vol,screen,"{""max_ret"": 0.03, ""window"": 10, ""base_adv"": 2000000.0}",True,"{""stop_pct"": 0.05, ""target_pct"": 0.15, ""max_hold_days"": 5}"
865,0.2936416184971098,-0.3207909361568958,-0.422713477765593,0.7593640482197035,-0.0083238972168398,-1.5939348436768934,3.984971098265896,448,0.3102678571428571,-0.1088454216592307,-0.2184676034150662,0.8721942699188979,-0.005550224489825,-0.7643061246182231,4.116071428571429,toss_weak_green_rising_vol,screen,"{""max_ret"": 0.03, ""window"": 10, ""base_adv"": 2000000.0}",True,"{""stop_pct"": 0.05, ""target_pct"": 0.15, ""max_hold_days"": 10}"
1754,0.3340935005701254,-0.5846663499573199,-0.5856447487090233,0.5464755264209481,-0.0110457275931061,-4.544536716609105,0.7850627137970353,868,0.3271889400921659,-0.4145412863991521,-0.4283944513074788,0.5377173505447851,-0.0103527135610748,-4.411070640918886,0.8087557603686636,toss_weak_green_rising_vol,screen,"{""max_ret"": 0.03, ""window"": 10, ""base_adv"": 2000000.0}",True,"{""stop_pct"": 0.05, ""target_pct"": 0.4, ""max_hold_days"": 1}"
1335,0.3220973782771535,-0.4307068532128683,-0.465179070923248,0.7154064266912623,-0.0096551301094395,-2.127458754562753,1.9662921348314608,677,0.3042836041358936,-0.3022221645769231,-0.3335005661569322,0.7021941256320335,-0.0089405299546598,-2.305057332967732,2.0206794682422453,toss_weak_green_rising_vol,screen,"{""max_ret"": 0.03, ""window"": 10, ""base_adv"": 2000000.0}",True,"{""stop_pct"": 0.05, ""target_pct"": 0.4, ""max_hold_days"": 3}"
1096,0.3138686131386861,-0.264048592189168,-0.4711239980978938,0.8159253599849906,-0.0051393567829945,-0.6343177202860738,2.8914233576642334,549,0.3224043715846995,-0.1652858872911654,-0.2353390300930374,0.8199529687489499,-0.0072347042749406,-1.0419536955119617,3.0054644808743167,toss_weak_green_rising_vol,screen,"{""max_ret"": 0.03, ""window"": 10, ""base_adv"": 2000000.0}",True,"{""stop_pct"": 0.05, ""target_pct"": 0.4, ""max_hold_days"": 5}"
803,0.2540473225404732,-0.134810268063395,-0.3717205811659945,0.8972277808099652,-0.0026232975514333,-0.2878919615804849,4.570361145703611,408,0.284313725490196,0.0052767248541512,-0.1683375739198352,1.0060599311131089,-0.0058823683291743,0.1197723380183952,4.776960784313726,toss_weak_green_rising_vol,screen,"{""max_ret"": 0.03, ""window"": 10, ""base_adv"": 2000000.0}",True,"{""stop_pct"": 0.05, ""target_pct"": 0.4, ""max_hold_days"": 10}"
1743,0.3557085484796328,-0.5273923129295828,-0.5290899818009582,0.5950177104778356,-0.0098306634358487,-3.203246762010317,0.9592656339644292,865,0.3479768786127167,-0.4014565131231815,-0.4156192908492339,0.5492169327116552,-0.0095311283127422,-3.9136792775753775,0.9641618497109826,toss_weak_green_rising_vol,screen,"{""max_ret"": 0.03, ""window"": 10, ""base_adv"": 2000000.0}",True,"{""stop_pct"": 0.1, ""target_pct"": null, ""max_hold_days"": 1}"
1229,0.3783563873067534,-0.3115704497594295,-0.3643799784397803,0.8051058610464075,-0.0077734117869757,-0.8229682002535164,2.7021969080553294,633,0.3522906793048973,-0.3149693406981454,-0.3433798945159112,0.6963057559551534,-0.0112962203153063,-2.1599710364137024,2.706161137440758,toss_weak_green_rising_vol,screen,"{""max_ret"": 0.03, ""window"": 10, ""base_adv"": 2000000.0}",True,"{""stop_pct"": 0.1, ""target_pct"": null, ""max_hold_days"": 3}"
917,0.3740458015267175,-0.1730341791729711,-0.4058269417840228,0.8959829335185724,-0.0029272980214028,-0.3050797262735008,4.21701199563795,481,0.3700623700623701,-0.2128272943837075,-0.2915152230007122,0.7598897160638043,-0.0128653081892451,-1.2976835359091503,4.214137214137214,toss_weak_green_rising_vol,screen,"{""max_ret"": 0.03, ""window"": 10, ""base_adv"": 2000000.0}",True,"{""stop_pct"": 0.1, ""target_pct"": null, ""max_hold_days"": 5}"
572,0.3566433566433566,-0.0714750727862941,-0.3444347640018896,0.9430783776480782,-0.0051725659579344,-0.0568210534550915,7.403846153846154,305,0.3704918032786885,-0.1215826498689803,-0.2909726479822796,0.8508317746440899,-0.011214236491493,-0.5666745148307275,7.419672131147541,toss_weak_green_rising_vol,screen,"{""max_ret"": 0.03, ""window"": 10, ""base_adv"": 2000000.0}",True,"{""stop_pct"": 0.1, ""target_pct"": null, ""max_hold_days"": 10}"
1743,0.357429718875502,-0.5543906368579714,-0.5558599234575965,0.5695406743539341,-0.0099832954085795,-4.107055013723655,0.9454962707974756,866,0.3475750577367205,-0.3760316563971234,-0.3897408599874532,0.5839108567501886,-0.0091865855290493,-3.619749373937408,0.941108545034642,toss_weak_green_rising_vol,screen,"{""max_ret"": 0.03, ""window"": 10, ""base_adv"": 2000000.0}",True,"{""stop_pct"": 0.1, ""target_pct"": 0.15, ""max_hold_days"": 1}"
1246,0.384430176565008,-0.4617429287505439,-0.5066263453212978,0.69278610750268,-0.0096198203693389,-2.433412061792161,2.568218298555377,647,0.3585780525502318,-0.2983489611320782,-0.3313224821308064,0.7210405602454875,-0.0105793178638399,-2.1612311386423078,2.565687789799073,toss_weak_green_rising_vol,screen,"{""max_ret"": 0.03, ""window"": 10, ""base_adv"": 2000000.0}",True,"{""stop_pct"": 0.1, ""target_pct"": 0.15, ""max_hold_days"": 3}"
950,0.3936842105263158,-0.4587260829527083,-0.5254850172473904,0.6908557995135876,-0.0093087669888391,-2.1733647208669518,3.8757894736842102,499,0.3827655310621242,-0.1640257675735695,-0.238884031979808,0.8255433882672489,-0.008956653459808,-1.0697663735597145,3.903807615230461,toss_weak_green_rising_vol,screen,"{""max_ret"": 0.03, ""window"": 10, ""base_adv"": 2000000.0}",True,"{""stop_pct"": 0.1, ""target_pct"": 0.15, ""max_hold_days"": 5}"
645,0.3937984496124031,-0.3363604840050751,-0.4254399003408488,0.7332175998316838,-0.010650957965993,-1.6179132359483344,6.294573643410852,341,0.4017595307917888,-0.0816857332701236,-0.1795279502183426,0.8979194967600462,-0.007883007589405,-0.5324191645018909,6.334310850439882,toss_weak_green_rising_vol,screen,"{""max_ret"": 0.03, ""window"": 10, ""base_adv"": 2000000.0}",True,"{""stop_pct"": 0.1, ""target_pct"": 0.15, ""max_hold_days"": 10}"
1743,0.3557085484796328,-0.5382924984780166,-0.5407772127005359,0.5866448547873984,-0.0098684599769664,-3.725286108550547,0.95754446356856,865,0.3479768786127167,-0.3863862263549653,-0.4009055982574573,0.5667817718512973,-0.0092458211613524,-3.5610383797247462,0.9630057803468208,toss_weak_green_rising_vol,screen,"{""max_ret"": 0.03, ""window"": 10, ""base_adv"": 2000000.0}",True,"{""stop_pct"": 0.1, ""target_pct"": 0.4, ""max_hold_days"": 1}"
1232,0.3782467532467532,-0.4168149345837582,-0.4610617400816869,0.7267899087226783,-0.0082314197218804,-1.868275547653044,2.680194805194805,636,0.3522012578616352,-0.2931498541328494,-0.3262306706946665,0.724307717455895,-0.0095209980717016,-1.9005605970660824,2.688679245283019,toss_weak_green_rising_vol,screen,"{""max_ret"": 0.03, ""window"": 10, ""base_adv"": 2000000.0}",True,"{""stop_pct"": 0.1, ""target_pct"": 0.4, ""max_hold_days"": 3}"
923,0.3770314192849404,-0.2994493871536053,-0.510248245098377,0.8074286441039126,-0.0040480072975459,-0.7076022490639006,4.163596966413868,484,0.3760330578512397,-0.1025978571989352,-0.220309980867478,0.8871006818782935,-0.0076526516367561,-0.4473270889910301,4.163223140495868,toss_weak_green_rising_vol,screen,"{""max_ret"": 0.03, ""window"": 10, ""base_adv"": 2000000.0}",True,"{""stop_pct"": 0.1, ""target_pct"": 0.4, ""max_hold_days"": 5}"
585,0.3555555555555555,-0.1368418114622657,-0.4222125867106016,0.890479584903689,-0.0032733478270752,-0.2884655922934591,7.193162393162393,308,0.3798701298701298,0.0145667320557603,-0.1464194614943059,1.0184230235991047,-0.0061773200008423,0.1712399972093717,7.282467532467533,toss_weak_green_rising_vol,screen,"{""max_ret"": 0.03, ""window"": 10, ""base_adv"": 2000000.0}",True,"{""stop_pct"": 0.1, ""target_pct"": 0.4, ""max_hold_days"": 10}"
1742,0.3605051664753157,-0.4520164350900856,-0.4545650465843203,0.6536058772700742,-0.0083636033079554,-2.540597850223488,0.9954075774971296,864,0.349537037037037,-0.3977060165293729,-0.4119575387673697,0.5520506674729174,-0.0093758846650837,-3.8509699159475534,0.9930555555555556,toss_weak_green_rising_vol,screen,"{""max_ret"": 0.03, ""window"": 10, ""base_adv"": 2000000.0}",True,"{""stop_pct"": 0.2, ""target_pct"": null, ""max_hold_days"": 1}"
1194,0.3919597989949748,-0.2489247879926597,-0.3167462675284919,0.8429142388262202,-0.0055600119605047,-0.6097260352461313,2.9547738693467336,624,0.3717948717948718,-0.3133918092122432,-0.349363300511151,0.685186480780837,-0.0096295220782413,-2.112901119639694,2.9391025641025643,toss_weak_green_rising_vol,screen,"{""max_ret"": 0.03, ""window"": 10, ""base_adv"": 2000000.0}",True,"{""stop_pct"": 0.2, ""target_pct"": null, ""max_hold_days"": 3}"
847,0.4073199527744982,-0.0261453582733066,-0.4019101945331209,0.9835035651112228,0.0020256047714582,0.0456032902171247,4.859504132231405,447,0.3959731543624161,-0.2706475735534969,-0.3524332419739328,0.7021973973733808,-0.0106594147257231,-1.6743838995897515,4.798657718120805,toss_weak_green_rising_vol,screen,"{""max_ret"": 0.03, ""window"": 10, ""base_adv"": 2000000.0}",True,"{""stop_pct"": 0.2, ""target_pct"": null, ""max_hold_days"": 5}"
485,0.3876288659793814,-0.2090448995059676,-0.3925567043016951,0.8088954636693197,-0.0109004497076275,-0.4216449793416559,9.294845360824745,253,0.4466403162055335,0.0930230396087452,-0.1547081272478464,1.129146745312034,-0.0005769137986538,0.5451595159200799,9.229249011857709,toss_weak_green_rising_vol,screen,"{""max_ret"": 0.03, ""window"": 10, ""base_adv"": 2000000.0}",True,"{""stop_pct"": 0.2, ""target_pct"": null, ""max_hold_days"": 10}"
1742,0.3622273249138921,-0.5022008076935593,-0.5042377552418681,0.6055649643154317,-0.0088363258318509,-3.575602770604958,0.98105625717566,865,0.3491329479768786,-0.3721844237877392,-0.3859781548955979,0.5868602343528959,-0.0090311230384589,-3.5618762585971493,0.969942196531792,toss_weak_green_rising_vol,screen,"{""max_ret"": 0.03, ""window"": 10, ""base_adv"": 2000000.0}",True,"{""stop_pct"": 0.2, ""target_pct"": 0.15, ""max_hold_days"": 1}"
1214,0.3953871499176277,-0.3833832531657131,-0.4191785531872077,0.74303354724297,-0.0070460679197086,-1.890918962625311,2.814662273476112,636,0.3742138364779874,-0.2941386919615233,-0.3259859308424786,0.7268680036397474,-0.0095886517737764,-1.977337519346972,2.781446540880504,toss_weak_green_rising_vol,screen,"{""max_ret"": 0.03, ""window"": 10, ""base_adv"": 2000000.0}",True,"{""stop_pct"": 0.2, ""target_pct"": 0.15, ""max_hold_days"": 3}"
885,0.4169491525423728,-0.3772870152970269,-0.4555740414062884,0.7407317317659234,-0.0065883678567686,-1.718308699821608,4.4858757062146895,466,0.4055793991416309,-0.2361726710821599,-0.3016573828098321,0.7522250282787842,-0.0097494889728539,-1.523537887167122,4.48068669527897,toss_weak_green_rising_vol,screen,"{""max_ret"": 0.03, ""window"": 10, ""base_adv"": 2000000.0}",True,"{""stop_pct"": 0.2, ""target_pct"": 0.15, ""max_hold_days"": 5}"
543,0.4419889502762431,-0.2853435771730697,-0.4470063817891107,0.7566333280799384,-0.0091981589244747,-1.2114927866677443,7.983425414364641,289,0.4740484429065744,-0.0199984974512964,-0.1489695227309903,0.9729879189694314,-0.0033824969055388,-0.0532276156322184,7.764705882352941,toss_weak_green_rising_vol,screen,"{""max_ret"": 0.03, ""window"": 10, ""base_adv"": 2000000.0}",True,"{""stop_pct"": 0.2, ""target_pct"": 0.15, ""max_hold_days"": 10}"
1742,0.3605051664753157,-0.4661738053352866,-0.4686650746885282,0.6424314112017407,-0.0084014215462838,-2.9764451782439485,0.9936854190585532,864,0.349537037037037,-0.3825629042084938,-0.3971727438262359,0.5697506183248366,-0.0090902472970835,-3.502760472421364,0.991898148148148,toss_weak_green_rising_vol,screen,"{""max_ret"": 0.03, ""window"": 10, ""base_adv"": 2000000.0}",True,"{""stop_pct"": 0.2, ""target_pct"": 0.4, ""max_hold_days"": 1}"
1197,0.391812865497076,-0.3322774805536297,-0.3689142564636795,0.7841728307713514,-0.0053721313095362,-1.3662047790676688,2.9306599832915623,627,0.3732057416267942,-0.2925590376995713,-0.3345518189981474,0.713518783133882,-0.0078874267394017,-1.8591100648211705,2.91866028708134,toss_weak_green_rising_vol,screen,"{""max_ret"": 0.03, ""window"": 10, ""base_adv"": 2000000.0}",True,"{""stop_pct"": 0.2, ""target_pct"": 0.4, ""max_hold_days"": 3}"
853,0.3974208675263775,-0.1804573952321156,-0.4249903646473782,0.8791220065474614,-0.0007355434599292,-0.4169028796394283,4.810082063305979,449,0.3942093541202672,-0.2577329651500634,-0.3280972620429913,0.7217671704762104,-0.0090417919581914,-1.6081566724308785,4.759465478841871,toss_weak_green_rising_vol,screen,"{""max_ret"": 0.03, ""window"": 10, ""base_adv"": 2000000.0}",True,"{""stop_pct"": 0.2, ""target_pct"": 0.4, ""max_hold_days"": 5}"
496,0.3951612903225806,-0.1016267228339929,-0.4529694281712993,0.9063562383626712,0.0015387822292379,-0.1675380852250162,9.018145161290322,260,0.4615384615384615,0.043922936093198,-0.1512373402557634,1.06721124803727,8.006434610398413e-05,0.3340163199097877,8.957692307692307,toss_weak_green_rising_vol,screen,"{""max_ret"": 0.03, ""window"": 10, ""base_adv"": 2000000.0}",True,"{""stop_pct"": 0.2, ""target_pct"": 0.4, ""max_hold_days"": 10}"
1742,0.3605051664753157,-0.4583513827834887,-0.4608844150829598,0.6500364437375453,-0.0084703786172812,-2.5780309644814143,0.9977037887485648,864,0.349537037037037,-0.3927173714396134,-0.4070869353456084,0.5562007784112724,-0.0094176618066078,-3.900682209205229,0.9953703703703703,toss_weak_green_rising_vol,screen,"{""max_ret"": 0.03, ""window"": 10, ""base_adv"": 2000000.0}",True,"{""stop_pct"": null, ""target_pct"": null, ""max_hold_days"": 1}"
1193,0.3906119027661358,-0.3028090186780803,-0.3422744197111048,0.8089259572533487,-0.006232318557803,-0.7864497726345536,2.985750209555742,623,0.3788121990369181,-0.2976657258750937,-0.3343303256129482,0.700795632225935,-0.0061846589846523,-1.966475093718939,2.972712680577849,toss_weak_green_rising_vol,screen,"{""max_ret"": 0.03, ""window"": 10, ""base_adv"": 2000000.0}",True,"{""stop_pct"": null, ""target_pct"": null, ""max_hold_days"": 3}"
838,0.4057279236276849,-0.1202603536843567,-0.4134513156502505,0.9227689148389984,0.0010627561209095,-0.1759577275902934,4.963007159904534,442,0.3914027149321267,-0.3182680522462072,-0.3954847353831482,0.6598444499032767,-0.0139096449093513,-2.05410671137056,4.925339366515837,toss_weak_green_rising_vol,screen,"{""max_ret"": 0.03, ""window"": 10, ""base_adv"": 2000000.0}",True,"{""stop_pct"": null, ""target_pct"": null, ""max_hold_days"": 5}"
463,0.4146868250539957,-0.1977009276030359,-0.3973014604513422,0.8059649295477411,-0.0082462005061261,-0.640344280167412,9.86609071274298,243,0.4814814814814814,0.0322266045821344,-0.2231035162191363,1.040767361922882,-0.0030231376841765,0.2568409403538323,9.786008230452676,toss_weak_green_rising_vol,screen,"{""max_ret"": 0.03, ""window"": 10, ""base_adv"": 2000000.0}",True,"{""stop_pct"": null, ""target_pct"": null, ""max_hold_days"": 10}"
1742,0.3628013777267508,-0.5063112432533448,-0.5082998806162353,0.6036643552487118,-0.0087333204771206,-3.5917456887862644,0.9827784156142364,865,0.3491329479768786,-0.3670359736380579,-0.3809428213038324,0.5912194235634416,-0.0090728518827096,-3.605658334381965,0.9722543352601156,toss_weak_green_rising_vol,screen,"{""max_ret"": 0.03, ""window"": 10, ""base_adv"": 2000000.0}",True,"{""stop_pct"": null, ""target_pct"": 0.15, ""max_hold_days"": 1}"
1213,0.3973619126133553,-0.4136860506249674,-0.4481580160838176,0.7248989334920266,-0.0075172855262349,-2.0039559203790223,2.8408903544929927,632,0.3844936708860759,-0.2343833897374103,-0.2689879319611761,0.776781086369509,-0.0050730247029337,-1.5639049802943994,2.8132911392405062,toss_weak_green_rising_vol,screen,"{""max_ret"": 0.03, ""window"": 10, ""base_adv"": 2000000.0}",True,"{""stop_pct"": null, ""target_pct"": 0.15, ""max_hold_days"": 3}"
873,0.4169530355097365,-0.4586726499701807,-0.5112293444677356,0.6826478707322435,-0.0080540894614387,-2.1041037782348293,4.603665521191294,463,0.4125269978401727,-0.2140527208653997,-0.2812848359471926,0.7777349437888115,-0.0059278862095393,-1.3729413422029186,4.565874730021599,toss_weak_green_rising_vol,screen,"{""max_ret"": 0.03, ""window"": 10, ""base_adv"": 2000000.0}",True,"{""stop_pct"": null, ""target_pct"": 0.15, ""max_hold_days"": 5}"
515,0.4330097087378641,-0.2448144346266337,-0.4004532985163052,0.7783314171890605,-0.0099508153958375,-0.9622545129110212,8.56504854368932,281,0.4804270462633452,0.0077093788450108,-0.1351772222099774,1.0102642018067975,0.0035692594971399,0.1259561506232733,8.145907473309608,toss_weak_green_rising_vol,screen,"{""max_ret"": 0.03, ""window"": 10, ""base_adv"": 2000000.0}",True,"{""stop_pct"": null, ""target_pct"": 0.15, ""max_hold_days"": 10}"
1742,0.3610792192881745,-0.4668368074233281,-0.4693193202697813,0.6435359995012504,-0.0081559775434479,-2.951130415228604,0.9954075774971296,864,0.349537037037037,-0.3774825732815245,-0.3922126240439386,0.5740685017163608,-0.0091320244386076,-3.537030058768225,0.9942129629629628,toss_weak_green_rising_vol,screen,"{""max_ret"": 0.03, ""window"": 10, ""base_adv"": 2000000.0}",True,"{""stop_pct"": null, ""target_pct"": 0.4, ""max_hold_days"": 1}"
1197,0.3909774436090225,-0.3745668228547658,-0.40930148440247,0.7578357028901541,-0.0058415252911452,-1.5459368821684027,2.9582289055973265,626,0.3817891373801917,-0.238334435035912,-0.2844461105833703,0.7665502071593586,-0.0034030849640618,-1.4363913768747023,2.950479233226837,toss_weak_green_rising_vol,screen,"{""max_ret"": 0.03, ""window"": 10, ""base_adv"": 2000000.0}",True,"{""stop_pct"": null, ""target_pct"": 0.4, ""max_hold_days"": 3}"
845,0.3952662721893491,-0.2931497254402782,-0.4942789774156766,0.8021370413421172,-0.0023352421899161,-0.6951015455276774,4.911242603550296,446,0.3991031390134529,-0.2841845302999517,-0.3524549472986172,0.6939721566845735,-0.0052314986801822,-1.8405346342830204,4.860986547085202,toss_weak_green_rising_vol,screen,"{""max_ret"": 0.03, ""window"": 10, ""base_adv"": 2000000.0}",True,"{""stop_pct"": null, ""target_pct"": 0.4, ""max_hold_days"": 5}"
472,0.4194915254237288,-0.0276714014148115,-0.4079372507352738,0.972767318767004,0.0072098127835553,0.0237860382300571,9.608050847457626,251,0.4780876494023904,0.028743577682887,-0.1937780352766516,1.0408803882438864,0.0060535955051771,0.2437989153029108,9.366533864541832,toss_weak_green_rising_vol,screen,"{""max_ret"": 0.03, ""window"": 10, ""base_adv"": 2000000.0}",True,"{""stop_pct"": null, ""target_pct"": 0.4, ""max_hold_days"": 10}"
1778,0.3340832395950506,-0.6211448340478681,-0.6220373006741716,0.5196813711516229,-0.011299739373843,-4.999756507299893,0.7829021372328459,879,0.3253697383390216,-0.444966777671785,-0.4581000124838896,0.5103714482412831,-0.010793329008538,-5.1437755226819935,0.8077360637087599,toss_weak_green_rising_vol,screen,"{""max_ret"": 0.03, ""window"": 10, ""base_adv"": 2000000.0}",False,"{""stop_pct"": 0.05, ""target_pct"": null, ""max_hold_days"": 1}"
1348,0.3175074183976261,-0.5139844452178222,-0.5394278857269338,0.6557575744830345,-0.0113889778590337,-2.585443120091762,1.9747774480712168,681,0.3010279001468429,-0.3376482201948765,-0.3592197613737383,0.6662524061436447,-0.0103460352569336,-2.7784857425337783,2.026431718061674,toss_weak_green_rising_vol,screen,"{""max_ret"": 0.03, ""window"": 10, ""base_adv"": 2000000.0}",False,"{""stop_pct"": 0.05, ""target_pct"": null, ""max_hold_days"": 3}"
1096,0.3093065693430657,-0.3518859883500164,-0.5132715271878111,0.7528129755862805,-0.0080570051810327,-1.0883372819303925,2.9315693430656933,553,0.3236889692585895,-0.1343491169811504,-0.2472231774487645,0.8585774756958733,-0.0077462608818925,-0.7939430381128906,3.0397830018083183,toss_weak_green_rising_vol,screen,"{""max_ret"": 0.03, ""window"": 10, ""base_adv"": 2000000.0}",False,"{""stop_pct"": 0.05, ""target_pct"": null, ""max_hold_days"": 5}"
791,0.2465233881163084,-0.2883846752058638,-0.4325699919354006,0.7674694995565964,-0.0087421606114853,-0.8755682485176729,4.701643489254109,403,0.2679900744416873,-0.0678724676571993,-0.2523252725496854,0.9211310469549252,-0.0084549718403793,-0.2015079536579197,4.925558312655087,toss_weak_green_rising_vol,screen,"{""max_ret"": 0.03, ""window"": 10, ""base_adv"": 2000000.0}",False,"{""stop_pct"": 0.05, ""target_pct"": null, ""max_hold_days"": 10}"
1779,0.3350196739741428,-0.6146068348134606,-0.6155147029616221,0.5269911892679179,-0.0110335606156046,-4.928721626314013,0.7700955593029792,880,0.325,-0.4215362330255007,-0.4342456559191239,0.5426653061542976,-0.0104814700830797,-4.770783555829661,0.7863636363636364,toss_weak_green_rising_vol,screen,"{""max_ret"": 0.03, ""window"": 10, ""base_adv"": 2000000.0}",False,"{""stop_pct"": 0.05, ""target_pct"": 0.15, ""max_hold_days"": 1}"
1366,0.3257686676427526,-0.520644279106862,-0.5457240983329295,0.6496868416971051,-0.0108581591213164,-3.0624049085368945,1.861639824304539,693,0.3073593073593073,-0.3212882252336034,-0.3428268170956805,0.6856712681563879,-0.0105234747537337,-2.840999101865952,1.8888888888888888,toss_weak_green_rising_vol,screen,"{""max_ret"": 0.03, ""window"": 10, ""base_adv"": 2000000.0}",False,"{""stop_pct"": 0.05, ""target_pct"": 0.15, ""max_hold_days"": 3}"
1143,0.3184601924759405,-0.4564706988818886,-0.5156820534035742,0.687523731291809,-0.0101288018365624,-2.439041577187142,2.645669291338583,573,0.3385689354275741,-0.1640865297198934,-0.2224481876291716,0.8261878067142046,-0.0068110738731065,-1.198924654836949,2.7452006980802794,toss_weak_green_rising_vol,screen,"{""max_ret"": 0.03, ""window"": 10, ""base_adv"": 2000000.0}",False,"{""stop_pct"": 0.05, ""target_pct"": 0.15, ""max_hold_days"": 5}"
876,0.2888127853881279,-0.3557411643697344,-0.4468946962319229,0.7333876924810007,-0.0092645624810778,-1.7708847786462625,3.9474885844748857,450,0.3066666666666666,-0.1135318024912171,-0.2227176182176099,0.8668092567923192,-0.005705009986778,-0.7950024371239672,4.122222222222222,toss_weak_green_rising_vol,screen,"{""max_ret"": 0.03, ""window"": 10, ""base_adv"": 2000000.0}",False,"{""stop_pct"": 0.05, ""target_pct"": 0.15, ""max_hold_days"": 10}"
1778,0.3340832395950506,-0.6045243523101594,-0.6054559716961375,0.5395494564606695,-0.0110980586053228,-4.703901736323297,0.7823397075365579,879,0.3253697383390216,-0.4307105150810298,-0.4441810825727208,0.5268004818939962,-0.0105125659983535,-4.673298409898963,0.8065984072810012,toss_weak_green_rising_vol,screen,"{""max_ret"": 0.03, ""window"": 10, ""base_adv"": 2000000.0}",False,"{""stop_pct"": 0.05, ""target_pct"": 0.4, ""max_hold_days"": 1}"
1348,0.3182492581602374,-0.4963385027261561,-0.5221706851470778,0.6687005853198082,-0.010464494947148,-2.570910752888755,1.961424332344213,682,0.3020527859237537,-0.3167530897910098,-0.3479207229989733,0.6900376331791843,-0.0090763420468889,-2.425658413248005,2.0117302052785924,toss_weak_green_rising_vol,screen,"{""max_ret"": 0.03, ""window"": 10, ""base_adv"": 2000000.0}",False,"{""stop_pct"": 0.05, ""target_pct"": 0.4, ""max_hold_days"": 3}"
1106,0.3092224231464738,-0.2982139860336616,-0.4940125055194796,0.7955367554151803,-0.0055791512895476,-0.7128306832494262,2.877034358047016,556,0.3237410071942446,-0.193711132559175,-0.2373241956372436,0.792371042102769,-0.0077118484264981,-1.23246581344969,2.987410071942446,toss_weak_green_rising_vol,screen,"{""max_ret"": 0.03, ""window"": 10, ""base_adv"": 2000000.0}",False,"{""stop_pct"": 0.05, ""target_pct"": 0.4, ""max_hold_days"": 5}"
806,0.2531017369727047,-0.1529657293151917,-0.3714413225847579,0.8832278920061956,-0.0037638241898159,-0.3395230846537672,4.557071960297767,408,0.2867647058823529,0.0031911802879229,-0.1598678817452802,1.0036670097228284,-0.0055727584090975,0.1088031682841531,4.791666666666667,toss_weak_green_rising_vol,screen,"{""max_ret"": 0.03, ""window"": 10, ""base_adv"": 2000000.0}",False,"{""stop_pct"": 0.05, ""target_pct"": 0.4, ""max_hold_days"": 10}"
1766,0.3556058890147225,-0.5467318470209231,-0.5482650031106875,0.5868553890143169,-0.0099010312356258,-3.339618960043634,0.9586636466591166,875,0.3474285714285714,-0.4196255185393956,-0.4333583799922696,0.5375897032280628,-0.0097607533369897,-4.1979113323128585,0.9622857142857144,toss_weak_green_rising_vol,screen,"{""max_ret"": 0.03, ""window"": 10, ""base_adv"": 2000000.0}",False,"{""stop_pct"": 0.1, ""target_pct"": null, ""max_hold_days"": 1}"
1237,0.375909458367017,-0.3231669774148954,-0.3776132264274003,0.7985410765571271,-0.0073895487869627,-0.8522870161157879,2.696847210994341,638,0.3510971786833856,-0.3256255112548897,-0.3535941173977847,0.6888784125676081,-0.0113260312187553,-2.251774630471421,2.703761755485893,toss_weak_green_rising_vol,screen,"{""max_ret"": 0.03, ""window"": 10, ""base_adv"": 2000000.0}",False,"{""stop_pct"": 0.1, ""target_pct"": null, ""max_hold_days"": 3}"
924,0.3744588744588744,-0.1957715930707698,-0.398280195502301,0.8827430100299828,-0.0033507977738094,-0.3533306390293309,4.201298701298701,484,0.3677685950413223,-0.2316922933731259,-0.2922563757675046,0.7405720095834678,-0.0134743371628791,-1.4276520587042685,4.208677685950414,toss_weak_green_rising_vol,screen,"{""max_ret"": 0.03, ""window"": 10, ""base_adv"": 2000000.0}",False,"{""stop_pct"": 0.1, ""target_pct"": null, ""max_hold_days"": 5}"
571,0.3625218914185639,-0.0953594866668444,-0.3497327767683591,0.9231588463850616,-0.0047505599670531,-0.1069694260160494,7.4430823117338,307,0.3713355048859935,-0.1533579715408554,-0.2991689806068313,0.814847804301993,-0.011399007108729,-0.756876512514472,7.368078175895765,toss_weak_green_rising_vol,screen,"{""max_ret"": 0.03, ""window"": 10, ""base_adv"": 2000000.0}",False,"{""stop_pct"": 0.1, ""target_pct"": null, ""max_hold_days"": 10}"
1767,0.3571024335031126,-0.5737163197453743,-0.5750291311633527,0.5615934290770366,-0.0100625926416283,-4.285080222736352,0.9451046972269384,876,0.3470319634703196,-0.3945397340475445,-0.4078422968087736,0.5715315555895321,-0.0094198815610738,-3.896859474237463,0.9394977168949772,toss_weak_green_rising_vol,screen,"{""max_ret"": 0.03, ""window"": 10, ""base_adv"": 2000000.0}",False,"{""stop_pct"": 0.1, ""target_pct"": 0.15, ""max_hold_days"": 1}"
1256,0.3821656050955414,-0.4765523199083822,-0.5176516853309711,0.6825719679426709,-0.0096006233919537,-2.511783040754198,2.5628980891719744,652,0.3604294478527607,-0.3022501390468819,-0.3370015478528898,0.7177965117580678,-0.0102338287767622,-2.221277628926147,2.561349693251534,toss_weak_green_rising_vol,screen,"{""max_ret"": 0.03, ""window"": 10, ""base_adv"": 2000000.0}",False,"{""stop_pct"": 0.1, ""target_pct"": 0.15, ""max_hold_days"": 3}"
958,0.395615866388309,-0.4523618115226879,-0.520299004657864,0.6996240498127514,-0.0088676954859704,-2.136195071807357,3.864300626304802,501,0.3832335329341317,-0.1660950584909718,-0.2401088223210107,0.8237967208693294,-0.0088151304005965,-1.0755131858109754,3.890219560878244,toss_weak_green_rising_vol,screen,"{""max_ret"": 0.03, ""window"": 10, ""base_adv"": 2000000.0}",False,"{""stop_pct"": 0.1, ""target_pct"": 0.15, ""max_hold_days"": 5}"
647,0.3894899536321484,-0.3861813350624863,-0.4524151708085367,0.7008163804966104,-0.0119930486287158,-1.8439096557625705,6.284389489953632,343,0.4081632653061224,-0.0593975416290352,-0.1706855656717167,0.9253413459238838,-0.006654331982578,-0.3592230796204843,6.291545189504373,toss_weak_green_rising_vol,screen,"{""max_ret"": 0.03, ""window"": 10, ""base_adv"": 2000000.0}",False,"{""stop_pct"": 0.1, ""target_pct"": 0.15, ""max_hold_days"": 10}"
1766,0.3556058890147225,-0.5558941072407821,-0.5582760441166131,0.5795855091572836,-0.0099383355228105,-3.879862478120665,0.956964892412231,875,0.3474285714285714,-0.4047797652882845,-0.4188639079898585,0.5546204957739138,-0.0094787068387586,-3.824402875454824,0.9611428571428572,toss_weak_green_rising_vol,screen,"{""max_ret"": 0.03, ""window"": 10, ""base_adv"": 2000000.0}",False,"{""stop_pct"": 0.1, ""target_pct"": 0.4, ""max_hold_days"": 1}"
1241,0.3763094278807413,-0.4261929405928373,-0.4731011519183611,0.7211679090649452,-0.0078263205713246,-1.9021545629916328,2.6736502820306205,641,0.3510140405616224,-0.3041214755382552,-0.3366888166523836,0.7164843233343337,-0.0095645167419333,-1.990087482941621,2.686427457098284,toss_weak_green_rising_vol,screen,"{""max_ret"": 0.03, ""window"": 10, ""base_adv"": 2000000.0}",False,"{""stop_pct"": 0.1, ""target_pct"": 0.4, ""max_hold_days"": 3}"
930,0.3763440860215054,-0.2986705353394315,-0.5112436608466484,0.8096883698073057,-0.0030558652635609,-0.6956770090330732,4.148387096774194,488,0.3709016393442623,-0.141984755344643,-0.2212121943055565,0.8476032787050655,-0.0087410518304243,-0.6610405356295762,4.14344262295082,toss_weak_green_rising_vol,screen,"{""max_ret"": 0.03, ""window"": 10, ""base_adv"": 2000000.0}",False,"{""stop_pct"": 0.1, ""target_pct"": 0.4, ""max_hold_days"": 5}"
588,0.3571428571428571,-0.152700180950028,-0.4142604813549675,0.8740182603543876,-0.0030048952400154,-0.3395779810641952,7.171768707482993,307,0.3876221498371335,-0.0526694029364035,-0.1819371804680631,0.9305312702237332,-0.0064191369233392,-0.2261125039555979,7.315960912052117,toss_weak_green_rising_vol,screen,"{""max_ret"": 0.03, ""window"": 10, ""base_adv"": 2000000.0}",False,"{""stop_pct"": 0.1, ""target_pct"": 0.4, ""max_hold_days"": 10}"
1765,0.3603399433427762,-0.4737474845560994,-0.4761530871536118,0.6433093497860739,-0.0085120885320196,-2.6820568541328376,0.9949008498583568,874,0.3489702517162471,-0.4201719224695671,-0.4338918548745418,0.5367515155810308,-0.0096800671297912,-4.1818608964132125,0.9931350114416476,toss_weak_green_rising_vol,screen,"{""max_ret"": 0.03, ""window"": 10, ""base_adv"": 2000000.0}",False,"{""stop_pct"": 0.2, ""target_pct"": null, ""max_hold_days"": 1}"
1201,0.3905079100749375,-0.2525743037397909,-0.3089589625726719,0.839410363734376,-0.0057208718140368,-0.6100696040784113,2.9542048293089094,629,0.3704292527821939,-0.3301137060944309,-0.3661802520870857,0.6722678498406668,-0.0098225484898417,-2.2522623368866204,2.9364069952305245,toss_weak_green_rising_vol,screen,"{""max_ret"": 0.03, ""window"": 10, ""base_adv"": 2000000.0}",False,"{""stop_pct"": 0.2, ""target_pct"": null, ""max_hold_days"": 3}"
850,0.4047058823529412,-0.0687062086037584,-0.4011609503265112,0.9563171663535984,0.0010416793669022,-0.0585106277593879,4.851764705882353,449,0.3919821826280623,-0.2735193954516295,-0.3550279907367607,0.7014901650778919,-0.0119306302825269,-1.6983762429053328,4.801781737193764,toss_weak_green_rising_vol,screen,"{""max_ret"": 0.03, ""window"": 10, ""base_adv"": 2000000.0}",False,"{""stop_pct"": 0.2, ""target_pct"": null, ""max_hold_days"": 5}"
486,0.3930041152263374,-0.229158119086532,-0.4051646916332848,0.7889264668074747,-0.0115848373782438,-0.4910889908427242,9.271604938271604,254,0.437007874015748,-0.0034713358597131,-0.1613826800303291,0.9952061516012608,-0.003743576347147,0.0798256298736984,9.196850393700789,toss_weak_green_rising_vol,screen,"{""max_ret"": 0.03, ""window"": 10, ""base_adv"": 2000000.0}",False,"{""stop_pct"": 0.2, ""target_pct"": null, ""max_hold_days"": 10}"
1766,0.3618346545866364,-0.5236290097615757,-0.525383153024058,0.5958568330754196,-0.0089901819947978,-3.762763267709016,0.9807474518686295,875,0.3485714285714286,-0.3950776935306648,-0.4083684367883037,0.5706841633333647,-0.0093388979989397,-3.8849919934684594,0.9702857142857144,toss_weak_green_rising_vol,screen,"{""max_ret"": 0.03, ""window"": 10, ""base_adv"": 2000000.0}",False,"{""stop_pct"": 0.2, ""target_pct"": 0.15, ""max_hold_days"": 1}"
1221,0.3955773955773956,-0.3985952553020329,-0.4354545090292896,0.7318794570697713,-0.0073922156287682,-1.960078266820576,2.8132678132678133,641,0.374414976599064,-0.3044545363437829,-0.3423338468640973,0.7188170976013434,-0.0095257314142055,-2.076973200400896,2.776911076443058,toss_weak_green_rising_vol,screen,"{""max_ret"": 0.03, ""window"": 10, ""base_adv"": 2000000.0}",False,"{""stop_pct"": 0.2, ""target_pct"": 0.15, ""max_hold_days"": 3}"
892,0.4147982062780269,-0.411092417963828,-0.4801803469346873,0.717848155024303,-0.0073640338199688,-1.9114480498935864,4.469730941704036,467,0.4089935760171306,-0.2389986671144325,-0.3024936486526489,0.7511321523448592,-0.0100837605125752,-1.5408770338589348,4.477516059957173,toss_weak_green_rising_vol,screen,"{""max_ret"": 0.03, ""window"": 10, ""base_adv"": 2000000.0}",False,"{""stop_pct"": 0.2, ""target_pct"": 0.15, ""max_hold_days"": 5}"
545,0.4403669724770642,-0.3259139231521321,-0.4508615223157066,0.7282030514208496,-0.0123100969722883,-1.381857101345005,7.96697247706422,289,0.4705882352941176,-0.056631645972784,-0.1656506093016591,0.925363735259685,-0.0051846584774416,-0.3009790095105832,7.782006920415225,toss_weak_green_rising_vol,screen,"{""max_ret"": 0.03, ""window"": 10, ""base_adv"": 2000000.0}",False,"{""stop_pct"": 0.2, ""target_pct"": 0.15, ""max_hold_days"": 10}"
1765,0.3603399433427762,-0.487928112980185,-0.4901687763698297,0.632224714237971,-0.0085494139547777,-3.151725725030849,0.993201133144476,874,0.3489702517162471,-0.4053677863704974,-0.4194380152762182,0.5537526479237446,-0.0093976979238963,-3.811815937180833,0.9919908466819222,toss_weak_green_rising_vol,screen,"{""max_ret"": 0.03, ""window"": 10, ""base_adv"": 2000000.0}",False,"{""stop_pct"": 0.2, ""target_pct"": 0.4, ""max_hold_days"": 1}"
1204,0.3911960132890365,-0.3371255008094875,-0.3745420248559472,0.779188304446303,-0.0054595940591447,-1.388316448940093,2.9302325581395348,632,0.3718354430379746,-0.3096526019760028,-0.3515120666312,0.7001366338496416,-0.0080933192862227,-1.994067376373064,2.9161392405063293,toss_weak_green_rising_vol,screen,"{""max_ret"": 0.03, ""window"": 10, ""base_adv"": 2000000.0}",False,"{""stop_pct"": 0.2, ""target_pct"": 0.4, ""max_hold_days"": 3}"
856,0.3960280373831775,-0.2031454172100592,-0.4358056206878004,0.863782948345559,-0.0014466761997116,-0.4785414459661527,4.802570093457944,451,0.3924611973392461,-0.2579153082329168,-0.3286978156804105,0.7222421842558133,-0.0100831475463132,-1.5827795785141043,4.764966740576496,toss_weak_green_rising_vol,screen,"{""max_ret"": 0.03, ""window"": 10, ""base_adv"": 2000000.0}",False,"{""stop_pct"": 0.2, ""target_pct"": 0.4, ""max_hold_days"": 5}"
496,0.3931451612903225,-0.1862633286357701,-0.4827156370110105,0.8289407667237567,-0.0016158742916578,-0.3924963153119949,8.985887096774194,261,0.4597701149425287,0.0604144903873762,-0.1327269401971811,1.087603583458765,0.0021491742620608,0.4155229040343517,8.923371647509578,toss_weak_green_rising_vol,screen,"{""max_ret"": 0.03, ""window"": 10, ""base_adv"": 2000000.0}",False,"{""stop_pct"": 0.2, ""target_pct"": 0.4, ""max_hold_days"": 10}"
1765,0.3603399433427762,-0.480200034447153,-0.482529967629647,0.6397315263997706,-0.0086116619042588,-2.721341304080285,0.9977337110481588,874,0.3489702517162471,-0.4153329560651129,-0.4291673884305962,0.5406698873537046,-0.0097213662719844,-4.2424290320721685,0.9954233409610984,toss_weak_green_rising_vol,screen,"{""max_ret"": 0.03, ""window"": 10, ""base_adv"": 2000000.0}",False,"{""stop_pct"": null, ""target_pct"": null, ""max_hold_days"": 1}"
1200,0.3891666666666666,-0.304766469975292,-0.3462220883306184,0.8060765302627739,-0.006262383195871,-0.7757342030574627,2.9858333333333333,627,0.3763955342902711,-0.3111752288095161,-0.3480337780710371,0.6898155821921019,-0.0063708176745062,-2.0862102848701727,2.9728867623604467,toss_weak_green_rising_vol,screen,"{""max_ret"": 0.03, ""window"": 10, ""base_adv"": 2000000.0}",False,"{""stop_pct"": null, ""target_pct"": null, ""max_hold_days"": 3}"
843,0.4033214709371293,-0.1687092942503046,-0.4232911306837925,0.8924685028748176,-0.0003375722248072,-0.3040453855759329,4.963226571767497,444,0.3918918918918919,-0.3137068843386679,-0.3913775510749026,0.666629792870089,-0.0147348162006283,-1.990116202981256,4.925675675675675,toss_weak_green_rising_vol,screen,"{""max_ret"": 0.03, ""window"": 10, ""base_adv"": 2000000.0}",False,"{""stop_pct"": null, ""target_pct"": null, ""max_hold_days"": 5}"
464,0.4137931034482758,-0.1885413057464117,-0.3689384967000833,0.8167447382316039,-0.0092853769072831,-0.6145808630711821,9.85344827586207,243,0.4691358024691358,-0.0390192365695218,-0.2294443072255636,0.9512387439234448,-0.0053669250187758,-0.090362773727259,9.786008230452676,toss_weak_green_rising_vol,screen,"{""max_ret"": 0.03, ""window"": 10, ""base_adv"": 2000000.0}",False,"{""stop_pct"": null, ""target_pct"": null, ""max_hold_days"": 10}"
1766,0.362400906002265,-0.527570402277779,-0.5292626402505132,0.594105397917787,-0.0088827692457697,-3.777389574074325,0.983012457531144,875,0.3485714285714286,-0.3900547690042482,-0.4034558708973169,0.5748071597252622,-0.0093801499421132,-3.938945285389421,0.9725714285714284,toss_weak_green_rising_vol,screen,"{""max_ret"": 0.03, ""window"": 10, ""base_adv"": 2000000.0}",False,"{""stop_pct"": null, ""target_pct"": 0.15, ""max_hold_days"": 1}"
1221,0.398034398034398,-0.4226956669316094,-0.4587659053073849,0.717098157668682,-0.0074798877037935,-2.033526294322716,2.8378378378378377,637,0.3846153846153846,-0.2401847366097721,-0.2813153030663808,0.7721675353886787,-0.0049401766447357,-1.6276864823172572,2.811616954474097,toss_weak_green_rising_vol,screen,"{""max_ret"": 0.03, ""window"": 10, ""base_adv"": 2000000.0}",False,"{""stop_pct"": null, ""target_pct"": 0.15, ""max_hold_days"": 3}"
880,0.4159090909090909,-0.4826301965367623,-0.5271481443841397,0.6698623025011782,-0.0088109838388277,-2.221483117549374,4.594318181818182,463,0.4103671706263499,-0.2371029441808859,-0.3007603683156216,0.7596057455710021,-0.0073155027823656,-1.5306587149834303,4.57451403887689,toss_weak_green_rising_vol,screen,"{""max_ret"": 0.03, ""window"": 10, ""base_adv"": 2000000.0}",False,"{""stop_pct"": null, ""target_pct"": 0.15, ""max_hold_days"": 5}"
513,0.4230019493177387,-0.3144352008177021,-0.4302012921439793,0.7210315049457549,-0.0134569236342803,-1.3098941518351328,8.619883040935672,281,0.4839857651245551,0.0062720864571335,-0.1351772222099774,1.0083414390186938,0.0039979720272764,0.1164660463506831,8.135231316725978,toss_weak_green_rising_vol,screen,"{""max_ret"": 0.03, ""window"": 10, ""base_adv"": 2000000.0}",False,"{""stop_pct"": null, ""target_pct"": 0.15, ""max_hold_days"": 10}"
1765,0.3609065155807365,-0.490212264461041,-0.492413768809666,0.6318924574261499,-0.0083013578415859,-3.154691080822785,0.9954674220963172,874,0.3489702517162471,-0.400428183392626,-0.4146152935284736,0.5578267249553734,-0.0094389970660895,-3.855201656318733,0.994279176201373,toss_weak_green_rising_vol,screen,"{""max_ret"": 0.03, ""window"": 10, ""base_adv"": 2000000.0}",False,"{""stop_pct"": null, ""target_pct"": 0.4, ""max_hold_days"": 1}"
1204,0.3903654485049834,-0.3775721740957064,-0.4134778196927426,0.7538678655004366,-0.0057996734808695,-1.5488741386260454,2.9584717607973423,630,0.3793650793650793,-0.2529543813322008,-0.2989031163345933,0.7543245789757943,-0.0036060179713964,-1.550469756115214,2.950793650793651,toss_weak_green_rising_vol,screen,"{""max_ret"": 0.03, ""window"": 10, ""base_adv"": 2000000.0}",False,"{""stop_pct"": null, ""target_pct"": 0.4, ""max_hold_days"": 3}"
850,0.3917647058823529,-0.3276647257128544,-0.5159372254482546,0.7806648219528536,-0.0037970886231614,-0.7762198730522794,4.911764705882353,447,0.3959731543624161,-0.2481789751792102,-0.3197539052104824,0.7421295985170898,-0.0053910053746796,-1.3141772976679844,4.868008948545861,toss_weak_green_rising_vol,screen,"{""max_ret"": 0.03, ""window"": 10, ""base_adv"": 2000000.0}",False,"{""stop_pct"": null, ""target_pct"": 0.4, ""max_hold_days"": 5}"
473,0.4249471458773784,-0.0530249123063203,-0.4143008825442142,0.947832410197328,0.0069367681259937,-0.0450523142633312,9.613107822410148,251,0.4701195219123506,-0.0555482652529328,-0.2018222620656578,0.9239071851077512,0.0042857200613427,-0.1931431403932986,9.390438247011952,toss_weak_green_rising_vol,screen,"{""max_ret"": 0.03, ""window"": 10, ""base_adv"": 2000000.0}",False,"{""stop_pct"": null, ""target_pct"": 0.4, ""max_hold_days"": 10}"
241,0.3319502074688796,-0.2082591563680119,-0.551019201096741,0.8736545428080257,-0.0034926909216385,-0.1908290275837106,13.32780082987552,184,0.2554347826086957,-0.4390700301113498,-0.6516823533282827,0.7085370475974629,-0.0289427333952558,-0.9673512198359876,12.38586956521739,breakout,strategy,"{""lookback"": 20, ""vol_mult"": 1.5, ""trail_atr_mult"": 3.0, ""max_mcap"": null}",False,{}
218,0.3669724770642202,0.2929626698382821,-0.4104185257714791,1.1932601906133138,0.0119509142935463,0.5582835249805329,13.527522935779816,180,0.3222222222222222,-0.2551995772801819,-0.4709992895994203,0.8166626768383299,-0.0159214029218323,-0.3927690987186377,12.627777777777778,breakout,strategy,"{""lookback"": 20, ""vol_mult"": 1.5, ""trail_atr_mult"": 3.0, ""max_mcap"": 2000000000.0}",False,{}
224,0.2723214285714285,-0.353460597856591,-0.5272955862755602,0.7514744267741222,-0.0178616490818141,-0.4328336611244157,14.723214285714286,168,0.2559523809523809,-0.5004255142750695,-0.6569139348784416,0.6132464401369895,-0.0423394812420364,-1.3001472089839907,13.875,breakout,strategy,"{""lookback"": 20, ""vol_mult"": 1.5, ""trail_atr_mult"": 5.0, ""max_mcap"": null}",False,{}
192,0.3072916666666667,-0.1390690248838388,-0.4161564874917246,0.8931051598062153,-0.0056387103166529,-0.097465841394745,16.020833333333332,174,0.2816091954022988,-0.5926106687112588,-0.7134306371021713,0.4775940577067549,-0.0527887347229567,-1.6847224897440929,13.10344827586207,breakout,strategy,"{""lookback"": 20, ""vol_mult"": 1.5, ""trail_atr_mult"": 5.0, ""max_mcap"": 2000000000.0}",False,{}
224,0.2991071428571428,-0.3065221918652244,-0.4310020109818181,0.7355129216039041,-0.0133148956801367,-0.530117450888064,14.28125,163,0.3128834355828221,-0.2019409614622712,-0.4668283004297054,0.8373374599308647,-0.0130790572929894,-0.3102426506911594,14.153374233128837,breakout,strategy,"{""lookback"": 20, ""vol_mult"": 2.5, ""trail_atr_mult"": 3.0, ""max_mcap"": null}",False,{}
204,0.3137254901960784,-0.357582573889594,-0.5206902226996045,0.7341011043264992,-0.01852885559465,-0.4880108361487917,11.955882352941176,172,0.3023255813953488,-0.4857760263743107,-0.6532928965632717,0.5977899352963659,-0.0360716790637487,-1.2178920791214354,12.55813953488372,breakout,strategy,"{""lookback"": 20, ""vol_mult"": 2.5, ""trail_atr_mult"": 3.0, ""max_mcap"": 2000000000.0}",False,{}
210,0.3142857142857143,-0.2891553514497254,-0.5002540968775852,0.7597324687783326,-0.00883856940265,-0.3184696911410889,15.6,151,0.2516556291390728,-0.3457985574208788,-0.5632264352267139,0.7261478405446112,-0.0259977453792347,-0.7709096679628769,15.344370860927151,breakout,strategy,"{""lookback"": 20, ""vol_mult"": 2.5, ""trail_atr_mult"": 5.0, ""max_mcap"": null}",False,{}
191,0.2879581151832461,-0.4563336085928727,-0.5842911819045458,0.6288388362372398,-0.0281520691900361,-0.6950821385766237,13.230366492146596,149,0.2953020134228188,-0.4894603250291233,-0.6588535788092089,0.5616206877089055,-0.0445348882144271,-1.2669733999982982,14.899328859060402,breakout,strategy,"{""lookback"": 20, ""vol_mult"": 2.5, ""trail_atr_mult"": 5.0, ""max_mcap"": 2000000000.0}",False,{}
249,0.3132530120481928,-0.2312400126398374,-0.4649604109753188,0.8352868206516858,-0.0096003699598554,-0.266234204509198,12.811244979919678,178,0.2640449438202247,-0.2300762898704808,-0.5509097123550915,0.8476921933256969,-0.0100577418802318,-0.3343223470764164,12.94943820224719,breakout,strategy,"{""lookback"": 55, ""vol_mult"": 1.5, ""trail_atr_mult"": 3.0, ""max_mcap"": null}",False,{}
208,0.3509615384615384,0.0667522795435746,-0.4941618455473301,1.0463642563289128,0.0034465014129951,0.2715940636659412,13.375,177,0.3107344632768362,-0.1313348201015041,-0.4409510419303413,0.9044789739896432,-0.0039335860274328,-0.0420603958917476,12.71186440677966,breakout,strategy,"{""lookback"": 55, ""vol_mult"": 1.5, ""trail_atr_mult"": 3.0, ""max_mcap"": 2000000000.0}",False,{}
214,0.2943925233644859,-0.1578093049809937,-0.4435203476887436,0.8839274504169758,-0.0058003946408146,-0.0454542556345667,15.425233644859814,164,0.2682926829268293,-0.3908743930686644,-0.5785155665510231,0.6938502829962624,-0.0308981816182275,-0.7914410409583271,14.359756097560975,breakout,strategy,"{""lookback"": 55, ""vol_mult"": 1.5, ""trail_atr_mult"": 5.0, ""max_mcap"": null}",False,{}
189,0.3227513227513227,-0.0852534088434822,-0.5159940358934341,0.9359615786658324,-0.0030594212311823,0.0506880481395466,15.386243386243386,152,0.3026315789473684,-0.1913939107402708,-0.4682075634797905,0.8506572689850792,-0.0119301529990983,-0.1545854004201209,15.276315789473683,breakout,strategy,"{""lookback"": 55, ""vol_mult"": 1.5, ""trail_atr_mult"": 5.0, ""max_mcap"": 2000000000.0}",False,{}
229,0.2794759825327511,-0.3854922827743468,-0.5512578678623732,0.669382780704535,-0.0182974077726692,-0.6886396278301713,13.655021834061136,170,0.2705882352941176,-0.2245061775252101,-0.4475768333370242,0.8163778589433288,-0.0131838660669537,-0.3882088439748108,13.452941176470588,breakout,strategy,"{""lookback"": 55, ""vol_mult"": 2.5, ""trail_atr_mult"": 3.0, ""max_mcap"": null}",False,{}
181,0.3149171270718232,-0.2358825626307609,-0.5065055403453018,0.8049081638116716,-0.0108666964505542,-0.2574686447515915,11.839779005524862,160,0.29375,-0.2140748724009951,-0.4564337943695239,0.81842505404461,-0.015966232550417,-0.3185690254305788,13.125,breakout,strategy,"{""lookback"": 55, ""vol_mult"": 2.5, ""trail_atr_mult"": 3.0, ""max_mcap"": 2000000000.0}",False,{}
213,0.2957746478873239,-0.292969525691626,-0.5635432476953106,0.7568225506613189,-0.0150005941532263,-0.3314807739159109,15.103286384976526,160,0.2625,-0.350181170119749,-0.5196395291512501,0.6988108231969586,-0.0244861096984116,-0.763415795227642,14.5125,breakout,strategy,"{""lookback"": 55, ""vol_mult"": 2.5, ""trail_atr_mult"": 5.0, ""max_mcap"": null}",False,{}
168,0.2976190476190476,-0.3029449618549039,-0.5457899641966114,0.7284032525363222,-0.0172901192390059,-0.3631714824254832,13.56547619047619,144,0.3055555555555556,-0.3657095706482098,-0.5561064322213465,0.6519761799696171,-0.0330287475365891,-0.7785770371986636,15.354166666666666,breakout,strategy,"{""lookback"": 55, ""vol_mult"": 2.5, ""trail_atr_mult"": 5.0, ""max_mcap"": 2000000000.0}",False,{}
2552,0.2656739811912226,-0.978469397435899,-0.9790070273931224,0.6919833783413925,-0.0146818093600263,-5.24709164336351,0.4169278996865204,1695,0.2525073746312684,-0.8545161176227096,-0.8545161176227096,0.6083412351156463,-0.0102556515640111,-2.060910212733213,0.384070796460177,surge_chase,strategy,"{""surge_pct"": 0.1, ""vol_mult"": 3.0, ""max_hold_days"": 1, ""stop_pct"": 0.05}",False,{}
2530,0.3494071146245059,-0.9676159996223072,-0.9691250332570942,0.7760435960543871,-0.0117983484300564,-1.300010548115777,0.700790513833992,1687,0.3325429756965026,-0.9070473809224366,-0.9070473809224366,0.6557493218974862,-0.0123127994949308,-2.026246132905335,0.6639004149377593,surge_chase,strategy,"{""surge_pct"": 0.1, ""vol_mult"": 3.0, ""max_hold_days"": 1, ""stop_pct"": 0.1}",False,{}
2105,0.2,-0.9756076583326548,-0.9783967415429058,0.737617158027249,-0.0171890168951026,-3.942156984473059,0.9624703087885986,1313,0.1881188118811881,-0.81608371832146,-0.8269055608261384,0.6406250339676923,-0.0121915200490945,-1.2473442207509824,0.8644325971058644,surge_chase,strategy,"{""surge_pct"": 0.1, ""vol_mult"": 3.0, ""max_hold_days"": 3, ""stop_pct"": 0.05}",False,{}
1784,0.3066143497757848,-0.883661326204715,-0.913648231905496,0.8835081492051231,-0.0081833512548952,-0.5560414966026929,1.7096412556053813,1064,0.2969924812030075,-0.8297822577660501,-0.844374207084608,0.7202770286728469,-0.0137808220954814,-1.0624539101658577,1.6071428571428572,surge_chase,strategy,"{""surge_pct"": 0.1, ""vol_mult"": 3.0, ""max_hold_days"": 3, ""stop_pct"": 0.1}",False,{}
1810,0.1817679558011049,-0.9410514992272624,-0.949893808214016,0.7440133675145795,-0.0147533034689631,-2.5551063770526867,1.4121546961325966,1108,0.1642599277978339,-0.1649336555454603,-0.6356535092754054,0.9405466070259192,0.0002221276261984,0.3763941040966355,1.2346570397111911,surge_chase,strategy,"{""surge_pct"": 0.1, ""vol_mult"": 3.0, ""max_hold_days"": 5, ""stop_pct"": 0.05}",False,{}
1358,0.296759941089838,-0.5335711039488149,-0.7738019002344414,0.9439350440619064,0.0004030963463269,0.1209126631585495,2.569219440353461,824,0.25,-0.2030293861057952,-0.5746825461385332,0.9477028970110564,0.002208304017663,0.4216300632445294,2.2851941747572817,surge_chase,strategy,"{""surge_pct"": 0.1, ""vol_mult"": 3.0, ""max_hold_days"": 5, ""stop_pct"": 0.1}",False,{}
1517,0.2557679630850362,-0.9042591734516068,-0.91170601452899,0.7084890305057867,-0.0150613016326421,-3.890639410416309,0.3750823994726434,1094,0.2257769652650822,-0.6951134375994639,-0.7266607177208952,0.6755328110699658,-0.0091390897723385,-1.2413201014058308,0.3308957952468007,surge_chase,strategy,"{""surge_pct"": 0.1, ""vol_mult"": 5.0, ""max_hold_days"": 1, ""stop_pct"": 0.05}",False,{}
1500,0.3466666666666667,-0.8631302308777323,-0.8945151598522354,0.8123029292132512,-0.0106527336155945,-0.666531719724332,0.64,1086,0.3158379373848987,-0.8082476187516779,-0.8082476187516779,0.6566609814220571,-0.0129647972494808,-1.5784638383176035,0.5994475138121547,surge_chase,strategy,"{""surge_pct"": 0.1, ""vol_mult"": 5.0, ""max_hold_days"": 1, ""stop_pct"": 0.1}",False,{}
1448,0.1892265193370165,-0.9314417523013472,-0.9423750001466912,0.7373551448730787,-0.0176451464253314,-3.2724486354902416,0.8798342541436464,1019,0.1648675171736997,-0.783366684894853,-0.783366684894853,0.6009114146985511,-0.0139074238268607,-1.1059029034036556,0.7693817468105987,surge_chase,strategy,"{""surge_pct"": 0.1, ""vol_mult"": 5.0, ""max_hold_days"": 3, ""stop_pct"": 0.05}",False,{}
1346,0.3016344725111441,-0.7690414013051194,-0.8531716587025797,0.8946839265560673,-0.0063093242390107,-0.2982889193021142,1.589895988112927,908,0.2720264317180617,-0.8731928181374286,-0.8735908161583323,0.598000260205164,-0.0194129661979768,-1.489434743762449,1.473568281938326,surge_chase,strategy,"{""surge_pct"": 0.1, ""vol_mult"": 5.0, ""max_hold_days"": 3, ""stop_pct"": 0.1}",False,{}
1362,0.171071953010279,-0.8966880662569787,-0.9171735658085544,0.7461972487366951,-0.0156396852221859,-2.1940670481193303,1.2988252569750367,940,0.1425531914893617,-0.1601331384259738,-0.6378180179187268,0.9366161496671824,0.0001487927293437,0.3837280183997639,1.1148936170212769,surge_chase,strategy,"{""surge_pct"": 0.1, ""vol_mult"": 5.0, ""max_hold_days"": 5, ""stop_pct"": 0.05}",False,{}
1164,0.2886597938144329,-0.3803835091461244,-0.7212543088034613,0.9558633929486786,0.0023784282129389,0.2306297651187326,2.4037800687285222,754,0.2320954907161803,-0.3837119939103915,-0.6832080437455564,0.8673209860660301,-0.0039432653834046,0.1872637413066384,2.173740053050398,surge_chase,strategy,"{""surge_pct"": 0.1, ""vol_mult"": 5.0, ""max_hold_days"": 5, ""stop_pct"": 0.1}",False,{}
745,0.2348993288590604,-0.6271428334520575,-0.6929464477699616,0.7642465544109214,-0.012797856724441,-2.0651274969395232,0.3114093959731543,586,0.2030716723549488,-0.3025761730691351,-0.5465025081835928,0.8321568876342916,-0.0030882946542128,-0.2140932418742082,0.2901023890784983,surge_chase,strategy,"{""surge_pct"": 0.1, ""vol_mult"": 10.0, ""max_hold_days"": 1, ""stop_pct"": 0.05}",False,{}
742,0.3369272237196765,-0.3308000283206455,-0.6950181200270353,0.9376996030750582,-0.0010277431125086,0.0982078393368804,0.5566037735849056,583,0.2950257289879931,-0.498450998206962,-0.5932235481107817,0.7767913660053624,-0.0081085415657537,-0.5890343787857196,0.5300171526586621,surge_chase,strategy,"{""surge_pct"": 0.1, ""vol_mult"": 10.0, ""max_hold_days"": 1, ""stop_pct"": 0.1}",False,{}
745,0.1718120805369127,-0.6231161674722441,-0.7514585852345983,0.8273225453756852,-0.0120133991434474,-1.4477977142795977,0.738255033557047,581,0.1411359724612736,-0.6182654547327839,-0.6226531920505962,0.631966322280634,-0.0151652159489766,-0.6441478689081201,0.6660929432013769,surge_chase,strategy,"{""surge_pct"": 0.1, ""vol_mult"": 10.0, ""max_hold_days"": 3, ""stop_pct"": 0.05}",False,{}
738,0.2818428184281842,-0.0717416911910989,-0.6959685791649599,0.991605690602468,0.0050727056127912,0.3143737266965506,1.3604336043360434,565,0.2495575221238938,-0.7320330380296216,-0.7451369010040431,0.6804930285907825,-0.0205360307579893,-0.9123484358677082,1.2938053097345132,surge_chase,strategy,"{""surge_pct"": 0.1, ""vol_mult"": 10.0, ""max_hold_days"": 3, ""stop_pct"": 0.1}",False,{}
744,0.1612903225806451,-0.5832134012613039,-0.7419699185360515,0.8385418093671982,-0.010055762207125,-0.9562440638191828,1.1021505376344083,580,0.1258620689655172,0.1298229366352865,-0.4697105301422364,1.0592095930872547,0.0073946801255244,0.6094506968403547,0.9620689655172414,surge_chase,strategy,"{""surge_pct"": 0.1, ""vol_mult"": 10.0, ""max_hold_days"": 5, ""stop_pct"": 0.05}",False,{}
731,0.26812585499316,0.1738655124832777,-0.6792717397415746,1.0180590239156613,0.0117920661196791,0.473343744692574,2.045143638850889,543,0.2099447513812154,-0.3336666492748111,-0.6497255193107832,0.8644718194139647,-0.0027569571673142,0.1664319217440314,1.8968692449355435,surge_chase,strategy,"{""surge_pct"": 0.1, ""vol_mult"": 10.0, ""max_hold_days"": 5, ""stop_pct"": 0.1}",False,{}
2060,0.2592233009708737,-0.956829438434321,-0.9582125579751758,0.703879494669973,-0.0148533219465127,-4.733743452286762,0.3733009708737864,1431,0.2313067784765897,-0.8279174234633138,-0.8501634800318141,0.5740526275175984,-0.0109433507840211,-1.8625953590906688,0.3431167016072676,surge_chase,strategy,"{""surge_pct"": 0.15, ""vol_mult"": 3.0, ""max_hold_days"": 1, ""stop_pct"": 0.05}",False,{}
2045,0.3535452322738386,-0.9369602929466184,-0.9426977126636668,0.8098218511261817,-0.0114001348418036,-1.009253058874673,0.6562347188264058,1422,0.3178621659634318,-0.8866344790315357,-0.8866344790315357,0.6228242571031553,-0.0130835927498817,-1.8953881237781092,0.6223628691983122,surge_chase,strategy,"{""surge_pct"": 0.15, ""vol_mult"": 3.0, ""max_hold_days"": 1, ""stop_pct"": 0.1}",False,{}
1857,0.1949380721593968,-0.9532397728152812,-0.9608086156819612,0.7681387656768617,-0.0159160480714311,-3.376416591520836,0.875605815831987,1201,0.1756869275603663,-0.8117377831284236,-0.8237413731316353,0.5937013532197323,-0.0132189538925041,-1.2091651871710176,0.7918401332223147,surge_chase,strategy,"{""surge_pct"": 0.15, ""vol_mult"": 3.0, ""max_hold_days"": 3, ""stop_pct"": 0.05}",False,{}
1623,0.3068391866913124,-0.8365885278777838,-0.8899128402216624,0.9030912301802094,-0.0068682603707627,-0.4115561541927037,1.6179913739987677,1024,0.2724609375,-0.8926517923411396,-0.8988496106807753,0.6211205449153323,-0.0199988146258969,-1.4883848400232342,1.484375,surge_chase,strategy,"{""surge_pct"": 0.15, ""vol_mult"": 3.0, ""max_hold_days"": 3, ""stop_pct"": 0.1}",False,{}
1672,0.1716507177033492,-0.9185778076860652,-0.9314279261703964,0.7580254076883447,-0.0141745089295554,-2.280971614340416,1.2936602870813396,1058,0.1512287334593572,-0.2642594212915381,-0.7128831459230682,0.8919332479663111,7.348174330283779e-05,0.2700928373478635,1.1512287334593572,surge_chase,strategy,"{""surge_pct"": 0.15, ""vol_mult"": 3.0, ""max_hold_days"": 5, ""stop_pct"": 0.05}",False,{}
1329,0.2829194883370955,-0.5380847328362115,-0.7976918944539293,0.9477156997558164,0.0006610888655837,0.1241113860355907,2.4070729872084278,822,0.2311435523114355,-0.4651649097676079,-0.7407561398535215,0.8410714695769964,-0.0046311205133681,0.1046254398460381,2.124087591240876,surge_chase,strategy,"{""surge_pct"": 0.15, ""vol_mult"": 3.0, ""max_hold_days"": 5, ""stop_pct"": 0.1}",False,{}
1356,0.2507374631268436,-0.8711725359105208,-0.881961391977842,0.7149016545871767,-0.0146457699965465,-3.457513398279704,0.3547197640117994,962,0.212058212058212,-0.6523338411717604,-0.7168137329823661,0.6730888521546304,-0.0090598410538225,-1.0955723167309577,0.3066528066528066,surge_chase,strategy,"{""surge_pct"": 0.15, ""vol_mult"": 5.0, ""max_hold_days"": 1, ""stop_pct"": 0.05}",False,{}
1341,0.3475018642803877,-0.8128003453544393,-0.8578185085528057,0.8249829822884592,-0.0095483331031678,-0.5151369526539022,0.6181953765846383,956,0.3085774058577405,-0.7674075214291357,-0.7712041810125828,0.6641345999135905,-0.0127929037542119,-1.3773032630283206,0.5784518828451883,surge_chase,strategy,"{""surge_pct"": 0.15, ""vol_mult"": 5.0, ""max_hold_days"": 1, ""stop_pct"": 0.1}",False,{}
1309,0.1909854851031321,-0.8898749630852985,-0.9110093702858032,0.7618262647932076,-0.0160225416901883,-2.7373226479733086,0.841100076394194,916,0.1550218340611353,-0.7604513623577012,-0.7620739104686851,0.5937938454260124,-0.0145026896933689,-1.0317810404137442,0.7194323144104804,surge_chase,strategy,"{""surge_pct"": 0.15, ""vol_mult"": 5.0, ""max_hold_days"": 3, ""stop_pct"": 0.05}",False,{}
1249,0.3058446757405925,-0.688908333267042,-0.8107097580593124,0.9100823701403296,-0.0043210674055519,-0.156442248508561,1.5380304243394716,849,0.2661955241460542,-0.8578665263057352,-0.8592420512897372,0.589343284636449,-0.0212617515879545,-1.3919008226038858,1.408716136631331,surge_chase,strategy,"{""surge_pct"": 0.15, ""vol_mult"": 5.0, ""max_hold_days"": 3, ""stop_pct"": 0.1}",False,{}
1254,0.1706539074960127,-0.8430620221724912,-0.8799707256841057,0.7816732924491525,-0.0136271244081267,-1.7785379879556318,1.2400318979266347,879,0.1342434584755404,-0.1821740457394405,-0.6107450671161472,0.9252701901001296,0.0002412783593776,0.3617551886892144,1.0534698521046644,surge_chase,strategy,"{""surge_pct"": 0.15, ""vol_mult"": 5.0, ""max_hold_days"": 5, ""stop_pct"": 0.05}",False,{}
1113,0.2902066486972147,-0.2246826138514285,-0.7037556842323769,0.9756612499909874,0.0057099712552385,0.3305945803062837,2.317160826594789,735,0.2258503401360544,-0.5118000142669639,-0.7477372366746708,0.7956868273391711,-0.0050032264189524,0.00394065123534,2.0993197278911566,surge_chase,strategy,"{""surge_pct"": 0.15, ""vol_mult"": 5.0, ""max_hold_days"": 5, ""stop_pct"": 0.1}",False,{}
715,0.2293706293706293,-0.6187057017814267,-0.6831478838963674,0.7610476010435071,-0.0130073059312073,-2.037805138030603,0.3020979020979021,545,0.2018348623853211,-0.2135569094220205,-0.5105485169410211,0.8819192408047629,-0.0011829879513051,-0.0498984189031962,0.2862385321100917,surge_chase,strategy,"{""surge_pct"": 0.15, ""vol_mult"": 10.0, ""max_hold_days"": 1, ""stop_pct"": 0.05}",False,{}
712,0.3356741573033708,-0.309121526433299,-0.6811194448418432,0.940656447316776,-0.00052176409098,0.1137279337985019,0.5491573033707865,542,0.2970479704797047,-0.4117468318527062,-0.5594035804807524,0.8204082085835326,-0.0057781400376842,-0.3849450354952856,0.5239852398523985,surge_chase,strategy,"{""surge_pct"": 0.15, ""vol_mult"": 10.0, ""max_hold_days"": 1, ""stop_pct"": 0.1}",False,{}
715,0.1706293706293706,-0.5989370159587851,-0.7386897399137773,0.8293255538922538,-0.0116471082144575,-1.349234501720326,0.7132867132867133,542,0.1439114391143911,-0.5521271822053772,-0.5676625457817284,0.6745763115677742,-0.0131927703942452,-0.4595131610622747,0.6660516605166051,surge_chase,strategy,"{""surge_pct"": 0.15, ""vol_mult"": 10.0, ""max_hold_days"": 3, ""stop_pct"": 0.05}",False,{}
709,0.2806770098730606,-0.047081223320029,-0.6886758842681449,0.9943388682624112,0.0058481005174063,0.3263283698631249,1.3328631875881525,531,0.2429378531073446,-0.7244620975126559,-0.7320044323843685,0.6613014694599311,-0.0214784989822619,-0.8902076718390196,1.2693032015065913,surge_chase,strategy,"{""surge_pct"": 0.15, ""vol_mult"": 10.0, ""max_hold_days"": 3, ""stop_pct"": 0.1}",False,{}
714,0.1582633053221288,-0.5559505336223205,-0.7298849880323148,0.8411309147281303,-0.0096120261877812,-0.8767270121186098,1.0700280112044818,541,0.1293900184842883,0.3227048237661805,-0.4226650918345134,1.1434520336861933,0.0108406138702233,0.7505882741215034,0.9574861367837338,surge_chase,strategy,"{""surge_pct"": 0.15, ""vol_mult"": 10.0, ""max_hold_days"": 5, ""stop_pct"": 0.05}",False,{}
703,0.2631578947368421,0.2326417449169464,-0.669588123637435,1.0249656704090913,0.0138242765289562,0.4962147492846525,2.0,513,0.2124756335282651,-0.2769361931050349,-0.6191874774056749,0.8885143372253727,-0.0004454363605485,0.2381232633026758,1.884990253411306,surge_chase,strategy,"{""surge_pct"": 0.15, ""vol_mult"": 10.0, ""max_hold_days"": 5, ""stop_pct"": 0.1}",False,{}
995,0.2180904522613065,-0.7943401325105391,-0.8188281437766891,0.7144195065745235,-0.0154402275086483,-2.985543820266596,0.2834170854271357,685,0.2072992700729927,-0.1921828057607487,-0.5251143724908536,0.91546097841217,-0.0004918854887006,0.0310173113278498,0.2817518248175182,surge_chase,strategy,"{""surge_pct"": 0.3, ""vol_mult"": 3.0, ""max_hold_days"": 1, ""stop_pct"": 0.05}",False,{}
990,0.3252525252525252,-0.6912671860495699,-0.8006624859532847,0.8606501100135592,-0.0081097756835908,-0.2783958287464224,0.5252525252525253,682,0.2932551319648094,-0.6076633103731648,-0.647392456876308,0.7506675622968814,-0.0105617578581025,-0.7577543604915881,0.4912023460410557,surge_chase,strategy,"{""surge_pct"": 0.3, ""vol_mult"": 3.0, ""max_hold_days"": 1, ""stop_pct"": 0.1}",False,{}
979,0.1542390194075587,-0.8305584314845377,-0.8657865957077823,0.7537143958863746,-0.0170864673286488,-2.3920615303954484,0.6649642492339122,673,0.1545319465081723,-0.5243985331632186,-0.5921371057268799,0.747699607511389,-0.0084175172990748,-0.2912934944256413,0.6760772659732541,surge_chase,strategy,"{""surge_pct"": 0.3, ""vol_mult"": 3.0, ""max_hold_days"": 3, ""stop_pct"": 0.05}",False,{}
960,0.2697916666666666,-0.7040142162058907,-0.847318622132663,0.9020021926609316,-0.0060164883685773,-0.1919276618277897,1.265625,659,0.2427921092564491,-0.8341764024321294,-0.8534160184421353,0.6124003841446514,-0.0240180734380629,-1.173368695237791,1.1836115326251897,surge_chase,strategy,"{""surge_pct"": 0.3, ""vol_mult"": 3.0, ""max_hold_days"": 3, ""stop_pct"": 0.1}",False,{}
968,0.1384297520661157,-0.8116613781301836,-0.8632399961736179,0.7571415840402647,-0.0154359983524547,-1.7497001173212867,0.9679752066115702,668,0.1362275449101796,0.5709959713969941,-0.4590967750068908,1.210202889303688,0.0130547768473034,0.9248722129810952,0.9805389221556886,surge_chase,strategy,"{""surge_pct"": 0.3, ""vol_mult"": 3.0, ""max_hold_days"": 5, ""stop_pct"": 0.05}",False,{}
911,0.2381997804610318,-0.5330888711380953,-0.808914309715516,0.9357659798099164,0.0005335904869454,0.102518443603047,1.8836443468715696,625,0.2016,-0.4762591340815617,-0.7490482520236803,0.8049811391809638,-0.0060186319193314,0.062902411347207,1.7456,surge_chase,strategy,"{""surge_pct"": 0.3, ""vol_mult"": 3.0, ""max_hold_days"": 5, ""stop_pct"": 0.1}",False,{}
839,0.2073897497020262,-0.757601704484794,-0.7855643338331433,0.7047981960919917,-0.0164339235554247,-2.878599719977185,0.2693682955899881,580,0.2034482758620689,-0.0969955239390798,-0.4353439114010451,0.9542389222942868,0.0012178945884668,0.152618090111883,0.2758620689655172,surge_chase,strategy,"{""surge_pct"": 0.3, ""vol_mult"": 5.0, ""max_hold_days"": 1, ""stop_pct"": 0.05}",False,{}
833,0.3157262905162065,-0.6212125272462183,-0.7779624960895766,0.8675769190014426,-0.0073222725996102,-0.1848815737514015,0.5162064825930373,579,0.3005181347150259,-0.4200302362406972,-0.5711906278085084,0.8345504279417945,-0.0056938710599199,-0.3224146413664001,0.4974093264248704,surge_chase,strategy,"{""surge_pct"": 0.3, ""vol_mult"": 5.0, ""max_hold_days"": 1, ""stop_pct"": 0.1}",False,{}
832,0.1514423076923076,-0.7657500659898495,-0.8187718284702705,0.7645574293183803,-0.0163420370076018,-2.074084362795581,0.6430288461538461,576,0.1458333333333333,-0.4141920179949347,-0.500137163632387,0.7927926256525951,-0.0071986455970724,-0.0964477109598023,0.6510416666666666,surge_chase,strategy,"{""surge_pct"": 0.3, ""vol_mult"": 5.0, ""max_hold_days"": 3, ""stop_pct"": 0.05}",False,{}
817,0.2680538555691554,-0.5290686601728816,-0.7588737975515014,0.9232274285066387,-0.0023854256013014,0.0042954714447208,1.2472460220318238,569,0.2478031634446397,-0.740104073773511,-0.7590158928847611,0.6656403524676968,-0.020068042995228,-0.7974521083916721,1.1985940246045694,surge_chase,strategy,"{""surge_pct"": 0.3, ""vol_mult"": 5.0, ""max_hold_days"": 3, ""stop_pct"": 0.1}",False,{}
824,0.1359223300970873,-0.713635446004657,-0.7957297384809986,0.7891748511149578,-0.0128922961497605,-1.3307263575361137,0.9538834951456312,574,0.1289198606271777,0.7955092768423639,-0.4551647927239634,1.2943293481837057,0.0163555463370573,1.0379267694995986,0.9477351916376306,surge_chase,strategy,"{""surge_pct"": 0.3, ""vol_mult"": 5.0, ""max_hold_days"": 5, ""stop_pct"": 0.05}",False,{}
802,0.240648379052369,-0.2475813488051643,-0.7200102021119976,0.9719237325389634,0.0065236288210356,0.2926700385633116,1.849127182044888,551,0.1960072595281306,-0.3596428024870679,-0.6801254472481815,0.8535431486798918,-0.0013067178194623,0.2069507270659886,1.7604355716878404,surge_chase,strategy,"{""surge_pct"": 0.3, ""vol_mult"": 5.0, ""max_hold_days"": 5, ""stop_pct"": 0.1}",False,{}
594,0.2053872053872054,-0.5672017019946,-0.6489627110852765,0.7576399226279791,-0.0135359601129383,-1.8392396850970976,0.2575757575757575,423,0.210401891252955,0.1584469421127363,-0.3398255914132708,1.089808764129805,0.0075765490701454,0.4767472034299639,0.2789598108747045,surge_chase,strategy,"{""surge_pct"": 0.3, ""vol_mult"": 10.0, ""max_hold_days"": 1, ""stop_pct"": 0.05}",False,{}
592,0.3209459459459459,-0.1830202035161977,-0.6250663703849321,0.9623014192878856,0.0024155621823287,0.1984971446755046,0.5,422,0.3104265402843602,-0.0869461299621159,-0.4873515356780303,0.96345195189186,0.0026629622813434,0.1833278246752594,0.495260663507109,surge_chase,strategy,"{""surge_pct"": 0.3, ""vol_mult"": 10.0, ""max_hold_days"": 1, ""stop_pct"": 0.1}",False,{}
594,0.1464646464646464,-0.5800229353389996,-0.7113981681439743,0.8040398990371225,-0.0134098476727194,-1.3168604111908673,0.6094276094276094,422,0.1445497630331753,-0.2907403494512292,-0.416031661272836,0.8249856726930985,-0.0061768608493805,0.0426160460747542,0.6635071090047393,surge_chase,strategy,"{""surge_pct"": 0.3, ""vol_mult"": 10.0, ""max_hold_days"": 3, ""stop_pct"": 0.05}",False,{}
590,0.2627118644067797,0.0729420940194727,-0.6422247682862541,1.010031025402313,0.0090490206597898,0.3808087123190198,1.1966101694915254,417,0.2541966426858513,-0.540134417924665,-0.5737135489857461,0.7536172158859832,-0.0152953863844776,-0.3475802447144306,1.2182254196642686,surge_chase,strategy,"{""surge_pct"": 0.3, ""vol_mult"": 10.0, ""max_hold_days"": 3, ""stop_pct"": 0.1}",False,{}
593,0.1349072512647554,-0.4988173003312461,-0.6870664793166514,0.8416331634262729,-0.0096442888087387,-0.759453152293837,0.9106239460370996,421,0.1282660332541567,1.0876507457972977,-0.4144702826821178,1.490692952769158,0.0250299951813767,1.1646422677792876,0.9548693586698336,surge_chase,strategy,"{""surge_pct"": 0.3, ""vol_mult"": 10.0, ""max_hold_days"": 5, ""stop_pct"": 0.05}",False,{}
588,0.2397959183673469,0.626950557383509,-0.6047152535608231,1.0674137043370835,0.0215577562934115,0.6114373363898239,1.79421768707483,411,0.2043795620437956,0.0958887333491775,-0.5179229423888579,1.0372962353748578,0.0107674902787122,0.5986102116953642,1.8077858880778588,surge_chase,strategy,"{""surge_pct"": 0.3, ""vol_mult"": 10.0, ""max_hold_days"": 5, ""stop_pct"": 0.1}",False,{}
3291,0.3381950774840474,-0.9217194166010862,-0.923702726473344,0.7488183077303459,-0.0073646036172844,-3.096513026754792,0.5873594652081434,2132,0.3236397748592871,-0.8748356007926673,-0.8748356007926673,0.6514968105077011,-0.0087653839570113,-2.3854201650843243,0.5351782363977486,finviz_top_gainer,screen,"{""min_ret"": 0.1, ""min_rsi"": 50}",False,"{""stop_pct"": 0.05, ""target_pct"": null, ""max_hold_days"": 1}"
2059,0.2884895580378824,-0.8537571270820256,-0.8887449344321592,0.8052536773948062,-0.0090361005332905,-2.0204194329730982,1.4502185526954832,1256,0.2404458598726114,-0.8308949991469194,-0.8308949991469194,0.6120575427161214,-0.0139554623255133,-1.6513499708055732,1.2269108280254777,finviz_top_gainer,screen,"{""min_ret"": 0.1, ""min_rsi"": 50}",False,"{""stop_pct"": 0.05, ""target_pct"": null, ""max_hold_days"": 3}"
1571,0.2775302355187778,-0.6671132478345074,-0.8218461756717926,0.8611150474891149,-0.0061127513143786,-0.951617552147708,2.158497772119669,982,0.2128309572301425,-0.7136313670589083,-0.724189058851624,0.6893913370176227,-0.0119107104412226,-0.9767589643439047,1.740325865580448,finviz_top_gainer,screen,"{""min_ret"": 0.1, ""min_rsi"": 50}",False,"{""stop_pct"": 0.05, ""target_pct"": null, ""max_hold_days"": 5}"
1109,0.2128043282236248,-0.6580222584871762,-0.801751511895611,0.8147956543132444,-0.0089275227116743,-0.8711643185171837,3.349864743011722,696,0.1752873563218391,-0.464050943784285,-0.6204036737433918,0.7976343908121826,-0.0069738799216057,-0.2442407129079994,2.75,finviz_top_gainer,screen,"{""min_ret"": 0.1, ""min_rsi"": 50}",False,"{""stop_pct"": 0.05, ""target_pct"": null, ""max_hold_days"": 10}"
3345,0.3402092675635276,-0.9666824887286852,-0.9675143772075956,0.7044056355996938,-0.0100265758013968,-5.757796662430352,0.519880418535127,2141,0.3278841662774404,-0.9373548928842094,-0.9373548928842094,0.5959303860801546,-0.0127455408042452,-8.111114109226092,0.474077533862681,finviz_top_gainer,screen,"{""min_ret"": 0.1, ""min_rsi"": 50}",False,"{""stop_pct"": 0.05, ""target_pct"": 0.15, ""max_hold_days"": 1}"
2226,0.3149146451033243,-0.877500895191747,-0.894342167402521,0.7782615697526883,-0.0091835956178099,-3.5888107570202,1.1823899371069182,1380,0.2695652173913043,-0.8457544415869971,-0.8457544415869971,0.6311851305429537,-0.0132738393163407,-5.414570891410546,0.9442028985507246,finviz_top_gainer,screen,"{""min_ret"": 0.1, ""min_rsi"": 50}",False,"{""stop_pct"": 0.05, ""target_pct"": 0.15, ""max_hold_days"": 3}"
1830,0.3109289617486339,-0.7517099490958533,-0.8012453516972804,0.8319576351124665,-0.0072670574124497,-2.5142459125244576,1.6153005464480874,1149,0.2506527415143603,-0.8103122640361554,-0.8103122640361554,0.6191690340431845,-0.014360061780012,-5.237276229926853,1.2645778938207135,finviz_top_gainer,screen,"{""min_ret"": 0.1, ""min_rsi"": 50}",False,"{""stop_pct"": 0.05, ""target_pct"": 0.15, ""max_hold_days"": 5}"
1412,0.2825779036827195,-0.6644933573768785,-0.7313536758252173,0.849718453329408,-0.0072243043072634,-2.0121524037805383,2.308073654390935,929,0.2260495156081808,-0.7712497631699933,-0.773986635667948,0.6401841475554918,-0.0159849393799401,-5.039920922059687,1.7341227125941874,finviz_top_gainer,screen,"{""min_ret"": 0.1, ""min_rsi"": 50}",False,"{""stop_pct"": 0.05, ""target_pct"": 0.15, ""max_hold_days"": 10}"
3301,0.3368676158739775,-0.9284766832974516,-0.930282898458276,0.7612829815165907,-0.0076255353470017,-3.483947614176928,0.5758860951226901,2134,0.3223992502343017,-0.9312030204012822,-0.9312030204012822,0.5828402089580549,-0.0122802306921185,-6.887580077578146,0.5238987816307404,finviz_top_gainer,screen,"{""min_ret"": 0.1, ""min_rsi"": 50}",False,"{""stop_pct"": 0.05, ""target_pct"": 0.4, ""max_hold_days"": 1}"
2100,0.2923809523809524,-0.7952607656064554,-0.8618775460941966,0.8409255235763066,-0.00721364095796,-1.9598631951840588,1.3847619047619049,1283,0.2470771628994544,-0.7945068272103062,-0.7945068272103062,0.6728226235447601,-0.0119328574036117,-3.9133866022183583,1.1644583008573657,finviz_top_gainer,screen,"{""min_ret"": 0.1, ""min_rsi"": 50}",False,"{""stop_pct"": 0.05, ""target_pct"": 0.4, ""max_hold_days"": 3}"
1638,0.2851037851037851,-0.6168018516946927,-0.7713684195778643,0.8742058226433179,-0.0053199385947765,-1.1547026570792096,2.0067155067155067,1013,0.2191510365251727,-0.7286271072960842,-0.7393426053521367,0.6835964961954413,-0.0123350765121296,-3.212902959815058,1.6288252714708786,finviz_top_gainer,screen,"{""min_ret"": 0.1, ""min_rsi"": 50}",False,"{""stop_pct"": 0.05, ""target_pct"": 0.4, ""max_hold_days"": 5}"
1175,0.2314893617021276,-0.4706982828841876,-0.6982220342177217,0.8927784305205099,-0.004643869432536,-0.7737164207808214,3.0825531914893616,761,0.1852825229960578,-0.6211479612364791,-0.6494776748583915,0.7122834117883702,-0.0118362476929119,-2.6782745488981283,2.392904073587385,finviz_top_gainer,screen,"{""min_ret"": 0.1, ""min_rsi"": 50}",False,"{""stop_pct"": 0.05, ""target_pct"": 0.4, ""max_hold_days"": 10}"
3268,0.3907588739290085,-0.9428958487413768,-0.9453542546259176,0.7659793894163711,-0.0082041035300672,-2.934103429971071,0.826499388004896,2125,0.3792941176470588,-0.919627842380852,-0.9209462914033992,0.6465038672268575,-0.0104524327605228,-2.4404129464866813,0.7948235294117647,finviz_top_gainer,screen,"{""min_ret"": 0.1, ""min_rsi"": 50}",False,"{""stop_pct"": 0.1, ""target_pct"": null, ""max_hold_days"": 1}"
1737,0.3811168681635002,-0.8204297474766431,-0.8658886627645722,0.8590570272533308,-0.0086988280292578,-1.5139634608940855,2.1421991940126657,1025,0.3297560975609756,-0.7887912536857145,-0.7955774922769626,0.7005322207387645,-0.0137038473759737,-1.1193048284147171,1.9502439024390243,finviz_top_gainer,screen,"{""min_ret"": 0.1, ""min_rsi"": 50}",False,"{""stop_pct"": 0.1, ""target_pct"": null, ""max_hold_days"": 3}"
1219,0.3732567678424938,-0.6161510844304865,-0.7629342976500014,0.8853423773727231,-0.0055285204302697,-0.7420534640412254,3.287120590648072,736,0.2894021739130434,-0.6260533853819537,-0.6697448838366704,0.7887742328080178,-0.0118226189398559,-0.5074004112056049,2.823369565217391,finviz_top_gainer,screen,"{""min_ret"": 0.1, ""min_rsi"": 50}",False,"{""stop_pct"": 0.1, ""target_pct"": null, ""max_hold_days"": 5}"
780,0.2923076923076923,-0.8703210655592988,-0.9069216059233042,0.7022627341413755,-0.0236386788310038,-1.7887058135347196,5.337179487179487,473,0.2452431289640592,-0.6347023054013021,-0.6562134514167923,0.6794768512477688,-0.0205535362496151,-0.713153015404968,4.61522198731501,finviz_top_gainer,screen,"{""min_ret"": 0.1, ""min_rsi"": 50}",False,"{""stop_pct"": 0.1, ""target_pct"": null, ""max_hold_days"": 10}"
3329,0.3992189846800841,-0.971107360516717,-0.9717956896378644,0.7479002234080677,-0.0102885871324436,-4.571228147104304,0.7344547912285971,2134,0.3865979381443299,-0.9589034184931654,-0.9589034184931654,0.6230888121564557,-0.0144733107452426,-5.504397611690719,0.7188378631677601,finviz_top_gainer,screen,"{""min_ret"": 0.1, ""min_rsi"": 50}",False,"{""stop_pct"": 0.1, ""target_pct"": 0.15, ""max_hold_days"": 1}"
1924,0.4163201663201663,-0.8182620849967072,-0.8593160072089547,0.8604418710847664,-0.0081929000950762,-2.149438869144727,1.727130977130977,1134,0.3756613756613756,-0.8058550208859483,-0.8089659854876561,0.7250884410169743,-0.0133463076462632,-2.807604880198701,1.5687830687830688,finviz_top_gainer,screen,"{""min_ret"": 0.1, ""min_rsi"": 50}",False,"{""stop_pct"": 0.1, ""target_pct"": 0.15, ""max_hold_days"": 3}"
1462,0.4179206566347469,-0.7149479524130901,-0.8017743399344884,0.881016313595464,-0.0079078510169828,-1.7472639929195533,2.454856361149111,880,0.3545454545454545,-0.804763986437776,-0.8055766484310698,0.7039814496674195,-0.0177841327329493,-2.9366382298928104,2.106818181818182,finviz_top_gainer,screen,"{""min_ret"": 0.1, ""min_rsi"": 50}",False,"{""stop_pct"": 0.1, ""target_pct"": 0.15, ""max_hold_days"": 5}"
1013,0.4007897334649555,-0.6945839793224118,-0.7772571291640845,0.8494482164072007,-0.0107655450802111,-1.8295343780723212,3.771964461994077,652,0.3588957055214724,-0.7239977983575208,-0.7302821765790599,0.6828651194291868,-0.0193340325842024,-3.611032404746352,2.9846625766871164,finviz_top_gainer,screen,"{""min_ret"": 0.1, ""min_rsi"": 50}",False,"{""stop_pct"": 0.1, ""target_pct"": 0.15, ""max_hold_days"": 10}"
3280,0.3890243902439024,-0.9475816587186956,-0.949565072421258,0.7764452074576326,-0.0084397602983279,-3.215842204156981,0.8097560975609757,2125,0.3778823529411764,-0.9582529167748252,-0.9589399525272816,0.5947875703819937,-0.0142767994736419,-5.067746055687615,0.7816470588235294,finviz_top_gainer,screen,"{""min_ret"": 0.1, ""min_rsi"": 50}",False,"{""stop_pct"": 0.1, ""target_pct"": 0.4, ""max_hold_days"": 1}"
1779,0.388982574480045,-0.6791021312153602,-0.7956219823981043,0.9099721104940456,-0.0051962548675744,-1.0954401976600128,2.040472175379427,1049,0.3355576739752144,-0.7644867591625853,-0.7688997223127512,0.7502826826387071,-0.0123729572659845,-2.1764886327954582,1.853193517635844,finviz_top_gainer,screen,"{""min_ret"": 0.1, ""min_rsi"": 50}",False,"{""stop_pct"": 0.1, ""target_pct"": 0.4, ""max_hold_days"": 3}"
1279,0.3760750586395621,-0.4990743133552391,-0.6693156804026004,0.9134345075773984,-0.0041644172260798,-0.6378548904506602,3.047693510555121,766,0.304177545691906,-0.7005457238612652,-0.7033647969123129,0.759314989949889,-0.0142434334030643,-1.8207224122465144,2.6344647519582245,finviz_top_gainer,screen,"{""min_ret"": 0.1, ""min_rsi"": 50}",False,"{""stop_pct"": 0.1, ""target_pct"": 0.4, ""max_hold_days"": 5}"
824,0.3337378640776699,-0.5097413456660866,-0.746080076740129,0.8925772656531178,-0.0061732316571952,-0.7766718650984628,4.974514563106796,518,0.2664092664092664,-0.6073672843155749,-0.6401447802438986,0.7521556184879268,-0.0164009242764707,-1.5059739418866822,4.0926640926640925,finviz_top_gainer,screen,"{""min_ret"": 0.1, ""min_rsi"": 50}",False,"{""stop_pct"": 0.1, ""target_pct"": 0.4, ""max_hold_days"": 10}"
3256,0.4054054054054054,-0.9489991999408786,-0.9568217323107352,0.8147078723120305,-0.0083977615308882,-2.6525621285973364,0.95485257985258,2122,0.4038642789820924,-0.8961735835192124,-0.8975777785086941,0.7086807537554006,-0.0089786006893992,-2.056209353545798,0.9481621112158342,finviz_top_gainer,screen,"{""min_ret"": 0.1, ""min_rsi"": 50}",False,"{""stop_pct"": 0.2, ""target_pct"": null, ""max_hold_days"": 1}"
1563,0.4145873320537428,-0.8310641062101932,-0.8712108497733764,0.8396911052111176,-0.0094396400994866,-1.2534685401638617,2.6839411388355727,881,0.3620885357548241,-0.8693943664812859,-0.8784465600141684,0.6503741024494921,-0.0210994016895202,-1.4824166962091287,2.58683314415437,finviz_top_gainer,screen,"{""min_ret"": 0.1, ""min_rsi"": 50}",False,"{""stop_pct"": 0.2, ""target_pct"": null, ""max_hold_days"": 3}"
1026,0.4200779727095516,-0.6381063009404775,-0.7326410997694597,0.878799333444921,-0.0060287303241663,-0.5627300110629848,4.266081871345029,571,0.3450087565674256,-0.7498739977794051,-0.7909828022206575,0.7532782455256868,-0.0215490268689038,-1.622811710347155,4.057793345008757,finviz_top_gainer,screen,"{""min_ret"": 0.1, ""min_rsi"": 50}",False,"{""stop_pct"": 0.2, ""target_pct"": null, ""max_hold_days"": 5}"
592,0.3699324324324324,-0.796676417190408,-0.8720944132874233,0.7471619889999136,-0.0225002959369088,-1.0909477412669106,7.525337837837838,333,0.3213213213213213,-0.6309355753658867,-0.7193849780849124,0.7511179849923936,-0.0291817965931684,-1.0912090478129663,7.075075075075075,finviz_top_gainer,screen,"{""min_ret"": 0.1, ""min_rsi"": 50}",False,"{""stop_pct"": 0.2, ""target_pct"": null, ""max_hold_days"": 10}"
3324,0.4217809867629362,-0.9686307706328796,-0.9703030952391674,0.7911385720969173,-0.0099178643955999,-3.769282187939599,0.8540914560770156,2136,0.4204119850187266,-0.9380546107344734,-0.9380889366842172,0.6790729671446191,-0.0123509730181091,-4.377381981441011,0.8567415730337079,finviz_top_gainer,screen,"{""min_ret"": 0.1, ""min_rsi"": 50}",False,"{""stop_pct"": 0.2, ""target_pct"": 0.15, ""max_hold_days"": 1}"
1750,0.4725714285714286,-0.8107117276289579,-0.8555261728118744,0.8687843401090105,-0.0083118696642323,-1.684952703103903,2.1634285714285717,980,0.4357142857142857,-0.70488024909526,-0.7128564181684167,0.7915279025923015,-0.0107609085348526,-1.8458003409050647,2.096938775510204,finviz_top_gainer,screen,"{""min_ret"": 0.1, ""min_rsi"": 50}",False,"{""stop_pct"": 0.2, ""target_pct"": 0.15, ""max_hold_days"": 3}"
1252,0.4936102236421725,-0.5799916149374863,-0.7390408171686984,0.9142462142592468,-0.005589394108666,-0.8525915547743037,3.18370607028754,698,0.4527220630372492,-0.6421500658616998,-0.6557074549325348,0.7895811556263028,-0.0127349599116189,-1.6451999584533654,3.037249283667622,finviz_top_gainer,screen,"{""min_ret"": 0.1, ""min_rsi"": 50}",False,"{""stop_pct"": 0.2, ""target_pct"": 0.15, ""max_hold_days"": 5}"
803,0.49813200498132,-0.5743856418857236,-0.6981172692908311,0.8900932047667595,-0.0085633535810638,-0.9343908529949068,5.184308841843088,460,0.4695652173913043,-0.5184026113144161,-0.6041806071023554,0.8266660014094108,-0.0129566322406616,-1.1657231690287504,4.73695652173913,finviz_top_gainer,screen,"{""min_ret"": 0.1, ""min_rsi"": 50}",False,"{""stop_pct"": 0.2, ""target_pct"": 0.15, ""max_hold_days"": 10}"
3269,0.4037932089323952,-0.9572031773598346,-0.9617456949540292,0.8029935062224828,-0.0089843106841309,-3.0998734658696603,0.9388192107678188,2125,0.4051764705882353,-0.9392773493834912,-0.9400902842700232,0.6677863603194464,-0.0123676763258433,-3.978651834880581,0.9312941176470588,finviz_top_gainer,screen,"{""min_ret"": 0.1, ""min_rsi"": 50}",False,"{""stop_pct"": 0.2, ""target_pct"": 0.4, ""max_hold_days"": 1}"
1603,0.4279475982532751,-0.7033855008073869,-0.778916380681543,0.898883233661536,-0.0059264484696968,-1.0133993165483903,2.5483468496568933,905,0.3922651933701657,-0.6968136228821826,-0.7353443009274614,0.796391372606519,-0.010661190681716,-1.4139959525818564,2.450828729281768,finviz_top_gainer,screen,"{""min_ret"": 0.1, ""min_rsi"": 50}",False,"{""stop_pct"": 0.2, ""target_pct"": 0.4, ""max_hold_days"": 3}"
1093,0.4290942360475754,-0.5960734923145872,-0.7175474035244059,0.8974768032627212,-0.0057823790899977,-0.7195612602613155,3.891125343092406,601,0.3527454242928453,-0.7655742798310701,-0.8048945091293763,0.7386612343935962,-0.0215265505368049,-2.070111435926151,3.770382695507488,finviz_top_gainer,screen,"{""min_ret"": 0.1, ""min_rsi"": 50}",False,"{""stop_pct"": 0.2, ""target_pct"": 0.4, ""max_hold_days"": 5}"
668,0.4131736526946107,-0.5821940934551226,-0.7499067587117103,0.8856666977708152,-0.0091062882372825,-0.7449511491539231,6.49251497005988,367,0.3705722070844686,-0.4319022615433793,-0.6283547211655902,0.8771977080868005,-0.0089526335035346,-0.6510372289821145,6.283378746594005,finviz_top_gainer,screen,"{""min_ret"": 0.1, ""min_rsi"": 50}",False,"{""stop_pct"": 0.2, ""target_pct"": 0.4, ""max_hold_days"": 10}"
3237,0.4080939141180105,-0.9619748038765203,-0.9674500162368648,0.7978956140400745,-0.0092451973789935,-2.813315107425724,0.998455359901143,2116,0.4078449905482041,-0.9209259900285242,-0.9219428139535168,0.6997413219178767,-0.0101391276145761,-2.241707246922528,0.997164461247637,finviz_top_gainer,screen,"{""min_ret"": 0.1, ""min_rsi"": 50}",False,"{""stop_pct"": null, ""target_pct"": null, ""max_hold_days"": 1}"
1486,0.4279946164199192,-0.8614077799938484,-0.8950275546668396,0.8174796644067093,-0.0110446736510989,-1.2867168744991722,2.9858681022880216,821,0.3873325213154689,-0.8344482953683929,-0.8418839378772037,0.6813678697315442,-0.0191848089450712,-1.1978445728943117,2.97442143727162,finviz_top_gainer,screen,"{""min_ret"": 0.1, ""min_rsi"": 50}",False,"{""stop_pct"": null, ""target_pct"": null, ""max_hold_days"": 3}"
928,0.4267241379310345,-0.8242483748221057,-0.8817735007935803,0.7653430818411985,-0.0134226930230399,-1.100013481169706,4.960129310344827,499,0.3867735470941884,-0.3793125267684823,-0.7743684944874322,0.927988774438878,-0.0007300203510599,0.13060538602724,4.943887775551103,finviz_top_gainer,screen,"{""min_ret"": 0.1, ""min_rsi"": 50}",False,"{""stop_pct"": null, ""target_pct"": null, ""max_hold_days"": 5}"
470,0.4021276595744681,-0.8586269370817904,-0.8959479417623084,0.6839401428575982,-0.0317546501437998,-1.3939475471877352,9.859574468085109,250,0.376,-0.5546000769714816,-0.8382818562698406,0.8497865039269665,-0.0196155134275133,-0.0179748320115541,9.888,finviz_top_gainer,screen,"{""min_ret"": 0.1, ""min_rsi"": 50}",False,"{""stop_pct"": null, ""target_pct"": null, ""max_hold_days"": 10}"
3316,0.4315440289505428,-0.9468322875216122,-0.9529576797712824,0.8233882670926215,-0.0082033280580065,-3.0283201457718327,0.8950542822677925,2134,0.42970946579194,-0.939532453007962,-0.9408336138460076,0.7126048165368395,-0.0125213680003498,-4.223665407608595,0.90253045923149,finviz_top_gainer,screen,"{""min_ret"": 0.1, ""min_rsi"": 50}",False,"{""stop_pct"": null, ""target_pct"": 0.15, ""max_hold_days"": 1}"
1665,0.4894894894894895,-0.7269800860250946,-0.8142698441963022,0.8921087337746842,-0.0062607379881144,-1.1490904649375426,2.422822822822823,916,0.4574235807860262,-0.7549056872842028,-0.7644281875189616,0.7700667437943397,-0.0131089360804416,-1.994617874506728,2.4170305676855897,finviz_top_gainer,screen,"{""min_ret"": 0.1, ""min_rsi"": 50}",False,"{""stop_pct"": null, ""target_pct"": 0.15, ""max_hold_days"": 3}"
1131,0.53315649867374,-0.2734000845678981,-0.6431398040210048,0.9675127282287178,-0.000859267258518,-0.1248204907129225,3.741821396993811,620,0.4854838709677419,-0.7490927844901788,-0.7893001033040437,0.7237335242152015,-0.0202142434940437,-2.689419274060149,3.653225806451613,finviz_top_gainer,screen,"{""min_ret"": 0.1, ""min_rsi"": 50}",False,"{""stop_pct"": null, ""target_pct"": 0.15, ""max_hold_days"": 5}"
667,0.5862068965517241,-0.0883944950246768,-0.6071375904916763,0.9821408892316738,0.0012332662715348,0.0934092054844337,6.535232383808096,360,0.5472222222222223,-0.4757945650401344,-0.5999937896138234,0.8415362526759277,-0.0147579486697029,-1.29494182920133,6.463888888888889,finviz_top_gainer,screen,"{""min_ret"": 0.1, ""min_rsi"": 50}",False,"{""stop_pct"": null, ""target_pct"": 0.15, ""max_hold_days"": 10}"
3248,0.4070197044334975,-0.9609671283759252,-0.9647170183851212,0.7942122165835553,-0.0092155343358451,-3.065891251445986,0.9833743842364532,2117,0.4076523382144544,-0.9618728213809118,-0.96229436094841,0.6491735844465872,-0.0146532894435721,-4.45916892316194,0.9834671705243268,finviz_top_gainer,screen,"{""min_ret"": 0.1, ""min_rsi"": 50}",False,"{""stop_pct"": null, ""target_pct"": 0.4, ""max_hold_days"": 1}"
1517,0.4403427818061964,-0.7730425660785634,-0.8364653880854718,0.8750639420758043,-0.0078390146798902,-1.1125430325558685,2.860250494396836,843,0.4033214709371293,-0.823763156822316,-0.8409299796958558,0.7134894662628596,-0.0169270116284379,-2.123590435347426,2.833926453143535,finviz_top_gainer,screen,"{""min_ret"": 0.1, ""min_rsi"": 50}",False,"{""stop_pct"": null, ""target_pct"": 0.4, ""max_hold_days"": 3}"
980,0.4438775510204081,-0.6145490878069688,-0.7472026884579388,0.8885455093284117,-0.0068593521707272,-0.6085105988586682,4.58265306122449,530,0.3830188679245283,-0.7004940695593096,-0.7771249072627491,0.8131322269845119,-0.0175281756074153,-1.5288232984679784,4.562264150943396,finviz_top_gainer,screen,"{""min_ret"": 0.1, ""min_rsi"": 50}",False,"{""stop_pct"": null, ""target_pct"": 0.4, ""max_hold_days"": 5}"
522,0.4731800766283525,-0.5612725031010186,-0.7825212492814957,0.8683320058443734,-0.0095983227832615,-0.5805851166486794,8.739463601532567,286,0.4265734265734265,-0.3099374955511724,-0.5963125822662625,0.9218276204450814,-0.003061771067809,-0.2877042871376117,8.496503496503497,finviz_top_gainer,screen,"{""min_ret"": 0.1, ""min_rsi"": 50}",False,"{""stop_pct"": null, ""target_pct"": 0.4, ""max_hold_days"": 10}"
3030,0.3379537953795379,-0.9002248726034532,-0.9035053538998536,0.7632378681049271,-0.0072139398353524,-2.8750631428131666,0.5871287128712871,2020,0.3163366336633663,-0.8727074503460729,-0.8727074503460729,0.6278581532314108,-0.0091443771717141,-2.4124360425551137,0.5400990099009901,finviz_top_gainer,screen,"{""min_ret"": 0.1, ""min_rsi"": 60}",False,"{""stop_pct"": 0.05, ""target_pct"": null, ""max_hold_days"": 1}"
1981,0.2897526501766784,-0.8376593112961209,-0.8714231028734316,0.7954773207732297,-0.008710021380371,-1.9673472234879867,1.4659262998485614,1227,0.2363488182559087,-0.759511377049838,-0.7620007001996794,0.6949034562906128,-0.0109559675090012,-0.9564013449973768,1.2428687856560716,finviz_top_gainer,screen,"{""min_ret"": 0.1, ""min_rsi"": 60}",False,"{""stop_pct"": 0.05, ""target_pct"": null, ""max_hold_days"": 3}"
1537,0.2726089785296031,-0.6991160041690179,-0.8136655679939642,0.8343638562026487,-0.0070749661596297,-1.0625996108131246,2.149642160052049,963,0.2139148494288681,-0.380755012968794,-0.653200139814567,0.8827265538557805,-0.0024286755898482,-0.0114432151328101,1.7705088265835929,finviz_top_gainer,screen,"{""min_ret"": 0.1, ""min_rsi"": 60}",False,"{""stop_pct"": 0.05, ""target_pct"": null, ""max_hold_days"": 5}"
1110,0.2018018018018018,-0.7818976709004342,-0.8731153312079103,0.7512103178407423,-0.0127669880068103,-1.4486101965286635,3.274774774774775,705,0.1716312056737588,-0.4544611234271342,-0.6254059934293694,0.8004914772711891,-0.0081938094134844,-0.2148657834949005,2.675177304964539,finviz_top_gainer,screen,"{""min_ret"": 0.1, ""min_rsi"": 60}",False,"{""stop_pct"": 0.05, ""target_pct"": null, ""max_hold_days"": 10}"
3092,0.3402328589909443,-0.9579665716279908,-0.9593443471847451,0.7052375201484836,-0.0100775456841078,-5.478837157090214,0.5206985769728332,2033,0.3202164289227742,-0.9391054042764838,-0.9391054042764838,0.5584597864754406,-0.0136069105255045,-8.44333978270212,0.4825381210034432,finviz_top_gainer,screen,"{""min_ret"": 0.1, ""min_rsi"": 60}",False,"{""stop_pct"": 0.05, ""target_pct"": 0.15, ""max_hold_days"": 1}"
2141,0.3110695936478281,-0.8776811146978601,-0.8905941634772954,0.7655330843665239,-0.0095986285021972,-3.7047893157757854,1.190098085007006,1332,0.2755255255255255,-0.8194786930893346,-0.8194786930893346,0.6414494688430705,-0.0125121492188928,-5.087668488209692,0.9857357357357356,finviz_top_gainer,screen,"{""min_ret"": 0.1, ""min_rsi"": 60}",False,"{""stop_pct"": 0.05, ""target_pct"": 0.15, ""max_hold_days"": 3}"
1762,0.3070374574347332,-0.787459224657074,-0.8242199951727308,0.8053130277426926,-0.0085957256276685,-2.9255557689703,1.649262202043133,1137,0.2506596306068601,-0.7949024452123727,-0.7985993543381401,0.6296922742376188,-0.0137397990085082,-4.871432041196045,1.2612137203166227,finviz_top_gainer,screen,"{""min_ret"": 0.1, ""min_rsi"": 60}",False,"{""stop_pct"": 0.05, ""target_pct"": 0.15, ""max_hold_days"": 5}"
1377,0.2737835875090777,-0.733329686945597,-0.7844287984087966,0.8178930087617311,-0.0093816769646638,-2.596205833517945,2.3195352214960057,916,0.2314410480349345,-0.7429066567225437,-0.7457671223016155,0.6407409217691026,-0.0145528140174087,-4.537118450626428,1.759825327510917,finviz_top_gainer,screen,"{""min_ret"": 0.1, ""min_rsi"": 60}",False,"{""stop_pct"": 0.05, ""target_pct"": 0.15, ""max_hold_days"": 10}"
3041,0.3370601775731667,-0.90796355362418,-0.9109889616664942,0.7762677510237247,-0.0074869362125965,-3.2695184530486348,0.574482078263729,2023,0.314878892733564,-0.9279731974637035,-0.9279731974637035,0.5588026904271934,-0.0127719244142583,-7.020594987629338,0.5289174493326743,finviz_top_gainer,screen,"{""min_ret"": 0.1, ""min_rsi"": 60}",False,"{""stop_pct"": 0.05, ""target_pct"": 0.4, ""max_hold_days"": 1}"
2021,0.2924294903513112,-0.800551106005989,-0.8583359746214485,0.8298299586689392,-0.0075748887988123,-2.0511931064600777,1.3953488372093024,1255,0.2422310756972111,-0.7945966534877554,-0.7966662425861146,0.662352858554363,-0.0122490467957167,-3.8591375113486266,1.1768924302788846,finviz_top_gainer,screen,"{""min_ret"": 0.1, ""min_rsi"": 60}",False,"{""stop_pct"": 0.05, ""target_pct"": 0.4, ""max_hold_days"": 3}"
1590,0.2830188679245283,-0.707965427852603,-0.8076052489990038,0.8427413395320842,-0.0074738042722265,-1.5616990791493592,2.020125786163522,1006,0.2196819085487077,-0.6951760163777913,-0.7092056275346101,0.705553539350042,-0.011381472265361,-2.9045210475765355,1.6242544731610338,finviz_top_gainer,screen,"{""min_ret"": 0.1, ""min_rsi"": 60}",False,"{""stop_pct"": 0.05, ""target_pct"": 0.4, ""max_hold_days"": 5}"
1174,0.2155025553662691,-0.7047372245576713,-0.8154728743562214,0.8179612249490772,-0.0099700021501598,-1.725788268304835,3.0017035775127767,757,0.1915455746367239,-0.5660932027262402,-0.5908443115377354,0.7408335723708435,-0.0103128463312341,-2.216475504431392,2.4121532364597096,finviz_top_gainer,screen,"{""min_ret"": 0.1, ""min_rsi"": 60}",False,"{""stop_pct"": 0.05, ""target_pct"": 0.4, ""max_hold_days"": 10}"
3003,0.3902763902763903,-0.915276590136945,-0.9204277631009432,0.7859007492897889,-0.0076003870076124,-2.5770130611603927,0.8255078255078255,2015,0.3682382133995037,-0.9363101376034338,-0.9377562882278369,0.5640842016039223,-0.0123602675039272,-3.151637248956587,0.798014888337469,finviz_top_gainer,screen,"{""min_ret"": 0.1, ""min_rsi"": 60}",False,"{""stop_pct"": 0.1, ""target_pct"": null, ""max_hold_days"": 1}"
1683,0.3790849673202614,-0.7788757976723144,-0.8255559401451231,0.8576437936171185,-0.0077843149444153,-1.3360828625743195,2.138443256090315,1014,0.3264299802761341,-0.7741790627272799,-0.783147434267257,0.699797969639499,-0.0132124142163407,-1.00951600240418,1.95069033530572,finviz_top_gainer,screen,"{""min_ret"": 0.1, ""min_rsi"": 60}",False,"{""stop_pct"": 0.1, ""target_pct"": null, ""max_hold_days"": 3}"
1182,0.3747884940778341,-0.5665577109008889,-0.7517310417414257,0.9006712289852068,-0.0047819438480665,-0.5623697753352181,3.3367174280879865,733,0.2919508867667121,-0.6760433869932065,-0.6862796097282076,0.7293024409987428,-0.0139791668452189,-0.7801219842002931,2.8335607094133697,finviz_top_gainer,screen,"{""min_ret"": 0.1, ""min_rsi"": 60}",False,"{""stop_pct"": 0.1, ""target_pct"": null, ""max_hold_days"": 5}"
764,0.2971204188481675,-0.7862222961451233,-0.867488954121339,0.7646031653989555,-0.0172918696522192,-1.3080997828382537,5.43848167539267,469,0.2601279317697228,-0.5566349093937921,-0.607019099728803,0.7241403298188582,-0.0163833444074285,-0.4759111648412601,4.663113006396588,finviz_top_gainer,screen,"{""min_ret"": 0.1, ""min_rsi"": 60}",False,"{""stop_pct"": 0.1, ""target_pct"": null, ""max_hold_days"": 10}"
3077,0.3990900227494313,-0.959375562269752,-0.960682381439021,0.7566774876763093,-0.010040619390062,-4.260192686656733,0.7341566460838479,2025,0.3762962962962963,-0.9688603675108044,-0.9688603675108044,0.5364397558661165,-0.0168699425761908,-8.6318316956905,0.7254320987654321,finviz_top_gainer,screen,"{""min_ret"": 0.1, ""min_rsi"": 60}",False,"{""stop_pct"": 0.1, ""target_pct"": 0.15, ""max_hold_days"": 1}"
1860,0.4139784946236559,-0.815168177293463,-0.8486587873780761,0.8471028036156756,-0.0085065423776372,-2.174872752906998,1.7311827956989247,1112,0.3714028776978417,-0.8600746160789019,-0.8625953569801219,0.6404390616561618,-0.0172529039899777,-5.032994204937231,1.6007194244604317,finviz_top_gainer,screen,"{""min_ret"": 0.1, ""min_rsi"": 60}",False,"{""stop_pct"": 0.1, ""target_pct"": 0.15, ""max_hold_days"": 3}"
1415,0.4212014134275618,-0.6967521201204895,-0.78636465300289,0.8725282451227625,-0.0077925887987927,-1.6715875897341246,2.498233215547703,869,0.3555811277330264,-0.8381515073232108,-0.8407742581455054,0.6383569828252496,-0.0205141747601002,-4.959355604155063,2.140391254315305,finviz_top_gainer,screen,"{""min_ret"": 0.1, ""min_rsi"": 60}",False,"{""stop_pct"": 0.1, ""target_pct"": 0.15, ""max_hold_days"": 5}"
1008,0.4027777777777778,-0.6917100096854005,-0.7750304828263997,0.8494032193677578,-0.0103570736823879,-1.8417733392205275,3.747023809523809,632,0.3575949367088608,-0.7472465666761732,-0.7530321209976472,0.6617264800838242,-0.0211889822419187,-4.072235843747483,3.0996835443037973,finviz_top_gainer,screen,"{""min_ret"": 0.1, ""min_rsi"": 60}",False,"{""stop_pct"": 0.1, ""target_pct"": 0.15, ""max_hold_days"": 10}"
3018,0.3886679920477137,-0.9236477756658884,-0.9275524924909098,0.7956466209245652,-0.0079817447586247,-2.859989180505337,0.8074884029158383,2017,0.3673772930094199,-0.9652455018416805,-0.965957038782607,0.5142374740093951,-0.016311010256835,-7.432551812977882,0.7848289538919186,finviz_top_gainer,screen,"{""min_ret"": 0.1, ""min_rsi"": 60}",False,"{""stop_pct"": 0.1, ""target_pct"": 0.4, ""max_hold_days"": 1}"
1728,0.3854166666666667,-0.6730696085396055,-0.7791949940341495,0.9025309507493328,-0.0055097417704414,-1.0991619459598028,2.0231481481481484,1040,0.3298076923076923,-0.8180571445424936,-0.8223027030994415,0.6827211911998797,-0.0159292811992515,-3.5263996542997744,1.8586538461538464,finviz_top_gainer,screen,"{""min_ret"": 0.1, ""min_rsi"": 60}",False,"{""stop_pct"": 0.1, ""target_pct"": 0.4, ""max_hold_days"": 3}"
1255,0.3752988047808765,-0.5437443489217337,-0.699947437725391,0.9110344273922176,-0.0053645919998111,-0.7545370997119585,3.043824701195219,768,0.2955729166666667,-0.7958140595321594,-0.7985495019700042,0.6629073399830342,-0.0198083258519808,-3.501943227018727,2.6197916666666665,finviz_top_gainer,screen,"{""min_ret"": 0.1, ""min_rsi"": 60}",False,"{""stop_pct"": 0.1, ""target_pct"": 0.4, ""max_hold_days"": 5}"
824,0.3276699029126214,-0.5978007318555077,-0.783329700939159,0.8687266253405461,-0.0088243027718497,-1.0796279718990855,4.933252427184466,512,0.267578125,-0.6959193732934164,-0.7216830046160683,0.6542805580697724,-0.0216780313295945,-2.745414693032409,4.1484375,finviz_top_gainer,screen,"{""min_ret"": 0.1, ""min_rsi"": 60}",False,"{""stop_pct"": 0.1, ""target_pct"": 0.4, ""max_hold_days"": 10}"
2993,0.4042766455061811,-0.9310824716164952,-0.9415758326272292,0.8196345034387902,-0.0081443472332439,-2.4173886897669576,0.9518877380554628,2010,0.3940298507462687,-0.921623629389709,-0.9232883076966932,0.6333844165961828,-0.0112686864148797,-2.572086286206424,0.9487562189054728,finviz_top_gainer,screen,"{""min_ret"": 0.1, ""min_rsi"": 60}",False,"{""stop_pct"": 0.2, ""target_pct"": null, ""max_hold_days"": 1}"
1520,0.4085526315789474,-0.8538261736225649,-0.8890008637279396,0.8197856126010543,-0.0106568062786892,-1.3899198560715935,2.6868421052631577,875,0.368,-0.8821964062569723,-0.8900820372727978,0.5953040529505909,-0.0221163421469636,-1.719601381740289,2.593142857142857,finviz_top_gainer,screen,"{""min_ret"": 0.1, ""min_rsi"": 60}",False,"{""stop_pct"": 0.2, ""target_pct"": null, ""max_hold_days"": 3}"
1016,0.4192913385826771,-0.7065123099064866,-0.7924655313492343,0.8682555954197022,-0.0085092816536463,-0.7159940026318079,4.251968503937008,570,0.343859649122807,-0.8029887861895776,-0.8353680485987841,0.6901018976302654,-0.0251516222416087,-1.2286141736319685,4.06140350877193,finviz_top_gainer,screen,"{""min_ret"": 0.1, ""min_rsi"": 60}",False,"{""stop_pct"": 0.2, ""target_pct"": null, ""max_hold_days"": 5}"
597,0.3618090452261306,-0.8706305729220307,-0.9047151020780362,0.7005772054320578,-0.0294358841448035,-1.5578146165360631,7.408710217755444,334,0.3263473053892216,-0.7099131585911691,-0.7908632668401563,0.6884935664338013,-0.0333631014115589,-0.780130089126066,7.038922155688622,finviz_top_gainer,screen,"{""min_ret"": 0.1, ""min_rsi"": 60}",False,"{""stop_pct"": 0.2, ""target_pct"": null, ""max_hold_days"": 10}"
3069,0.4206581948517432,-0.9638010043939584,-0.9657688303308614,0.7869579445799377,-0.0102083994470457,-3.692196917210528,0.851743238840013,2026,0.4106614017769003,-0.9519443109573328,-0.9519709401735916,0.6048864491708594,-0.0145713485738683,-6.416700502526797,0.8613030602171767,finviz_top_gainer,screen,"{""min_ret"": 0.1, ""min_rsi"": 60}",False,"{""stop_pct"": 0.2, ""target_pct"": 0.15, ""max_hold_days"": 1}"
1704,0.4671361502347418,-0.832033240690789,-0.8732859238343725,0.8555367035423694,-0.0093127911340627,-1.812541267650953,2.1684272300469485,965,0.4424870466321243,-0.730758084844722,-0.7396757859500911,0.7569383074671862,-0.0125815268319342,-2.7530331798880225,2.1253886010362693,finviz_top_gainer,screen,"{""min_ret"": 0.1, ""min_rsi"": 60}",False,"{""stop_pct"": 0.2, ""target_pct"": 0.15, ""max_hold_days"": 3}"
1226,0.4926590538336052,-0.6083889557615477,-0.7738682237932509,0.904853135397866,-0.0063034787102292,-0.9632332104492808,3.207177814029364,700,0.4471428571428571,-0.7316901181507718,-0.7462319858151719,0.7187910964123341,-0.017624287645065,-3.166102001188109,3.03,finviz_top_gainer,screen,"{""min_ret"": 0.1, ""min_rsi"": 60}",False,"{""stop_pct"": 0.2, ""target_pct"": 0.15, ""max_hold_days"": 5}"
811,0.4944512946979038,-0.6837991499026844,-0.7681523660633836,0.8609766414496415,-0.0122918377411031,-1.378413343631007,5.066584463625154,462,0.4848484848484848,-0.5395612239320078,-0.5835393075099938,0.7906641370083619,-0.0155684334906889,-1.8831293933344493,4.725108225108225,finviz_top_gainer,screen,"{""min_ret"": 0.1, ""min_rsi"": 60}",False,"{""stop_pct"": 0.2, ""target_pct"": 0.15, ""max_hold_days"": 10}"
3007,0.4030595277685401,-0.9449620395860332,-0.9526993462190576,0.8082875587954262,-0.0089680196440579,-2.892128931623724,0.9338210841370136,2013,0.3954297069051167,-0.9522705569545072,-0.9531806862617848,0.596096902517024,-0.014552387278904,-5.671025212980596,0.9324391455538996,finviz_top_gainer,screen,"{""min_ret"": 0.1, ""min_rsi"": 60}",False,"{""stop_pct"": 0.2, ""target_pct"": 0.4, ""max_hold_days"": 1}"
1563,0.4273832373640435,-0.7517685969635055,-0.8147616751655269,0.8889774040583779,-0.0072303748164609,-1.216353088165655,2.541906589891235,895,0.3854748603351955,-0.8042706135292144,-0.8331833640850305,0.7072548730093131,-0.0162256197993082,-2.768871500928575,2.470391061452514,finviz_top_gainer,screen,"{""min_ret"": 0.1, ""min_rsi"": 60}",False,"{""stop_pct"": 0.2, ""target_pct"": 0.4, ""max_hold_days"": 3}"
1075,0.4269767441860465,-0.6178269278527866,-0.7374007030230731,0.8977138706846843,-0.0067307757414145,-0.7905149187847538,3.910697674418605,601,0.3594009983361065,-0.7434225965952821,-0.786403134702664,0.7108082422526771,-0.0201953788034005,-2.5461078181181898,3.768718801996672,finviz_top_gainer,screen,"{""min_ret"": 0.1, ""min_rsi"": 60}",False,"{""stop_pct"": 0.2, ""target_pct"": 0.4, ""max_hold_days"": 5}"
658,0.4148936170212766,-0.5205293429911066,-0.7563652409025119,0.9006415656994157,-0.0074816442588821,-0.592671489719952,6.586626139817629,365,0.3753424657534246,-0.5218620391297001,-0.6669487569235956,0.8162594674322388,-0.0155438135464779,-1.275076516043658,6.33972602739726,finviz_top_gainer,screen,"{""min_ret"": 0.1, ""min_rsi"": 60}",False,"{""stop_pct"": 0.2, ""target_pct"": 0.4, ""max_hold_days"": 10}"
2976,0.4075940860215054,-0.947009170338048,-0.954575568589896,0.800218897787899,-0.0090635587140867,-2.5676453480930133,0.9983198924731184,2006,0.3978065802592223,-0.93925526045437,-0.9397146612807856,0.6309588855038205,-0.0123876338832807,-2.875383208861864,0.9980059820538384,finviz_top_gainer,screen,"{""min_ret"": 0.1, ""min_rsi"": 60}",False,"{""stop_pct"": null, ""target_pct"": null, ""max_hold_days"": 1}"
1448,0.4267955801104972,-0.8058983413072857,-0.8547531714876186,0.8320469604335529,-0.0086193429159905,-1.034808060537862,2.9861878453038675,814,0.3955773955773956,-0.7933443750994043,-0.8017819630015545,0.7203975594983686,-0.0162886593880119,-0.9285890999740624,2.98034398034398,finviz_top_gainer,screen,"{""min_ret"": 0.1, ""min_rsi"": 60}",False,"{""stop_pct"": null, ""target_pct"": null, ""max_hold_days"": 3}"
921,0.4201954397394137,-0.8498166424045905,-0.9012590653603274,0.796744179338179,-0.0161800425077403,-1.2107713577612589,4.955483170466884,497,0.3722334004024145,-0.7267556111580744,-0.8394162746419203,0.7985948541033419,-0.0200200788647993,-0.7749867852620734,4.943661971830986,finviz_top_gainer,screen,"{""min_ret"": 0.1, ""min_rsi"": 60}",False,"{""stop_pct"": null, ""target_pct"": null, ""max_hold_days"": 5}"
469,0.3923240938166311,-0.8424307643740883,-0.8766089273625209,0.6986845213658075,-0.0319803148989087,-0.9555367133006945,9.865671641791044,249,0.3975903614457831,-0.635541518731702,-0.7557401958509244,0.7354312461701727,-0.0302967136585173,-0.4061125948465378,9.899598393574298,finviz_top_gainer,screen,"{""min_ret"": 0.1, ""min_rsi"": 60}",False,"{""stop_pct"": null, ""target_pct"": null, ""max_hold_days"": 10}"
3060,0.4310457516339869,-0.9387170152855592,-0.9458422822531816,0.8193016502632872,-0.0084659220314846,-2.9362087122872214,0.8957516339869281,2024,0.4194664031620553,-0.9549361980918896,-0.9549361980918896,0.6314235099874379,-0.0149366156918918,-6.181514894649795,0.9071146245059288,finviz_top_gainer,screen,"{""min_ret"": 0.1, ""min_rsi"": 60}",False,"{""stop_pct"": null, ""target_pct"": 0.15, ""max_hold_days"": 1}"
1622,0.4858199753390875,-0.7715998067663086,-0.8397621760330242,0.8777072065668301,-0.0075899752936817,-1.325467388039858,2.4309494451294698,908,0.4647577092511013,-0.7436665460446583,-0.7549527961301158,0.7374266542011867,-0.0137544011876678,-2.5825352151702616,2.4295154185022025,finviz_top_gainer,screen,"{""min_ret"": 0.1, ""min_rsi"": 60}",False,"{""stop_pct"": null, ""target_pct"": 0.15, ""max_hold_days"": 3}"
1122,0.533868092691622,-0.3470266174329293,-0.7237257475354296,0.9514505760089758,-0.001845730505736,-0.243801151466889,3.729946524064171,616,0.4756493506493506,-0.7749723286380588,-0.8031166788898076,0.6879317523874784,-0.0220091594334481,-2.9554896906432218,3.696428571428572,finviz_top_gainer,screen,"{""min_ret"": 0.1, ""min_rsi"": 60}",False,"{""stop_pct"": null, ""target_pct"": 0.15, ""max_hold_days"": 5}"
668,0.5793413173652695,-0.3377626943323101,-0.6921172399821889,0.923268946974493,-0.0035611392293522,-0.2924067440851083,6.511976047904192,355,0.543661971830986,-0.5055918920521816,-0.5914188186950143,0.8161619945738554,-0.0167750528204595,-1.421131781027188,6.580281690140845,finviz_top_gainer,screen,"{""min_ret"": 0.1, ""min_rsi"": 60}",False,"{""stop_pct"": null, ""target_pct"": 0.15, ""max_hold_days"": 10}"
2989,0.4071595851455336,-0.9492129300065414,-0.9556108367367108,0.7983101384974652,-0.0092598279195578,-2.837444971228572,0.9819337571094012,2007,0.3986048829098156,-0.9684359089788444,-0.9686753256268628,0.584819158057965,-0.0165393617119316,-6.084607667374024,0.9845540607872446,finviz_top_gainer,screen,"{""min_ret"": 0.1, ""min_rsi"": 60}",False,"{""stop_pct"": null, ""target_pct"": 0.4, ""max_hold_days"": 1}"
1482,0.4365721997300945,-0.7608165245322462,-0.8251292582901815,0.8755793354593693,-0.0076464299814625,-1.0853215189341776,2.855600539811066,837,0.4121863799283154,-0.7860446500392149,-0.8252812398401442,0.7304171708177177,-0.0154577684334444,-2.378503245913783,2.83273596176822,finviz_top_gainer,screen,"{""min_ret"": 0.1, ""min_rsi"": 60}",False,"{""stop_pct"": null, ""target_pct"": 0.4, ""max_hold_days"": 3}"
969,0.4478844169246646,-0.6156276204646971,-0.7511893592699813,0.8894223348660837,-0.0067945680573153,-0.6039650958349264,4.594427244582043,528,0.3882575757575757,-0.7916233878559364,-0.8407533032992268,0.7460878883850848,-0.0258755421404722,-2.544990310408177,4.577651515151516,finviz_top_gainer,screen,"{""min_ret"": 0.1, ""min_rsi"": 60}",False,"{""stop_pct"": null, ""target_pct"": 0.4, ""max_hold_days"": 5}"
521,0.4587332053742802,-0.6222026793920421,-0.7744394150174447,0.8666042286720818,-0.0127365366747539,-0.7214495422195782,8.748560460652591,283,0.4098939929328622,-0.4545080412712786,-0.6684332728803126,0.8643269531101646,-0.013975112124188,-0.9668546337501812,8.590106007067138,finviz_top_gainer,screen,"{""min_ret"": 0.1, ""min_rsi"": 60}",False,"{""stop_pct"": null, ""target_pct"": 0.4, ""max_hold_days"": 10}"
177,0.2372881355932203,-0.2964571998856149,-0.3333137876882982,0.4959035454551274,-0.021583954489057,-2.1043160777494565,0.3220338983050847,148,0.2702702702702703,-0.1153239030558733,-0.1504147973808693,0.7725144901985588,-0.0091782994197043,-0.8627286416698503,0.3918918918918919,kr_newhigh_alignment,screen,"{""max_mcap"": 500000000.0, ""min_vol_ratio_prev"": 3}",False,"{""stop_pct"": 0.05, ""target_pct"": null, ""max_hold_days"": 1}"
176,0.1590909090909091,-0.2645102920586003,-0.3365980991364707,0.6354026831040523,-0.0177989828043175,-1.34850348185884,0.7159090909090909,148,0.2229729729729729,-0.1224273904894996,-0.169372621068115,0.7924368393459179,-0.0095977170870315,-0.7710870233094217,0.9391891891891893,kr_newhigh_alignment,screen,"{""max_mcap"": 500000000.0, ""min_vol_ratio_prev"": 3}",False,"{""stop_pct"": 0.05, ""target_pct"": null, ""max_hold_days"": 3}"
176,0.1193181818181818,-0.3077663649853153,-0.4493879118885722,0.5676153064064582,-0.0215586285140932,-0.9502415669497496,1.0340909090909092,148,0.1689189189189189,-0.2113308280376326,-0.2130226942210686,0.6467608546227982,-0.0168422959628925,-1.3523152999218309,1.3783783783783785,kr_newhigh_alignment,screen,"{""max_mcap"": 500000000.0, ""min_vol_ratio_prev"": 3}",False,"{""stop_pct"": 0.05, ""target_pct"": null, ""max_hold_days"": 5}"
176,0.0909090909090909,-0.2977709476938858,-0.4171646384738253,0.6129754934604941,-0.0201707496125214,-0.8481265498125419,1.6136363636363635,148,0.1486486486486486,-0.2584760839215696,-0.2610684955309634,0.5883317291794721,-0.0211946801054015,-1.4685512234169766,2.2432432432432434,kr_newhigh_alignment,screen,"{""max_mcap"": 500000000.0, ""min_vol_ratio_prev"": 3}",False,"{""stop_pct"": 0.05, ""target_pct"": null, ""max_hold_days"": 10}"
178,0.2415730337078651,-0.3123168086608522,-0.3176430321299572,0.4591191440955549,-0.0229067950352832,-2.937308739673288,0.2528089887640449,150,0.28,-0.189860672228656,-0.2097568948786045,0.6229202449071646,-0.0151555083205498,-2.4032283289022924,0.2933333333333333,kr_newhigh_alignment,screen,"{""max_mcap"": 500000000.0, ""min_vol_ratio_prev"": 3}",False,"{""stop_pct"": 0.05, ""target_pct"": 0.15, ""max_hold_days"": 1}"
178,0.1910112359550561,-0.3617217946422697,-0.3742189418766553,0.4429451124137128,-0.0268814221575677,-2.9868207936564013,0.4887640449438202,150,0.2666666666666666,-0.172158756188364,-0.1956652216081476,0.6870707097857504,-0.0138208113400487,-1.879954452036848,0.5666666666666667,kr_newhigh_alignment,screen,"{""max_mcap"": 500000000.0, ""min_vol_ratio_prev"": 3}",False,"{""stop_pct"": 0.05, ""target_pct"": 0.15, ""max_hold_days"": 3}"
178,0.1573033707865168,-0.3986491574127416,-0.4067156434111473,0.3898340766757189,-0.0301187275828308,-3.31611476293027,0.6460674157303371,150,0.24,-0.1740562220408756,-0.1964527399791494,0.696589812860016,-0.0139386155783764,-1.8554265127781795,0.74,kr_newhigh_alignment,screen,"{""max_mcap"": 500000000.0, ""min_vol_ratio_prev"": 3}",False,"{""stop_pct"": 0.05, ""target_pct"": 0.15, ""max_hold_days"": 5}"
178,0.1348314606741573,-0.4276800929809978,-0.4353539871349914,0.3563426721161178,-0.0327807086844067,-3.550927424921292,0.8426966292134831,150,0.2466666666666666,-0.1723700267662834,-0.1988473722105808,0.7017539788755484,-0.0138004113845668,-1.785315403106848,1.04,kr_newhigh_alignment,screen,"{""max_mcap"": 500000000.0, ""min_vol_ratio_prev"": 3}",False,"{""stop_pct"": 0.05, ""target_pct"": 0.15, ""max_hold_days"": 10}"
178,0.2415730337078651,-0.2409662376992498,-0.2753415028243795,0.6053554274802663,-0.016936078784918,-1.5865355756045454,0.297752808988764,149,0.2684563758389262,-0.1353577607464429,-0.1566721445609011,0.7330749539257109,-0.0107150154992573,-1.2610179150744547,0.3691275167785235,kr_newhigh_alignment,screen,"{""max_mcap"": 500000000.0, ""min_vol_ratio_prev"": 3}",False,"{""stop_pct"": 0.05, ""target_pct"": 0.4, ""max_hold_days"": 1}"
178,0.1741573033707865,-0.2424789629784234,-0.3273325658863099,0.669797857964091,-0.0167311196405396,-1.3319322736727928,0.6235955056179775,149,0.2214765100671141,-0.1834131800781068,-0.1988721701863843,0.6865861637355442,-0.0146690343554638,-1.606537547106494,0.8389261744966443,kr_newhigh_alignment,screen,"{""max_mcap"": 500000000.0, ""min_vol_ratio_prev"": 3}",False,"{""stop_pct"": 0.05, ""target_pct"": 0.4, ""max_hold_days"": 3}"
178,0.1348314606741573,-0.3396111122882267,-0.3719600571394009,0.5211238740842767,-0.0247345734954631,-1.9542121862852453,0.8707865168539326,149,0.1677852348993288,-0.2513833086671091,-0.2568699553141659,0.5788565109542018,-0.0204601088195663,-2.14595671312283,1.1946308724832215,kr_newhigh_alignment,screen,"{""max_mcap"": 500000000.0, ""min_vol_ratio_prev"": 3}",False,"{""stop_pct"": 0.05, ""target_pct"": 0.4, ""max_hold_days"": 5}"
178,0.1067415730337078,-0.3309526545415734,-0.3545214901968166,0.5524318738312609,-0.0242400018922166,-1.8126516859054207,1.252808988764045,149,0.1543624161073825,-0.2501484253627052,-0.2567248567462225,0.597672609846633,-0.0202533825381031,-1.9780931463388869,1.825503355704698,kr_newhigh_alignment,screen,"{""max_mcap"": 500000000.0, ""min_vol_ratio_prev"": 3}",False,"{""stop_pct"": 0.05, ""target_pct"": 0.4, ""max_hold_days"": 10}"
175,0.3371428571428571,0.5051317027358739,-0.3487000514146273,1.395257697443279,0.0349840467527898,0.4989264917711394,0.6342857142857142,148,0.3108108108108108,-0.2377057048140258,-0.2614192830868224,0.6158980920891529,-0.0193321244852144,-1.655394413033358,0.6621621621621622,kr_newhigh_alignment,screen,"{""max_mcap"": 500000000.0, ""min_vol_ratio_prev"": 3}",False,"{""stop_pct"": 0.1, ""target_pct"": null, ""max_hold_days"": 1}"
172,0.2848837209302325,0.7340338370042381,-0.3201813355264075,1.4186508587351825,0.0524150469295796,0.5836222979760689,1.5232558139534884,148,0.3175675675675675,-0.2766900625669457,-0.3022546425776868,0.6187934963940159,-0.0229086433176859,-1.5891480899089352,1.75,kr_newhigh_alignment,screen,"{""max_mcap"": 500000000.0, ""min_vol_ratio_prev"": 3}",False,"{""stop_pct"": 0.1, ""target_pct"": null, ""max_hold_days"": 3}"
170,0.2176470588235294,0.4760704783638252,-0.4581159866636478,1.2515631727467984,0.0505044072771559,0.520449377515552,2.235294117647059,148,0.2837837837837837,-0.3285685087067245,-0.3298357088715195,0.583443587514789,-0.027948710713126,-1.8425935187976588,2.6824324324324325,kr_newhigh_alignment,screen,"{""max_mcap"": 500000000.0, ""min_vol_ratio_prev"": 3}",False,"{""stop_pct"": 0.1, ""target_pct"": null, ""max_hold_days"": 5}"
167,0.2035928143712574,1.0530012568389715,-0.4143336690570152,1.4663618370040523,0.0820343358734085,0.6811705150126308,3.7005988023952097,147,0.2244897959183673,-0.3941165862389582,-0.3985860600090157,0.5596337355818406,-0.0354204939902561,-1.8825621230754792,4.530612244897959,kr_newhigh_alignment,screen,"{""max_mcap"": 500000000.0, ""min_vol_ratio_prev"": 3}",False,"{""stop_pct"": 0.1, ""target_pct"": null, ""max_hold_days"": 10}"
178,0.348314606741573,-0.2948751140579374,-0.313296712966183,0.6026543025929526,-0.0224634291790688,-2.0226058870742083,0.4943820224719101,150,0.32,-0.3075377790537759,-0.328993527303006,0.5017898740483,-0.0257359354546446,-3.2211597173615223,0.5466666666666666,kr_newhigh_alignment,screen,"{""max_mcap"": 500000000.0, ""min_vol_ratio_prev"": 3}",False,"{""stop_pct"": 0.1, ""target_pct"": 0.15, ""max_hold_days"": 1}"
178,0.348314606741573,-0.313484954684165,-0.3356208813479979,0.6423130246010679,-0.0237065223578201,-1.7878833778666834,1.050561797752809,150,0.3466666666666667,-0.3178109488458901,-0.3425263110517045,0.5477788645477731,-0.027065709114457,-2.9287522164786743,1.28,kr_newhigh_alignment,screen,"{""max_mcap"": 500000000.0, ""min_vol_ratio_prev"": 3}",False,"{""stop_pct"": 0.1, ""target_pct"": 0.15, ""max_hold_days"": 3}"
178,0.3202247191011236,-0.3469948674604359,-0.3641526055847801,0.6117974786092285,-0.0265799729719772,-1.9143497048603788,1.4157303370786516,150,0.34,-0.3129790336508016,-0.3324429657696522,0.5876045424912755,-0.0266281890708822,-2.814871047978524,1.8333333333333333,kr_newhigh_alignment,screen,"{""max_mcap"": 500000000.0, ""min_vol_ratio_prev"": 3}",False,"{""stop_pct"": 0.1, ""target_pct"": 0.15, ""max_hold_days"": 5}"
178,0.3258426966292135,-0.3801873108857304,-0.3941182891704333,0.5941203415995484,-0.0292208917063719,-2.0830747942329984,2.117977528089888,150,0.3333333333333333,-0.3462021000931028,-0.3704142366077466,0.5734890895796246,-0.0297185471704608,-2.8912763232861574,2.806666666666666,kr_newhigh_alignment,screen,"{""max_mcap"": 500000000.0, ""min_vol_ratio_prev"": 3}",False,"{""stop_pct"": 0.1, ""target_pct"": 0.15, ""max_hold_days"": 10}"
178,0.3370786516853932,-0.1576885785764391,-0.2055882106886385,0.8104872956677733,-0.0121065957347546,-0.7060373886223852,0.5730337078651685,149,0.3087248322147651,-0.2440122335708983,-0.2675241329834831,0.6090478494856858,-0.0198014675467691,-1.9525696302169144,0.6308724832214765,kr_newhigh_alignment,screen,"{""max_mcap"": 500000000.0, ""min_vol_ratio_prev"": 3}",False,"{""stop_pct"": 0.1, ""target_pct"": 0.4, ""max_hold_days"": 1}"
176,0.3068181818181818,-0.0839930106303278,-0.2197660788855577,0.920962134417212,-0.0073503469432208,-0.2402768860252827,1.306818181818182,149,0.3154362416107382,-0.2993186149098094,-0.3216583760349953,0.5906012371483054,-0.0250835603202246,-2.1622966924509464,1.610738255033557,kr_newhigh_alignment,screen,"{""max_mcap"": 500000000.0, ""min_vol_ratio_prev"": 3}",False,"{""stop_pct"": 0.1, ""target_pct"": 0.4, ""max_hold_days"": 3}"
176,0.2556818181818182,-0.2090216288608121,-0.3134489820404698,0.8009760445767293,-0.0159745569020327,-0.6217789549547763,1.880681818181818,149,0.2818791946308724,-0.3304070371157329,-0.3316742372805279,0.5868435541100804,-0.0280439131169862,-2.342464061970263,2.422818791946309,kr_newhigh_alignment,screen,"{""max_mcap"": 500000000.0, ""min_vol_ratio_prev"": 3}",False,"{""stop_pct"": 0.1, ""target_pct"": 0.4, ""max_hold_days"": 5}"
176,0.2443181818181818,-0.2084356853511546,-0.3107468932129696,0.8237719642049001,-0.0163028700664323,-0.5690431677016103,2.960227272727273,148,0.2364864864864864,-0.3558446946958452,-0.3613168175217237,0.5987151233868997,-0.0305667977684518,-2.179694610398459,3.925675675675676,kr_newhigh_alignment,screen,"{""max_mcap"": 500000000.0, ""min_vol_ratio_prev"": 3}",False,"{""stop_pct"": 0.1, ""target_pct"": 0.4, ""max_hold_days"": 10}"
174,0.367816091954023,0.4474875470224557,-0.3560569530525732,1.314698433028317,0.0313235997658878,0.4792055524435082,0.8505747126436781,148,0.3445945945945945,-0.2527392970849202,-0.2729816239895835,0.6250260198717994,-0.0202658958330486,-1.654079278429779,0.9324324324324323,kr_newhigh_alignment,screen,"{""max_mcap"": 500000000.0, ""min_vol_ratio_prev"": 3}",False,"{""stop_pct"": 0.2, ""target_pct"": null, ""max_hold_days"": 1}"
170,0.3588235294117647,0.8154694983034674,-0.3067161395122143,1.387535760464563,0.0569075469386672,0.6104828580362818,2.276470588235294,148,0.3581081081081081,-0.2946392734882447,-0.4322848934401446,0.7397100886081633,-0.0233119004678197,-0.9556586373580512,2.5472972972972974,kr_newhigh_alignment,screen,"{""max_mcap"": 500000000.0, ""min_vol_ratio_prev"": 3}",False,"{""stop_pct"": 0.2, ""target_pct"": null, ""max_hold_days"": 3}"
167,0.2994011976047904,0.5223357260030947,-0.4017325548728195,1.2234875002315633,0.054277100351127,0.5382631170549044,3.5508982035928143,146,0.3493150684931507,-0.4024429648266726,-0.5244617011659903,0.6585509859416826,-0.0332455874774539,-1.361436076516767,3.958904109589041,kr_newhigh_alignment,screen,"{""max_mcap"": 500000000.0, ""min_vol_ratio_prev"": 3}",False,"{""stop_pct"": 0.2, ""target_pct"": null, ""max_hold_days"": 5}"
160,0.28125,0.8280356837528484,-0.457463429242339,1.2959666698501786,0.0812801026418156,0.6327965636545585,6.33125,138,0.2971014492753623,-0.4237409131692349,-0.589933364001914,0.6896872329317614,-0.0356510363670431,-1.1357624741138763,7.195652173913044,kr_newhigh_alignment,screen,"{""max_mcap"": 500000000.0, ""min_vol_ratio_prev"": 3}",False,"{""stop_pct"": 0.2, ""target_pct"": null, ""max_hold_days"": 10}"
177,0.3954802259887006,-0.2570055974433236,-0.2824296048154507,0.6876862978586074,-0.0207054834157963,-1.3685614660008898,0.6892655367231638,150,0.3866666666666666,-0.2255983087762478,-0.246612741730788,0.6587575427906953,-0.0169620098595793,-1.908377241352928,0.7733333333333333,kr_newhigh_alignment,screen,"{""max_mcap"": 500000000.0, ""min_vol_ratio_prev"": 3}",False,"{""stop_pct"": 0.2, ""target_pct"": 0.15, ""max_hold_days"": 1}"
177,0.4463276836158192,-0.2709223340524216,-0.2985718931765646,0.7259183538888935,-0.0197614725623514,-1.1399256907962556,1.655367231638418,150,0.42,-0.2397128800852487,-0.3712738446732858,0.7715868555278633,-0.0182315609414867,-0.845694402477187,1.913333333333333,kr_newhigh_alignment,screen,"{""max_mcap"": 500000000.0, ""min_vol_ratio_prev"": 3}",False,"{""stop_pct"": 0.2, ""target_pct"": 0.15, ""max_hold_days"": 3}"
176,0.4204545454545454,-0.3247298380375991,-0.352294184248615,0.6852692427381019,-0.0247336025257297,-1.303163317822085,2.426136363636364,149,0.4429530201342282,-0.23991446509181,-0.3760247224370754,0.7948383661426367,-0.0177993679787386,-0.8266491403011138,2.791946308724832,kr_newhigh_alignment,screen,"{""max_mcap"": 500000000.0, ""min_vol_ratio_prev"": 3}",False,"{""stop_pct"": 0.2, ""target_pct"": 0.15, ""max_hold_days"": 5}"
175,0.4628571428571428,-0.2650966864896434,-0.3200577348616011,0.7575962242725245,-0.0203700523882276,-0.9411856073599292,4.045714285714285,149,0.436241610738255,-0.3299712685388792,-0.4695797863455353,0.7355851830977063,-0.0266029220481671,-1.1856081888470325,4.557046979865772,kr_newhigh_alignment,screen,"{""max_mcap"": 500000000.0, ""min_vol_ratio_prev"": 3}",False,"{""stop_pct"": 0.2, ""target_pct"": 0.15, ""max_hold_days"": 10}"
177,0.3672316384180791,-0.1519594848322799,-0.2211391133349322,0.8374733097155437,-0.0128028219053132,-0.5562434006088111,0.7853107344632768,149,0.348993288590604,-0.2411632147036995,-0.2617375627359822,0.6435351034417037,-0.0191376518179039,-1.7554087404433885,0.906040268456376,kr_newhigh_alignment,screen,"{""max_mcap"": 500000000.0, ""min_vol_ratio_prev"": 3}",False,"{""stop_pct"": 0.2, ""target_pct"": 0.4, ""max_hold_days"": 1}"
175,0.3942857142857143,0.0112288282042398,-0.2862355038582709,1.008972232493322,-0.0008904709821794,0.1272982999447226,2.0171428571428573,149,0.3624161073825503,-0.2816474081495361,-0.4135245605123503,0.7544622349081278,-0.0222160776769167,-1.0141190502417596,2.4093959731543624,kr_newhigh_alignment,screen,"{""max_mcap"": 500000000.0, ""min_vol_ratio_prev"": 3}",False,"{""stop_pct"": 0.2, ""target_pct"": 0.4, ""max_hold_days"": 3}"
174,0.3505747126436782,-0.1516429594255409,-0.3421555577504505,0.8792198956644328,-0.0114736948253595,-0.2936274649610412,3.0689655172413794,147,0.3537414965986394,-0.3074670269182749,-0.4561838225572922,0.7616885381201268,-0.0231275485155072,-1.0688066455824534,3.653061224489796,kr_newhigh_alignment,screen,"{""max_mcap"": 500000000.0, ""min_vol_ratio_prev"": 3}",False,"{""stop_pct"": 0.2, ""target_pct"": 0.4, ""max_hold_days"": 5}"
166,0.3493975903614458,-0.1736303947340921,-0.3445251408759359,0.8762982270517624,-0.0149255980516491,-0.3016370794959387,5.409638554216867,142,0.3028169014084507,-0.3672573510220774,-0.4977819481616369,0.7366866245351265,-0.0310136817075858,-1.2249618422854505,6.330985915492958,kr_newhigh_alignment,screen,"{""max_mcap"": 500000000.0, ""min_vol_ratio_prev"": 3}",False,"{""stop_pct"": 0.2, ""target_pct"": 0.4, ""max_hold_days"": 10}"
174,0.3850574712643678,0.6190087763507528,-0.2916280235134392,1.4183033275980614,0.0367556204607645,0.5403013455933651,0.9885057471264368,148,0.3581081081081081,-0.1628500112413773,-0.2096124952772139,0.7572051771511225,-0.0125891416400793,-0.9437970064764836,1.0,kr_newhigh_alignment,screen,"{""max_mcap"": 500000000.0, ""min_vol_ratio_prev"": 3}",False,"{""stop_pct"": null, ""target_pct"": null, ""max_hold_days"": 1}"
169,0.4142011834319526,1.635103215910616,-0.2699011823951426,1.7094665750790004,0.0771987598119432,0.8033728630907887,2.911242603550296,148,0.3851351351351351,-0.255669741271417,-0.382106409139228,0.7809294702905922,-0.0197077675346115,-0.7203962916291774,2.9932432432432434,kr_newhigh_alignment,screen,"{""max_mcap"": 500000000.0, ""min_vol_ratio_prev"": 3}",False,"{""stop_pct"": null, ""target_pct"": null, ""max_hold_days"": 3}"
166,0.3734939759036144,1.3470548860939773,-0.2665750484960135,1.5300893826146356,0.0804982243809161,0.750494834621053,4.801204819277109,145,0.3655172413793103,-0.4732505844696927,-0.5702596377680124,0.6206934570215789,-0.04032111659219,-1.4424723702952915,4.979310344827586,kr_newhigh_alignment,screen,"{""max_mcap"": 500000000.0, ""min_vol_ratio_prev"": 3}",False,"{""stop_pct"": null, ""target_pct"": null, ""max_hold_days"": 5}"
152,0.3289473684210526,0.930722681565932,-0.4802905453197342,1.3017578427873524,0.0933635301454036,0.665963507846785,9.532894736842104,129,0.3333333333333333,-0.4597988239740813,-0.6205883515319753,0.6823300420542797,-0.0428842426158611,-1.1335931048710306,9.930232558139537,kr_newhigh_alignment,screen,"{""max_mcap"": 500000000.0, ""min_vol_ratio_prev"": 3}",False,"{""stop_pct"": null, ""target_pct"": null, ""max_hold_days"": 10}"
177,0.4406779661016949,-0.0530605646539831,-0.1075704266637459,0.9325989559666086,-0.0073225761748612,-0.211986923206367,0.7796610169491526,150,0.4066666666666667,-0.1452230041474641,-0.1685184741665591,0.772426201027129,-0.0104252168572059,-1.199081202856367,0.8266666666666667,kr_newhigh_alignment,screen,"{""max_mcap"": 500000000.0, ""min_vol_ratio_prev"": 3}",False,"{""stop_pct"": null, ""target_pct"": 0.15, ""max_hold_days"": 1}"
177,0.5310734463276836,0.1701084481475441,-0.1112695513468732,1.1827109778796552,0.0063261133115673,0.6334899726974345,2.022598870056497,150,0.4466666666666666,-0.1997591626991725,-0.3308492867333585,0.8101935124940477,-0.0148128268365149,-0.6666934081036964,2.273333333333333,kr_newhigh_alignment,screen,"{""max_mcap"": 500000000.0, ""min_vol_ratio_prev"": 3}",False,"{""stop_pct"": null, ""target_pct"": 0.15, ""max_hold_days"": 3}"
176,0.5284090909090909,0.1786631986053029,-0.1205475924490501,1.1802092654018494,0.0068646454252455,0.5943440155235107,3.136363636363636,149,0.4697986577181208,-0.2308464373265547,-0.365251979544594,0.8092604623660496,-0.0162434991714398,-0.7677697072260627,3.610738255033557,kr_newhigh_alignment,screen,"{""max_mcap"": 500000000.0, ""min_vol_ratio_prev"": 3}",False,"{""stop_pct"": null, ""target_pct"": 0.15, ""max_hold_days"": 5}"
172,0.5697674418604651,0.2150735242101464,-0.1264035850154922,1.1939293443424852,0.0073608130417096,0.6464296305466166,5.604651162790698,149,0.4832214765100671,-0.3575169868282541,-0.4960954211479644,0.7382002206016908,-0.0287407769703048,-1.1706339018469598,6.718120805369128,kr_newhigh_alignment,screen,"{""max_mcap"": 500000000.0, ""min_vol_ratio_prev"": 3}",False,"{""stop_pct"": null, ""target_pct"": 0.15, ""max_hold_days"": 10}"
177,0.3898305084745763,0.0541859724410809,-0.1750340741923285,1.0544577499246768,-0.001473791557331,0.251299101521655,0.9096045197740112,149,0.3624161073825503,-0.1773140609380838,-0.2102881854572827,0.7352159179977081,-0.013762186176932,-1.208491590539568,0.9664429530201344,kr_newhigh_alignment,screen,"{""max_mcap"": 500000000.0, ""min_vol_ratio_prev"": 3}",False,"{""stop_pct"": null, ""target_pct"": 0.4, ""max_hold_days"": 1}"
174,0.4540229885057471,0.5763468821009645,-0.1411134069573441,1.4158725898459876,0.0224174347104398,1.1897007670005244,2.557471264367816,149,0.3892617449664429,-0.2228287371501748,-0.3565650601632937,0.8133642014159318,-0.0166650384825838,-0.6967362130403042,2.8120805369127515,kr_newhigh_alignment,screen,"{""max_mcap"": 500000000.0, ""min_vol_ratio_prev"": 3}",False,"{""stop_pct"": null, ""target_pct"": 0.4, ""max_hold_days"": 3}"
173,0.4277456647398844,0.5970360690777767,-0.1701960688467698,1.407986965102182,0.0230597726493065,1.099121194728003,4.104046242774566,147,0.3809523809523809,-0.3259408834309764,-0.4570097527431506,0.7668590538140682,-0.0237004301803584,-1.0600215017490429,4.585034013605442,kr_newhigh_alignment,screen,"{""max_mcap"": 500000000.0, ""min_vol_ratio_prev"": 3}",False,"{""stop_pct"": null, ""target_pct"": 0.4, ""max_hold_days"": 5}"
164,0.4268292682926829,0.5163906599593466,-0.1950419870356046,1.298240659254694,0.0188334158591538,0.9080608746512976,7.817073170731708,134,0.3432835820895522,-0.4229615282697236,-0.5353733387691388,0.7176256917330096,-0.0393992624923141,-1.28271278814096,9.037313432835822,kr_newhigh_alignment,screen,"{""max_mcap"": 500000000.0, ""min_vol_ratio_prev"": 3}",False,"{""stop_pct"": null, ""target_pct"": 0.4, ""max_hold_days"": 10}"
164,0.2195121951219512,-0.3044048138466972,-0.3413036588963722,0.4551681763870926,-0.023993234914067,-2.2333322173936057,0.298780487804878,127,0.2440944881889764,-0.1062328657123934,-0.1614661986562281,0.763248917009962,-0.0099185292183826,-0.8290945220749943,0.3700787401574803,kr_newhigh_alignment,screen,"{""max_mcap"": 500000000.0, ""min_vol_ratio_prev"": 3}",True,"{""stop_pct"": 0.05, ""target_pct"": null, ""max_hold_days"": 1}"
163,0.1411042944785276,-0.2876943344925757,-0.3476520181014462,0.5769190726507278,-0.021224187355126,-1.5170955200349463,0.6503067484662577,127,0.2125984251968504,-0.0892595975802684,-0.1791543781982147,0.8261461964946306,-0.0083092555451586,-0.5701655268854225,0.905511811023622,kr_newhigh_alignment,screen,"{""max_mcap"": 500000000.0, ""min_vol_ratio_prev"": 3}",True,"{""stop_pct"": 0.05, ""target_pct"": null, ""max_hold_days"": 3}"
163,0.0981595092024539,-0.3161047506892812,-0.4627458091317855,0.5340029763093695,-0.0240879108301372,-0.9812839769748384,0.9202453987730062,127,0.1496062992125984,-0.1885260695166316,-0.2153901998595393,0.6417122247291306,-0.0174057004289754,-1.2410080921456712,1.3228346456692914,kr_newhigh_alignment,screen,"{""max_mcap"": 500000000.0, ""min_vol_ratio_prev"": 3}",True,"{""stop_pct"": 0.05, ""target_pct"": null, ""max_hold_days"": 5}"
163,0.0736196319018405,-0.2982454124298249,-0.4277467953735427,0.5912483669516655,-0.0218772960727234,-0.853399760221068,1.3865030674846626,127,0.1338582677165354,-0.2292158206819415,-0.2319582321482841,0.5862796778380348,-0.021737062412101,-1.342418569321339,2.125984251968504,kr_newhigh_alignment,screen,"{""max_mcap"": 500000000.0, ""min_vol_ratio_prev"": 3}",True,"{""stop_pct"": 0.05, ""target_pct"": null, ""max_hold_days"": 10}"
165,0.2242424242424242,-0.3165416200397118,-0.3218215285920072,0.4236621207535713,-0.0251017562135501,-3.118739814396129,0.2303030303030303,129,0.2558139534883721,-0.1951244531324779,-0.2148844639196416,0.5620491952884963,-0.018164626229596,-2.6379420937488867,0.2790697674418604,kr_newhigh_alignment,screen,"{""max_mcap"": 500000000.0, ""min_vol_ratio_prev"": 3}",True,"{""stop_pct"": 0.05, ""target_pct"": 0.15, ""max_hold_days"": 1}"
165,0.1757575757575757,-0.3679390584135295,-0.3802963672806959,0.3996834397622433,-0.0295974028566299,-3.171062203224392,0.4424242424242424,129,0.2480620155038759,-0.1890455493193706,-0.2127623688727526,0.6061828883774998,-0.0177400545845136,-2.287008682458528,0.5503875968992248,kr_newhigh_alignment,screen,"{""max_mcap"": 500000000.0, ""min_vol_ratio_prev"": 3}",True,"{""stop_pct"": 0.05, ""target_pct"": 0.15, ""max_hold_days"": 3}"
165,0.1393939393939394,-0.4026273506588568,-0.4106480159790359,0.3496774493224598,-0.0329068419535847,-3.4612176621251307,0.5757575757575758,129,0.2170542635658914,-0.1953516309061396,-0.2171410921536553,0.6101140733538182,-0.0183114215759631,-2.323098141160882,0.7209302325581395,kr_newhigh_alignment,screen,"{""max_mcap"": 500000000.0, ""min_vol_ratio_prev"": 3}",True,"{""stop_pct"": 0.05, ""target_pct"": 0.15, ""max_hold_days"": 5}"
165,0.1212121212121212,-0.425145954913856,-0.4328590501170271,0.3233280588491622,-0.0351457141953096,-3.6780626680898703,0.7212121212121212,129,0.2248062015503876,-0.1921329954559039,-0.2179472655222064,0.6200912917078483,-0.0179980863457631,-2.207084798853322,0.992248062015504,kr_newhigh_alignment,screen,"{""max_mcap"": 500000000.0, ""min_vol_ratio_prev"": 3}",True,"{""stop_pct"": 0.05, ""target_pct"": 0.15, ""max_hold_days"": 10}"
165,0.2242424242424242,-0.2493301247774562,-0.2773724020655407,0.5697908890260316,-0.0189645612427837,-1.694467328741674,0.2727272727272727,128,0.2421875,-0.1264297283948838,-0.1614661986562281,0.7190171544715692,-0.0117015797344352,-1.2577657875238546,0.34375,kr_newhigh_alignment,screen,"{""max_mcap"": 500000000.0, ""min_vol_ratio_prev"": 3}",True,"{""stop_pct"": 0.05, ""target_pct"": 0.4, ""max_hold_days"": 1}"
165,0.1575757575757575,-0.2779383492259951,-0.3471350666131543,0.5932905651747242,-0.0209510333539823,-1.6267364462546536,0.5575757575757576,128,0.2109375,-0.1526922698695889,-0.1857048250142693,0.7016431059686267,-0.0142226519087389,-1.428686328958264,0.7890625,kr_newhigh_alignment,screen,"{""max_mcap"": 500000000.0, ""min_vol_ratio_prev"": 3}",True,"{""stop_pct"": 0.05, ""target_pct"": 0.4, ""max_hold_days"": 3}"
165,0.1151515151515151,-0.3602187960910997,-0.3936636536249476,0.4625498534590536,-0.0285972222213759,-2.142324858207496,0.7636363636363637,128,0.1484375,-0.2297541951111312,-0.2397950116045518,0.5637159504392502,-0.0216126591100559,-2.0856557132967883,1.109375,kr_newhigh_alignment,screen,"{""max_mcap"": 500000000.0, ""min_vol_ratio_prev"": 3}",True,"{""stop_pct"": 0.05, ""target_pct"": 0.4, ""max_hold_days"": 5}"
165,0.0909090909090909,-0.3521036884172909,-0.3785518780708873,0.4911128604748374,-0.0281063811421672,-2.0275076680181314,1.0484848484848486,128,0.140625,-0.2205821089784164,-0.2318729024634227,0.5978917483909506,-0.0206370958508967,-1.8600810856455623,1.640625,kr_newhigh_alignment,screen,"{""max_mcap"": 500000000.0, ""min_vol_ratio_prev"": 3}",True,"{""stop_pct"": 0.05, ""target_pct"": 0.4, ""max_hold_days"": 10}"
162,0.3209876543209876,0.4882697279969294,-0.3573722296328663,1.403337227014542,0.0370953955646124,0.492786794509785,0.6172839506172839,127,0.2834645669291338,-0.2300387153901464,-0.250207250575812,0.5940235512550938,-0.0217799278616499,-1.6528845625026372,0.6377952755905512,kr_newhigh_alignment,screen,"{""max_mcap"": 500000000.0, ""min_vol_ratio_prev"": 3}",True,"{""stop_pct"": 0.1, ""target_pct"": null, ""max_hold_days"": 1}"
159,0.2641509433962264,0.6609488718175685,-0.3579262386885478,1.402576502685875,0.0540969302543748,0.5611783555466039,1.471698113207547,127,0.2913385826771653,-0.2465827243324261,-0.2860023452194844,0.625954904563026,-0.0235522287195468,-1.4550330444909687,1.6771653543307086,kr_newhigh_alignment,screen,"{""max_mcap"": 500000000.0, ""min_vol_ratio_prev"": 3}",True,"{""stop_pct"": 0.1, ""target_pct"": null, ""max_hold_days"": 3}"
157,0.197452229299363,0.4373506741596089,-0.4814021470128908,1.2414103665479603,0.0529399323787506,0.5071251496985362,2.140127388535032,127,0.2598425196850393,-0.3067969328244226,-0.3080641329892176,0.5736372296819543,-0.0301269367997826,-1.7473037120262431,2.559055118110236,kr_newhigh_alignment,screen,"{""max_mcap"": 500000000.0, ""min_vol_ratio_prev"": 3}",True,"{""stop_pct"": 0.1, ""target_pct"": null, ""max_hold_days"": 5}"
155,0.1806451612903225,0.980744903941382,-0.4396546999425234,1.453364635966387,0.0859766618938742,0.6634357035064675,3.4516129032258065,127,0.2125984251968504,-0.375263769083468,-0.3798783906951509,0.5455252269663781,-0.0384348462125451,-1.8329428997150743,4.251968503937008,kr_newhigh_alignment,screen,"{""max_mcap"": 500000000.0, ""min_vol_ratio_prev"": 3}",True,"{""stop_pct"": 0.1, ""target_pct"": null, ""max_hold_days"": 10}"
165,0.3333333333333333,-0.2991945132485827,-0.3185197511886503,0.5782934257043081,-0.0246126919500408,-2.1374848371671105,0.4727272727272727,129,0.2945736434108527,-0.3121453187459247,-0.3297678233053461,0.447138457749998,-0.0304955997808648,-3.429986423206565,0.5271317829457365,kr_newhigh_alignment,screen,"{""max_mcap"": 500000000.0, ""min_vol_ratio_prev"": 3}",True,"{""stop_pct"": 0.1, ""target_pct"": 0.15, ""max_hold_days"": 1}"
165,0.3333333333333333,-0.3260617657990527,-0.3502168333560308,0.6069549225323865,-0.026699963049123,-1.945147412626296,1.0,129,0.3178294573643411,-0.3293696993005165,-0.3548096282913968,0.4831909349055677,-0.0329076589505283,-3.318094967515666,1.2170542635658914,kr_newhigh_alignment,screen,"{""max_mcap"": 500000000.0, ""min_vol_ratio_prev"": 3}",True,"{""stop_pct"": 0.1, ""target_pct"": 0.15, ""max_hold_days"": 3}"
165,0.3090909090909091,-0.3548197659349186,-0.3740986239191636,0.5833945175567316,-0.0294003514741917,-2.0351334722150907,1.3454545454545457,129,0.3178294573643411,-0.3238354137514456,-0.3433116970925698,0.5288815629635987,-0.0323246792184633,-3.177676438452791,1.7364341085271318,kr_newhigh_alignment,screen,"{""max_mcap"": 500000000.0, ""min_vol_ratio_prev"": 3}",True,"{""stop_pct"": 0.1, ""target_pct"": 0.15, ""max_hold_days"": 5}"
165,0.3151515151515151,-0.3847725533132683,-0.4008272600949999,0.5682864830415724,-0.0320018993331102,-2.1918094242053807,1.981818181818182,129,0.3100775193798449,-0.3570865090553244,-0.3749167904054254,0.5149538171292606,-0.0360453352549119,-3.264606528294693,2.5968992248062017,kr_newhigh_alignment,screen,"{""max_mcap"": 500000000.0, ""min_vol_ratio_prev"": 3}",True,"{""stop_pct"": 0.1, ""target_pct"": 0.15, ""max_hold_days"": 10}"
165,0.3212121212121212,-0.1666124453473227,-0.2086578345997104,0.7899527809700045,-0.013743806915499,-0.771322195523525,0.5515151515151515,128,0.28125,-0.2364014107484091,-0.2596061264114276,0.5869363249379359,-0.0223071490553626,-1.9723567152880084,0.6015625,kr_newhigh_alignment,screen,"{""max_mcap"": 500000000.0, ""min_vol_ratio_prev"": 3}",True,"{""stop_pct"": 0.1, ""target_pct"": 0.4, ""max_hold_days"": 1}"
163,0.2883435582822086,-0.1351818003712783,-0.2549190849916346,0.8637043625729223,-0.0114079562301492,-0.459973896197675,1.2453987730061349,128,0.2890625,-0.2702758926756998,-0.3062951921254622,0.5939478377586141,-0.0260789400318624,-2.0494179988312498,1.515625,kr_newhigh_alignment,screen,"{""max_mcap"": 500000000.0, ""min_vol_ratio_prev"": 3}",True,"{""stop_pct"": 0.1, ""target_pct"": 0.4, ""max_hold_days"": 3}"
163,0.2392638036809816,-0.2460262679265038,-0.3465839499267091,0.7533959063804972,-0.0200581509565217,-0.7894044142212634,1.7791411042944785,128,0.2578125,-0.3088107485617583,-0.3124974542171945,0.5774458181907676,-0.0302207409567241,-2.2791420917120995,2.2578125,kr_newhigh_alignment,screen,"{""max_mcap"": 500000000.0, ""min_vol_ratio_prev"": 3}",True,"{""stop_pct"": 0.1, ""target_pct"": 0.4, ""max_hold_days"": 5}"
163,0.2269938650306748,-0.2549404075155711,-0.3591833225319858,0.7709044328818068,-0.0211110249342513,-0.7697613526254372,2.7300613496932518,128,0.2265625,-0.3352598450010354,-0.34780337667126,0.5899784964844634,-0.0327992103293473,-2.154696973618336,3.5546875,kr_newhigh_alignment,screen,"{""max_mcap"": 500000000.0, ""min_vol_ratio_prev"": 3}",True,"{""stop_pct"": 0.1, ""target_pct"": 0.4, ""max_hold_days"": 10}"
161,0.3540372670807453,0.4403897557414218,-0.3605645620994079,1.3265105720975894,0.0335513377393685,0.4764607211392556,0.84472049689441,127,0.3149606299212598,-0.2578977176003284,-0.276987069040562,0.5909734069164849,-0.0241680788295057,-1.7325616782103943,0.9212598425196852,kr_newhigh_alignment,screen,"{""max_mcap"": 500000000.0, ""min_vol_ratio_prev"": 3}",True,"{""stop_pct"": 0.2, ""target_pct"": null, ""max_hold_days"": 1}"
157,0.3439490445859872,0.7265932994098498,-0.3218881618084731,1.3633200995399932,0.0584812208798162,0.5846046887541002,2.248407643312102,127,0.3228346456692913,-0.4037143897638615,-0.4204376598077347,0.5463454076132334,-0.0418020935804593,-2.2359581314284576,2.4960629921259843,kr_newhigh_alignment,screen,"{""max_mcap"": 500000000.0, ""min_vol_ratio_prev"": 3}",True,"{""stop_pct"": 0.2, ""target_pct"": null, ""max_hold_days"": 3}"
154,0.2792207792207792,0.4897389062512953,-0.4282610258680379,1.2146750786472236,0.0572320343002399,0.5273486111113945,3.493506493506493,125,0.32,-0.4861984607357996,-0.5158627432956115,0.4847057471372163,-0.0529473508594061,-2.4989800076287945,3.84,kr_newhigh_alignment,screen,"{""max_mcap"": 500000000.0, ""min_vol_ratio_prev"": 3}",True,"{""stop_pct"": 0.2, ""target_pct"": null, ""max_hold_days"": 5}"
149,0.261744966442953,0.777641097911087,-0.4866947040808635,1.2841379660367944,0.0850312977139477,0.6189814991842865,6.161073825503356,121,0.2727272727272727,-0.5509617683927115,-0.5758601096106889,0.470457936996551,-0.0661700195066252,-2.533165570695844,6.867768595041323,kr_newhigh_alignment,screen,"{""max_mcap"": 500000000.0, ""min_vol_ratio_prev"": 3}",True,"{""stop_pct"": 0.2, ""target_pct"": null, ""max_hold_days"": 10}"
164,0.3841463414634146,-0.2563565552022361,-0.2828540829156426,0.6735516563331798,-0.0223369586916681,-1.3966129821806508,0.676829268292683,129,0.3565891472868217,-0.2574397551792312,-0.276542174973177,0.580578564450702,-0.023049086462083,-2.335911357544154,0.7674418604651163,kr_newhigh_alignment,screen,"{""max_mcap"": 500000000.0, ""min_vol_ratio_prev"": 3}",True,"{""stop_pct"": 0.2, ""target_pct"": 0.15, ""max_hold_days"": 1}"
164,0.4390243902439024,-0.2898943084023596,-0.3193093459649933,0.6939892870181659,-0.0229406628472543,-1.2667690098744218,1.6158536585365857,129,0.3875968992248062,-0.4081511495514993,-0.4256518424273908,0.5009280511474414,-0.0416103844575279,-3.29868492245856,1.875968992248062,kr_newhigh_alignment,screen,"{""max_mcap"": 500000000.0, ""min_vol_ratio_prev"": 3}",True,"{""stop_pct"": 0.2, ""target_pct"": 0.15, ""max_hold_days"": 3}"
163,0.4110429447852761,-0.3299352296476758,-0.3568653832512857,0.6684065240283585,-0.0272963157761148,-1.3644039210042502,2.3680981595092025,128,0.4140625,-0.4160424963778191,-0.4325648025816476,0.5447436946529643,-0.0425532445125141,-3.2146956167731138,2.7109375,kr_newhigh_alignment,screen,"{""max_mcap"": 500000000.0, ""min_vol_ratio_prev"": 3}",True,"{""stop_pct"": 0.2, ""target_pct"": 0.15, ""max_hold_days"": 5}"
163,0.4539877300613497,-0.2899265341481002,-0.3439300962890024,0.7270546822059848,-0.0240012198582341,-1.0765056584931123,3.9079754601227,128,0.40625,-0.4819156887044272,-0.5033255852288241,0.5059875701869238,-0.0524007511085278,-3.4706698003801324,4.375,kr_newhigh_alignment,screen,"{""max_mcap"": 500000000.0, ""min_vol_ratio_prev"": 3}",True,"{""stop_pct"": 0.2, ""target_pct"": 0.15, ""max_hold_days"": 10}"
164,0.3536585365853658,-0.1555479534724314,-0.2191186586528026,0.8257266826468401,-0.0141136613443084,-0.5818100136485564,0.774390243902439,128,0.3203125,-0.2463496188063021,-0.2657527792952919,0.6106164331321879,-0.0228242464759664,-1.8500181805478757,0.890625,kr_newhigh_alignment,screen,"{""max_mcap"": 500000000.0, ""min_vol_ratio_prev"": 3}",True,"{""stop_pct"": 0.2, ""target_pct"": 0.4, ""max_hold_days"": 1}"
162,0.382716049382716,-0.0511023452419108,-0.3119373862372243,0.9569383318679258,-0.0049408849715372,-0.0483810902789619,1.9753086419753083,128,0.328125,-0.3919901156545093,-0.4073127873248644,0.5654797832550238,-0.0403820327292313,-2.6637347235481643,2.3359375,kr_newhigh_alignment,screen,"{""max_mcap"": 500000000.0, ""min_vol_ratio_prev"": 3}",True,"{""stop_pct"": 0.2, ""target_pct"": 0.4, ""max_hold_days"": 3}"
161,0.3354037267080745,-0.1902267605984035,-0.367450900917792,0.8430553165042797,-0.0150977771025866,-0.4202907401232885,2.9937888198757765,126,0.3253968253968254,-0.4119178923038564,-0.4490937206798583,0.5968477784752877,-0.0422130098194487,-2.506361124017831,3.5,kr_newhigh_alignment,screen,"{""max_mcap"": 500000000.0, ""min_vol_ratio_prev"": 3}",True,"{""stop_pct"": 0.2, ""target_pct"": 0.4, ""max_hold_days"": 5}"
156,0.3333333333333333,-0.2203777460284881,-0.4030777409860391,0.8374975257328335,-0.01915408337489,-0.4516108999174341,5.141025641025641,123,0.2845528455284553,-0.4733610916849445,-0.5028523970793186,0.5726434171982756,-0.0534972340881116,-2.551120131263412,6.0,kr_newhigh_alignment,screen,"{""max_mcap"": 500000000.0, ""min_vol_ratio_prev"": 3}",True,"{""stop_pct"": 0.2, ""target_pct"": 0.4, ""max_hold_days"": 10}"
161,0.3726708074534161,0.6067501415311036,-0.2985848152650089,1.4325151490404258,0.0392612026903809,0.536083814214355,0.9875776397515528,127,0.3307086614173228,-0.1686907230395626,-0.2171557023944461,0.7303313472230456,-0.015221940084943,-1.0062013758764368,1.0,kr_newhigh_alignment,screen,"{""max_mcap"": 500000000.0, ""min_vol_ratio_prev"": 3}",True,"{""stop_pct"": null, ""target_pct"": null, ""max_hold_days"": 1}"
156,0.4038461538461538,1.5093159923073405,-0.2698746120010027,1.6955114566742653,0.0805337890547225,0.7784300854793521,2.9166666666666665,127,0.3543307086614173,-0.3691139138267081,-0.3850157653600792,0.5981711739325353,-0.0374149136856142,-1.7390891910996154,2.9921259842519685,kr_newhigh_alignment,screen,"{""max_mcap"": 500000000.0, ""min_vol_ratio_prev"": 3}",True,"{""stop_pct"": null, ""target_pct"": null, ""max_hold_days"": 3}"
153,0.3594771241830065,1.3256630818761224,-0.266705103220742,1.538833278556409,0.0864681870332821,0.7458366706527648,4.810457516339869,124,0.3387096774193548,-0.5426482922101636,-0.5584334391423005,0.461846927974132,-0.0606379553015193,-2.272440870851136,4.975806451612903,kr_newhigh_alignment,screen,"{""max_mcap"": 500000000.0, ""min_vol_ratio_prev"": 3}",True,"{""stop_pct"": null, ""target_pct"": null, ""max_hold_days"": 5}"
141,0.3049645390070922,0.8459268290911925,-0.5092160993177572,1.279855463100752,0.0968146470378602,0.6446031451923987,9.560283687943262,112,0.3035714285714285,-0.6168960136903322,-0.6374780362865551,0.4463220645050018,-0.0841337065075214,-2.446566506114252,9.919642857142858,kr_newhigh_alignment,screen,"{""max_mcap"": 500000000.0, ""min_vol_ratio_prev"": 3}",True,"{""stop_pct"": null, ""target_pct"": null, ""max_hold_days"": 10}"
164,0.4329268292682927,-0.0546734479741759,-0.1034072528097218,0.9266532089900966,-0.008051036509656,-0.2319335671550724,0.7682926829268293,129,0.3798449612403101,-0.1804930622029535,-0.2016752544530538,0.6936935371061129,-0.0154481643662999,-1.6155152329547011,0.8294573643410853,kr_newhigh_alignment,screen,"{""max_mcap"": 500000000.0, ""min_vol_ratio_prev"": 3}",True,"{""stop_pct"": null, ""target_pct"": 0.15, ""max_hold_days"": 1}"
164,0.5304878048780488,0.1404452659362647,-0.112968575878575,1.1598020313789192,0.0052722315761859,0.550647299262343,1.9939024390243905,129,0.4186046511627907,-0.3774331291566067,-0.3958502165650426,0.54067373694843,-0.0377304594809329,-3.0222242921602835,2.2790697674418605,kr_newhigh_alignment,screen,"{""max_mcap"": 500000000.0, ""min_vol_ratio_prev"": 3}",True,"{""stop_pct"": null, ""target_pct"": 0.15, ""max_hold_days"": 3}"
163,0.5276073619631901,0.1846142124637848,-0.1237204741716145,1.1970659973352702,0.0075427117369711,0.618460437245054,3.098159509202454,128,0.4453125,-0.41056160015283,-0.4272402960933822,0.5680333062906799,-0.0409504324001981,-2.94827652239744,3.6328125,kr_newhigh_alignment,screen,"{""max_mcap"": 500000000.0, ""min_vol_ratio_prev"": 3}",True,"{""stop_pct"": null, ""target_pct"": 0.15, ""max_hold_days"": 5}"
161,0.5714285714285714,0.1787632025360359,-0.1351373839173436,1.1671549826665517,0.0059781457572136,0.565431018381868,5.565217391304348,128,0.4609375,-0.5117508664966539,-0.530457980877253,0.5257149817293202,-0.056032600535793,-2.95048235605061,6.8046875,kr_newhigh_alignment,screen,"{""max_mcap"": 500000000.0, ""min_vol_ratio_prev"": 3}",True,"{""stop_pct"": null, ""target_pct"": 0.15, ""max_hold_days"": 10}"
164,0.3780487804878049,0.0465703149320964,-0.1754801020384734,1.0492260017799169,-0.0020444233699347,0.2289059297019939,0.902439024390244,128,0.3359375,-0.1829329152610679,-0.2175353243387066,0.7071906219743007,-0.0165668685032726,-1.2884783038885306,0.9609375,kr_newhigh_alignment,screen,"{""max_mcap"": 500000000.0, ""min_vol_ratio_prev"": 3}",True,"{""stop_pct"": null, ""target_pct"": 0.4, ""max_hold_days"": 1}"
161,0.4472049689440994,0.478937614901131,-0.1418450982536012,1.3691835612676715,0.0202823272165806,1.0449509691462813,2.540372670807453,128,0.359375,-0.3409773667748944,-0.3575974201538539,0.6370153791755199,-0.0337346498191836,-1.9846544601840037,2.78125,kr_newhigh_alignment,screen,"{""max_mcap"": 500000000.0, ""min_vol_ratio_prev"": 3}",True,"{""stop_pct"": null, ""target_pct"": 0.4, ""max_hold_days"": 3}"
160,0.41875,0.552611946099445,-0.1446896795697033,1.3971443216541386,0.0229530706230469,1.0478887090768914,4.075,126,0.3571428571428571,-0.4217759222084087,-0.444906163496805,0.6208514051760121,-0.0421510659348177,-2.23126283032055,4.531746031746032,kr_newhigh_alignment,screen,"{""max_mcap"": 500000000.0, ""min_vol_ratio_prev"": 3}",True,"{""stop_pct"": null, ""target_pct"": 0.4, ""max_hold_days"": 5}"
153,0.4183006535947712,0.4212896896398326,-0.1932657094590969,1.2553644630295762,0.0160525028622187,0.7946907763218141,7.764705882352941,116,0.3275862068965517,-0.5229871383245772,-0.5400856870968813,0.5655062381327678,-0.0648249913098902,-2.332523824084645,8.974137931034482,kr_newhigh_alignment,screen,"{""max_mcap"": 500000000.0, ""min_vol_ratio_prev"": 3}",True,"{""stop_pct"": null, ""target_pct"": 0.4, ""max_hold_days"": 10}"
4058,0.3220798422868408,-0.918119917474312,-0.9314501125907428,0.813724684260363,-0.0059824111713767,-2.14799071298239,0.5406604238541153,2465,0.3164300202839756,-0.6299485068682438,-0.8794166351734445,0.8285562371830516,-0.0010862211752872,0.0058549087848315,0.5606490872210953,pullback_lowvol,screen,"{""surge_pct"": 0.1, ""vol_frac"": 0.3, ""hold_pct"": 0.85}",True,"{""stop_pct"": 0.05, ""target_pct"": null, ""max_hold_days"": 1}"
2370,0.2527426160337552,-0.7982291809679533,-0.8039443385913543,0.7933488158641978,-0.0064673718336349,-1.2056570528183013,1.250632911392405,1260,0.2507936507936508,-0.3617422543132571,-0.6840431701293352,0.9009831994515336,0.0060341098104903,-0.2045566200583905,1.3333333333333333,pullback_lowvol,screen,"{""surge_pct"": 0.1, ""vol_frac"": 0.3, ""hold_pct"": 0.85}",True,"{""stop_pct"": 0.05, ""target_pct"": null, ""max_hold_days"": 3}"
1815,0.2203856749311294,-0.1370714889310441,-0.6126605320129629,0.9752775441821302,0.0039420584117705,0.2041395774678347,1.815426997245179,961,0.2029136316337148,-0.5881181521561756,-0.642226031863474,0.8158215143258251,-0.0072477300623442,-1.2945255957564763,1.858480749219563,pullback_lowvol,screen,"{""surge_pct"": 0.1, ""vol_frac"": 0.3, ""hold_pct"": 0.85}",True,"{""stop_pct"": 0.05, ""target_pct"": null, ""max_hold_days"": 5}"
1247,0.1796311146752205,-0.3806509002064085,-0.5254945348320446,0.906328383580661,0.0029345311592209,-0.1633048098551037,2.9318364073777063,694,0.1570605187319884,-0.6431890511004503,-0.6852262359626996,0.7025734988537792,-0.0148158149192435,-1.475883672263802,2.7694524495677237,pullback_lowvol,screen,"{""surge_pct"": 0.1, ""vol_frac"": 0.3, ""hold_pct"": 0.85}",True,"{""stop_pct"": 0.05, ""target_pct"": null, ""max_hold_days"": 10}"
4050,0.3254320987654321,-0.9878827722608704,-0.9881752957665848,0.7109212034327764,-0.0111411814304237,-6.636150889013294,0.4703703703703704,2469,0.3215876873228027,-0.7862650899523114,-0.925366354029644,0.7245620516785417,-0.003276420482735,-0.2720437512843021,0.4775212636695018,pullback_lowvol,screen,"{""surge_pct"": 0.1, ""vol_frac"": 0.3, ""hold_pct"": 0.85}",True,"{""stop_pct"": 0.05, ""target_pct"": 0.15, ""max_hold_days"": 1}"
2649,0.2759531898829747,-0.9472756597651588,-0.9490243894740136,0.7606361642366519,-0.0115747667230757,-4.293730888224847,0.8999622499056248,1431,0.2851153039832285,-0.4798004995315069,-0.7302840678399988,0.8411993927747373,0.0032402327142076,-0.2384616167587771,0.9489867225716282,pullback_lowvol,screen,"{""surge_pct"": 0.1, ""vol_frac"": 0.3, ""hold_pct"": 0.85}",True,"{""stop_pct"": 0.05, ""target_pct"": 0.15, ""max_hold_days"": 3}"
2217,0.2557510148849797,-0.933910853876881,-0.93759764368654,0.745347342787177,-0.0128414107213029,-4.30627606204163,1.189445196211096,1195,0.2669456066945607,-0.4457369778310176,-0.7024252912355348,0.8432215140138322,0.0051387921397078,-0.2571284333860013,1.210878661087866,pullback_lowvol,screen,"{""surge_pct"": 0.1, ""vol_frac"": 0.3, ""hold_pct"": 0.85}",True,"{""stop_pct"": 0.05, ""target_pct"": 0.15, ""max_hold_days"": 5}"
1807,0.2523519645821804,-0.8536414030616871,-0.8639760391796414,0.7867871436094092,-0.0109251051146112,-3.1913935662228354,1.6303265080243496,1007,0.2482621648460774,-0.3953527716677784,-0.6707809470343646,0.8482382211695011,0.0072182363650225,-0.2418175293209328,1.5302879841112214,pullback_lowvol,screen,"{""surge_pct"": 0.1, ""vol_frac"": 0.3, ""hold_pct"": 0.85}",True,"{""stop_pct"": 0.05, ""target_pct"": 0.15, ""max_hold_days"": 10}"
4055,0.3223181257706535,-0.953314401162117,-0.9548893376348784,0.7928772314757028,-0.0076731566981267,-3.627508351460222,0.5292231812577065,2466,0.3171127331711273,-0.6221844793990271,-0.8730624657161242,0.8230457070111014,-0.0010098214070048,0.0083218043088794,0.5470397404703974,pullback_lowvol,screen,"{""surge_pct"": 0.1, ""vol_frac"": 0.3, ""hold_pct"": 0.85}",True,"{""stop_pct"": 0.05, ""target_pct"": 0.4, ""max_hold_days"": 1}"
2423,0.2558811390837804,-0.793239395599939,-0.7999426834786401,0.8331634725516897,-0.006397058533272,-1.6990142338086738,1.175402393726785,1292,0.2523219814241486,-0.3005654993134243,-0.6035581910429879,0.9189855370510388,0.0078362946386373,-0.1805678008622703,1.2407120743034057,pullback_lowvol,screen,"{""surge_pct"": 0.1, ""vol_frac"": 0.3, ""hold_pct"": 0.85}",True,"{""stop_pct"": 0.05, ""target_pct"": 0.4, ""max_hold_days"": 3}"
1905,0.2241469816272966,-0.7195459366066532,-0.7804768674966873,0.8225508746803687,-0.0059399592996545,-1.3965555162491048,1.648818897637795,1017,0.2143559488692232,-0.1616278536092507,-0.4906500369987838,0.9535129148873628,0.0137815271362973,-0.0003400267639238,1.6686332350049164,pullback_lowvol,screen,"{""surge_pct"": 0.1, ""vol_frac"": 0.3, ""hold_pct"": 0.85}",True,"{""stop_pct"": 0.05, ""target_pct"": 0.4, ""max_hold_days"": 5}"
1391,0.1883537023723939,-0.5846295401548769,-0.6903594799761856,0.8543084608867552,-0.004715849189677,-1.0838782104638378,2.4960460100647017,774,0.1731266149870801,-0.1813693395044203,-0.4842813250774003,0.9317334614026695,0.0167185959696279,-0.0261940652600767,2.34625322997416,pullback_lowvol,screen,"{""surge_pct"": 0.1, ""vol_frac"": 0.3, ""hold_pct"": 0.85}",True,"{""stop_pct"": 0.05, ""target_pct"": 0.4, ""max_hold_days"": 10}"
3881,0.3810873486214893,-0.8482863628330554,-0.8859048606257516,0.8342347205212739,-0.0041047774732671,-1.1519534324909937,0.8178304560680237,2433,0.3715577476366625,-0.7424407745528545,-0.9114786383431172,0.8070533776201719,-0.0025212649929464,-0.141722698451976,0.8302507192766132,pullback_lowvol,screen,"{""surge_pct"": 0.1, ""vol_frac"": 0.3, ""hold_pct"": 0.85}",True,"{""stop_pct"": 0.1, ""target_pct"": null, ""max_hold_days"": 1}"
1844,0.3535791757049891,-0.4454866214491697,-0.6515822542481844,0.9226401745783116,-0.001770209049443,-0.2144889057757867,2.084056399132321,997,0.3410230692076229,0.1079983633665093,-0.5196903922697285,1.0202717916170274,0.0162662894340566,0.4895492962835578,2.116349047141424,pullback_lowvol,screen,"{""surge_pct"": 0.1, ""vol_frac"": 0.3, ""hold_pct"": 0.85}",True,"{""stop_pct"": 0.1, ""target_pct"": null, ""max_hold_days"": 3}"
1300,0.3353846153846154,-0.0842757778721969,-0.4597269969876535,0.9855014259307644,0.0082972714780065,0.2149212567131377,3.0646153846153847,694,0.3025936599423631,-0.5320795417361044,-0.675767255746059,0.8180633024523027,-0.0083394156059586,-0.8413043996441714,3.089337175792507,pullback_lowvol,screen,"{""surge_pct"": 0.1, ""vol_frac"": 0.3, ""hold_pct"": 0.85}",True,"{""stop_pct"": 0.1, ""target_pct"": null, ""max_hold_days"": 5}"
821,0.2959805115712545,-0.1377935478431431,-0.5718915519365725,0.9653568295719782,0.00541393285823,0.1533209530419368,5.063337393422655,442,0.2601809954751131,-0.763499792135511,-0.7835043754452082,0.5384234339347147,-0.0346431804574387,-2.435764699082699,5.006787330316742,pullback_lowvol,screen,"{""surge_pct"": 0.1, ""vol_frac"": 0.3, ""hold_pct"": 0.85}",True,"{""stop_pct"": 0.1, ""target_pct"": null, ""max_hold_days"": 10}"
3909,0.3903811716551548,-0.9774666579667636,-0.9785997625078512,0.7116643998187866,-0.0095851433161126,-4.005508223485384,0.72013302634945,2440,0.3836065573770492,-0.767614295665729,-0.9158810003068476,0.7670828642398003,-0.0027795972486038,-0.2085533010149592,0.7217213114754099,pullback_lowvol,screen,"{""surge_pct"": 0.1, ""vol_frac"": 0.3, ""hold_pct"": 0.85}",True,"{""stop_pct"": 0.1, ""target_pct"": 0.15, ""max_hold_days"": 1}"
2070,0.3927536231884058,-0.8917876025847263,-0.9000628732194588,0.7899010460804107,-0.010889826458076,-2.721075692316964,1.5792270531400967,1128,0.3794326241134751,-0.4190876219276509,-0.6458817367981411,0.8774501620683517,0.0065630675099241,-0.2857495966779572,1.607269503546099,pullback_lowvol,screen,"{""surge_pct"": 0.1, ""vol_frac"": 0.3, ""hold_pct"": 0.85}",True,"{""stop_pct"": 0.1, ""target_pct"": 0.15, ""max_hold_days"": 3}"
1617,0.3889919604205318,-0.8765730140796937,-0.8851311197546327,0.7583216219252071,-0.0129489719612387,-2.676910064761695,2.124922696351268,844,0.3720379146919431,-0.694282297638485,-0.7256262159652636,0.7501379084340062,-0.0133664735120182,-3.49245936444242,2.242890995260664,pullback_lowvol,screen,"{""surge_pct"": 0.1, ""vol_frac"": 0.3, ""hold_pct"": 0.85}",True,"{""stop_pct"": 0.1, ""target_pct"": 0.15, ""max_hold_days"": 5}"
1189,0.3986543313708999,-0.7234252696265373,-0.7416837224653865,0.8084324365026072,-0.0107092165571242,-1.735820989992656,3.079899074852817,641,0.3712948517940718,-0.3199125540249745,-0.6079210318343768,0.8751914593056516,0.0146362746691566,-0.2212786513520005,3.049921996879875,pullback_lowvol,screen,"{""surge_pct"": 0.1, ""vol_frac"": 0.3, ""hold_pct"": 0.85}",True,"{""stop_pct"": 0.1, ""target_pct"": 0.15, ""max_hold_days"": 10}"
3880,0.3809278350515463,-0.9159309728242369,-0.9229903589810916,0.7936617182918864,-0.0059701428950382,-2.097689606057441,0.8007731958762887,2434,0.3726376335250616,-0.6637665762640035,-0.8807356654672398,0.827573379404792,-0.001428234427835,-0.023757670619519,0.8147082990961381,pullback_lowvol,screen,"{""surge_pct"": 0.1, ""vol_frac"": 0.3, ""hold_pct"": 0.85}",True,"{""stop_pct"": 0.1, ""target_pct"": 0.4, ""max_hold_days"": 1}"
1891,0.3548387096774194,-0.4958094396460192,-0.6011432608116258,0.9227934655125994,-0.0031725590111946,-0.4989640885977088,1.947646747752512,1020,0.3401960784313725,-0.1603491777849826,-0.5067202706850724,0.9636284567729898,0.0135645315583323,0.0326750021598397,1.996078431372549,pullback_lowvol,screen,"{""surge_pct"": 0.1, ""vol_frac"": 0.3, ""hold_pct"": 0.85}",True,"{""stop_pct"": 0.1, ""target_pct"": 0.4, ""max_hold_days"": 3}"
1381,0.3439536567704562,-0.5116889968149472,-0.655657081755753,0.8962208326442709,-0.0029312557138397,-0.6032922071565299,2.777697320782042,724,0.3149171270718232,-0.388412428414564,-0.5158289740456501,0.8844406583873795,-0.0040373977725132,-0.8832336029042938,2.8715469613259668,pullback_lowvol,screen,"{""surge_pct"": 0.1, ""vol_frac"": 0.3, ""hold_pct"": 0.85}",True,"{""stop_pct"": 0.1, ""target_pct"": 0.4, ""max_hold_days"": 5}"
903,0.3089700996677741,-0.2330541046178775,-0.442631597826788,0.9521198083918974,0.0006802825056798,-0.1192458072317934,4.456256921373201,490,0.2714285714285714,-0.2557082385709982,-0.598145379342123,0.8905199989734381,0.021963474794726,-0.0675494228190442,4.355102040816327,pullback_lowvol,screen,"{""surge_pct"": 0.1, ""vol_frac"": 0.3, ""hold_pct"": 0.85}",True,"{""stop_pct"": 0.1, ""target_pct"": 0.4, ""max_hold_days"": 10}"
3804,0.3930073606729758,-0.8642125242762846,-0.9007178275960592,0.8353341093535614,-0.0041801154485455,-1.1845689253906302,0.9663512092534174,2429,0.3820502264306299,-0.7611509257478595,-0.9094578512511228,0.8129286202127448,-0.002505547741849,-0.1891286284849913,0.9641827912721284,pullback_lowvol,screen,"{""surge_pct"": 0.1, ""vol_frac"": 0.3, ""hold_pct"": 0.85}",True,"{""stop_pct"": 0.2, ""target_pct"": null, ""max_hold_days"": 1}"
1596,0.3947368421052631,-0.0157021857012816,-0.4555614763435073,0.9979135100482368,0.0029798313002302,0.3105459709208993,2.723684210526316,865,0.3872832369942196,-0.2832655289109385,-0.6608317606243678,0.9163947244813518,0.0107884983121577,-0.0004481364342453,2.7595375722543354,pullback_lowvol,screen,"{""surge_pct"": 0.1, ""vol_frac"": 0.3, ""hold_pct"": 0.85}",True,"{""stop_pct"": 0.2, ""target_pct"": null, ""max_hold_days"": 3}"
1019,0.4062806673209028,0.5855185199301882,-0.4299697340085897,1.1045770041964684,0.0188251602805447,0.7084712303832503,4.376840039254171,553,0.3652802893309222,-0.2949401141586238,-0.6174614936044072,0.8756573693563605,0.0195525120939317,0.0090698137859988,4.296564195298372,pullback_lowvol,screen,"{""surge_pct"": 0.1, ""vol_frac"": 0.3, ""hold_pct"": 0.85}",True,"{""stop_pct"": 0.2, ""target_pct"": null, ""max_hold_days"": 5}"
564,0.3847517730496453,0.0681347278485045,-0.6220892860058114,1.0147473901220727,0.0184021509075728,0.3401419240740756,7.962765957446808,317,0.3406940063091482,-0.48453686041192,-0.7156022664935202,0.7163119205031729,0.0135498455158005,-0.1951395273619071,7.495268138801261,pullback_lowvol,screen,"{""surge_pct"": 0.1, ""vol_frac"": 0.3, ""hold_pct"": 0.85}",True,"{""stop_pct"": 0.2, ""target_pct"": null, ""max_hold_days"": 10}"
3826,0.4072138003136435,-0.9719536879402644,-0.973701768380702,0.7358296316709514,-0.0089342659703,-3.601220568054,0.869315211709357,2434,0.3964667214461791,-0.6825299612445779,-0.8742323140534005,0.8189039653035556,-0.0012202156391241,-0.0567927556918272,0.8512736236647493,pullback_lowvol,screen,"{""surge_pct"": 0.1, ""vol_frac"": 0.3, ""hold_pct"": 0.85}",True,"{""stop_pct"": 0.2, ""target_pct"": 0.15, ""max_hold_days"": 1}"
1775,0.4473239436619718,-0.6251255108559637,-0.6889150228558851,0.8807736081349394,-0.0036562632363736,-0.4669821843480972,2.189295774647887,975,0.4348717948717949,-0.2715524554199143,-0.5151634188678234,0.9247735432742608,0.0120799794377708,-0.1624436773913168,2.1887179487179487,pullback_lowvol,screen,"{""surge_pct"": 0.1, ""vol_frac"": 0.3, ""hold_pct"": 0.85}",True,"{""stop_pct"": 0.2, ""target_pct"": 0.15, ""max_hold_days"": 3}"
1242,0.4685990338164251,-0.7656560732594831,-0.7939263861001944,0.8126814218285667,-0.0104570257027276,-1.6886568521611274,3.255233494363929,677,0.4519940915805022,-0.5444159995058311,-0.5851737965092763,0.8089653765972357,-0.0100727053962331,-1.9142254585498004,3.1816838995568686,pullback_lowvol,screen,"{""surge_pct"": 0.1, ""vol_frac"": 0.3, ""hold_pct"": 0.85}",True,"{""stop_pct"": 0.2, ""target_pct"": 0.15, ""max_hold_days"": 5}"
815,0.505521472392638,-0.5960452953981059,-0.6699292790771987,0.8436747419932179,-0.008207581586268,-1.010274173979251,5.058895705521472,443,0.4695259593679458,-0.304125817755179,-0.6190966906159361,0.873559712013164,0.0208363435708744,-0.1870084248020916,4.952595936794582,pullback_lowvol,screen,"{""surge_pct"": 0.1, ""vol_frac"": 0.3, ""hold_pct"": 0.85}",True,"{""stop_pct"": 0.2, ""target_pct"": 0.15, ""max_hold_days"": 10}"
3804,0.3935331230283911,-0.914431294262775,-0.9225883658868452,0.8079374528258972,-0.0057953898914684,-1.9886404983792707,0.9482124079915878,2430,0.3835390946502057,-0.6309924707829434,-0.854884566877844,0.848068082507416,-0.000707240134714,0.0104822598500473,0.9469135802469136,pullback_lowvol,screen,"{""surge_pct"": 0.1, ""vol_frac"": 0.3, ""hold_pct"": 0.85}",True,"{""stop_pct"": 0.2, ""target_pct"": 0.4, ""max_hold_days"": 1}"
1632,0.4068627450980392,-0.1729405909602254,-0.510744223940077,0.973876182624933,0.0005416638667093,0.0606873878442416,2.584558823529412,882,0.3820861678004535,-0.2019258891519325,-0.483087960613216,0.9477524348582572,0.0143106383783117,0.0057801212449382,2.634920634920635,pullback_lowvol,screen,"{""surge_pct"": 0.1, ""vol_frac"": 0.3, ""hold_pct"": 0.85}",True,"{""stop_pct"": 0.2, ""target_pct"": 0.4, ""max_hold_days"": 3}"
1075,0.4055813953488372,-0.0065112718718988,-0.4377584325772428,0.998841480960393,0.0052668720945926,0.2246497774035202,4.016744186046512,575,0.3878260869565217,-0.0483913925248457,-0.4258091232250788,0.9863003893528144,0.0029680820925812,0.1690133679871494,4.036521739130435,pullback_lowvol,screen,"{""surge_pct"": 0.1, ""vol_frac"": 0.3, ""hold_pct"": 0.85}",True,"{""stop_pct"": 0.2, ""target_pct"": 0.4, ""max_hold_days"": 5}"
632,0.4161392405063291,0.2557329213662502,-0.471923013149914,1.0489173412081665,0.0141377623419421,0.4980852941691756,6.931962025316456,343,0.3760932944606414,-0.0843402905067077,-0.4394946431610763,0.965777021295276,0.0423692774172013,0.1302471785977401,6.793002915451895,pullback_lowvol,screen,"{""surge_pct"": 0.1, ""vol_frac"": 0.3, ""hold_pct"": 0.85}",True,"{""stop_pct"": 0.2, ""target_pct"": 0.4, ""max_hold_days"": 10}"
3799,0.395630429060279,-0.8511534142291353,-0.8912431943011636,0.8540872315832684,-0.0037922545902273,-1.1162709793613292,0.9973677283495656,2427,0.3827770910589205,-0.8005333876830967,-0.9220325601796712,0.791034631430133,-0.0032556330032618,-0.2742651100180543,0.9962917181705808,pullback_lowvol,screen,"{""surge_pct"": 0.1, ""vol_frac"": 0.3, ""hold_pct"": 0.85}",True,"{""stop_pct"": null, ""target_pct"": null, ""max_hold_days"": 1}"
1535,0.4123778501628664,0.3378004724849517,-0.4605060957673792,1.0443597368393842,0.0062666390239893,0.5563306789419605,2.9876221498371334,831,0.3959085439229843,-0.3618425348714096,-0.5693208174701889,0.8862026388693394,0.0119758577733095,-0.1455586050163418,2.9855595667870034,pullback_lowvol,screen,"{""surge_pct"": 0.1, ""vol_frac"": 0.3, ""hold_pct"": 0.85}",True,"{""stop_pct"": null, ""target_pct"": null, ""max_hold_days"": 3}"
939,0.4270500532481363,0.6454081930926674,-0.4689762033937926,1.1210022432355595,0.0234527019861806,0.7349943196489827,4.968051118210862,500,0.392,1.602249447786889,-0.4097097415962976,1.3552695924510292,0.0786001003189518,0.943097984460303,4.968,pullback_lowvol,screen,"{""surge_pct"": 0.1, ""vol_frac"": 0.3, ""hold_pct"": 0.85}",True,"{""stop_pct"": null, ""target_pct"": null, ""max_hold_days"": 5}"
470,0.4340425531914894,1.3945474386506,-0.5189873702280294,1.3265557406264536,0.0378936549766375,1.1470547201521637,9.934042553191489,250,0.348,-0.3896908293013003,-0.6356603808325206,0.7740764126978138,0.0271507200180571,-0.1987244296377006,9.936,pullback_lowvol,screen,"{""surge_pct"": 0.1, ""vol_frac"": 0.3, ""hold_pct"": 0.85}",True,"{""stop_pct"": null, ""target_pct"": null, ""max_hold_days"": 10}"
3823,0.4101490975673554,-0.9607567576130596,-0.9632027242802582,0.7684521041885369,-0.0080414427644567,-3.198699531299819,0.8982474496468742,2433,0.4011508425811755,-0.6184371817922447,-0.8521397158729535,0.8392933158770529,-0.0003931008455666,0.0238039130002291,0.8808055898068229,pullback_lowvol,screen,"{""surge_pct"": 0.1, ""vol_frac"": 0.3, ""hold_pct"": 0.85}",True,"{""stop_pct"": null, ""target_pct"": 0.15, ""max_hold_days"": 1}"
1692,0.4633569739952718,-0.662918257052923,-0.7490777513981345,0.8615100136179624,-0.0049693458897725,-1.0053896589036344,2.4462174940898347,939,0.4494142705005325,-0.2677266572665319,-0.4530814294854126,0.9311896931825664,0.0137139353617149,-0.1708955491503379,2.37912673056443,pullback_lowvol,screen,"{""surge_pct"": 0.1, ""vol_frac"": 0.3, ""hold_pct"": 0.85}",True,"{""stop_pct"": null, ""target_pct"": 0.15, ""max_hold_days"": 3}"
1130,0.5035398230088496,-0.5216250260982636,-0.693602574226541,0.8755198235621431,-0.0039725480639536,-0.7416202657794181,3.7946902654867256,622,0.4662379421221865,-0.1793432151581416,-0.4577801324084307,0.9428540265846872,0.0213336819027767,-0.0396617035363474,3.665594855305466,pullback_lowvol,screen,"{""surge_pct"": 0.1, ""vol_frac"": 0.3, ""hold_pct"": 0.85}",True,"{""stop_pct"": null, ""target_pct"": 0.15, ""max_hold_days"": 5}"
664,0.5436746987951807,-0.2148541728542227,-0.4788690581968733,0.9460533072385244,0.0008612411324045,-0.1289877845026226,6.599397590361446,354,0.536723163841808,-0.1847603476184103,-0.4726432765506079,0.9130103294986462,0.0373165050740645,-0.0429170179618507,6.621468926553672,pullback_lowvol,screen,"{""surge_pct"": 0.1, ""vol_frac"": 0.3, ""hold_pct"": 0.85}",True,"{""stop_pct"": null, ""target_pct"": 0.15, ""max_hold_days"": 10}"
3798,0.3962611901000527,-0.8966272486540395,-0.9063616584215266,0.8330751523948509,-0.0052774785264744,-1.777977398750335,0.9789362822538178,2428,0.3846787479406919,-0.6832494426374751,-0.8721126319838455,0.8245069732750804,-0.0013042132461858,-0.0558629084019991,0.9794069192751236,pullback_lowvol,screen,"{""surge_pct"": 0.1, ""vol_frac"": 0.3, ""hold_pct"": 0.85}",True,"{""stop_pct"": null, ""target_pct"": 0.4, ""max_hold_days"": 1}"
1572,0.4141221374045801,0.916447333360856,-0.4266654778200633,1.1096580332277115,0.0068148347207489,0.9370533802007124,2.8301526717557253,851,0.3877790834312573,-0.2400265011848882,-0.5153835628688463,0.9398503761101576,0.0149581481039419,-0.0654614897693674,2.853113983548766,pullback_lowvol,screen,"{""surge_pct"": 0.1, ""vol_frac"": 0.3, ""hold_pct"": 0.85}",True,"{""stop_pct"": null, ""target_pct"": 0.4, ""max_hold_days"": 3}"
988,0.4382591093117409,0.5647644078450063,-0.3519122133958535,1.0874260972214829,0.0137888453731174,0.7430719941124125,4.596153846153846,528,0.4261363636363636,0.4596748751991277,-0.3597150116654806,1.1078826671854825,0.0448501224512475,0.9616933581842808,4.604166666666667,pullback_lowvol,screen,"{""surge_pct"": 0.1, ""vol_frac"": 0.3, ""hold_pct"": 0.85}",True,"{""stop_pct"": null, ""target_pct"": 0.4, ""max_hold_days"": 5}"
535,0.4392523364485981,0.8795105671057262,-0.3437295885281545,1.1514122079490163,0.0272686739566468,1.0465051022893248,8.528971962616822,275,0.4109090909090909,-0.1343290184208384,-0.4663640488569386,0.9349207143075302,0.0532047132444059,0.0659148998428828,8.901818181818182,pullback_lowvol,screen,"{""surge_pct"": 0.1, ""vol_frac"": 0.3, ""hold_pct"": 0.85}",True,"{""stop_pct"": null, ""target_pct"": 0.4, ""max_hold_days"": 10}"
3699,0.311705866450392,-0.8957331799566693,-0.9009934277320504,0.8398705552497737,-0.0057899205308918,-1.8808983957838596,0.5120302784536361,2400,0.3083333333333333,-0.8915899167742865,-0.895140218741621,0.7534907051551816,-0.0092051072333517,-4.589484245153723,0.5404166666666667,pullback_lowvol,screen,"{""surge_pct"": 0.15, ""vol_frac"": 0.3, ""hold_pct"": 0.85}",True,"{""stop_pct"": 0.05, ""target_pct"": null, ""max_hold_days"": 1}"
2346,0.237851662404092,-0.812425057115798,-0.817988820382051,0.8149066636567817,-0.0062588665325181,-1.2775387681763133,1.1773231031543052,1282,0.251170046801872,-0.5609575551608157,-0.7163108312344506,0.8708300360763914,-0.0071907871831461,-1.1865483515939546,1.28003120124805,pullback_lowvol,screen,"{""surge_pct"": 0.15, ""vol_frac"": 0.3, ""hold_pct"": 0.85}",True,"{""stop_pct"": 0.05, ""target_pct"": null, ""max_hold_days"": 3}"
1849,0.206598161168199,-0.1452491238831091,-0.4502071545882653,0.97742306552349,0.0045750127550175,0.1613579286526741,1.7009194159004868,981,0.1987767584097859,-0.5613024528681914,-0.7107182181856196,0.8557638555026766,-0.0067697285036984,-1.0952561124004536,1.7879714576962282,pullback_lowvol,screen,"{""surge_pct"": 0.15, ""vol_frac"": 0.3, ""hold_pct"": 0.85}",True,"{""stop_pct"": 0.05, ""target_pct"": null, ""max_hold_days"": 5}"
1315,0.1612167300380228,-0.3577753456464339,-0.6043496092557923,0.9172997789664076,0.0043079097816789,-0.0851606218437871,2.6866920152091254,716,0.1466480446927374,-0.6890663140204096,-0.7669485506230859,0.7023204044020956,-0.0165899013276509,-1.6271174908633563,2.642458100558659,pullback_lowvol,screen,"{""surge_pct"": 0.15, ""vol_frac"": 0.3, ""hold_pct"": 0.85}",True,"{""stop_pct"": 0.05, ""target_pct"": null, ""max_hold_days"": 10}"
3727,0.3158035953850281,-0.9830575555163402,-0.9834694557149996,0.7323644201991513,-0.0112700422183528,-6.398149307109837,0.4292997048564529,2408,0.3127076411960133,-0.9396284677730552,-0.9396284677730552,0.6699945141858935,-0.0115887064662785,-7.672922781631219,0.4509966777408637,pullback_lowvol,screen,"{""surge_pct"": 0.15, ""vol_frac"": 0.3, ""hold_pct"": 0.85}",True,"{""stop_pct"": 0.05, ""target_pct"": 0.15, ""max_hold_days"": 1}"
2621,0.2689813048454788,-0.9435426086589648,-0.945650460821138,0.7693930769057284,-0.0108598104729713,-4.381923007326149,0.8149561236169401,1451,0.2887663680220537,-0.7330488013389387,-0.7348439830261466,0.7764371456532994,-0.0090363715804689,-3.9796429059733462,0.9062715368711234,pullback_lowvol,screen,"{""surge_pct"": 0.15, ""vol_frac"": 0.3, ""hold_pct"": 0.85}",True,"{""stop_pct"": 0.05, ""target_pct"": 0.15, ""max_hold_days"": 3}"
2287,0.2544818539571491,-0.9211377771813554,-0.9262609540709188,0.7705020751634619,-0.0110904185160998,-3.948303571122061,1.040227372103192,1229,0.2620016273393002,-0.737576819808981,-0.7381436870983966,0.7446437742663431,-0.0104767155917188,-4.136222308899708,1.1375101708706266,pullback_lowvol,screen,"{""surge_pct"": 0.15, ""vol_frac"": 0.3, ""hold_pct"": 0.85}",True,"{""stop_pct"": 0.05, ""target_pct"": 0.15, ""max_hold_days"": 5}"
1922,0.2336108220603538,-0.909466006409719,-0.9138025763173334,0.7408130140170214,-0.0121384978262494,-3.985843118546448,1.4037460978147762,1022,0.2524461839530332,-0.6431313224186463,-0.6502146823824035,0.7725585490456484,-0.0095945711275436,-3.403509637258289,1.484344422700587,pullback_lowvol,screen,"{""surge_pct"": 0.15, ""vol_frac"": 0.3, ""hold_pct"": 0.85}",True,"{""stop_pct"": 0.05, ""target_pct"": 0.15, ""max_hold_days"": 10}"
3697,0.3121449824181769,-0.9397870972013606,-0.941828448520813,0.8052769544913558,-0.0076437688811657,-3.470245418260675,0.4993237760346227,2401,0.3090379008746355,-0.8890522810181214,-0.8895095561950026,0.745457163482681,-0.0091298728047843,-4.995512217058359,0.5256143273635985,pullback_lowvol,screen,"{""surge_pct"": 0.15, ""vol_frac"": 0.3, ""hold_pct"": 0.85}",True,"{""stop_pct"": 0.05, ""target_pct"": 0.4, ""max_hold_days"": 1}"
2385,0.2431865828092243,-0.7943302829010209,-0.8016673043332074,0.8392875626929668,-0.0061786030677153,-1.7647119380261969,1.108595387840671,1318,0.2503793626707132,-0.5644948506040359,-0.6045812146774101,0.8559597979600438,-0.0066098645460693,-1.8871086954267249,1.1828528072837632,pullback_lowvol,screen,"{""surge_pct"": 0.15, ""vol_frac"": 0.3, ""hold_pct"": 0.85}",True,"{""stop_pct"": 0.05, ""target_pct"": 0.4, ""max_hold_days"": 3}"
1934,0.2156153050672182,-0.5900712892058163,-0.6341644395545869,0.8928788826420461,-0.003664057344378,-0.9276375180362814,1.5434332988624613,1029,0.2079689018464528,-0.6124245028937993,-0.6346669693795415,0.8159436824670554,-0.0074571923438224,-1.9542075548415911,1.6239067055393586,pullback_lowvol,screen,"{""surge_pct"": 0.15, ""vol_frac"": 0.3, ""hold_pct"": 0.85}",True,"{""stop_pct"": 0.05, ""target_pct"": 0.4, ""max_hold_days"": 5}"
1471,0.1706322229775662,-0.7015467166819507,-0.7474474421097355,0.8162479361709997,-0.0071312795981884,-1.4292213482841436,2.254248810333107,781,0.1638924455825864,-0.5487829549449328,-0.5585141089186798,0.7774000716035577,-0.0099674427765366,-1.7789438101806472,2.302176696542894,pullback_lowvol,screen,"{""surge_pct"": 0.15, ""vol_frac"": 0.3, ""hold_pct"": 0.85}",True,"{""stop_pct"": 0.05, ""target_pct"": 0.4, ""max_hold_days"": 10}"
3480,0.3701149425287356,-0.7490411806173327,-0.7942734376630672,0.8985257490076948,-0.0021123647936185,-0.4719256582134528,0.7954022988505747,2336,0.3578767123287671,-0.9441106089513056,-0.945102829394628,0.7417341858286417,-0.0119239500216761,-5.052656065563099,0.8107876712328768,pullback_lowvol,screen,"{""surge_pct"": 0.15, ""vol_frac"": 0.3, ""hold_pct"": 0.85}",True,"{""stop_pct"": 0.1, ""target_pct"": null, ""max_hold_days"": 1}"
1822,0.3485181119648737,-0.4317720856475658,-0.6210973638296662,0.9244700722243444,-0.0019991357880793,-0.1663726516803643,1.9928649835345773,1016,0.3356299212598425,-0.4731179982472241,-0.6419575451622201,0.8993479196911528,-0.0052801844451281,-0.4621054069376665,2.0413385826771653,pullback_lowvol,screen,"{""surge_pct"": 0.15, ""vol_frac"": 0.3, ""hold_pct"": 0.85}",True,"{""stop_pct"": 0.1, ""target_pct"": null, ""max_hold_days"": 3}"
1312,0.3239329268292683,0.4288718485107796,-0.4032770604997417,1.0608405706464414,0.0118439128899331,0.6042067990479687,2.951219512195122,708,0.2951977401129944,-0.6940475360163731,-0.7940281627159451,0.7548575057919241,-0.0149821336788151,-1.4645670726385602,3.005649717514124,pullback_lowvol,screen,"{""surge_pct"": 0.15, ""vol_frac"": 0.3, ""hold_pct"": 0.85}",True,"{""stop_pct"": 0.1, ""target_pct"": null, ""max_hold_days"": 5}"
836,0.2811004784688995,0.1294956217293772,-0.5027562895098461,1.0278397630895173,0.0143972269575791,0.3982073232689139,4.929425837320574,447,0.2483221476510067,-0.7300000378935423,-0.7503712987479918,0.6131417280622637,-0.0295840595517393,-1.8333019361119212,4.935123042505593,pullback_lowvol,screen,"{""surge_pct"": 0.15, ""vol_frac"": 0.3, ""hold_pct"": 0.85}",True,"{""stop_pct"": 0.1, ""target_pct"": null, ""max_hold_days"": 10}"
3524,0.3796821793416572,-0.958494225518189,-0.9614761074762108,0.7576520274195209,-0.0082752002035706,-2.0748972642233534,0.6878547105561862,2346,0.3699914748508099,-0.9474318644566516,-0.9481044574419256,0.7091552841261104,-0.0121531061398516,-6.3521926032876985,0.6973572037510657,pullback_lowvol,screen,"{""surge_pct"": 0.15, ""vol_frac"": 0.3, ""hold_pct"": 0.85}",True,"{""stop_pct"": 0.1, ""target_pct"": 0.15, ""max_hold_days"": 1}"
2056,0.3934824902723735,-0.8932741276055517,-0.9050142723037388,0.8022478154984725,-0.0108877819237969,-2.74999069676599,1.470330739299611,1149,0.3855526544821584,-0.7549059339946713,-0.7549059339946713,0.7616738154701919,-0.0113210896892232,-3.252637505954433,1.5422106179286337,pullback_lowvol,screen,"{""surge_pct"": 0.15, ""vol_frac"": 0.3, ""hold_pct"": 0.85}",True,"{""stop_pct"": 0.1, ""target_pct"": 0.15, ""max_hold_days"": 3}"
1667,0.3893221355728854,-0.8566556697879782,-0.8680891964119279,0.8113632401736626,-0.0118162858090893,-2.467849733446997,1.928014397120576,871,0.3800229621125143,-0.6685395746560281,-0.6765657457373396,0.7773119754626138,-0.0119682640886815,-2.885302845495662,2.1354764638346726,pullback_lowvol,screen,"{""surge_pct"": 0.15, ""vol_frac"": 0.3, ""hold_pct"": 0.85}",True,"{""stop_pct"": 0.1, ""target_pct"": 0.15, ""max_hold_days"": 5}"
1258,0.3942766295707472,-0.7034243662265453,-0.7273881469850982,0.8352116648674585,-0.0095883814325498,-1.574225505298942,2.7813990461049283,655,0.3755725190839695,-0.622324595375459,-0.6422618753538554,0.7608065243630256,-0.0133549955602276,-2.7799710518684098,2.949618320610687,pullback_lowvol,screen,"{""surge_pct"": 0.15, ""vol_frac"": 0.3, ""hold_pct"": 0.85}",True,"{""stop_pct"": 0.1, ""target_pct"": 0.15, ""max_hold_days"": 10}"
3481,0.3702958919850617,-0.8505383580494645,-0.8676949735378013,0.8548221710768406,-0.0042397021303557,-1.019986896678482,0.776213731686297,2338,0.3592814371257485,-0.9268969607592602,-0.9282006853218214,0.7524274465083725,-0.0107910397078944,-4.880144400274354,0.7934131736526946,pullback_lowvol,screen,"{""surge_pct"": 0.15, ""vol_frac"": 0.3, ""hold_pct"": 0.85}",True,"{""stop_pct"": 0.1, ""target_pct"": 0.4, ""max_hold_days"": 1}"
1874,0.3537886872998932,-0.3860919439597325,-0.6100676394106341,0.9447010658376626,-0.0020456241236536,-0.2929922928733446,1.855923159018143,1044,0.3409961685823754,-0.5485901821453391,-0.6092879744675377,0.8746515061933694,-0.0071260240272506,-1.3064890180172928,1.9118773946360152,pullback_lowvol,screen,"{""surge_pct"": 0.15, ""vol_frac"": 0.3, ""hold_pct"": 0.85}",True,"{""stop_pct"": 0.1, ""target_pct"": 0.4, ""max_hold_days"": 3}"
1394,0.3378766140602582,-0.2600513845937267,-0.5542846797961687,0.9606557695176222,0.0007736966711607,-0.1439432861869344,2.662840746054519,742,0.316711590296496,-0.3838979922326307,-0.5231580629502572,0.9009271273388078,-0.0041181162208375,-0.8032691777271038,2.7735849056603774,pullback_lowvol,screen,"{""surge_pct"": 0.15, ""vol_frac"": 0.3, ""hold_pct"": 0.85}",True,"{""stop_pct"": 0.1, ""target_pct"": 0.4, ""max_hold_days"": 5}"
917,0.3075245365321701,0.1877754280350161,-0.3571104379407246,1.0337156238662182,0.0066887668407668,0.4262996711497941,4.339149400218102,499,0.2645290581162324,-0.4279353977804724,-0.4657941502131857,0.8418716711060868,-0.0091449924018125,-1.0271048126412805,4.25250501002004,pullback_lowvol,screen,"{""surge_pct"": 0.15, ""vol_frac"": 0.3, ""hold_pct"": 0.85}",True,"{""stop_pct"": 0.1, ""target_pct"": 0.4, ""max_hold_days"": 10}"
3385,0.3819793205317577,-0.866680913922937,-0.8938722358445343,0.855166973667985,-0.0043408091803455,-1.1899250080678054,0.960709010339734,2320,0.3668103448275862,-0.962884064657378,-0.9635461649929656,0.696325732313987,-0.0136828085115483,-5.439087245960035,0.959051724137931,pullback_lowvol,screen,"{""surge_pct"": 0.15, ""vol_frac"": 0.3, ""hold_pct"": 0.85}",True,"{""stop_pct"": 0.2, ""target_pct"": null, ""max_hold_days"": 1}"
1561,0.3978219090326713,-0.2894453386613278,-0.4821052536899896,0.9622641472491744,0.0011234226339593,0.0495542253701098,2.6976297245355543,872,0.375,-0.4210651550630896,-0.644934766646948,0.9055395866968988,-0.0028104858525607,-0.3620651338910813,2.713302752293578,pullback_lowvol,screen,"{""surge_pct"": 0.15, ""vol_frac"": 0.3, ""hold_pct"": 0.85}",True,"{""stop_pct"": 0.2, ""target_pct"": null, ""max_hold_days"": 3}"
1021,0.3839373163565132,0.4476493690725678,-0.4691852882158942,1.0728781835713106,0.0160335969342492,0.6117563329193518,4.296767874632713,560,0.3571428571428571,-0.483124230061161,-0.6198881717638882,0.8322838272271752,-0.0076708350444597,-0.5937603011482452,4.2196428571428575,pullback_lowvol,screen,"{""surge_pct"": 0.15, ""vol_frac"": 0.3, ""hold_pct"": 0.85}",True,"{""stop_pct"": 0.2, ""target_pct"": null, ""max_hold_days"": 5}"
572,0.3881118881118881,0.1286451592887039,-0.5439004313307942,1.0256723500641258,0.0168008417720001,0.3926016658687469,7.821678321678322,317,0.305993690851735,-0.7842125765326218,-0.803636902615624,0.5155099746801949,-0.0470822702809358,-1.8991023344492224,7.470031545741325,pullback_lowvol,screen,"{""surge_pct"": 0.15, ""vol_frac"": 0.3, ""hold_pct"": 0.85}",True,"{""stop_pct"": 0.2, ""target_pct"": null, ""max_hold_days"": 10}"
3415,0.3961932650073206,-0.9747449066233002,-0.9769290882701134,0.7379107820828684,-0.0103253618296137,-3.7319347441351898,0.8535871156661786,2333,0.3866266609515645,-0.934246190769486,-0.9350821211192448,0.7180672337126033,-0.0111057480252622,-4.909233935091569,0.8401200171453065,pullback_lowvol,screen,"{""surge_pct"": 0.15, ""vol_frac"": 0.3, ""hold_pct"": 0.85}",True,"{""stop_pct"": 0.2, ""target_pct"": 0.15, ""max_hold_days"": 1}"
1748,0.4502288329519451,-0.8356048235815603,-0.868086034781409,0.8220305301591171,-0.0090865730052524,-1.9600246212142576,2.1052631578947367,988,0.4392712550607287,-0.5320000950424721,-0.5637387760757571,0.8589252594296635,-0.0058210191969083,-1.2149094032689671,2.1153846153846154,pullback_lowvol,screen,"{""surge_pct"": 0.15, ""vol_frac"": 0.3, ""hold_pct"": 0.85}",True,"{""stop_pct"": 0.2, ""target_pct"": 0.15, ""max_hold_days"": 3}"
1262,0.4706814580031696,-0.7422239973607896,-0.7979534482389394,0.8358328099252013,-0.0093878188901397,-1.462359908067629,3.094294770206022,688,0.4491279069767442,-0.6478794052785357,-0.6592020896547632,0.7482318024891059,-0.0135093092147241,-2.316945976985255,3.1061046511627906,pullback_lowvol,screen,"{""surge_pct"": 0.15, ""vol_frac"": 0.3, ""hold_pct"": 0.85}",True,"{""stop_pct"": 0.2, ""target_pct"": 0.15, ""max_hold_days"": 5}"
836,0.4832535885167464,-0.7308452616799823,-0.7581505787773941,0.8046373733793214,-0.0141019092308049,-1.663038109795487,4.883971291866029,442,0.4524886877828054,-0.7179877422838659,-0.7359233058271472,0.6501975838790979,-0.0259614699542514,-2.930937949666959,4.963800904977376,pullback_lowvol,screen,"{""surge_pct"": 0.15, ""vol_frac"": 0.3, ""hold_pct"": 0.85}",True,"{""stop_pct"": 0.2, ""target_pct"": 0.15, ""max_hold_days"": 10}"
3385,0.3828655834564254,-0.9063306116915764,-0.9177570505421858,0.8207434598296313,-0.0061827773881401,-1.8447155877161407,0.9397341211225996,2321,0.3696682464454976,-0.940989900919544,-0.9420481849247604,0.7083960086153699,-0.011591852650932,-4.884525032798872,0.940542869452822,pullback_lowvol,screen,"{""surge_pct"": 0.15, ""vol_frac"": 0.3, ""hold_pct"": 0.85}",True,"{""stop_pct"": 0.2, ""target_pct"": 0.4, ""max_hold_days"": 1}"
1595,0.4081504702194357,-0.235212727841961,-0.507266309459602,0.9672259423147584,0.0007987058071285,0.0017869929657798,2.5492163009404387,888,0.3783783783783784,-0.6164947226081038,-0.6471828961328154,0.837844064367837,-0.0095700211566154,-1.4232682955797795,2.59009009009009,pullback_lowvol,screen,"{""surge_pct"": 0.15, ""vol_frac"": 0.3, ""hold_pct"": 0.85}",True,"{""stop_pct"": 0.2, ""target_pct"": 0.4, ""max_hold_days"": 3}"
1085,0.4092165898617511,0.0992623763252198,-0.4972059892016984,1.015569651932793,0.0077547541441778,0.3411527296686222,3.8986175115207375,589,0.3803056027164685,-0.2027605583386228,-0.455037925695152,0.9432387452775606,0.0003757536856158,-0.1560621961010569,3.904923599320883,pullback_lowvol,screen,"{""surge_pct"": 0.15, ""vol_frac"": 0.3, ""hold_pct"": 0.85}",True,"{""stop_pct"": 0.2, ""target_pct"": 0.4, ""max_hold_days"": 5}"
647,0.4126738794435858,0.2289576081633924,-0.4721695883224011,1.0443410848546322,0.0133209384829185,0.4698381606716128,6.726429675425039,347,0.3515850144092219,-0.3448667861177457,-0.4388890578192873,0.8584392083083396,-0.0095540217483852,-0.662559768384351,6.70028818443804,pullback_lowvol,screen,"{""surge_pct"": 0.15, ""vol_frac"": 0.3, ""hold_pct"": 0.85}",True,"{""stop_pct"": 0.2, ""target_pct"": 0.4, ""max_hold_days"": 10}"
3379,0.3862089375554898,-0.8411452188351051,-0.8734074038246815,0.8731152216913114,-0.0037506542404368,-1.0455261518510786,0.9970405445398048,2318,0.365832614322692,-0.9730516101850276,-0.973596886861838,0.6672279280388487,-0.0150949192384823,-5.924081084035152,0.9956859361518552,pullback_lowvol,screen,"{""surge_pct"": 0.15, ""vol_frac"": 0.3, ""hold_pct"": 0.85}",True,"{""stop_pct"": null, ""target_pct"": null, ""max_hold_days"": 1}"
1502,0.4121171770972037,0.150695180664758,-0.5464557433141748,1.0213511551361354,0.0054102206099007,0.4521628338325426,2.985352862849534,831,0.3886883273164861,-0.5888794254527784,-0.6597209936247306,0.8464586121872176,-0.0070531092661846,-0.8023137626073047,2.983152827918171,pullback_lowvol,screen,"{""surge_pct"": 0.15, ""vol_frac"": 0.3, ""hold_pct"": 0.85}",True,"{""stop_pct"": null, ""target_pct"": null, ""max_hold_days"": 3}"
934,0.4057815845824411,0.5251126332018483,-0.5341289135506933,1.0901409448415904,0.0222095205556254,0.6561042898629551,4.972162740899358,500,0.384,1.374721929946677,-0.4263525736517252,1.279055469919841,0.0436247217549651,0.9063712135129044,4.966,pullback_lowvol,screen,"{""surge_pct"": 0.15, ""vol_frac"": 0.3, ""hold_pct"": 0.85}",True,"{""stop_pct"": null, ""target_pct"": null, ""max_hold_days"": 5}"
470,0.4148936170212766,1.0371371468918986,-0.5107804551768704,1.1988099524257825,0.0358213285850151,0.9298656798305872,9.92127659574468,250,0.328,-0.6335796149887646,-0.6515660840751731,0.6341313405980871,-0.0349482814026821,-1.566519625842177,9.932,pullback_lowvol,screen,"{""surge_pct"": 0.15, ""vol_frac"": 0.3, ""hold_pct"": 0.85}",True,"{""stop_pct"": null, ""target_pct"": null, ""max_hold_days"": 10}"
3408,0.4008215962441314,-0.9606549552393828,-0.964056025187104,0.7710803321753171,-0.008959074652017,-3.203092241403697,0.886150234741784,2331,0.3899613899613899,-0.927679002749931,-0.9287743279908844,0.7137523838613041,-0.0107164319189068,-4.621353370121886,0.8738738738738738,pullback_lowvol,screen,"{""surge_pct"": 0.15, ""vol_frac"": 0.3, ""hold_pct"": 0.85}",True,"{""stop_pct"": null, ""target_pct"": 0.15, ""max_hold_days"": 1}"
1669,0.4673457159976033,-0.7473179375753597,-0.8252709045907427,0.8381813683938085,-0.0067741816026357,-1.357218490730837,2.3936488915518277,942,0.445859872611465,-0.5306978081157672,-0.5601579162080219,0.8569954257835722,-0.006501518591119,-1.2452354544415714,2.3641188959660298,pullback_lowvol,screen,"{""surge_pct"": 0.15, ""vol_frac"": 0.3, ""hold_pct"": 0.85}",True,"{""stop_pct"": null, ""target_pct"": 0.15, ""max_hold_days"": 3}"
1139,0.5083406496927129,-0.5516964001557867,-0.6658240525852119,0.8819856156420709,-0.0044416682767908,-0.7714202507729919,3.6927129060579458,619,0.4749596122778675,-0.4974116517381614,-0.5267217449454914,0.8267152301071373,-0.0092499536999542,-1.3280772278679986,3.693053311793215,pullback_lowvol,screen,"{""surge_pct"": 0.15, ""vol_frac"": 0.3, ""hold_pct"": 0.85}",True,"{""stop_pct"": null, ""target_pct"": 0.15, ""max_hold_days"": 5}"
675,0.5481481481481482,-0.1816172212921472,-0.4497163833005998,0.9554287823154424,0.0017641912546557,-0.093236719472879,6.466666666666667,350,0.5257142857142857,-0.4995515571999057,-0.5117417439110346,0.7557636436060352,-0.0184520052755434,-1.4426798269510928,6.691428571428571,pullback_lowvol,screen,"{""surge_pct"": 0.15, ""vol_frac"": 0.3, ""hold_pct"": 0.85}",True,"{""stop_pct"": null, ""target_pct"": 0.15, ""max_hold_days"": 10}"
3377,0.3867337873852531,-0.8891800469522273,-0.9028568200975556,0.842617256457754,-0.0055030821446856,-1.7089966571588369,0.9754219721646432,2319,0.3691246226821906,-0.953190612596014,-0.954135237342528,0.6860483855462615,-0.012608437320085,-5.2556608415187736,0.9771453212591634,pullback_lowvol,screen,"{""surge_pct"": 0.15, ""vol_frac"": 0.3, ""hold_pct"": 0.85}",True,"{""stop_pct"": null, ""target_pct"": 0.4, ""max_hold_days"": 1}"
1535,0.4104234527687296,-0.006197570773514,-0.4502013333408591,0.9991398628232004,0.00278630957635,0.2582269414548951,2.829967426710098,852,0.3908450704225352,-0.5400309695415586,-0.6163957796020183,0.8707433752337399,-0.0069054889725765,-1.17377089424996,2.8427230046948355,pullback_lowvol,screen,"{""surge_pct"": 0.15, ""vol_frac"": 0.3, ""hold_pct"": 0.85}",True,"{""stop_pct"": null, ""target_pct"": 0.4, ""max_hold_days"": 3}"
989,0.4287158746208291,0.1534248518929348,-0.5139499344429357,1.0273399495427156,0.0098643243450368,0.4036062539930855,4.560161779575329,534,0.4307116104868914,0.3761217610735492,-0.4139408634224081,1.0868434060324434,0.0149270014536599,0.8700967620538631,4.533707865168539,pullback_lowvol,screen,"{""surge_pct"": 0.15, ""vol_frac"": 0.3, ""hold_pct"": 0.85}",True,"{""stop_pct"": null, ""target_pct"": 0.4, ""max_hold_days"": 5}"
525,0.419047619047619,0.0528718866750277,-0.5575644311955061,1.011151183580104,0.0142713777698095,0.281006875348689,8.704761904761904,278,0.3705035971223021,-0.5266464746931409,-0.5384356865993356,0.7346862189681365,-0.026666225881819,-1.3813305190338296,8.805755395683454,pullback_lowvol,screen,"{""surge_pct"": 0.15, ""vol_frac"": 0.3, ""hold_pct"": 0.85}",True,"{""stop_pct"": null, ""target_pct"": 0.4, ""max_hold_days"": 10}"
544,0.1966911764705882,-0.3330849231509438,-0.4541898270482153,0.8134554056817691,-0.0010003930703309,-0.6518739888740894,0.2518382352941176,753,0.1952191235059761,-0.6475867440399588,-0.6977616591134086,0.6392879308691051,-0.0160913213673438,-2.700231807004004,0.2656042496679947,ross_5pillars,screen,"{""min_ret"": 0.2, ""min_rvol"": 10, ""max_price"": 10}",True,"{""stop_pct"": 0.05, ""target_pct"": null, ""max_hold_days"": 1}"
538,0.1319702602230483,-0.3325706859781292,-0.5742786313018792,0.8353202404061619,-0.0007371117676024,-0.3214230159311708,0.570631970260223,742,0.1226415094339622,-0.732692350246982,-0.7647928225313758,0.6293947099698891,-0.0198030524460061,-2.3466683613588466,0.578167115902965,ross_5pillars,screen,"{""min_ret"": 0.2, ""min_rvol"": 10, ""max_price"": 10}",True,"{""stop_pct"": 0.05, ""target_pct"": null, ""max_hold_days"": 3}"
538,0.1078066914498141,-0.3024812351672581,-0.6046011923168836,0.8638420968374841,-0.0005731630560339,-0.2707617251705541,0.8178438661710037,731,0.1012311901504788,-0.5206496787033024,-0.7386176807076336,0.7476962199172615,-0.0102683181949111,-0.4973158334584108,0.786593707250342,ross_5pillars,screen,"{""min_ret"": 0.2, ""min_rvol"": 10, ""max_price"": 10}",True,"{""stop_pct"": 0.05, ""target_pct"": null, ""max_hold_days"": 5}"
533,0.0769230769230769,-0.5078583453922781,-0.659579780321435,0.7169535757805409,-0.0122147522588451,-0.455539149234387,1.2682926829268293,693,0.0663780663780663,-0.8410760031020439,-0.9096855978194636,0.4157683569223613,-0.0242888623454792,-1.6115871232116827,1.155844155844156,ross_5pillars,screen,"{""min_ret"": 0.2, ""min_rvol"": 10, ""max_price"": 10}",True,"{""stop_pct"": 0.05, ""target_pct"": null, ""max_hold_days"": 10}"
557,0.2136445242369838,-0.6299517436377728,-0.6312550809088349,0.5679757457097999,-0.0220798043037116,-4.282677159396962,0.0987432675044883,761,0.2115637319316688,-0.7832745544776072,-0.7944616689313414,0.5449704913424064,-0.0227036686136516,-6.762107416295713,0.1222076215505913,ross_5pillars,screen,"{""min_ret"": 0.2, ""min_rvol"": 10, ""max_price"": 10}",True,"{""stop_pct"": 0.05, ""target_pct"": 0.15, ""max_hold_days"": 1}"
557,0.1938958707360861,-0.5906464340256747,-0.5924302652691735,0.6199968037404532,-0.0207884607989355,-3.3147776667015467,0.1508078994614003,760,0.1947368421052631,-0.7814274503660745,-0.7968131719802173,0.5873880556049216,-0.0228316255990648,-6.372058103646811,0.1894736842105263,ross_5pillars,screen,"{""min_ret"": 0.2, ""min_rvol"": 10, ""max_price"": 10}",True,"{""stop_pct"": 0.05, ""target_pct"": 0.15, ""max_hold_days"": 3}"
557,0.1885098743267504,-0.6012726282321725,-0.6022268431006511,0.612935822189744,-0.0213746944147794,-3.406217716281684,0.1795332136445242,760,0.1921052631578947,-0.781141203682794,-0.7957088783447193,0.5893138533426698,-0.0227658614798944,-6.32180591270288,0.2157894736842105,ross_5pillars,screen,"{""min_ret"": 0.2, ""min_rvol"": 10, ""max_price"": 10}",True,"{""stop_pct"": 0.05, ""target_pct"": 0.15, ""max_hold_days"": 5}"
557,0.1885098743267504,-0.5964219476812883,-0.5981858720062032,0.6174782814389354,-0.0210270523001611,-3.367126811832741,0.215439856373429,757,0.1862615587846763,-0.7899663237221622,-0.8039465809270362,0.5826632276769554,-0.0234249571637588,-6.443525539290515,0.249669749009247,ross_5pillars,screen,"{""min_ret"": 0.2, ""min_rvol"": 10, ""max_price"": 10}",True,"{""stop_pct"": 0.05, ""target_pct"": 0.15, ""max_hold_days"": 10}"
554,0.1967509025270758,-0.5705119687523954,-0.5705119687523954,0.6240321867598512,-0.0179321662906332,-2.552383804879053,0.2202166064981949,761,0.1944809461235216,-0.7230645073309201,-0.7458498381749413,0.5941741440807056,-0.0188164132657357,-3.982506864620104,0.2325886990801577,ross_5pillars,screen,"{""min_ret"": 0.2, ""min_rvol"": 10, ""max_price"": 10}",True,"{""stop_pct"": 0.05, ""target_pct"": 0.4, ""max_hold_days"": 1}"
553,0.1410488245931284,-0.5455361209577106,-0.5649773278159214,0.6779759686850891,-0.0167417594856752,-2.000161282071994,0.4321880650994575,756,0.1256613756613756,-0.7681302815894381,-0.7950592502946956,0.5945162460126958,-0.0211999722983743,-3.553233077514541,0.4312169312169312,ross_5pillars,screen,"{""min_ret"": 0.2, ""min_rvol"": 10, ""max_price"": 10}",True,"{""stop_pct"": 0.05, ""target_pct"": 0.4, ""max_hold_days"": 3}"
553,0.1247739602169981,-0.5115024572556617,-0.5345873686196008,0.7061372976680894,-0.0167615287431312,-1.7237540642996922,0.5714285714285714,749,0.1134846461949265,-0.7925534872677268,-0.8130994734134436,0.5602135737021172,-0.0228728643402881,-3.747049129768844,0.540720961281709,ross_5pillars,screen,"{""min_ret"": 0.2, ""min_rvol"": 10, ""max_price"": 10}",True,"{""stop_pct"": 0.05, ""target_pct"": 0.4, ""max_hold_days"": 5}"
553,0.1012658227848101,-0.565843608093572,-0.5752588980692539,0.6626079028144451,-0.0184616354609792,-1.9015494211296864,0.759493670886076,732,0.0942622950819672,-0.8227578975595413,-0.8389916952661451,0.5220908978012436,-0.0251131454540593,-4.042659602155844,0.73224043715847,ross_5pillars,screen,"{""min_ret"": 0.2, ""min_rvol"": 10, ""max_price"": 10}",True,"{""stop_pct"": 0.05, ""target_pct"": 0.4, ""max_hold_days"": 10}"
541,0.2754158964879852,-0.2204454991466876,-0.5922464449433914,0.9298719903246534,0.0043770586588893,0.175887703891934,0.4898336414048059,750,0.2853333333333333,-0.6830430765801654,-0.7956623274985929,0.7023265669038463,-0.0163689206645628,-1.5429948590839784,0.5,ross_5pillars,screen,"{""min_ret"": 0.2, ""min_rvol"": 10, ""max_price"": 10}",True,"{""stop_pct"": 0.1, ""target_pct"": null, ""max_hold_days"": 1}"
530,0.230188679245283,0.1340289426072314,-0.591265861496357,1.0304308451703463,0.0141733585043066,0.3969472047282162,1.1867924528301887,721,0.2108183079056865,-0.7958521814888032,-0.844020248254911,0.6848332690188685,-0.023627167167012,-1.7326862320052656,1.145631067961165,ross_5pillars,screen,"{""min_ret"": 0.2, ""min_rvol"": 10, ""max_price"": 10}",True,"{""stop_pct"": 0.1, ""target_pct"": null, ""max_hold_days"": 3}"
523,0.2026768642447418,0.130655182816989,-0.6541349068423157,1.02687941776409,0.0183955386989371,0.4216971364563315,1.7074569789674952,680,0.1823529411764705,-0.7245410350337678,-0.8440707139706416,0.7164208506506382,-0.0202092338577362,-0.739030257935065,1.6455882352941176,ross_5pillars,screen,"{""min_ret"": 0.2, ""min_rvol"": 10, ""max_price"": 10}",True,"{""stop_pct"": 0.1, ""target_pct"": null, ""max_hold_days"": 5}"
508,0.1614173228346456,-0.3323579651867854,-0.7485723327396308,0.914251543645649,0.006975667905403,0.2006651056849787,2.75,584,0.1284246575342466,-0.888329767550042,-0.9308107625415288,0.5180438644772244,-0.0360669424938382,-1.5512119542842944,2.518835616438356,ross_5pillars,screen,"{""min_ret"": 0.2, ""min_rvol"": 10, ""max_price"": 10}",True,"{""stop_pct"": 0.1, ""target_pct"": null, ""max_hold_days"": 10}"
557,0.3087971274685817,-0.733297099512338,-0.7381403807386646,0.6298720174104501,-0.0296145713448783,-2.914828838815374,0.2908438061041292,761,0.3206307490144546,-0.852206228712864,-0.8612749617590556,0.6131074506086633,-0.0272740614739628,-5.338419745974391,0.2877792378449408,ross_5pillars,screen,"{""min_ret"": 0.2, ""min_rvol"": 10, ""max_price"": 10}",True,"{""stop_pct"": 0.1, ""target_pct"": 0.15, ""max_hold_days"": 1}"
555,0.3135135135135135,-0.6125472524210803,-0.627554469576803,0.7395681999205121,-0.0243828470750334,-1.7403920588893744,0.5225225225225225,755,0.3152317880794702,-0.872874233181748,-0.8781622568407742,0.6492732685813087,-0.0298421757897243,-4.973370245879259,0.5059602649006623,ross_5pillars,screen,"{""min_ret"": 0.2, ""min_rvol"": 10, ""max_price"": 10}",True,"{""stop_pct"": 0.1, ""target_pct"": 0.15, ""max_hold_days"": 3}"
555,0.3135135135135135,-0.62880996169923,-0.6415858563023571,0.736184827309838,-0.0250119587315293,-1.8044797388404463,0.6252252252252253,750,0.3173333333333333,-0.8693819200429217,-0.8748152127136128,0.6577106629950724,-0.0296483783616328,-4.899492181232237,0.6093333333333333,ross_5pillars,screen,"{""min_ret"": 0.2, ""min_rvol"": 10, ""max_price"": 10}",True,"{""stop_pct"": 0.1, ""target_pct"": 0.15, ""max_hold_days"": 5}"
554,0.315884476534296,-0.6203005200860197,-0.6357206711098702,0.7438001245105949,-0.0236538387800608,-1.7595931278124437,0.7635379061371841,745,0.3140939597315436,-0.8808934653359469,-0.885847914689622,0.6466534656671367,-0.031107244049261,-5.072569928273474,0.7194630872483222,ross_5pillars,screen,"{""min_ret"": 0.2, ""min_rvol"": 10, ""max_price"": 10}",True,"{""stop_pct"": 0.1, ""target_pct"": 0.15, ""max_hold_days"": 10}"
553,0.2784810126582278,-0.703725594876898,-0.7081711956266458,0.6508714780889028,-0.0268637915609467,-2.27949139144784,0.4502712477396021,761,0.2890932982917214,-0.7804413636314099,-0.8122984822386305,0.6659755916731626,-0.0211665075336409,-3.227908969064189,0.4494086727989487,ross_5pillars,screen,"{""min_ret"": 0.2, ""min_rvol"": 10, ""max_price"": 10}",True,"{""stop_pct"": 0.1, ""target_pct"": 0.4, ""max_hold_days"": 1}"
550,0.2418181818181818,-0.5022153070876143,-0.5706271138212535,0.8230417412846233,-0.0184729287090238,-0.8964646234758331,0.9927272727272728,746,0.2265415549597855,-0.8115567128436829,-0.828874373760877,0.7109319593390131,-0.0241297216444863,-2.6809418269428944,0.906166219839142,ross_5pillars,screen,"{""min_ret"": 0.2, ""min_rvol"": 10, ""max_price"": 10}",True,"{""stop_pct"": 0.1, ""target_pct"": 0.4, ""max_hold_days"": 3}"
545,0.2256880733944954,-0.4731840853998837,-0.5662272261890134,0.839808048113338,-0.0186712106371511,-0.7539266243329492,1.341284403669725,729,0.2112482853223594,-0.8277015683225396,-0.8425441877716344,0.6951820876930392,-0.0257508834722463,-2.777343068789992,1.2002743484224965,ross_5pillars,screen,"{""min_ret"": 0.2, ""min_rvol"": 10, ""max_price"": 10}",True,"{""stop_pct"": 0.1, ""target_pct"": 0.4, ""max_hold_days"": 5}"
540,0.1925925925925926,-0.5975398407831507,-0.6154438073741992,0.7809354098577235,-0.0207584100686789,-1.1052824198724407,1.853703703703704,679,0.1796759941089838,-0.8639280482045253,-0.8745235916219218,0.6559778571847626,-0.0315782124104997,-3.1563211813862404,1.6450662739322532,ross_5pillars,screen,"{""min_ret"": 0.2, ""min_rvol"": 10, ""max_price"": 10}",True,"{""stop_pct"": 0.1, ""target_pct"": 0.4, ""max_hold_days"": 10}"
537,0.3221601489757914,-0.2702134303097275,-0.6218952414797843,0.9213817826669248,0.0015424518315315,0.1632092652286987,0.8342644320297952,747,0.3614457831325301,-0.4509623374218144,-0.6830073724778375,0.8566125304280185,-0.0078669399716493,-0.3871467229569391,0.8406961178045516,ross_5pillars,screen,"{""min_ret"": 0.2, ""min_rvol"": 10, ""max_price"": 10}",True,"{""stop_pct"": 0.2, ""target_pct"": null, ""max_hold_days"": 1}"
514,0.3268482490272373,0.1699986112996838,-0.6306484642382879,1.0264652262028402,0.0243862741820406,0.4399718926828943,2.1828793774319064,672,0.3110119047619047,-0.8346597382152934,-0.8455962052689918,0.7066342042209449,-0.0253924326288928,-1.3681183238334724,2.165178571428572,ross_5pillars,screen,"{""min_ret"": 0.2, ""min_rvol"": 10, ""max_price"": 10}",True,"{""stop_pct"": 0.2, ""target_pct"": null, ""max_hold_days"": 3}"
492,0.298780487804878,-0.1025652489512745,-0.74246243343436,0.9843934520162876,0.0223387918733146,0.3490631763523065,3.359756097560976,558,0.2759856630824372,-0.706080301564064,-0.8290764927439004,0.7361350811250467,-0.0197372882828656,-0.4465602286224615,3.274193548387097,ross_5pillars,screen,"{""min_ret"": 0.2, ""min_rvol"": 10, ""max_price"": 10}",True,"{""stop_pct"": 0.2, ""target_pct"": null, ""max_hold_days"": 5}"
438,0.2442922374429223,-0.4441479714277491,-0.8226156579276409,0.9118819846490052,0.0130445349322637,0.1673708425295713,5.689497716894977,398,0.2135678391959799,-0.939197658078032,-0.9549088553707882,0.4322156620789089,-0.057146258033489,-2.352874125868916,5.396984924623116,ross_5pillars,screen,"{""min_ret"": 0.2, ""min_rvol"": 10, ""max_price"": 10}",True,"{""stop_pct"": 0.2, ""target_pct"": null, ""max_hold_days"": 10}"
556,0.3741007194244604,-0.7337490226230738,-0.7419032792288689,0.6772230516267822,-0.0301260391323265,-2.554365309226501,0.5971223021582733,761,0.4270696452036793,-0.6642934596871044,-0.6871124814829915,0.7776929240741122,-0.0161859725189272,-2.3029819648596326,0.5597897503285151,ross_5pillars,screen,"{""min_ret"": 0.2, ""min_rvol"": 10, ""max_price"": 10}",True,"{""stop_pct"": 0.2, ""target_pct"": 0.15, ""max_hold_days"": 1}"
550,0.4509090909090909,-0.4746141875689071,-0.6152233179040819,0.8615453660533426,-0.0192052754020948,-0.862782039667343,1.2654545454545454,738,0.4769647696476964,-0.6175549963876555,-0.6320695521519102,0.8392587791423328,-0.0143228027056937,-1.3969644461868664,1.195121951219512,ross_5pillars,screen,"{""min_ret"": 0.2, ""min_rvol"": 10, ""max_price"": 10}",True,"{""stop_pct"": 0.2, ""target_pct"": 0.15, ""max_hold_days"": 3}"
545,0.4568807339449541,-0.5980704962518804,-0.698721349308776,0.8268931829789302,-0.0236903246247408,-1.206027250575555,1.7119266055045872,713,0.4922861150070126,-0.5530573760077597,-0.5670959980605532,0.870129821765463,-0.0121168479277515,-0.966431699100086,1.5666199158485274,ross_5pillars,screen,"{""min_ret"": 0.2, ""min_rvol"": 10, ""max_price"": 10}",True,"{""stop_pct"": 0.2, ""target_pct"": 0.15, ""max_hold_days"": 5}"
537,0.4711359404096834,-0.6128085505902039,-0.7090963919425441,0.822809138556922,-0.0211049338611523,-1.2737644645414872,2.387337057728119,655,0.5083969465648855,-0.5547341452527416,-0.5691697159408139,0.8628940603399179,-0.0129904444690544,-0.9972445529905128,2.1282442748091603,ross_5pillars,screen,"{""min_ret"": 0.2, ""min_rvol"": 10, ""max_price"": 10}",True,"{""stop_pct"": 0.2, ""target_pct"": 0.15, ""max_hold_days"": 10}"
550,0.3272727272727272,-0.7375577760577257,-0.7415043808049508,0.6600651842437361,-0.0292829191280636,-2.176383356228233,0.7872727272727272,761,0.3692509855453351,-0.6156318836530978,-0.710394970328162,0.7910279131211716,-0.012891501872412,-1.486136099923541,0.7752956636005256,ross_5pillars,screen,"{""min_ret"": 0.2, ""min_rvol"": 10, ""max_price"": 10}",True,"{""stop_pct"": 0.2, ""target_pct"": 0.4, ""max_hold_days"": 1}"
540,0.3425925925925926,-0.577811455151533,-0.6633618156344453,0.8397810274354953,-0.0199399538442905,-0.8637190638851386,1.9166666666666667,714,0.34593837535014,-0.5344791645300839,-0.599229885910499,0.8763058962325742,-0.0098799281243458,-0.6708832333702555,1.8025210084033612,ross_5pillars,screen,"{""min_ret"": 0.2, ""min_rvol"": 10, ""max_price"": 10}",True,"{""stop_pct"": 0.2, ""target_pct"": 0.4, ""max_hold_days"": 3}"
522,0.3371647509578544,-0.5002618923433412,-0.650674023762804,0.8732395703797675,-0.017035679102947,-0.6147848452809268,2.78352490421456,632,0.3275316455696203,-0.7139285992591059,-0.7604797302834793,0.7960826680722745,-0.0179359916926209,-1.2298794319633397,2.5712025316455698,ross_5pillars,screen,"{""min_ret"": 0.2, ""min_rvol"": 10, ""max_price"": 10}",True,"{""stop_pct"": 0.2, ""target_pct"": 0.4, ""max_hold_days"": 5}"
488,0.2950819672131147,-0.6914063368765919,-0.7225881502164418,0.8033951244738908,-0.0224065489164538,-1.1500955440266116,4.293032786885246,511,0.3228962818003913,-0.6374996343775774,-0.6655009537070429,0.8416618152801809,-0.0154033533331313,-1.0374258979484563,3.733855185909981,ross_5pillars,screen,"{""min_ret"": 0.2, ""min_rvol"": 10, ""max_price"": 10}",True,"{""stop_pct"": 0.2, ""target_pct"": 0.4, ""max_hold_days"": 10}"
534,0.3352059925093633,-0.1273377519093125,-0.6217152632086806,0.966658512958078,0.0113777230277972,0.2541546925211007,0.99812734082397,739,0.3788903924221921,-0.2425735034495085,-0.6411366488331565,0.9311970536215624,-0.0041959702724133,0.0467640040780417,0.9945872801082544,ross_5pillars,screen,"{""min_ret"": 0.2, ""min_rvol"": 10, ""max_price"": 10}",True,"{""stop_pct"": null, ""target_pct"": null, ""max_hold_days"": 1}"
501,0.3592814371257485,0.5807731373440315,-0.5783808597168496,1.0745410712630648,0.0389731083900364,0.5841155656061133,2.9820359281437128,618,0.3624595469255663,-0.1306878097271817,-0.5390413217286141,0.9754118477955794,0.0007135653002984,0.4750356441060646,2.969255663430421,ross_5pillars,screen,"{""min_ret"": 0.2, ""min_rvol"": 10, ""max_price"": 10}",True,"{""stop_pct"": null, ""target_pct"": null, ""max_hold_days"": 3}"
460,0.3413043478260869,0.2901328360675856,-0.6638257929130721,1.0387064453263126,0.0357883827790484,0.5125487700842859,4.9543478260869565,463,0.3239740820734341,-0.5989502268478843,-0.6525811850219143,0.849389963040295,-0.0120082703627003,-0.3160966857432362,4.920086393088553,ross_5pillars,screen,"{""min_ret"": 0.2, ""min_rvol"": 10, ""max_price"": 10}",True,"{""stop_pct"": null, ""target_pct"": null, ""max_hold_days"": 5}"
350,0.3028571428571429,0.0979038197362438,-0.7255115025143766,1.015017175681278,0.0450323871776121,0.4590640109548105,9.86,250,0.26,-0.9073137471510454,-0.909279507934532,0.5767148813088435,-0.0827759098453821,-2.0065305889554725,9.752,ross_5pillars,screen,"{""min_ret"": 0.2, ""min_rvol"": 10, ""max_price"": 10}",True,"{""stop_pct"": null, ""target_pct"": null, ""max_hold_days"": 10}"
553,0.403254972875226,-0.5830268147097974,-0.6736447335720022,0.7710806270338229,-0.0218483119972088,-1.6380570104147636,0.7359855334538878,758,0.467018469656992,-0.2654267150956377,-0.428442061562941,0.9276725320277311,-0.0063888299545127,-0.4334883431553918,0.6846965699208444,ross_5pillars,screen,"{""min_ret"": 0.2, ""min_rvol"": 10, ""max_price"": 10}",True,"{""stop_pct"": null, ""target_pct"": 0.15, ""max_hold_days"": 1}"
545,0.5064220183486239,0.0561500008634041,-0.464458903216956,1.0126400668298785,-0.0054170653605461,0.2588439004772219,1.8954128440366973,715,0.5552447552447553,0.1377806074805274,-0.2915048982859471,1.0222603855848171,0.0013792307922463,0.511991729985971,1.7468531468531467,ross_5pillars,screen,"{""min_ret"": 0.2, ""min_rvol"": 10, ""max_price"": 10}",True,"{""stop_pct"": null, ""target_pct"": 0.15, ""max_hold_days"": 3}"
527,0.540796963946869,0.1547004339958746,-0.4317967036802791,1.0309924475346783,-0.0054594777759698,0.3863358412162756,2.888045540796964,619,0.5702746365105008,-0.0046502738731104,-0.3313179591795626,0.999217525867813,-0.0024700174028173,0.3236090096655096,2.6833602584814216,ross_5pillars,screen,"{""min_ret"": 0.2, ""min_rvol"": 10, ""max_price"": 10}",True,"{""stop_pct"": null, ""target_pct"": 0.15, ""max_hold_days"": 5}"
465,0.589247311827957,0.079877622601586,-0.4261276135549054,1.0171513232618123,0.0044241058118896,0.2949948382942354,5.047311827956989,444,0.6463963963963963,0.3635536939314141,-0.2762507208034408,1.0685547618550066,0.0087324274812457,0.8179708045728191,4.542792792792793,ross_5pillars,screen,"{""min_ret"": 0.2, ""min_rvol"": 10, ""max_price"": 10}",True,"{""stop_pct"": null, ""target_pct"": 0.15, ""max_hold_days"": 10}"
547,0.3455210237659963,-0.6343140835756986,-0.6407473105614685,0.7280839791426473,-0.0226343039332887,-1.5279119984169074,0.939670932358318,753,0.3904382470119522,-0.4521573901687656,-0.6468040970946074,0.869353442829844,-0.008983614813781,-0.7374372226816279,0.9243027888446216,ross_5pillars,screen,"{""min_ret"": 0.2, ""min_rvol"": 10, ""max_price"": 10}",True,"{""stop_pct"": null, ""target_pct"": 0.4, ""max_hold_days"": 1}"
532,0.3853383458646616,-0.2554118228060063,-0.519255351566134,0.9444351508880908,-0.007135316230726,-0.1041764249113939,2.669172932330827,669,0.4020926756352765,0.1784946630049262,-0.4015246932295083,1.0260036675900208,0.0046366645316046,0.6011000585897363,2.523168908819133,ross_5pillars,screen,"{""min_ret"": 0.2, ""min_rvol"": 10, ""max_price"": 10}",True,"{""stop_pct"": null, ""target_pct"": 0.4, ""max_hold_days"": 3}"
497,0.3943661971830985,0.1816206179035098,-0.434121204862282,1.030125994556806,6.830646468911301e-05,0.4197254894012295,4.249496981891348,525,0.3904761904761905,0.6740473700586476,-0.5918882929701325,1.0618500619748277,0.0231943535939438,0.8637438680212332,3.979047619047619,ross_5pillars,screen,"{""min_ret"": 0.2, ""min_rvol"": 10, ""max_price"": 10}",True,"{""stop_pct"": null, ""target_pct"": 0.4, ""max_hold_days"": 5}"
402,0.3930348258706467,1.0230084386881455,-0.5909278528370662,1.1788379246564449,0.0338872830912784,0.6751064552688741,7.875621890547263,314,0.4076433121019108,-0.2592572179913311,-0.5964190229195534,0.9507184301974964,-0.0056672416825193,-0.0137912217731856,7.3789808917197455,ross_5pillars,screen,"{""min_ret"": 0.2, ""min_rvol"": 10, ""max_price"": 10}",True,"{""stop_pct"": null, ""target_pct"": 0.4, ""max_hold_days"": 10}"
568,0.1919014084507042,-0.3927426647383905,-0.4926397539169681,0.7848528045542371,-0.0029543209237037,-0.8072799246591063,0.2464788732394366,776,0.1945876288659793,-0.6660926809846466,-0.7192369410419919,0.6379162474887511,-0.0163064564668021,-2.79932597342799,0.2641752577319587,ross_5pillars,screen,"{""min_ret"": 0.2, ""min_rvol"": 10, ""max_price"": 10}",False,"{""stop_pct"": 0.05, ""target_pct"": null, ""max_hold_days"": 1}"
562,0.1281138790035587,-0.3757442969036698,-0.5948792917819673,0.8192248499085205,-0.0025229843637697,-0.3930809095964688,0.5569395017793595,762,0.1233595800524934,-0.7406708710608729,-0.7750454087856401,0.6387771051960986,-0.0197908259443219,-2.3848327210191256,0.5761154855643045,ross_5pillars,screen,"{""min_ret"": 0.2, ""min_rvol"": 10, ""max_price"": 10}",False,"{""stop_pct"": 0.05, ""target_pct"": null, ""max_hold_days"": 3}"
562,0.1049822064056939,-0.3400625178356952,-0.6198649691038363,0.8517622982828379,-0.0022065303251457,-0.3313578454568941,0.797153024911032,746,0.1032171581769437,-0.5383213925280173,-0.7471630461005957,0.7421358293541739,-0.0106078797106033,-0.5392345994901834,0.7908847184986595,ross_5pillars,screen,"{""min_ret"": 0.2, ""min_rvol"": 10, ""max_price"": 10}",False,"{""stop_pct"": 0.05, ""target_pct"": null, ""max_hold_days"": 5}"
557,0.0754039497307001,-0.5409084307209329,-0.6774036045813498,0.7062005277548293,-0.0134148153384504,-0.5084099081386836,1.236983842010772,702,0.0683760683760683,-0.8436779791987133,-0.912233309286724,0.4171708535694349,-0.0242434141476337,-1.6230450656038042,1.1737891737891737,ross_5pillars,screen,"{""min_ret"": 0.2, ""min_rvol"": 10, ""max_price"": 10}",False,"{""stop_pct"": 0.05, ""target_pct"": null, ""max_hold_days"": 10}"
581,0.2099827882960413,-0.6599772557054038,-0.6608748103526381,0.5570100226294462,-0.0225288664372598,-4.553883046246391,0.0946643717728055,784,0.2104591836734693,-0.7971942942426573,-0.8103585378567644,0.5459981790606305,-0.0228834831371199,-6.940159112335384,0.1224489795918367,ross_5pillars,screen,"{""min_ret"": 0.2, ""min_rvol"": 10, ""max_price"": 10}",False,"{""stop_pct"": 0.05, ""target_pct"": 0.15, ""max_hold_days"": 1}"
581,0.1910499139414802,-0.6231368783898203,-0.6247727555044396,0.6068969161217111,-0.0212908658655553,-3.5823257755601112,0.144578313253012,780,0.1923076923076923,-0.7990910664092166,-0.8158225311386804,0.5867926809126383,-0.0233460631698718,-6.5864965801652575,0.191025641025641,ross_5pillars,screen,"{""min_ret"": 0.2, ""min_rvol"": 10, ""max_price"": 10}",False,"{""stop_pct"": 0.05, ""target_pct"": 0.15, ""max_hold_days"": 3}"
581,0.1858864027538726,-0.632966332663209,-0.6338364846826722,0.6003540881245435,-0.0218528832907276,-3.67461747944192,0.1721170395869191,779,0.189987163029525,-0.798553917997108,-0.8145693839428498,0.5883144751534032,-0.0232440488174315,-6.554791843590197,0.2182284980744544,ross_5pillars,screen,"{""min_ret"": 0.2, ""min_rvol"": 10, ""max_price"": 10}",False,"{""stop_pct"": 0.05, ""target_pct"": 0.15, ""max_hold_days"": 5}"
581,0.1858864027538726,-0.6284681873397584,-0.6300897725796392,0.6046315043016143,-0.0215196016076941,-3.636889919095005,0.2065404475043029,774,0.1847545219638243,-0.8049162755280443,-0.8204259181817259,0.5837236931540942,-0.0238430768619293,-6.59508919086735,0.2558139534883721,ross_5pillars,screen,"{""min_ret"": 0.2, ""min_rvol"": 10, ""max_price"": 10}",False,"{""stop_pct"": 0.05, ""target_pct"": 0.15, ""max_hold_days"": 10}"
578,0.1920415224913494,-0.6139089905688544,-0.6139089905688544,0.602183279750051,-0.0191492397567725,-2.8276091832346637,0.2162629757785467,784,0.1938775510204081,-0.7376195158004313,-0.7641293308700419,0.5961381745136346,-0.0189494078110375,-4.065105446245164,0.2321428571428571,ross_5pillars,screen,"{""min_ret"": 0.2, ""min_rvol"": 10, ""max_price"": 10}",False,"{""stop_pct"": 0.05, ""target_pct"": 0.4, ""max_hold_days"": 1}"
577,0.1369150779896014,-0.5838209783114789,-0.5990595893512632,0.6623190088562678,-0.0178155010000813,-2.217356377335713,0.4246100519930676,776,0.1262886597938144,-0.770027219883535,-0.8040273925917774,0.6155167275067447,-0.0208479020523112,-3.533092909409638,0.4304123711340206,ross_5pillars,screen,"{""min_ret"": 0.2, ""min_rvol"": 10, ""max_price"": 10}",False,"{""stop_pct"": 0.05, ""target_pct"": 0.4, ""max_hold_days"": 3}"
577,0.121317157712305,-0.548908211590719,-0.5674323164704049,0.6913937373754759,-0.0176979321759357,-1.914394188176144,0.5580589254766031,764,0.1151832460732984,-0.7873657821495299,-0.8154016664617155,0.5855139978166047,-0.0222804732777248,-3.665370817878975,0.5418848167539267,ross_5pillars,screen,"{""min_ret"": 0.2, ""min_rvol"": 10, ""max_price"": 10}",False,"{""stop_pct"": 0.05, ""target_pct"": 0.4, ""max_hold_days"": 5}"
577,0.0987868284228769,-0.5994749456354216,-0.6056065428950408,0.6494490134457305,-0.0193273238829893,-2.083160666382544,0.7383015597920277,745,0.0966442953020134,-0.8145103778344271,-0.8376710549564791,0.5520288948539215,-0.0242330844700571,-3.911426922482711,0.7395973154362416,ross_5pillars,screen,"{""min_ret"": 0.2, ""min_rvol"": 10, ""max_price"": 10}",False,"{""stop_pct"": 0.05, ""target_pct"": 0.4, ""max_hold_days"": 10}"
565,0.2707964601769911,-0.2872612236856345,-0.6167491228720914,0.9096713237075454,0.0021737137233225,0.1313237244803433,0.4973451327433628,773,0.2846054333764554,-0.7129215738408337,-0.8066715730655496,0.6934798817982322,-0.0171858635969961,-1.737359318381453,0.4993531694695989,ross_5pillars,screen,"{""min_ret"": 0.2, ""min_rvol"": 10, ""max_price"": 10}",False,"{""stop_pct"": 0.1, ""target_pct"": null, ""max_hold_days"": 1}"
553,0.2314647377938517,0.1042170196875642,-0.607049694249436,1.0224453615563365,0.0127469082706795,0.3840523201513006,1.2061482820976492,740,0.2081081081081081,-0.8268587485694736,-0.8502630666064153,0.6781466310612525,-0.0247731804098707,-2.1808058011943934,1.1324324324324324,ross_5pillars,screen,"{""min_ret"": 0.2, ""min_rvol"": 10, ""max_price"": 10}",False,"{""stop_pct"": 0.1, ""target_pct"": null, ""max_hold_days"": 3}"
544,0.2040441176470588,0.164607342190276,-0.6559841659578285,1.031361872068876,0.0180161809558581,0.4352426608242037,1.7481617647058822,695,0.1827338129496402,-0.7403760338327704,-0.852186856171927,0.7115309966161621,-0.0209772498493681,-0.8667164439462162,1.6345323741007194,ross_5pillars,screen,"{""min_ret"": 0.2, ""min_rvol"": 10, ""max_price"": 10}",False,"{""stop_pct"": 0.1, ""target_pct"": null, ""max_hold_days"": 5}"
528,0.1704545454545454,-0.309091004542263,-0.7477001904456411,0.925741410414035,0.0076163721132354,0.2156690249246879,2.846590909090909,586,0.1348122866894198,-0.8649647606146634,-0.9164450375873272,0.547866772266329,-0.0351496590641456,-1.1994636898961952,2.539249146757679,ross_5pillars,screen,"{""min_ret"": 0.2, ""min_rvol"": 10, ""max_price"": 10}",False,"{""stop_pct"": 0.1, ""target_pct"": null, ""max_hold_days"": 10}"
581,0.306368330464716,-0.7501318429386089,-0.7542624350483076,0.6299003959812915,-0.0295001672599002,-3.025473109260864,0.2977624784853701,784,0.3188775510204081,-0.8682467932907477,-0.8780636323324589,0.6107182592240639,-0.0279204803311557,-5.627908320905498,0.2908163265306122,ross_5pillars,screen,"{""min_ret"": 0.2, ""min_rvol"": 10, ""max_price"": 10}",False,"{""stop_pct"": 0.1, ""target_pct"": 0.15, ""max_hold_days"": 1}"
579,0.3143350604490501,-0.6325361128673205,-0.6537946586512822,0.7408650234586969,-0.0243109150621408,-1.8348418569709248,0.540587219343696,771,0.3099870298313878,-0.8924880575472838,-0.8969602090988307,0.6448063967569193,-0.0313922050865081,-5.287258420514607,0.5149156939040207,ross_5pillars,screen,"{""min_ret"": 0.2, ""min_rvol"": 10, ""max_price"": 10}",False,"{""stop_pct"": 0.1, ""target_pct"": 0.15, ""max_hold_days"": 3}"
579,0.3143350604490501,-0.6394759512558309,-0.6606611980855768,0.7431947563926502,-0.0245894440917928,-1.8536974708409035,0.6493955094991365,765,0.3137254901960784,-0.8860461350750141,-0.8918273251852937,0.6555596924024536,-0.0308639738008987,-5.162517634433108,0.6196078431372549,ross_5pillars,screen,"{""min_ret"": 0.2, ""min_rvol"": 10, ""max_price"": 10}",False,"{""stop_pct"": 0.1, ""target_pct"": 0.15, ""max_hold_days"": 5}"
578,0.3200692041522491,-0.6222347310033747,-0.646393315518331,0.754597241355968,-0.0230193814447992,-1.761361857181707,0.8062283737024222,759,0.3122529644268774,-0.8877715890345937,-0.8934652421633641,0.6519640108470376,-0.0314207212321901,-5.192985461125609,0.7325428194993412,ross_5pillars,screen,"{""min_ret"": 0.2, ""min_rvol"": 10, ""max_price"": 10}",False,"{""stop_pct"": 0.1, ""target_pct"": 0.15, ""max_hold_days"": 10}"
577,0.2738301559792028,-0.7356412593819643,-0.7396105457656676,0.6366075645773527,-0.0277218669219851,-2.4590889257268937,0.4592720970537262,784,0.288265306122449,-0.8008877336535677,-0.8272933038316,0.6625452563735569,-0.021831242723414,-3.417394804828892,0.4502551020408163,ross_5pillars,screen,"{""min_ret"": 0.2, ""min_rvol"": 10, ""max_price"": 10}",False,"{""stop_pct"": 0.1, ""target_pct"": 0.4, ""max_hold_days"": 1}"
573,0.2425828970331588,-0.5105012611756886,-0.5925185198780326,0.8299584868975941,-0.0183589682788136,-0.9208705256583624,1.0157068062827226,763,0.2254259501965924,-0.8177165297428202,-0.8354084086289097,0.7207727449743223,-0.0241763563808861,-2.731460598078104,0.9017038007863696,ross_5pillars,screen,"{""min_ret"": 0.2, ""min_rvol"": 10, ""max_price"": 10}",False,"{""stop_pct"": 0.1, ""target_pct"": 0.4, ""max_hold_days"": 3}"
566,0.2261484098939929,-0.446811586069569,-0.5651248041947095,0.8605512650164656,-0.0176045205866592,-0.6840494636393231,1.3816254416961131,744,0.2096774193548387,-0.8425862949187803,-0.8580175334924571,0.702919603031378,-0.0267562332034738,-2.914839029085999,1.1989247311827955,ross_5pillars,screen,"{""min_ret"": 0.2, ""min_rvol"": 10, ""max_price"": 10}",False,"{""stop_pct"": 0.1, ""target_pct"": 0.4, ""max_hold_days"": 5}"
560,0.2,-0.5634252770848142,-0.5891752217166351,0.8103764095704955,-0.0190141065629599,-0.9860626635678864,1.9375,692,0.1777456647398844,-0.878673053532373,-0.8905171159028747,0.659238429344327,-0.0328695643503695,-3.3045646071996213,1.6445086705202312,ross_5pillars,screen,"{""min_ret"": 0.2, ""min_rvol"": 10, ""max_price"": 10}",False,"{""stop_pct"": 0.1, ""target_pct"": 0.4, ""max_hold_days"": 10}"
561,0.3155080213903743,-0.3526795929772117,-0.6521175525380012,0.8979251294204833,-0.0010698944941579,0.1055509248849884,0.8377896613190731,770,0.3623376623376623,-0.4750693240507891,-0.6925467162889376,0.8527117966809901,-0.0084076894422703,-0.4663402770856149,0.8415584415584415,ross_5pillars,screen,"{""min_ret"": 0.2, ""min_rvol"": 10, ""max_price"": 10}",False,"{""stop_pct"": 0.2, ""target_pct"": null, ""max_hold_days"": 1}"
535,0.3289719626168224,0.139508380435203,-0.6493779044085314,1.0206363663650972,0.0227537162011803,0.4274157740935192,2.1981308411214955,687,0.3114992721979621,-0.8183108113997483,-0.830340207865036,0.7277743999631676,-0.0229720244089023,-1.412889026966587,2.168850072780204,ross_5pillars,screen,"{""min_ret"": 0.2, ""min_rvol"": 10, ""max_price"": 10}",False,"{""stop_pct"": 0.2, ""target_pct"": null, ""max_hold_days"": 3}"
512,0.30078125,-0.0859790990860634,-0.751353638506131,0.9878140753234116,0.0217192617181798,0.35671690108774,3.400390625,566,0.2756183745583039,-0.8111123015195729,-0.8817924739518597,0.6868014575677358,-0.0262907447049637,-0.9491609068915228,3.2738515901060072,ross_5pillars,screen,"{""min_ret"": 0.2, ""min_rvol"": 10, ""max_price"": 10}",False,"{""stop_pct"": 0.2, ""target_pct"": null, ""max_hold_days"": 5}"
449,0.2561247216035635,-0.4296956453164825,-0.8221837429121193,0.9178927904019408,0.0139001651992638,0.1793809466762075,5.77728285077951,401,0.2144638403990025,-0.9455771204815586,-0.960877667133006,0.4201455611615534,-0.0659589072606703,-2.4726707319752883,5.381546134663342,ross_5pillars,screen,"{""min_ret"": 0.2, ""min_rvol"": 10, ""max_price"": 10}",False,"{""stop_pct"": 0.2, ""target_pct"": null, ""max_hold_days"": 10}"
580,0.3689655172413793,-0.7579529842763506,-0.7650151375731006,0.6726918773642119,-0.0304879752766405,-2.7009578275629105,0.6017241379310345,784,0.4260204081632653,-0.6812681203003694,-0.7070895641196784,0.7780719011088144,-0.0164387235485927,-2.42972086416656,0.5637755102040817,ross_5pillars,screen,"{""min_ret"": 0.2, ""min_rvol"": 10, ""max_price"": 10}",False,"{""stop_pct"": 0.2, ""target_pct"": 0.15, ""max_hold_days"": 1}"
573,0.450261780104712,-0.4998729651687705,-0.6433745051950293,0.8598607922013566,-0.0192814224843146,-0.9324139277792576,1.2897033158813265,752,0.4734042553191489,-0.6668793675192974,-0.6795219643651066,0.8299665438196483,-0.0157679148150365,-1.6280034478614596,1.2074468085106382,ross_5pillars,screen,"{""min_ret"": 0.2, ""min_rvol"": 10, ""max_price"": 10}",False,"{""stop_pct"": 0.2, ""target_pct"": 0.15, ""max_hold_days"": 3}"
566,0.4593639575971731,-0.5829664672014421,-0.7043669893144777,0.8409182358846805,-0.0220668944058324,-1.140025892184675,1.7473498233215548,721,0.4895977808599168,-0.6278392046715849,-0.6395289036799601,0.8533230529932575,-0.0140367838534464,-1.2997074877441752,1.5839112343966713,ross_5pillars,screen,"{""min_ret"": 0.2, ""min_rvol"": 10, ""max_price"": 10}",False,"{""stop_pct"": 0.2, ""target_pct"": 0.15, ""max_hold_days"": 5}"
554,0.4747292418772563,-0.6203368893474654,-0.7289005251140939,0.8296716175097172,-0.0206396183857937,-1.2962524986768094,2.427797833935018,657,0.5068493150684932,-0.5641873083818117,-0.5785004795241002,0.8620048522317086,-0.0131811578632785,-1.029553593972751,2.1750380517503807,ross_5pillars,screen,"{""min_ret"": 0.2, ""min_rvol"": 10, ""max_price"": 10}",False,"{""stop_pct"": 0.2, ""target_pct"": 0.15, ""max_hold_days"": 10}"
574,0.3205574912891986,-0.7745231770165149,-0.7779140816700214,0.6420679579388752,-0.030547235130993,-2.3854980690240337,0.7926829268292683,784,0.3698979591836734,-0.6360162056703831,-0.7193174737254846,0.7895003172196666,-0.0132751908630506,-1.6022225787696591,0.7780612244897959,ross_5pillars,screen,"{""min_ret"": 0.2, ""min_rvol"": 10, ""max_price"": 10}",False,"{""stop_pct"": 0.2, ""target_pct"": 0.4, ""max_hold_days"": 1}"
561,0.3440285204991087,-0.5819488911325407,-0.6792562477540696,0.8470108461289564,-0.0196535118325395,-0.8748305184850286,1.9376114081996436,728,0.3489010989010989,-0.5244506601660734,-0.5905410067440005,0.8851379699992338,-0.0087785833872672,-0.63375439639202,1.8131868131868127,ross_5pillars,screen,"{""min_ret"": 0.2, ""min_rvol"": 10, ""max_price"": 10}",False,"{""stop_pct"": 0.2, ""target_pct"": 0.4, ""max_hold_days"": 3}"
542,0.3376383763837638,-0.4843949494112937,-0.6663945686728612,0.886591929700127,-0.0164740189386918,-0.5738055586620807,2.833948339483394,636,0.3238993710691824,-0.7778023924822246,-0.8007721965224471,0.7756158178527569,-0.0215900441759998,-1.574735042710716,2.588050314465409,ross_5pillars,screen,"{""min_ret"": 0.2, ""min_rvol"": 10, ""max_price"": 10}",False,"{""stop_pct"": 0.2, ""target_pct"": 0.4, ""max_hold_days"": 5}"
501,0.3053892215568862,-0.6742755371340506,-0.7285876015077877,0.8221849615982385,-0.0209210644693417,-1.069615668840025,4.367265469061876,501,0.3173652694610778,-0.6824795618247039,-0.7105906070711394,0.8247588108922622,-0.0195437743680282,-1.201121257230505,3.888223552894212,ross_5pillars,screen,"{""min_ret"": 0.2, ""min_rvol"": 10, ""max_price"": 10}",False,"{""stop_pct"": 0.2, ""target_pct"": 0.4, ""max_hold_days"": 10}"
558,0.3279569892473118,-0.2257028301717332,-0.6532549837983863,0.9414050243003634,0.0082587345824653,0.1960573640970833,0.9982078853046596,761,0.3797634691195795,-0.2738938077721299,-0.6522585695980763,0.9241663181899444,-0.0049790022534319,-0.0253298505681739,0.9947437582128776,ross_5pillars,screen,"{""min_ret"": 0.2, ""min_rvol"": 10, ""max_price"": 10}",False,"{""stop_pct"": null, ""target_pct"": null, ""max_hold_days"": 1}"
521,0.362763915547025,0.5406006594592667,-0.6010279486287611,1.0657820929020878,0.0370583459464287,0.5715825522428315,2.9827255278310942,631,0.3660855784469096,-0.043490197303454,-0.5387578699841389,0.9923533695683466,0.0027843326010486,0.5207301238565262,2.969889064976228,ross_5pillars,screen,"{""min_ret"": 0.2, ""min_rvol"": 10, ""max_price"": 10}",False,"{""stop_pct"": null, ""target_pct"": null, ""max_hold_days"": 3}"
475,0.3494736842105263,0.4278025934045684,-0.6538022606599831,1.052173462809476,0.0380798380544775,0.5558410934532696,4.95578947368421,466,0.3218884120171674,-0.6726227981507267,-0.7180814804226382,0.8292810041641698,-0.0162643868229925,-0.5584319461435008,4.920600858369099,ross_5pillars,screen,"{""min_ret"": 0.2, ""min_rvol"": 10, ""max_price"": 10}",False,"{""stop_pct"": null, ""target_pct"": null, ""max_hold_days"": 5}"
355,0.3183098591549296,0.2574872570396769,-0.7065889931031345,1.0368473871396446,0.0479231506122402,0.5186684492920594,9.861971830985915,250,0.26,-0.901571715833292,-0.9036592579989688,0.5786907950285717,-0.0807888404741061,-2.1615408459946783,9.752,ross_5pillars,screen,"{""min_ret"": 0.2, ""min_rvol"": 10, ""max_price"": 10}",False,"{""stop_pct"": null, ""target_pct"": null, ""max_hold_days"": 10}"
577,0.3968804159445407,-0.6192940977483,-0.6962161002242813,0.7622072522490385,-0.0226237213039991,-1.7901532453217337,0.7383015597920277,781,0.4660691421254802,-0.3001564428006584,-0.4374806005161573,0.9210325938256522,-0.006915794133715,-0.5344880584494227,0.6875800256081946,ross_5pillars,screen,"{""min_ret"": 0.2, ""min_rvol"": 10, ""max_price"": 10}",False,"{""stop_pct"": null, ""target_pct"": 0.15, ""max_hold_days"": 1}"
566,0.5070671378091873,0.0041641798677891,-0.4844051832172569,1.0008971218237308,-0.0057258210034477,0.1872510406432336,1.9063604240282688,727,0.5529573590096286,0.032501328941622,-0.3189518414297287,1.005126570254802,0.0002975883291387,0.3541062215408505,1.764786795048143,ross_5pillars,screen,"{""min_ret"": 0.2, ""min_rvol"": 10, ""max_price"": 10}",False,"{""stop_pct"": null, ""target_pct"": 0.15, ""max_hold_days"": 3}"
546,0.5402930402930403,0.1514562261081913,-0.4657417550161397,1.0282998978988724,-0.0045133226571278,0.3823984634356685,2.891941391941392,625,0.568,-0.121817354707273,-0.4004363056840923,0.9798142569255578,-0.0038853958389139,0.1207809318730798,2.6992,ross_5pillars,screen,"{""min_ret"": 0.2, ""min_rvol"": 10, ""max_price"": 10}",False,"{""stop_pct"": null, ""target_pct"": 0.15, ""max_hold_days"": 5}"
474,0.5907172995780591,0.0645061447032977,-0.4688262337211094,1.0132218297089748,0.0058638135316589,0.2761135221131375,5.050632911392405,447,0.6442953020134228,0.2993835821946593,-0.3182961456366882,1.054970298049978,0.0080033901478487,0.7384651065507277,4.565995525727069,ross_5pillars,screen,"{""min_ret"": 0.2, ""min_rvol"": 10, ""max_price"": 10}",False,"{""stop_pct"": null, ""target_pct"": 0.15, ""max_hold_days"": 10}"
571,0.3380035026269702,-0.6833331227277819,-0.6887017884188026,0.7069560960253016,-0.0242527048184536,-1.734951328236927,0.9422066549912436,775,0.3909677419354839,-0.4826712836897083,-0.6581084118556509,0.8641049570063436,-0.0096165943720326,-0.8505922920448559,0.9264516129032258,ross_5pillars,screen,"{""min_ret"": 0.2, ""min_rvol"": 10, ""max_price"": 10}",False,"{""stop_pct"": null, ""target_pct"": 0.4, ""max_hold_days"": 1}"
552,0.3876811594202898,-0.2589982962657706,-0.5449925140683171,0.9468932489078408,-0.0070848833338143,-0.1113658167175569,2.677536231884058,676,0.4023668639053254,0.023957966494686,-0.4015242662411811,1.0033880767009902,0.0032508029839479,0.4306996601304206,2.5414201183431957,ross_5pillars,screen,"{""min_ret"": 0.2, ""min_rvol"": 10, ""max_price"": 10}",False,"{""stop_pct"": null, ""target_pct"": 0.4, ""max_hold_days"": 3}"
511,0.3992172211350293,0.263750611193033,-0.4345071892755295,1.0399884502866836,0.0027322306901884,0.4960275386705071,4.256360078277886,527,0.396584440227704,1.0132083757776216,-0.538481153090171,1.089653321211123,0.0269646718994751,0.9763714711616004,4.001897533206831,ross_5pillars,screen,"{""min_ret"": 0.2, ""min_rvol"": 10, ""max_price"": 10}",False,"{""stop_pct"": null, ""target_pct"": 0.4, ""max_hold_days"": 5}"
408,0.4044117647058823,1.1981415490878309,-0.5796500809940432,1.1940766551811013,0.0375817514701548,0.7128156558429934,7.865196078431373,317,0.4195583596214511,-0.1727835001728523,-0.5850712006606567,0.9681847221355256,-7.308422153447301e-05,0.1152998426025359,7.296529968454259,ross_5pillars,screen,"{""min_ret"": 0.2, ""min_rvol"": 10, ""max_price"": 10}",False,"{""stop_pct"": null, ""target_pct"": 0.4, ""max_hold_days"": 10}"
205,0.3268292682926829,0.2287329867998888,-0.1948059834485904,1.4285907817171295,0.0165476137507433,0.5848183257634029,0.473170731707317,112,0.3214285714285714,-0.006436712562454,-0.0664238721234226,0.9774073149475324,-0.0063399240451871,-0.0402754640430908,0.5267857142857143,toss_pullback_after_green,screen,"{""day2_max_ret"": -0.08, ""day2_vol_frac"": 0.5, ""base_adv"": 10000000.0}",False,"{""stop_pct"": 0.05, ""target_pct"": null, ""max_hold_days"": 1}"
203,0.2610837438423645,0.2260774346861007,-0.2024171088643399,1.37632405845826,0.0092879299531163,0.5473285069337309,1.1477832512315271,112,0.2589285714285714,-0.0588950879377548,-0.0926301010184237,0.8222364723490179,-0.0124822674214927,-0.486495351227611,1.2142857142857142,toss_pullback_after_green,screen,"{""day2_max_ret"": -0.08, ""day2_vol_frac"": 0.5, ""base_adv"": 10000000.0}",False,"{""stop_pct"": 0.05, ""target_pct"": null, ""max_hold_days"": 3}"
202,0.193069306930693,-0.0013123072928798,-0.2278164051987659,0.997847934836331,0.0043720086417196,0.095590534516571,1.6336633663366336,112,0.2321428571428571,-0.0748655671935873,-0.1288665594851055,0.7870719932028656,-0.0156645159663774,-0.6169140918107416,1.8035714285714288,toss_pullback_after_green,screen,"{""day2_max_ret"": -0.08, ""day2_vol_frac"": 0.5, ""base_adv"": 10000000.0}",False,"{""stop_pct"": 0.05, ""target_pct"": null, ""max_hold_days"": 5}"
201,0.1741293532338308,-0.0457875634307599,-0.2444218541952928,0.927748781635842,-0.0023133015750309,-0.0056333711473145,2.621890547263681,112,0.1696428571428571,-0.103735699398641,-0.1730478825727065,0.7287842204816583,-0.0205697629177621,-0.5699743575834879,2.8392857142857144,toss_pullback_after_green,screen,"{""day2_max_ret"": -0.08, ""day2_vol_frac"": 0.5, ""base_adv"": 10000000.0}",False,"{""stop_pct"": 0.05, ""target_pct"": null, ""max_hold_days"": 10}"
205,0.3365853658536585,0.1259445700417909,-0.1755050178803627,1.2359396109361855,0.0067965581137956,0.4511181744013633,0.3512195121951219,112,0.3214285714285714,0.0152062908737453,-0.0568311978044642,1.0525567155809907,-0.0038778688138076,0.2489801139748994,0.3482142857142857,toss_pullback_after_green,screen,"{""day2_max_ret"": -0.08, ""day2_vol_frac"": 0.5, ""base_adv"": 10000000.0}",False,"{""stop_pct"": 0.05, ""target_pct"": 0.15, ""max_hold_days"": 1}"
205,0.2878048780487804,0.1153579500384021,-0.185951193140346,1.1965892337080604,0.004512081043822,0.4178070511032259,0.6878048780487804,112,0.3214285714285714,0.0382715877257038,-0.0533275454927222,1.1184620895540318,-0.0009120454487668,0.515097394750858,0.6607142857142857,toss_pullback_after_green,screen,"{""day2_max_ret"": -0.08, ""day2_vol_frac"": 0.5, ""base_adv"": 10000000.0}",False,"{""stop_pct"": 0.05, ""target_pct"": 0.15, ""max_hold_days"": 3}"
205,0.2585365853658536,0.1049562405328499,-0.196774026920816,1.17624389558745,0.0033935774217305,0.3881875280555848,0.8682926829268293,112,0.3214285714285714,0.0425035674282849,-0.0551282360229067,1.1299424629489272,-0.0001190455983385,0.5549544149882263,0.8392857142857143,toss_pullback_after_green,screen,"{""day2_max_ret"": -0.08, ""day2_vol_frac"": 0.5, ""base_adv"": 10000000.0}",False,"{""stop_pct"": 0.05, ""target_pct"": 0.15, ""max_hold_days"": 5}"
205,0.2585365853658536,0.1388002678710145,-0.178178958121934,1.2263272315502551,0.0051545944597159,0.4798886426586236,1.1560975609756097,112,0.3214285714285714,0.0455478721618851,-0.0449784693538769,1.136761969262651,0.0002134299857426,0.5798857955612435,1.125,toss_pullback_after_green,screen,"{""day2_max_ret"": -0.08, ""day2_vol_frac"": 0.5, ""base_adv"": 10000000.0}",False,"{""stop_pct"": 0.05, ""target_pct"": 0.15, ""max_hold_days"": 10}"
205,0.3268292682926829,0.1380262167470907,-0.1883078370208856,1.2591306642259037,0.0107402334261581,0.4843473423446913,0.4585365853658537,112,0.3214285714285714,0.0269939323686421,-0.0547967863610719,1.0933900887738155,-0.0031422015060083,0.3305970411341375,0.4910714285714285,toss_pullback_after_green,screen,"{""day2_max_ret"": -0.08, ""day2_vol_frac"": 0.5, ""base_adv"": 10000000.0}",False,"{""stop_pct"": 0.05, ""target_pct"": 0.4, ""max_hold_days"": 1}"
205,0.2585365853658536,0.229495460311657,-0.1937135089297529,1.3656090706080168,0.0121081722869683,0.5458128008309493,1.024390243902439,112,0.2589285714285714,-0.0060789685467216,-0.0609250260509846,0.9822124131719884,-0.0056834556884065,-0.0036573113516691,1.0892857142857142,toss_pullback_after_green,screen,"{""day2_max_ret"": -0.08, ""day2_vol_frac"": 0.5, ""base_adv"": 10000000.0}",False,"{""stop_pct"": 0.05, ""target_pct"": 0.4, ""max_hold_days"": 3}"
204,0.196078431372549,0.1550611095424934,-0.1989630286682061,1.2388890993130734,0.0077237776080652,0.4140340451372327,1.411764705882353,112,0.25,-0.0336964048403438,-0.0723359044731553,0.904789399970368,-0.0090177882953346,-0.2420186111556797,1.5982142857142858,toss_pullback_after_green,screen,"{""day2_max_ret"": -0.08, ""day2_vol_frac"": 0.5, ""base_adv"": 10000000.0}",False,"{""stop_pct"": 0.05, ""target_pct"": 0.4, ""max_hold_days"": 5}"
204,0.1862745098039215,0.2193025050404347,-0.1860561960179558,1.3171435507471816,0.0119770470055904,0.5252909241500499,2.063725490196078,112,0.1875,-0.0563072971163867,-0.1229648305731381,0.8539956931309377,-0.013393219322899,-0.3953216330357536,2.4285714285714284,toss_pullback_after_green,screen,"{""day2_max_ret"": -0.08, ""day2_vol_frac"": 0.5, ""base_adv"": 10000000.0}",False,"{""stop_pct"": 0.05, ""target_pct"": 0.4, ""max_hold_days"": 10}"
205,0.3707317073170731,0.1426480902049138,-0.194118411678464,1.1964680600773518,0.0137799802704184,0.4036498741827215,0.751219512195122,112,0.3928571428571428,-0.0630186087612695,-0.1040327171525784,0.8359893504586863,-0.01042291962454,-0.6100763530865334,0.8125,toss_pullback_after_green,screen,"{""day2_max_ret"": -0.08, ""day2_vol_frac"": 0.5, ""base_adv"": 10000000.0}",False,"{""stop_pct"": 0.1, ""target_pct"": null, ""max_hold_days"": 1}"
203,0.3448275862068966,0.1741130407175553,-0.1618167807152976,1.191546771287251,0.0192726093672913,0.4404883301235556,1.9507389162561577,112,0.3303571428571428,-0.1446342955677443,-0.1566244243989317,0.6784064792848116,-0.0192409377908995,-0.9537555818046496,2.1607142857142856,toss_pullback_after_green,screen,"{""day2_max_ret"": -0.08, ""day2_vol_frac"": 0.5, ""base_adv"": 10000000.0}",False,"{""stop_pct"": 0.1, ""target_pct"": null, ""max_hold_days"": 3}"
202,0.292079207920792,0.0132161379213064,-0.2343213933208555,1.013719721295505,0.016771118466969,0.1492711034350549,2.900990099009901,112,0.2946428571428571,-0.1937778996594265,-0.2094338181015897,0.6086439114765483,-0.0292118864767019,-1.3432475676861175,3.232142857142857,toss_pullback_after_green,screen,"{""day2_max_ret"": -0.08, ""day2_vol_frac"": 0.5, ""base_adv"": 10000000.0}",False,"{""stop_pct"": 0.1, ""target_pct"": null, ""max_hold_days"": 5}"
199,0.2814070351758794,-0.0633567545840471,-0.2783352012285287,0.9377647254464692,0.0077013096054095,0.0090384337418868,4.919597989949748,112,0.2857142857142857,-0.1180787886321116,-0.2094605197793646,0.7945656159003159,-0.025558044343226,-0.3718783936520059,5.455357142857143,toss_pullback_after_green,screen,"{""day2_max_ret"": -0.08, ""day2_vol_frac"": 0.5, ""base_adv"": 10000000.0}",False,"{""stop_pct"": 0.1, ""target_pct"": null, ""max_hold_days"": 10}"
205,0.3853658536585366,-0.0064298571222382,-0.2155308023757595,0.9908987529125772,0.0021469301949033,0.0610782914574796,0.5951219512195122,112,0.3928571428571428,-0.0325750522251392,-0.0953956115194645,0.9168640793125342,-0.0060071035518527,-0.3252416563913364,0.5892857142857143,toss_pullback_after_green,screen,"{""day2_max_ret"": -0.08, ""day2_vol_frac"": 0.5, ""base_adv"": 10000000.0}",False,"{""stop_pct"": 0.1, ""target_pct"": 0.15, ""max_hold_days"": 1}"
205,0.3951219512195122,-0.0066697377250538,-0.2270916933752399,0.9918883785261008,0.0045939209298114,0.0646142009223437,1.351219512195122,112,0.4196428571428571,0.0021323903645833,-0.0858151842450181,1.004880848229594,-0.0019681044124612,0.0721279059197634,1.3928571428571428,toss_pullback_after_green,screen,"{""day2_max_ret"": -0.08, ""day2_vol_frac"": 0.5, ""base_adv"": 10000000.0}",False,"{""stop_pct"": 0.1, ""target_pct"": 0.15, ""max_hold_days"": 3}"
205,0.3707317073170731,-0.0282980637982755,-0.2345802144253439,0.966249986597232,0.0025659781882907,0.0004505557849737,1.824390243902439,112,0.4017857142857143,-0.0129115028152102,-0.0899950342299772,0.9713728125297122,-0.0043529788855299,-0.0701480539015692,1.9464285714285716,toss_pullback_after_green,screen,"{""day2_max_ret"": -0.08, ""day2_vol_frac"": 0.5, ""base_adv"": 10000000.0}",False,"{""stop_pct"": 0.1, ""target_pct"": 0.15, ""max_hold_days"": 5}"
205,0.3804878048780488,-0.0286454950878132,-0.241884039432217,0.9679476101935874,0.0045460548448951,7.889616023484819e-05,2.682926829268293,112,0.4553571428571428,0.2050394450202592,-0.0859034198589149,1.3979425149143558,0.013315261325473,1.0038916188948883,2.9910714285714284,toss_pullback_after_green,screen,"{""day2_max_ret"": -0.08, ""day2_vol_frac"": 0.5, ""base_adv"": 10000000.0}",False,"{""stop_pct"": 0.1, ""target_pct"": 0.15, ""max_hold_days"": 10}"
205,0.3707317073170731,0.034579097599257,-0.2082925155657543,1.0480328079126755,0.0077935268937293,0.1845072858345048,0.7268292682926829,112,0.3928571428571428,-0.0309028399464305,-0.0923614827936764,0.9207891803643656,-0.0072251970853612,-0.2325742061176459,0.7767857142857143,toss_pullback_after_green,screen,"{""day2_max_ret"": -0.08, ""day2_vol_frac"": 0.5, ""base_adv"": 10000000.0}",False,"{""stop_pct"": 0.1, ""target_pct"": 0.4, ""max_hold_days"": 1}"
205,0.3463414634146341,0.1221249490064879,-0.2237693495353305,1.1363901547067128,0.0136713694596898,0.3483869506560383,1.7804878048780488,112,0.3482142857142857,0.011271869538955,-0.1112600502597334,1.023710258593221,-0.0014297582654657,0.149585392031857,1.9732142857142856,toss_pullback_after_green,screen,"{""day2_max_ret"": -0.08, ""day2_vol_frac"": 0.5, ""base_adv"": 10000000.0}",False,"{""stop_pct"": 0.1, ""target_pct"": 0.4, ""max_hold_days"": 3}"
204,0.3039215686274509,0.098639759645452,-0.232993868204934,1.1026843328344005,0.012734190152372,0.3052678349608597,2.563725490196078,112,0.3303571428571428,-0.0445000134647171,-0.1221532937989684,0.9119639884312424,-0.0094168222818236,-0.2252131070699463,2.919642857142857,toss_pullback_after_green,screen,"{""day2_max_ret"": -0.08, ""day2_vol_frac"": 0.5, ""base_adv"": 10000000.0}",False,"{""stop_pct"": 0.1, ""target_pct"": 0.4, ""max_hold_days"": 5}"
204,0.3088235294117647,0.1207245038582431,-0.2493190107007591,1.1144648779375856,0.0182186225271836,0.3453242360049902,4.044117647058823,112,0.3214285714285714,0.1506389580216012,-0.1231022511164919,1.2412196324487168,0.0056963783222243,0.7467569409955098,4.785714285714286,toss_pullback_after_green,screen,"{""day2_max_ret"": -0.08, ""day2_vol_frac"": 0.5, ""base_adv"": 10000000.0}",False,"{""stop_pct"": 0.1, ""target_pct"": 0.4, ""max_hold_days"": 10}"
205,0.3853658536585366,0.0774192502550079,-0.2111734666226326,1.0976868290317503,0.0122585519661615,0.2728002324033321,0.951219512195122,112,0.4196428571428571,-0.1073324409722752,-0.1224359918691204,0.7492093169318506,-0.0151097470431686,-1.0104290368883404,0.9553571428571428,toss_pullback_after_green,screen,"{""day2_max_ret"": -0.08, ""day2_vol_frac"": 0.5, ""base_adv"": 10000000.0}",False,"{""stop_pct"": 0.2, ""target_pct"": null, ""max_hold_days"": 1}"
203,0.3793103448275862,0.0989176818031136,-0.2050821380164491,1.0987049122622052,0.0193051996482588,0.3077791797977715,2.7241379310344827,112,0.3482142857142857,-0.1751338873166713,-0.1835308965619336,0.6486135074813689,-0.0237112573074975,-1.1255529414953138,2.705357142857143,toss_pullback_after_green,screen,"{""day2_max_ret"": -0.08, ""day2_vol_frac"": 0.5, ""base_adv"": 10000000.0}",False,"{""stop_pct"": 0.2, ""target_pct"": null, ""max_hold_days"": 3}"
202,0.3465346534653465,0.0045068577190672,-0.2761459211047086,1.0037418135939065,0.0213144356256834,0.1457673907666635,4.306930693069307,112,0.3303571428571428,-0.2318889184363122,-0.2318889184363122,0.5747484138216286,-0.0319732104962945,-1.4642059144431006,4.321428571428571,toss_pullback_after_green,screen,"{""day2_max_ret"": -0.08, ""day2_vol_frac"": 0.5, ""base_adv"": 10000000.0}",False,"{""stop_pct"": 0.2, ""target_pct"": null, ""max_hold_days"": 5}"
193,0.3626943005181347,-0.2063552324511177,-0.3818592728567223,0.8428786742647173,0.0146940825627165,-0.2470034668783804,7.94300518134715,110,0.3545454545454545,-0.2166518425944281,-0.2679318801140505,0.6854654692399714,-0.0367928275315168,-0.754446299376566,8.0,toss_pullback_after_green,screen,"{""day2_max_ret"": -0.08, ""day2_vol_frac"": 0.5, ""base_adv"": 10000000.0}",False,"{""stop_pct"": 0.2, ""target_pct"": null, ""max_hold_days"": 10}"
205,0.4048780487804878,-0.0527954533393093,-0.2460509728875854,0.9320840762976584,0.0015253246556194,-0.0760494502647778,0.7902439024390244,112,0.4196428571428571,-0.0785996224399092,-0.1147283462756826,0.8201760089254803,-0.0106939309704813,-0.7872150154420742,0.7321428571428571,toss_pullback_after_green,screen,"{""day2_max_ret"": -0.08, ""day2_vol_frac"": 0.5, ""base_adv"": 10000000.0}",False,"{""stop_pct"": 0.2, ""target_pct"": 0.15, ""max_hold_days"": 1}"
205,0.4341463414634146,-0.0717366251052837,-0.2647958661186315,0.922537533446346,0.0053608172066813,-0.1129625623537612,2.053658536585366,112,0.4464285714285714,-0.0104075191647526,-0.0968495613068879,0.9788553834549129,-0.0042853501165126,-0.031039789339932,1.875,toss_pullback_after_green,screen,"{""day2_max_ret"": -0.08, ""day2_vol_frac"": 0.5, ""base_adv"": 10000000.0}",False,"{""stop_pct"": 0.2, ""target_pct"": 0.15, ""max_hold_days"": 3}"
205,0.4390243902439024,-0.1031069480964468,-0.2677808113729412,0.8980923114814467,0.0040606965321333,-0.1953836541440708,3.053658536585366,112,0.4553571428571428,-0.0240771541460304,-0.0985428801551846,0.9534099277563204,-0.0042363175946034,-0.1343286214012949,2.7857142857142856,toss_pullback_after_green,screen,"{""day2_max_ret"": -0.08, ""day2_vol_frac"": 0.5, ""base_adv"": 10000000.0}",False,"{""stop_pct"": 0.2, ""target_pct"": 0.15, ""max_hold_days"": 5}"
205,0.4585365853658537,-0.2096926330215301,-0.3658493806768442,0.820562866758795,0.0034196124940695,-0.5101952864485149,4.970731707317073,112,0.5446428571428571,0.2029368112227174,-0.0981066535344881,1.3311287231073003,0.0141001702769701,0.9525114548250944,4.6875,toss_pullback_after_green,screen,"{""day2_max_ret"": -0.08, ""day2_vol_frac"": 0.5, ""base_adv"": 10000000.0}",False,"{""stop_pct"": 0.2, ""target_pct"": 0.15, ""max_hold_days"": 10}"
205,0.3902439024390244,0.0099665137538254,-0.224504082037049,1.01235543237901,0.0083823024520065,0.1147956536834688,0.9219512195121952,112,0.4196428571428571,-0.0767875086258098,-0.1087729999230762,0.8233597600961567,-0.0119120245039898,-0.6260448677294429,0.9196428571428572,toss_pullback_after_green,screen,"{""day2_max_ret"": -0.08, ""day2_vol_frac"": 0.5, ""base_adv"": 10000000.0}",False,"{""stop_pct"": 0.2, ""target_pct"": 0.4, ""max_hold_days"": 1}"
205,0.3853658536585366,0.0751649833925165,-0.2577132270066424,1.073872024318787,0.0168103731223139,0.2625871491946481,2.521951219512195,112,0.3660714285714285,-0.0236463449587462,-0.099011990987948,0.9551805110763514,-0.0059000777820637,-0.0761006737143337,2.517857142857143,toss_pullback_after_green,screen,"{""day2_max_ret"": -0.08, ""day2_vol_frac"": 0.5, ""base_adv"": 10000000.0}",False,"{""stop_pct"": 0.2, ""target_pct"": 0.4, ""max_hold_days"": 3}"
204,0.3725490196078431,0.1411765691660964,-0.1962660454906439,1.114125694084118,0.0227224786924,0.3712574675547917,3.892156862745098,112,0.3660714285714285,-0.0844466256567429,-0.1247078935954938,0.849153131160389,-0.0123300349343145,-0.4318385962220251,3.991071428571429,toss_pullback_after_green,screen,"{""day2_max_ret"": -0.08, ""day2_vol_frac"": 0.5, ""base_adv"": 10000000.0}",False,"{""stop_pct"": 0.2, ""target_pct"": 0.4, ""max_hold_days"": 5}"
199,0.3819095477386934,0.0176713394378336,-0.2806490820773614,1.0122683418577594,0.0277190516649543,0.166672174182074,6.668341708542713,111,0.3873873873873873,0.0543576129440701,-0.1748435990325941,1.073403419918966,-0.0026041094098994,0.3363709125771039,7.252252252252252,toss_pullback_after_green,screen,"{""day2_max_ret"": -0.08, ""day2_vol_frac"": 0.5, ""base_adv"": 10000000.0}",False,"{""stop_pct"": 0.2, ""target_pct"": 0.4, ""max_hold_days"": 10}"
205,0.3853658536585366,0.0727921293814111,-0.208687341367345,1.0911024601220756,0.0121999616522293,0.2638796999251973,0.9951219512195122,112,0.4196428571428571,-0.1131634820833619,-0.1277646799300826,0.7385170701299689,-0.0159512061893143,-1.0963277603299453,1.0,toss_pullback_after_green,screen,"{""day2_max_ret"": -0.08, ""day2_vol_frac"": 0.5, ""base_adv"": 10000000.0}",False,"{""stop_pct"": null, ""target_pct"": null, ""max_hold_days"": 1}"
203,0.3891625615763547,0.0875834192641256,-0.2172255521665678,1.083545849816464,0.0183463548801494,0.2886107776676625,2.9753694581280787,112,0.3571428571428571,-0.1286182772224614,-0.1770381173299711,0.7330459444147676,-0.0195304775879564,-0.7719725685197671,2.9642857142857144,toss_pullback_after_green,screen,"{""day2_max_ret"": -0.08, ""day2_vol_frac"": 0.5, ""base_adv"": 10000000.0}",False,"{""stop_pct"": null, ""target_pct"": null, ""max_hold_days"": 3}"
199,0.3668341708542713,-0.0297201677578485,-0.3458291662166458,0.977535875856618,0.0208842039994028,0.0952212374000016,4.899497487437186,112,0.3303571428571428,-0.2956230575017499,-0.2956230575017499,0.4980574891706317,-0.0418816538559349,-1.8809773219153212,4.892857142857143,toss_pullback_after_green,screen,"{""day2_max_ret"": -0.08, ""day2_vol_frac"": 0.5, ""base_adv"": 10000000.0}",False,"{""stop_pct"": null, ""target_pct"": null, ""max_hold_days"": 5}"
185,0.372972972972973,-0.2952472305310806,-0.4567125318386894,0.7796019799425777,0.005969602525417,-0.4474266615303385,9.702702702702704,106,0.3490566037735849,-0.2988536506603686,-0.3542809900283635,0.5946447760007146,-0.0475656876629039,-1.058466985989013,9.69811320754717,toss_pullback_after_green,screen,"{""day2_max_ret"": -0.08, ""day2_vol_frac"": 0.5, ""base_adv"": 10000000.0}",False,"{""stop_pct"": null, ""target_pct"": null, ""max_hold_days"": 10}"
205,0.424390243902439,0.0677721614885671,-0.2231068791927661,1.089078500048977,0.0075483598905809,0.277291574819592,0.8146341463414634,112,0.4285714285714285,-0.0475222252970226,-0.0844141668864372,0.8871938166492316,-0.0080643070464509,-0.4776804669579159,0.7678571428571429,toss_pullback_after_green,screen,"{""day2_max_ret"": -0.08, ""day2_vol_frac"": 0.5, ""base_adv"": 10000000.0}",False,"{""stop_pct"": null, ""target_pct"": 0.15, ""max_hold_days"": 1}"
205,0.4585365853658537,0.0269443155509665,-0.252687196777419,1.0279265390488053,0.0098725251810263,0.1658313153802086,2.2536585365853656,112,0.4642857142857143,0.1455145286123789,-0.0668563425291232,1.3171974725191926,0.008598594606374,0.8705473197855793,2.0982142857142856,toss_pullback_after_green,screen,"{""day2_max_ret"": -0.08, ""day2_vol_frac"": 0.5, ""base_adv"": 10000000.0}",False,"{""stop_pct"": null, ""target_pct"": 0.15, ""max_hold_days"": 3}"
205,0.4634146341463415,-0.0616921665676877,-0.3048211054078279,0.9436846755143614,0.0060900686532294,-0.0631441795763213,3.507317073170732,112,0.4910714285714285,0.0980799972995369,-0.0833460798557822,1.185233152863703,0.003954046902267,0.6242890121316685,3.232142857142857,toss_pullback_after_green,screen,"{""day2_max_ret"": -0.08, ""day2_vol_frac"": 0.5, ""base_adv"": 10000000.0}",False,"{""stop_pct"": null, ""target_pct"": 0.15, ""max_hold_days"": 5}"
202,0.504950495049505,-0.0999600410307165,-0.3446033616330665,0.9237744799154128,0.0127688889020944,-0.135707944135262,6.356435643564357,112,0.5892857142857143,0.3852513544129581,-0.0766736411478848,1.6115093271179548,0.0250223042492915,1.4754860413035762,5.794642857142857,toss_pullback_after_green,screen,"{""day2_max_ret"": -0.08, ""day2_vol_frac"": 0.5, ""base_adv"": 10000000.0}",False,"{""stop_pct"": null, ""target_pct"": 0.15, ""max_hold_days"": 10}"
205,0.3951219512195122,0.0496538458588564,-0.1861205545929433,1.060003126709547,0.0106078690243336,0.2256220535517074,0.9609756097560976,112,0.4196428571428571,-0.0827355197817142,-0.109540523147557,0.8117650108177584,-0.0127534836501355,-0.6950086442127907,0.9642857142857144,toss_pullback_after_green,screen,"{""day2_max_ret"": -0.08, ""day2_vol_frac"": 0.5, ""base_adv"": 10000000.0}",False,"{""stop_pct"": null, ""target_pct"": 0.4, ""max_hold_days"": 1}"
205,0.4,0.0810454937001077,-0.2310090720686707,1.0716200733098942,0.0170304252341962,0.2738569846782479,2.765853658536585,112,0.375,0.0912176259425188,-0.1166080838461995,1.1781631668591532,0.0038589727622486,0.5363364225579095,2.767857142857143,toss_pullback_after_green,screen,"{""day2_max_ret"": -0.08, ""day2_vol_frac"": 0.5, ""base_adv"": 10000000.0}",False,"{""stop_pct"": null, ""target_pct"": 0.4, ""max_hold_days"": 3}"
202,0.3910891089108911,0.1413390398187679,-0.246506464365537,1.1010860978074204,0.0238476625147554,0.3681338095843061,4.435643564356436,112,0.375,-0.0613417716803026,-0.1784973748252964,0.8983686254247255,-0.0123041567690008,-0.195390716818537,4.517857142857143,toss_pullback_after_green,screen,"{""day2_max_ret"": -0.08, ""day2_vol_frac"": 0.5, ""base_adv"": 10000000.0}",False,"{""stop_pct"": null, ""target_pct"": 0.4, ""max_hold_days"": 5}"
194,0.4175257731958763,0.1342695839727996,-0.2956123219365349,1.0779206295129231,0.0381402289336909,0.3555657201678857,8.34020618556701,107,0.3831775700934579,0.0066320379449105,-0.2401828199280794,1.0080446902119502,-0.0096620749891665,0.1570070392077501,8.785046728971963,toss_pullback_after_green,screen,"{""day2_max_ret"": -0.08, ""day2_vol_frac"": 0.5, ""base_adv"": 10000000.0}",False,"{""stop_pct"": null, ""target_pct"": 0.4, ""max_hold_days"": 10}"
231,0.3203463203463203,0.2063897534595069,-0.2090060172799234,1.3643098620497471,0.0117193609115728,0.538264751384285,0.4805194805194805,120,0.325,-0.0044215286701538,-0.0673469067300569,0.9848356220416034,-0.0069108040599444,-0.0150024818581002,0.5333333333333333,toss_pullback_after_green,screen,"{""day2_max_ret"": -0.08, ""day2_vol_frac"": 0.7, ""base_adv"": 10000000.0}",False,"{""stop_pct"": 0.05, ""target_pct"": null, ""max_hold_days"": 1}"
229,0.2663755458515284,0.204772436436476,-0.2115994958450371,1.31856109175058,0.0074468339838733,0.5078763978924514,1.1615720524017468,120,0.2583333333333333,-0.0711205755377621,-0.0887581585309013,0.7980539886372734,-0.0138591194476646,-0.5975394965163453,1.2333333333333334,toss_pullback_after_green,screen,"{""day2_max_ret"": -0.08, ""day2_vol_frac"": 0.7, ""base_adv"": 10000000.0}",False,"{""stop_pct"": 0.05, ""target_pct"": null, ""max_hold_days"": 3}"
228,0.2017543859649122,-0.0178450282745489,-0.237603547574796,0.9726381261368396,0.0038376709275359,0.0540126140937586,1.6710526315789471,120,0.2333333333333333,-0.0829080784267736,-0.124562305601212,0.777650792832394,-0.0164768664158569,-0.6882626858982074,1.8166666666666669,toss_pullback_after_green,screen,"{""day2_max_ret"": -0.08, ""day2_vol_frac"": 0.7, ""base_adv"": 10000000.0}",False,"{""stop_pct"": 0.05, ""target_pct"": null, ""max_hold_days"": 5}"
227,0.185022026431718,-0.0713592243431813,-0.2568709067149705,0.8947561992588209,-0.0039595406250162,-0.0687382985351338,2.7224669603524227,120,0.175,-0.1057403296811551,-0.1730478825727065,0.7387959028963634,-0.0205452113038702,-0.5807363592979746,2.8666666666666667,toss_pullback_after_green,screen,"{""day2_max_ret"": -0.08, ""day2_vol_frac"": 0.7, ""base_adv"": 10000000.0}",False,"{""stop_pct"": 0.05, ""target_pct"": null, ""max_hold_days"": 10}"
231,0.329004329004329,0.1030221010377216,-0.1891459166051964,1.1815412040821345,0.0036411577063899,0.3856979235358752,0.3679653679653679,120,0.325,0.0171726236955134,-0.0588058536898984,1.058016916993688,-0.0046128858439903,0.2762224731752531,0.3666666666666666,toss_pullback_after_green,screen,"{""day2_max_ret"": -0.08, ""day2_vol_frac"": 0.7, ""base_adv"": 10000000.0}",False,"{""stop_pct"": 0.05, ""target_pct"": 0.15, ""max_hold_days"": 1}"
231,0.29004329004329,0.0934757823546634,-0.1964157814788661,1.148665203265078,0.0027806147901125,0.3554648551150638,0.7229437229437229,120,0.3166666666666666,0.0247203790217949,-0.0657498326962177,1.0716331364977103,-0.0030602456064538,0.3451907299784466,0.7166666666666667,toss_pullback_after_green,screen,"{""day2_max_ret"": -0.08, ""day2_vol_frac"": 0.7, ""base_adv"": 10000000.0}",False,"{""stop_pct"": 0.05, ""target_pct"": 0.15, ""max_hold_days"": 3}"
231,0.2597402597402597,0.0856352816865122,-0.2093893015353204,1.1341351100931636,0.0019127329410568,0.33281834542919,0.9264069264069263,120,0.3166666666666666,0.0383704241649793,-0.0624189102864373,1.109366897249621,-0.0014518561370925,0.4970130310507617,0.9,toss_pullback_after_green,screen,"{""day2_max_ret"": -0.08, ""day2_vol_frac"": 0.7, ""base_adv"": 10000000.0}",False,"{""stop_pct"": 0.05, ""target_pct"": 0.15, ""max_hold_days"": 5}"
231,0.2597402597402597,0.1168785587795289,-0.1862601776874547,1.1766300740284357,0.003073182252638,0.4186535235266648,1.2683982683982684,120,0.3166666666666666,0.0382443888203218,-0.0524630957876979,1.1073401960127385,-0.0014106814316333,0.4870514307170131,1.2083333333333333,toss_pullback_after_green,screen,"{""day2_max_ret"": -0.08, ""day2_vol_frac"": 0.7, ""base_adv"": 10000000.0}",False,"{""stop_pct"": 0.05, ""target_pct"": 0.15, ""max_hold_days"": 10}"
231,0.3203463203463203,0.1152768667035912,-0.202527752562602,1.2038418269954407,0.0065656251256855,0.4199551631404145,0.4675324675324675,120,0.325,0.0292162628780716,-0.0556316506782363,1.0987898498602706,-0.0039262630233776,0.3535197689515069,0.5,toss_pullback_after_green,screen,"{""day2_max_ret"": -0.08, ""day2_vol_frac"": 0.7, ""base_adv"": 10000000.0}",False,"{""stop_pct"": 0.05, ""target_pct"": 0.4, ""max_hold_days"": 1}"
231,0.264069264069264,0.2067018575888726,-0.2029945521669642,1.3086951281435304,0.009965586669493,0.5071004209969838,1.051948051948052,120,0.2583333333333333,-0.0189609719278193,-0.075402137932626,0.9477985454548024,-0.0075135618301175,-0.1237702575056929,1.1166666666666667,toss_pullback_after_green,screen,"{""day2_max_ret"": -0.08, ""day2_vol_frac"": 0.7, ""base_adv"": 10000000.0}",False,"{""stop_pct"": 0.05, ""target_pct"": 0.4, ""max_hold_days"": 3}"
230,0.2043478260869565,0.1394263982555605,-0.2091538513601825,1.20137226534239,0.006488876027484,0.3844682681900906,1.4652173913043478,120,0.25,-0.042336021161612,-0.0798343912728828,0.8873550207629695,-0.0102732539228836,-0.3166811352978685,1.625,toss_pullback_after_green,screen,"{""day2_max_ret"": -0.08, ""day2_vol_frac"": 0.7, ""base_adv"": 10000000.0}",False,"{""stop_pct"": 0.05, ""target_pct"": 0.4, ""max_hold_days"": 5}"
230,0.1956521739130435,0.1925566264275926,-0.1983664482450493,1.260883826235626,0.0097393267071351,0.4770929171288477,2.1956521739130435,120,0.1916666666666666,-0.0597684068998719,-0.1229648305731381,0.8536370641968912,-0.0138471039486647,-0.422488451890475,2.4833333333333334,toss_pullback_after_green,screen,"{""day2_max_ret"": -0.08, ""day2_vol_frac"": 0.7, ""base_adv"": 10000000.0}",False,"{""stop_pct"": 0.05, ""target_pct"": 0.4, ""max_hold_days"": 10}"
231,0.3722943722943723,0.1200796881166519,-0.2090261589209711,1.1582883443985128,0.0094266004664676,0.3583937137930676,0.7619047619047619,120,0.4,-0.0623845445292838,-0.1048590539522703,0.8409685599095114,-0.0107167045172172,-0.5959872906332827,0.8083333333333333,toss_pullback_after_green,screen,"{""day2_max_ret"": -0.08, ""day2_vol_frac"": 0.7, ""base_adv"": 10000000.0}",False,"{""stop_pct"": 0.1, ""target_pct"": null, ""max_hold_days"": 1}"
229,0.3624454148471616,0.149425563122054,-0.1675005159756194,1.1559164460882392,0.0171244837464311,0.3970870594451771,1.9912663755458515,120,0.3333333333333333,-0.1565143538853827,-0.1683379534425855,0.6670773312659962,-0.0204392467939634,-1.0368107152384909,2.158333333333333,toss_pullback_after_green,screen,"{""day2_max_ret"": -0.08, ""day2_vol_frac"": 0.7, ""base_adv"": 10000000.0}",False,"{""stop_pct"": 0.1, ""target_pct"": null, ""max_hold_days"": 3}"
228,0.3070175438596491,-0.0134821491666013,-0.2435791436782749,0.9867606189702842,0.0142612528999123,0.0954630249329272,2.973684210526316,120,0.2916666666666667,-0.201695269889527,-0.2172022119100453,0.6092292829264873,-0.0295140054579289,-1.397857546244497,3.2416666666666667,toss_pullback_after_green,screen,"{""day2_max_ret"": -0.08, ""day2_vol_frac"": 0.7, ""base_adv"": 10000000.0}",False,"{""stop_pct"": 0.1, ""target_pct"": null, ""max_hold_days"": 5}"
225,0.2888888888888888,-0.0945643423907725,-0.2866434950879555,0.9120946808651026,0.0057102736198817,-0.0536676384633064,5.1066666666666665,120,0.2833333333333333,-0.1319381593464014,-0.2218909581574424,0.7832932865852444,-0.0267999784736121,-0.4317986048769863,5.508333333333334,toss_pullback_after_green,screen,"{""day2_max_ret"": -0.08, ""day2_vol_frac"": 0.7, ""base_adv"": 10000000.0}",False,"{""stop_pct"": 0.1, ""target_pct"": null, ""max_hold_days"": 10}"
231,0.3852813852813853,-0.0284041839955216,-0.2294257246504225,0.9616024119284852,-0.0003217709634179,-0.006452319381078,0.6190476190476191,120,0.4,-0.0319253745502888,-0.0994976419495898,0.9201658359930184,-0.0065952761827091,-0.3116024656577414,0.6,toss_pullback_after_green,screen,"{""day2_max_ret"": -0.08, ""day2_vol_frac"": 0.7, ""base_adv"": 10000000.0}",False,"{""stop_pct"": 0.1, ""target_pct"": 0.15, ""max_hold_days"": 1}"
231,0.4069264069264069,-0.0306972425170571,-0.2383569904986991,0.964712216773312,0.0041022351338086,-0.0061391808133868,1.4242424242424243,120,0.4166666666666667,-0.0116695024018378,-0.0930416202617047,0.9745797738058812,-0.0043179356407543,-0.0606189445533599,1.4416666666666669,toss_pullback_after_green,screen,"{""day2_max_ret"": -0.08, ""day2_vol_frac"": 0.7, ""base_adv"": 10000000.0}",False,"{""stop_pct"": 0.1, ""target_pct"": 0.15, ""max_hold_days"": 3}"
231,0.3809523809523809,-0.0545934576206132,-0.2514861058369455,0.9386309912675876,0.0016985707176062,-0.0781701811840285,1.948051948051948,120,0.3916666666666666,-0.0179156742750198,-0.0957260366194543,0.9623483998022464,-0.0057964537709068,-0.1124692105545037,2.025,toss_pullback_after_green,screen,"{""day2_max_ret"": -0.08, ""day2_vol_frac"": 0.7, ""base_adv"": 10000000.0}",False,"{""stop_pct"": 0.1, ""target_pct"": 0.15, ""max_hold_days"": 5}"
231,0.3809523809523809,-0.0541967521365973,-0.2562787960198173,0.9429851908832262,0.0032226436394468,-0.0755768370555654,2.935064935064935,120,0.4416666666666666,0.1818275002071259,-0.0870645044141077,1.3277181844896306,0.0092186566461393,0.9030200585883325,3.15,toss_pullback_after_green,screen,"{""day2_max_ret"": -0.08, ""day2_vol_frac"": 0.7, ""base_adv"": 10000000.0}",False,"{""stop_pct"": 0.1, ""target_pct"": 0.15, ""max_hold_days"": 10}"
231,0.3722943722943723,0.0114616722944385,-0.2232196862555109,1.015232478328059,0.0041139470369384,0.116832075243765,0.7402597402597403,120,0.4,-0.030060819510409,-0.0930875208333061,0.9245105811000712,-0.0077321634806503,-0.221866242063866,0.775,toss_pullback_after_green,screen,"{""day2_max_ret"": -0.08, ""day2_vol_frac"": 0.7, ""base_adv"": 10000000.0}",False,"{""stop_pct"": 0.1, ""target_pct"": 0.4, ""max_hold_days"": 1}"
231,0.3636363636363636,0.0943878987772421,-0.2337984766260021,1.1000558127921407,0.0121722849160562,0.2981589434017303,1.83982683982684,120,0.35,-0.0023555957387829,-0.1181872732243277,0.9952657733777508,-0.0038154792368918,0.056529956405494,1.9833333333333332,toss_pullback_after_green,screen,"{""day2_max_ret"": -0.08, ""day2_vol_frac"": 0.7, ""base_adv"": 10000000.0}",False,"{""stop_pct"": 0.1, ""target_pct"": 0.4, ""max_hold_days"": 3}"
230,0.3173913043478261,0.0682249694942009,-0.2468457158810265,1.0672448240662886,0.0103761832624406,0.2493648714813273,2.665217391304348,120,0.325,-0.0541546266842827,-0.1278899409062431,0.8975697239825754,-0.0110386122093757,-0.2873707520228107,2.95,toss_pullback_after_green,screen,"{""day2_max_ret"": -0.08, ""day2_vol_frac"": 0.7, ""base_adv"": 10000000.0}",False,"{""stop_pct"": 0.1, ""target_pct"": 0.4, ""max_hold_days"": 5}"
230,0.3130434782608696,0.0857336182200616,-0.2641572779215129,1.0770959792918036,0.0160844330753934,0.2822601105565482,4.295652173913044,120,0.3166666666666666,0.131232773869139,-0.1231022511164919,1.1976164872778357,0.0023708160141415,0.6664818616016132,4.883333333333334,toss_pullback_after_green,screen,"{""day2_max_ret"": -0.08, ""day2_vol_frac"": 0.7, ""base_adv"": 10000000.0}",False,"{""stop_pct"": 0.1, ""target_pct"": 0.4, ""max_hold_days"": 10}"
231,0.3939393939393939,0.0711904379599703,-0.2123448170441879,1.087339170866504,0.0095243920356213,0.2604768102595271,0.9523809523809524,120,0.4333333333333333,-0.1049867864448734,-0.1225469113635874,0.7585293494199483,-0.0148902657549728,-0.972337654044066,0.95,toss_pullback_after_green,screen,"{""day2_max_ret"": -0.08, ""day2_vol_frac"": 0.7, ""base_adv"": 10000000.0}",False,"{""stop_pct"": 0.2, ""target_pct"": null, ""max_hold_days"": 1}"
229,0.4061135371179039,0.102333377380922,-0.1916629830905826,1.098011340056183,0.0197382835623374,0.3137763785066815,2.7423580786026203,120,0.3583333333333333,-0.185635549131589,-0.1939256530864115,0.6425140014600459,-0.0242936458609241,-1.189074856122964,2.7,toss_pullback_after_green,screen,"{""day2_max_ret"": -0.08, ""day2_vol_frac"": 0.7, ""base_adv"": 10000000.0}",False,"{""stop_pct"": 0.2, ""target_pct"": null, ""max_hold_days"": 3}"
225,0.3733333333333333,0.010577333075705,-0.2720233902075987,1.0085624569883935,0.0218966864606967,0.1570818119158348,4.377777777777778,120,0.325,-0.2429062041633832,-0.2429062041633832,0.5732675562268043,-0.0331746053260373,-1.5368022779715755,4.325,toss_pullback_after_green,screen,"{""day2_max_ret"": -0.08, ""day2_vol_frac"": 0.7, ""base_adv"": 10000000.0}",False,"{""stop_pct"": 0.2, ""target_pct"": null, ""max_hold_days"": 5}"
214,0.3738317757009345,-0.2117182571675526,-0.3979165982050854,0.8430864703222857,0.0218727853067108,-0.2503297749600009,8.14018691588785,118,0.3474576271186441,-0.2402123100976255,-0.2899500172420221,0.6721246848204648,-0.0393004782382931,-0.8574202655438133,8.033898305084746,toss_pullback_after_green,screen,"{""day2_max_ret"": -0.08, ""day2_vol_frac"": 0.7, ""base_adv"": 10000000.0}",False,"{""stop_pct"": 0.2, ""target_pct"": null, ""max_hold_days"": 10}"
231,0.4112554112554112,-0.0581424049799021,-0.2466367646273003,0.9273640901367862,0.0005745646179412,-0.0921125176900385,0.8051948051948052,120,0.4333333333333333,-0.0762683478969774,-0.1124877210819716,0.8281852302553049,-0.0107688374204647,-0.7467015231548825,0.7416666666666667,toss_pullback_after_green,screen,"{""day2_max_ret"": -0.08, ""day2_vol_frac"": 0.7, ""base_adv"": 10000000.0}",False,"{""stop_pct"": 0.2, ""target_pct"": 0.15, ""max_hold_days"": 1}"
231,0.4545454545454545,-0.0659517506394256,-0.2527727519334605,0.9318326272165874,0.0075783294497292,-0.0937915474819494,2.1082251082251084,120,0.45,-0.0210385972764737,-0.1108690597943785,0.9592382690779682,-0.0053733904805311,-0.1191717321837266,1.9166666666666667,toss_pullback_after_green,screen,"{""day2_max_ret"": -0.08, ""day2_vol_frac"": 0.7, ""base_adv"": 10000000.0}",False,"{""stop_pct"": 0.2, ""target_pct"": 0.15, ""max_hold_days"": 3}"
230,0.4565217391304347,-0.1082749367987777,-0.2712034083905038,0.8971001824418993,0.0063667045761691,-0.2072378538766268,3.152173913043478,120,0.45,-0.0267432803206375,-0.110584687314597,0.9508761276767086,-0.0046450635059136,-0.1495466866485498,2.85,toss_pullback_after_green,screen,"{""day2_max_ret"": -0.08, ""day2_vol_frac"": 0.7, ""base_adv"": 10000000.0}",False,"{""stop_pct"": 0.2, ""target_pct"": 0.15, ""max_hold_days"": 5}"
230,0.4608695652173913,-0.2120154621069228,-0.3698751242082674,0.8273649604752766,0.0054585243775546,-0.5067800885478394,5.182608695652174,120,0.5333333333333333,0.1689231066174743,-0.1164927541219406,1.2528391287486942,0.0101042009003238,0.8140713012911334,4.816666666666666,toss_pullback_after_green,screen,"{""day2_max_ret"": -0.08, ""day2_vol_frac"": 0.7, ""base_adv"": 10000000.0}",False,"{""stop_pct"": 0.2, ""target_pct"": 0.15, ""max_hold_days"": 10}"
231,0.3982683982683982,0.0039198688562167,-0.2256909967356454,1.0047234759466483,0.0060844303455703,0.0977087907660044,0.9264069264069263,120,0.4333333333333333,-0.0742611532099031,-0.1108957592078465,0.8318191978796496,-0.0119057247184059,-0.5956432608417044,0.9166666666666666,toss_pullback_after_green,screen,"{""day2_max_ret"": -0.08, ""day2_vol_frac"": 0.7, ""base_adv"": 10000000.0}",False,"{""stop_pct"": 0.2, ""target_pct"": 0.4, ""max_hold_days"": 1}"
231,0.4112554112554112,0.0793112517999587,-0.2452744305698654,1.074806352608418,0.0175205103777189,0.270220801403275,2.5627705627705626,120,0.375,-0.036258154739158,-0.1076030685220368,0.9341545985139664,-0.0076698783038526,-0.1557817366120692,2.525,toss_pullback_after_green,screen,"{""day2_max_ret"": -0.08, ""day2_vol_frac"": 0.7, ""base_adv"": 10000000.0}",False,"{""stop_pct"": 0.2, ""target_pct"": 0.4, ""max_hold_days"": 3}"
227,0.3964757709251101,0.1516509915224428,-0.1874312590515279,1.1197004516407374,0.0228263072200154,0.3870697826426065,3.995594713656388,120,0.3583333333333333,-0.0978608732242939,-0.1247078935954938,0.8331375329380433,-0.0148409748015227,-0.5079567876290035,4.016666666666667,toss_pullback_after_green,screen,"{""day2_max_ret"": -0.08, ""day2_vol_frac"": 0.7, ""base_adv"": 10000000.0}",False,"{""stop_pct"": 0.2, ""target_pct"": 0.4, ""max_hold_days"": 5}"
220,0.3954545454545454,0.0517277227799903,-0.2583082467606112,1.0350019207110528,0.0315677506488663,0.2257264704851577,6.972727272727273,119,0.3781512605042016,0.0208921231630874,-0.1748435990325941,1.0263274971348912,-0.0073890886399208,0.2039714878559807,7.336134453781512,toss_pullback_after_green,screen,"{""day2_max_ret"": -0.08, ""day2_vol_frac"": 0.7, ""base_adv"": 10000000.0}",False,"{""stop_pct"": 0.2, ""target_pct"": 0.4, ""max_hold_days"": 10}"
231,0.3939393939393939,0.0668290469791743,-0.2098198257439332,1.081324152296706,0.0094723963024781,0.2520692560216638,0.9913419913419912,120,0.4333333333333333,-0.1089990538855716,-0.1236673696359468,0.7510624461808746,-0.0145658441287819,-1.0437760630996835,1.0,toss_pullback_after_green,screen,"{""day2_max_ret"": -0.08, ""day2_vol_frac"": 0.7, ""base_adv"": 10000000.0}",False,"{""stop_pct"": null, ""target_pct"": null, ""max_hold_days"": 1}"
229,0.4148471615720524,0.092031299088511,-0.2211588914793434,1.0843082654308558,0.0188883032657164,0.2959913522261498,2.965065502183406,120,0.3666666666666666,-0.1377745453180211,-0.1744233892360226,0.7252908238034275,-0.01934367934187,-0.8334988372805218,2.966666666666667,toss_pullback_after_green,screen,"{""day2_max_ret"": -0.08, ""day2_vol_frac"": 0.7, ""base_adv"": 10000000.0}",False,"{""stop_pct"": null, ""target_pct"": null, ""max_hold_days"": 3}"
223,0.3901345291479821,-0.0379065091881359,-0.3639916876385233,0.9723675688899026,0.0207327026386093,0.0818033563014225,4.887892376681615,120,0.3333333333333333,-0.2925486912791831,-0.2925486912791831,0.5204275552656658,-0.0338873291093177,-1.8528345226944087,4.9,toss_pullback_after_green,screen,"{""day2_max_ret"": -0.08, ""day2_vol_frac"": 0.7, ""base_adv"": 10000000.0}",False,"{""stop_pct"": null, ""target_pct"": null, ""max_hold_days"": 5}"
205,0.3902439024390244,-0.2730010178557153,-0.4665934501903415,0.8022162254095797,0.0173853094560942,-0.3877075519536096,9.731707317073171,112,0.3482142857142857,-0.3174252365913385,-0.3713844465210681,0.5905114143072364,-0.0482636488315152,-1.1458917150870152,9.714285714285714,toss_pullback_after_green,screen,"{""day2_max_ret"": -0.08, ""day2_vol_frac"": 0.7, ""base_adv"": 10000000.0}",False,"{""stop_pct"": null, ""target_pct"": null, ""max_hold_days"": 10}"
231,0.4285714285714285,0.0626749411842912,-0.2230603131885842,1.0798207765544583,0.0059196824671495,0.2629694687650468,0.8268398268398268,120,0.45,-0.0403749920268281,-0.0775415050691563,0.9051324806683884,-0.0054898016175669,-0.3952959940912794,0.775,toss_pullback_after_green,screen,"{""day2_max_ret"": -0.08, ""day2_vol_frac"": 0.7, ""base_adv"": 10000000.0}",False,"{""stop_pct"": null, ""target_pct"": 0.15, ""max_hold_days"": 1}"
231,0.4761904761904761,0.0341263841305281,-0.2428390659371497,1.0338368698655684,0.0115822261369185,0.1841982903330904,2.2857142857142856,120,0.475,0.1384390797156767,-0.065192240228651,1.2871921692184518,0.0094763447346324,0.8313610628110369,2.125,toss_pullback_after_green,screen,"{""day2_max_ret"": -0.08, ""day2_vol_frac"": 0.7, ""base_adv"": 10000000.0}",False,"{""stop_pct"": null, ""target_pct"": 0.15, ""max_hold_days"": 3}"
230,0.4782608695652174,-0.0659510975825145,-0.3086711941645412,0.9420407646945732,0.0081754927710591,-0.0720082479294542,3.5565217391304347,120,0.4916666666666666,0.1009712067870645,-0.0817274965430857,1.1815961950549532,0.0058239968316348,0.6358409806132528,3.2666666666666666,toss_pullback_after_green,screen,"{""day2_max_ret"": -0.08, ""day2_vol_frac"": 0.7, ""base_adv"": 10000000.0}",False,"{""stop_pct"": null, ""target_pct"": 0.15, ""max_hold_days"": 5}"
228,0.5,-0.0850837678702726,-0.3343618363263836,0.9376864169357828,0.0148520846827066,-0.0989375895833027,6.447368421052632,120,0.5833333333333334,0.3520258993127807,-0.0752688768254749,1.5111834571276892,0.0231379250395331,1.366222417331332,5.866666666666666,toss_pullback_after_green,screen,"{""day2_max_ret"": -0.08, ""day2_vol_frac"": 0.7, ""base_adv"": 10000000.0}",False,"{""stop_pct"": null, ""target_pct"": 0.15, ""max_hold_days"": 10}"
231,0.4025974025974026,0.0431555548109134,-0.1873154449526864,1.0507157213361804,0.008059500247419,0.2078964637438727,0.961038961038961,120,0.4333333333333333,-0.0784532201893363,-0.1099557073592241,0.8235675567690813,-0.011581303092215,-0.6505778425380236,0.9666666666666668,toss_pullback_after_green,screen,"{""day2_max_ret"": -0.08, ""day2_vol_frac"": 0.7, ""base_adv"": 10000000.0}",False,"{""stop_pct"": null, ""target_pct"": 0.4, ""max_hold_days"": 1}"
231,0.4242424242424242,0.0877210569101334,-0.2369173641368807,1.0745081448843108,0.0177157947194326,0.2850256729408688,2.779220779220779,120,0.3833333333333333,0.0792521167392483,-0.1166080838461995,1.1481786103822706,0.0024864743183213,0.4795497790497221,2.783333333333333,toss_pullback_after_green,screen,"{""day2_max_ret"": -0.08, ""day2_vol_frac"": 0.7, ""base_adv"": 10000000.0}",False,"{""stop_pct"": null, ""target_pct"": 0.4, ""max_hold_days"": 3}"
226,0.411504424778761,0.1352676023131607,-0.2532338946605285,1.093374225666905,0.0230513785351084,0.3585701058246167,4.464601769911504,120,0.375,-0.0605923401383254,-0.1751463180768795,0.9036413545416652,-0.0062816651615126,-0.1878479149791732,4.55,toss_pullback_after_green,screen,"{""day2_max_ret"": -0.08, ""day2_vol_frac"": 0.7, ""base_adv"": 10000000.0}",False,"{""stop_pct"": null, ""target_pct"": 0.4, ""max_hold_days"": 5}"
216,0.4305555555555556,0.151174214421345,-0.305720438319269,1.0842200357933516,0.0421699191451696,0.3795842777202135,8.453703703703704,115,0.3826086956521739,-0.0107866406716988,-0.2401828199280794,0.987671049781336,-0.0052005839152843,0.0931912217959633,8.826086956521738,toss_pullback_after_green,screen,"{""day2_max_ret"": -0.08, ""day2_vol_frac"": 0.7, ""base_adv"": 10000000.0}",False,"{""stop_pct"": null, ""target_pct"": 0.4, ""max_hold_days"": 10}"
257,0.3307392996108949,-0.1077010487618294,-0.1670072204471261,0.7503231889555625,0.0001557179227476,-0.9131390741537476,0.708171206225681,151,0.3311258278145695,-0.1361125251885055,-0.1423062752935464,0.4579669358201537,-0.0135426668763842,-3.0101717143257334,0.7019867549668874,volume_3x_after_base,screen,"{""min_rvol"": 5, ""max_range40"": 0.15}",False,"{""stop_pct"": 0.05, ""target_pct"": null, ""max_hold_days"": 1}"
253,0.308300395256917,-0.0646091480067831,-0.1544006844936728,0.8754282085363967,-0.0004705491100533,-0.4575174940925887,1.8695652173913044,148,0.304054054054054,-0.1123820805277471,-0.130192966831791,0.6533538234931204,-0.0080131642380306,-1.7497167344270197,1.7905405405405406,volume_3x_after_base,screen,"{""min_rvol"": 5, ""max_range40"": 0.15}",False,"{""stop_pct"": 0.05, ""target_pct"": null, ""max_hold_days"": 3}"
249,0.321285140562249,-0.0816966177505845,-0.1673186354486897,0.8491550786205394,7.513484159639288e-05,-0.4979707630838028,2.823293172690763,147,0.2653061224489796,-0.1197159533818211,-0.1375891053796289,0.6584987129532376,-0.0087600311667931,-1.6859084045541175,2.673469387755102,volume_3x_after_base,screen,"{""min_rvol"": 5, ""max_range40"": 0.15}",False,"{""stop_pct"": 0.05, ""target_pct"": null, ""max_hold_days"": 5}"
239,0.309623430962343,-0.1278176967735588,-0.2041198782037977,0.7785970782315869,-0.0008609638388424,-0.5942023732239728,5.01255230125523,145,0.2689655172413793,-0.1201123822698405,-0.1810176532771746,0.6709096030063866,-0.0071221157760579,-1.2695787848709186,4.558620689655172,volume_3x_after_base,screen,"{""min_rvol"": 5, ""max_range40"": 0.15}",False,"{""stop_pct"": 0.05, ""target_pct"": null, ""max_hold_days"": 10}"
258,0.3294573643410852,-0.1765615798335428,-0.1989257842799827,0.5883493292849038,-0.0093050196962294,-2.048226546491389,0.6782945736434108,151,0.3311258278145695,-0.1270270390298608,-0.1364376146405267,0.4974273332515448,-0.0127680762040628,-2.7018346091628724,0.6887417218543046,volume_3x_after_base,screen,"{""min_rvol"": 5, ""max_range40"": 0.15}",False,"{""stop_pct"": 0.05, ""target_pct"": 0.15, ""max_hold_days"": 1}"
255,0.3098039215686274,-0.1334234194714049,-0.1727321853464085,0.7445311350767719,-0.0078053036715149,-1.2100406921201752,1.7176470588235293,148,0.304054054054054,-0.119745775633931,-0.1332518396789616,0.6312826759516702,-0.0106638397681853,-2.00917649547856,1.6554054054054057,volume_3x_after_base,screen,"{""min_rvol"": 5, ""max_range40"": 0.15}",False,"{""stop_pct"": 0.05, ""target_pct"": 0.15, ""max_hold_days"": 3}"
251,0.3306772908366533,-0.1432537514282452,-0.1974079080555518,0.734977957966059,-0.0086079097812673,-1.231153698671356,2.50199203187251,147,0.2653061224489796,-0.1392748098060413,-0.1507878389584435,0.6027536970482668,-0.0121720179791549,-2.1589031505994485,2.326530612244898,volume_3x_after_base,screen,"{""min_rvol"": 5, ""max_range40"": 0.15}",False,"{""stop_pct"": 0.05, ""target_pct"": 0.15, ""max_hold_days"": 5}"
243,0.3415637860082304,-0.0986778415951982,-0.1848324342994611,0.8270138617579891,-0.0052126727241539,-0.7231276309037156,4.156378600823046,146,0.2945205479452055,-0.1190740097645822,-0.1560726275967561,0.6757937606727393,-0.0102784227752792,-1.6705146098426655,3.6232876712328768,volume_3x_after_base,screen,"{""min_rvol"": 5, ""max_range40"": 0.15}",False,"{""stop_pct"": 0.05, ""target_pct"": 0.15, ""max_hold_days"": 10}"
257,0.3307392996108949,-0.1489870808964161,-0.1648419555788369,0.6520814096653365,-0.0062463388453731,-1.632185081002038,0.7003891050583657,151,0.3311258278145695,-0.1361125251885055,-0.1423062752935464,0.4579669358201537,-0.0135426668763842,-3.0101717143257334,0.7019867549668874,volume_3x_after_base,screen,"{""min_rvol"": 5, ""max_range40"": 0.15}",False,"{""stop_pct"": 0.05, ""target_pct"": 0.4, ""max_hold_days"": 1}"
253,0.308300395256917,-0.1256342823864757,-0.1649761208408653,0.7543667976379854,-0.0057604275629275,-1.0761129093443471,1.8379446640316208,148,0.304054054054054,-0.1187843902363772,-0.130192966831791,0.6334749492512038,-0.0097251808745882,-1.8823876890032751,1.7837837837837838,volume_3x_after_base,screen,"{""min_rvol"": 5, ""max_range40"": 0.15}",False,"{""stop_pct"": 0.05, ""target_pct"": 0.4, ""max_hold_days"": 3}"
249,0.3253012048192771,-0.1489420083311232,-0.1964832637341972,0.7209076659784885,-0.0070991322290683,-1.198611193594308,2.7751004016064256,147,0.2653061224489796,-0.1183578881882909,-0.1369655949515864,0.6624713042782748,-0.0101644251836722,-1.6930841724675338,2.6462585034013606,volume_3x_after_base,screen,"{""min_rvol"": 5, ""max_range40"": 0.15}",False,"{""stop_pct"": 0.05, ""target_pct"": 0.4, ""max_hold_days"": 5}"
239,0.3138075313807531,-0.1857297631635527,-0.2573630150882436,0.6739458206852043,-0.0076946198347046,-1.2271600607597806,4.945606694560669,145,0.2689655172413793,-0.1199295715284576,-0.1810176532771746,0.671234309692636,-0.0090085545568095,-1.3632933153469464,4.4206896551724135,volume_3x_after_base,screen,"{""min_rvol"": 5, ""max_range40"": 0.15}",False,"{""stop_pct"": 0.05, ""target_pct"": 0.4, ""max_hold_days"": 10}"
257,0.3813229571984435,-0.0927011446382369,-0.1365766059536817,0.796240478277475,0.0024625650954045,-0.70224966306187,0.8988326848249028,150,0.3866666666666666,-0.0610429393919601,-0.0857956443331023,0.7421755478264804,-0.0064348006230284,-0.9993140579394744,0.96,volume_3x_after_base,screen,"{""min_rvol"": 5, ""max_range40"": 0.15}",False,"{""stop_pct"": 0.1, ""target_pct"": null, ""max_hold_days"": 1}"
253,0.3873517786561264,-0.0185597044052674,-0.114265649456313,0.9657617912473616,0.0041067755405488,-0.0750320731033123,2.573122529644269,147,0.3877551020408163,0.0837374082482487,-0.1106380953896183,1.2477459660249313,0.0074839363235242,0.8201958215563061,2.687074829931973,volume_3x_after_base,screen,"{""min_rvol"": 5, ""max_range40"": 0.15}",False,"{""stop_pct"": 0.1, ""target_pct"": null, ""max_hold_days"": 3}"
247,0.4170040485829959,0.0279328075479496,-0.0957493815919828,1.0491820639978842,0.0075405689001979,0.2022693938830745,4.17004048582996,145,0.3793103448275862,0.0335389109643888,-0.1172317176127836,1.0851817090666802,0.0031934591218637,0.3483444998997607,4.282758620689656,volume_3x_after_base,screen,"{""min_rvol"": 5, ""max_range40"": 0.15}",False,"{""stop_pct"": 0.1, ""target_pct"": null, ""max_hold_days"": 5}"
233,0.4248927038626609,-0.0326246578580727,-0.1464579046805099,0.9502619782767054,0.0069139750236118,-0.0731252459463656,7.871244635193133,137,0.3868613138686131,-0.0278928469353043,-0.1594752694789147,0.9333299287993452,-0.0010877016551868,-0.1182162179428805,7.62043795620438,volume_3x_after_base,screen,"{""min_rvol"": 5, ""max_range40"": 0.15}",False,"{""stop_pct"": 0.1, ""target_pct"": null, ""max_hold_days"": 10}"
258,0.3837209302325581,-0.1338309433238068,-0.1638398464701699,0.7015165138515963,-0.0062211120296107,-1.29119946770618,0.8565891472868217,150,0.3866666666666666,-0.0664078458443672,-0.0926728437405188,0.7201099338994896,-0.0065719411804924,-1.2645378929132556,0.9266666666666666,volume_3x_after_base,screen,"{""min_rvol"": 5, ""max_range40"": 0.15}",False,"{""stop_pct"": 0.1, ""target_pct"": 0.15, ""max_hold_days"": 1}"
255,0.403921568627451,-0.0009823300533927,-0.0659950598436588,0.9981396250279204,0.0005294719669865,0.0276601897028158,2.372549019607843,147,0.4081632653061224,-0.0181696095875938,-0.0982860371164715,0.9426432563029392,0.0001943960958453,-0.1997251475572725,2.4693877551020407,volume_3x_after_base,screen,"{""min_rvol"": 5, ""max_range40"": 0.15}",False,"{""stop_pct"": 0.1, ""target_pct"": 0.15, ""max_hold_days"": 3}"
249,0.4497991967871486,0.0453400076286234,-0.0666155667556959,1.0836599432140723,0.0026216958268332,0.3495368293826819,3.738955823293173,145,0.4,-0.0633610409664269,-0.1263226869904393,0.8289258124735891,-0.0036807080561446,-0.7119428322813405,3.779310344827586,volume_3x_after_base,screen,"{""min_rvol"": 5, ""max_range40"": 0.15}",False,"{""stop_pct"": 0.1, ""target_pct"": 0.15, ""max_hold_days"": 5}"
240,0.4791666666666667,0.0719919560635089,-0.0845530907620207,1.1132157245601502,0.0049219655520516,0.4494741479347776,6.695833333333334,140,0.4428571428571428,-0.0424878702561097,-0.1265149978687361,0.8931342648908344,-0.0025899062028154,-0.3965135284037384,6.357142857142857,volume_3x_after_base,screen,"{""min_rvol"": 5, ""max_range40"": 0.15}",False,"{""stop_pct"": 0.1, ""target_pct"": 0.15, ""max_hold_days"": 10}"
257,0.3813229571984435,-0.1323238088340791,-0.144229591978051,0.706662689506566,-0.0033530335282559,-1.2347770405117249,0.8871595330739299,150,0.3866666666666666,-0.0610429393919601,-0.0857956443331023,0.7421755478264804,-0.0064348006230284,-0.9993140579394744,0.96,volume_3x_after_base,screen,"{""min_rvol"": 5, ""max_range40"": 0.15}",False,"{""stop_pct"": 0.1, ""target_pct"": 0.4, ""max_hold_days"": 1}"
253,0.3873517786561264,-0.060341828307312,-0.1048526776103846,0.887782564398562,0.0016189837856688,-0.3773182466203389,2.5177865612648223,147,0.3877551020408163,-0.0007534195641043,-0.1106380953896183,0.9977072108252848,0.0004131464820688,0.0365603974591491,2.653061224489796,volume_3x_after_base,screen,"{""min_rvol"": 5, ""max_range40"": 0.15}",False,"{""stop_pct"": 0.1, ""target_pct"": 0.4, ""max_hold_days"": 3}"
247,0.4251012145748988,-0.0500932623388501,-0.1101615253025699,0.9096381645587932,0.0013328353692051,-0.2746351922193544,4.0728744939271255,145,0.3793103448275862,-0.0248215007888615,-0.1172317176127836,0.935642165984749,-0.0025450918720321,-0.2047432410630662,4.2,volume_3x_after_base,screen,"{""min_rvol"": 5, ""max_range40"": 0.15}",False,"{""stop_pct"": 0.1, ""target_pct"": 0.4, ""max_hold_days"": 5}"
233,0.4291845493562232,-0.0962103578164619,-0.1826840020305765,0.8512345443885942,0.0013272309539332,-0.439412094453987,7.643776824034335,137,0.3868613138686131,-0.0464830306522499,-0.1766121474253181,0.8879356851026458,-0.004605201653296,-0.3320720649171487,7.343065693430657,volume_3x_after_base,screen,"{""min_rvol"": 5, ""max_range40"": 0.15}",False,"{""stop_pct"": 0.1, ""target_pct"": 0.4, ""max_hold_days"": 10}"
256,0.38671875,-0.095386966098399,-0.1300666708002202,0.7928318156642375,0.0035332376992495,-0.7083725154261009,0.9765625,150,0.3866666666666666,-0.0592164558261717,-0.084016940986502,0.7479546964861672,-0.0064758841982631,-0.9823260214607128,0.9933333333333332,volume_3x_after_base,screen,"{""min_rvol"": 5, ""max_range40"": 0.15}",False,"{""stop_pct"": 0.2, ""target_pct"": null, ""max_hold_days"": 1}"
252,0.4007936507936508,-0.016342877673107,-0.1188599919490536,0.9700805077142054,0.0063112053762728,-0.0468853541005529,2.8968253968253967,147,0.3945578231292517,0.063051676991181,-0.1356325871914218,1.178934207568659,0.0064790125911564,0.6317721335587299,2.925170068027211,volume_3x_after_base,screen,"{""min_rvol"": 5, ""max_range40"": 0.15}",False,"{""stop_pct"": 0.2, ""target_pct"": null, ""max_hold_days"": 3}"
244,0.4385245901639344,0.0343804187448275,-0.1244098921768814,1.0568883865244705,0.0140711755047914,0.2205588259798041,4.762295081967213,145,0.3931034482758621,0.0198644114449226,-0.1466703434786238,1.047761359055323,0.0022933528414869,0.2263617650989481,4.8,volume_3x_after_base,screen,"{""min_rvol"": 5, ""max_range40"": 0.15}",False,"{""stop_pct"": 0.2, ""target_pct"": null, ""max_hold_days"": 5}"
228,0.4517543859649123,-0.0592921709935112,-0.1908951827628132,0.9157476254939144,0.0076157328464259,-0.1528688958163594,9.214912280701755,135,0.4148148148148148,-0.0200891717712022,-0.1992273770392618,0.95219556962457,0.0003912074463309,-0.0526643002756645,9.37037037037037,volume_3x_after_base,screen,"{""min_rvol"": 5, ""max_range40"": 0.15}",False,"{""stop_pct"": 0.2, ""target_pct"": null, ""max_hold_days"": 10}"
257,0.3968871595330739,-0.1001928371455399,-0.1372534737052057,0.7699785744882632,-0.0030614787755003,-0.922064433177813,0.926070038910506,150,0.3933333333333333,-0.0475334151972083,-0.0745498950815662,0.7929068936950636,-0.004805148218443,-0.9017968997700804,0.9533333333333334,volume_3x_after_base,screen,"{""min_rvol"": 5, ""max_range40"": 0.15}",False,"{""stop_pct"": 0.2, ""target_pct"": 0.15, ""max_hold_days"": 1}"
254,0.4251968503937008,0.0688679465312394,-0.070855399051415,1.1397398364379294,0.0057163623670017,0.5121825385764428,2.6692913385826773,147,0.4217687074829932,-0.0110297985657054,-0.1007235259597991,0.965590222013,0.0018647890536183,-0.1044534412933697,2.693877551020408,volume_3x_after_base,screen,"{""min_rvol"": 5, ""max_range40"": 0.15}",False,"{""stop_pct"": 0.2, ""target_pct"": 0.15, ""max_hold_days"": 3}"
247,0.4817813765182186,0.0915832484102383,-0.0779064320911527,1.173165683534775,0.0078328785648312,0.5986183835603865,4.267206477732794,145,0.4206896551724138,-0.0510212983926249,-0.1192873841722801,0.8667010072245092,-0.0021319247669975,-0.5177956556487365,4.268965517241379,volume_3x_after_base,screen,"{""min_rvol"": 5, ""max_range40"": 0.15}",False,"{""stop_pct"": 0.2, ""target_pct"": 0.15, ""max_hold_days"": 5}"
234,0.5085470085470085,0.1030374365368986,-0.071741552047396,1.1664282801287242,0.0088452445735116,0.5662948594318439,7.888888888888889,138,0.4855072463768116,0.0142988449280399,-0.1381161141978246,1.0370487460400268,0.0028210626232708,0.1816831148939834,7.855072463768116,volume_3x_after_base,screen,"{""min_rvol"": 5, ""max_range40"": 0.15}",False,"{""stop_pct"": 0.2, ""target_pct"": 0.15, ""max_hold_days"": 10}"
256,0.38671875,-0.1346646798793346,-0.1460730164306354,0.7047627036466637,-0.0023050781065345,-1.2175893245914535,0.96484375,150,0.3866666666666666,-0.0592164558261717,-0.084016940986502,0.7479546964861672,-0.0064758841982631,-0.9823260214607128,0.9933333333333332,volume_3x_after_base,screen,"{""min_rvol"": 5, ""max_range40"": 0.15}",False,"{""stop_pct"": 0.2, ""target_pct"": 0.4, ""max_hold_days"": 1}"
252,0.4007936507936508,-0.0570756650682253,-0.1095791260056432,0.8944959987673915,0.0038135414318893,-0.3093934357058623,2.8412698412698414,147,0.3945578231292517,-0.019584287946725,-0.1356325871914218,0.9429638199893512,-0.0005917772502989,-0.1728958271808821,2.891156462585034,volume_3x_after_base,screen,"{""min_rvol"": 5, ""max_range40"": 0.15}",False,"{""stop_pct"": 0.2, ""target_pct"": 0.4, ""max_hold_days"": 3}"
245,0.4489795918367347,-0.0651252326909791,-0.1480072056798553,0.8888625450734942,0.0044445650715103,-0.3135583371703921,4.648979591836735,145,0.3931034482758621,-0.0379763152296642,-0.1466703434786238,0.9070318782535092,-0.0034451981524088,-0.3223895422641607,4.7172413793103445,volume_3x_after_base,screen,"{""min_rvol"": 5, ""max_range40"": 0.15}",False,"{""stop_pct"": 0.2, ""target_pct"": 0.4, ""max_hold_days"": 5}"
228,0.4561403508771929,-0.1145380807382414,-0.2263752821219316,0.8346513729728318,0.0030155021180695,-0.44752347792927,8.929824561403509,135,0.4148148148148148,-0.0386217825720469,-0.1992273770392618,0.9074248276514856,-0.0031784036628613,-0.2376315318776407,9.088888888888889,volume_3x_after_base,screen,"{""min_rvol"": 5, ""max_range40"": 0.15}",False,"{""stop_pct"": 0.2, ""target_pct"": 0.4, ""max_hold_days"": 10}"
256,0.38671875,-0.1143542871654423,-0.1395203174856863,0.7603610631224229,0.0026413785162736,-0.8335533052531641,0.9921875,150,0.3866666666666666,-0.076599272887559,-0.1008111186291363,0.693474311554808,-0.0113309350523325,-1.2169152034476096,1.0,volume_3x_after_base,screen,"{""min_rvol"": 5, ""max_range40"": 0.15}",False,"{""stop_pct"": null, ""target_pct"": null, ""max_hold_days"": 1}"
252,0.4007936507936508,-0.0735839866191614,-0.1478034494657667,0.8761474411334875,0.0037608429073655,-0.3574251350281626,2.9563492063492065,147,0.4013605442176871,0.0781328599131456,-0.1355572989613013,1.212798593640854,0.0050445589056449,0.7396085541866333,2.9727891156462585,volume_3x_after_base,screen,"{""min_rvol"": 5, ""max_range40"": 0.15}",False,"{""stop_pct"": null, ""target_pct"": null, ""max_hold_days"": 3}"
244,0.4385245901639344,-0.0440839524558335,-0.1485223827094103,0.9344476844871276,0.0106384161737701,-0.1542799847214737,4.901639344262295,145,0.4,0.0192519468359855,-0.1660620887050664,1.0455156606808045,-0.0008295365706438,0.2157372632291812,4.917241379310345,volume_3x_after_base,screen,"{""min_rvol"": 5, ""max_range40"": 0.15}",False,"{""stop_pct"": null, ""target_pct"": null, ""max_hold_days"": 5}"
227,0.4493392070484581,-0.1384594586862645,-0.2353860700746604,0.8196707132835537,0.004227646891629,-0.4547646819676294,9.6784140969163,134,0.417910447761194,-0.0530991219817917,-0.2439378156510103,0.8802467255043974,-0.0069091565398121,-0.2534461277175197,9.723880597014926,volume_3x_after_base,screen,"{""min_rvol"": 5, ""max_range40"": 0.15}",False,"{""stop_pct"": null, ""target_pct"": null, ""max_hold_days"": 10}"
257,0.4046692607003891,-0.0663089134122767,-0.1429117628380845,0.8461347618174828,-0.0014758195906137,-0.6022001840398193,0.933852140077821,150,0.3933333333333333,-0.0646594762681819,-0.0910233773126143,0.7356602456612725,-0.0096601990725124,-1.1567735383939723,0.96,volume_3x_after_base,screen,"{""min_rvol"": 5, ""max_range40"": 0.15}",False,"{""stop_pct"": null, ""target_pct"": 0.15, ""max_hold_days"": 1}"
254,0.4330708661417323,0.1032321180305027,-0.0793187409302942,1.20986543546629,0.0069455258433569,0.7378186340895009,2.692913385826772,147,0.4217687074829932,-0.0337656420369827,-0.1211403959459901,0.9004461734225795,-0.0034737748928609,-0.3762780175041388,2.7210884353741496,volume_3x_after_base,screen,"{""min_rvol"": 5, ""max_range40"": 0.15}",False,"{""stop_pct"": null, ""target_pct"": 0.15, ""max_hold_days"": 3}"
247,0.4898785425101215,0.1242965414207248,-0.0789337149370772,1.2326844063628082,0.0089923531483617,0.792828000498422,4.331983805668016,145,0.4206896551724138,-0.068476216211183,-0.1351779943578676,0.8273976918527046,-0.0071708461150792,-0.672899360150215,4.337931034482758,volume_3x_after_base,screen,"{""min_rvol"": 5, ""max_range40"": 0.15}",False,"{""stop_pct"": null, ""target_pct"": 0.15, ""max_hold_days"": 5}"
233,0.5150214592274678,0.157019397188171,-0.0771184422039507,1.2638858237573969,0.0107377780280803,0.8228823879381024,8.163090128755364,138,0.4855072463768116,-0.0238670775726721,-0.1709708609437575,0.9424063635871542,-0.0046874151961721,-0.1435453853130167,8.079710144927537,volume_3x_after_base,screen,"{""min_rvol"": 5, ""max_range40"": 0.15}",False,"{""stop_pct"": null, ""target_pct"": 0.15, ""max_hold_days"": 10}"
256,0.38671875,-0.1530921792475473,-0.1642967635596609,0.6759182609226069,-0.0031969372895104,-1.34231299019995,0.98046875,150,0.3866666666666666,-0.076599272887559,-0.1008111186291363,0.693474311554808,-0.0113309350523325,-1.2169152034476096,1.0,volume_3x_after_base,screen,"{""min_rvol"": 5, ""max_range40"": 0.15}",False,"{""stop_pct"": null, ""target_pct"": 0.4, ""max_hold_days"": 1}"
252,0.4007936507936508,-0.1128517478298497,-0.1471250474444465,0.8079272926701201,0.001263178962982,-0.6271474113437913,2.9007936507936507,147,0.4013605442176871,-0.005037370456113,-0.1355399147351426,0.9859393000725032,-0.00196815718832,-0.0047100212051968,2.931972789115646,volume_3x_after_base,screen,"{""min_rvol"": 5, ""max_range40"": 0.15}",False,"{""stop_pct"": null, ""target_pct"": 0.4, ""max_hold_days"": 3}"
245,0.4489795918367347,-0.1378489435690713,-0.1999067823032932,0.7874856339256794,0.0010258170030646,-0.7059110792379379,4.787755102040816,145,0.4,-0.0193695915071879,-0.1507330330239786,0.9539645635456062,-0.0045554304583849,-0.1233308069378289,4.813793103448276,volume_3x_after_base,screen,"{""min_rvol"": 5, ""max_range40"": 0.15}",False,"{""stop_pct"": null, ""target_pct"": 0.4, ""max_hold_days"": 5}"
227,0.4493392070484581,-0.1953109643750512,-0.2863321141213674,0.7414055574123548,-0.0008169444867135,-0.8123362733084976,9.37885462555066,134,0.4253731343283582,-0.0317646375070836,-0.2126359181443028,0.9275452961578178,-0.0061295464152803,-0.170642564581789,9.380597014925373,volume_3x_after_base,screen,"{""min_rvol"": 5, ""max_range40"": 0.15}",False,"{""stop_pct"": null, ""target_pct"": 0.4, ""max_hold_days"": 10}"
162,0.3086419753086419,-0.0456678299087919,-0.1106171145799211,0.8245062145703688,0.0041161734313211,-0.4268939870143518,0.6851851851851852,112,0.3125,-0.0982377605063227,-0.1030605133363544,0.426374015105625,-0.0139360375231819,-2.8339001266982,0.7232142857142857,volume_3x_after_base,screen,"{""min_rvol"": 5, ""max_range40"": 0.15}",True,"{""stop_pct"": 0.05, ""target_pct"": null, ""max_hold_days"": 1}"
158,0.2911392405063291,-0.030091865650615,-0.1100901397245792,0.8982504148183074,0.0009441454414605,-0.2214043424636649,1.8227848101265824,110,0.2818181818181818,-0.0661565128693706,-0.0817680840985488,0.7146152907980131,-0.0058743725531604,-1.116778446366942,1.8636363636363635,volume_3x_after_base,screen,"{""min_rvol"": 5, ""max_range40"": 0.15}",True,"{""stop_pct"": 0.05, ""target_pct"": null, ""max_hold_days"": 3}"
158,0.2974683544303797,-0.0479397162305123,-0.1297904450883326,0.8507606655656474,0.0018503112791425,-0.3033979909654898,2.740506329113924,109,0.2568807339449541,-0.0756230029097029,-0.0923398181350307,0.6986804710715935,-0.0075534705903793,-1.2087793239306224,2.770642201834862,volume_3x_after_base,screen,"{""min_rvol"": 5, ""max_range40"": 0.15}",True,"{""stop_pct"": 0.05, ""target_pct"": null, ""max_hold_days"": 5}"
154,0.2792207792207792,-0.0516713171561672,-0.1239833500174786,0.8554501596287872,0.0047545973947682,-0.247330951299534,4.675324675324675,108,0.2592592592592592,-0.1010552350313652,-0.1317010686346093,0.6197411156270461,-0.0090417607544096,-1.2659808515727395,4.675925925925926,volume_3x_after_base,screen,"{""min_rvol"": 5, ""max_range40"": 0.15}",True,"{""stop_pct"": 0.05, ""target_pct"": null, ""max_hold_days"": 10}"
163,0.3067484662576687,-0.1213409311641759,-0.1276947256876857,0.5359659039510726,-0.0114360983327971,-1.849329386000762,0.6503067484662577,112,0.3125,-0.0888411708262831,-0.0983373741940792,0.4841007657606714,-0.0128917233131771,-2.4072511669241647,0.7053571428571429,volume_3x_after_base,screen,"{""min_rvol"": 5, ""max_range40"": 0.15}",True,"{""stop_pct"": 0.05, ""target_pct"": 0.15, ""max_hold_days"": 1}"
160,0.29375,-0.0950070328388189,-0.1008817487471617,0.6865003916383448,-0.0108634083865681,-1.1213360549000393,1.64375,110,0.2818181818181818,-0.0773704141398402,-0.0976857793108658,0.6667232789576547,-0.00987282176988,-1.4367473806853686,1.709090909090909,volume_3x_after_base,screen,"{""min_rvol"": 5, ""max_range40"": 0.15}",True,"{""stop_pct"": 0.05, ""target_pct"": 0.15, ""max_hold_days"": 3}"
160,0.3125,-0.1133091473941352,-0.1211434417976141,0.6476852935541341,-0.0125419531693974,-1.2411592946301366,2.39375,109,0.2568807339449541,-0.0929245007502398,-0.1126528305212591,0.6300091297696628,-0.0112279083822621,-1.626098146591359,2.36697247706422,volume_3x_after_base,screen,"{""min_rvol"": 5, ""max_range40"": 0.15}",True,"{""stop_pct"": 0.05, ""target_pct"": 0.15, ""max_hold_days"": 5}"
156,0.3141025641025641,-0.0927902842287409,-0.102263163895199,0.7289698374467198,-0.0087723517283971,-1.0113220967465189,3.858974358974359,108,0.2962962962962963,-0.0856510019377724,-0.1064941242810509,0.6715910261602588,-0.0102310488988227,-1.398021396081703,3.6666666666666665,volume_3x_after_base,screen,"{""min_rvol"": 5, ""max_range40"": 0.15}",True,"{""stop_pct"": 0.05, ""target_pct"": 0.15, ""max_hold_days"": 10}"
162,0.3086419753086419,-0.0865185600343914,-0.1106171145799211,0.6652693387281323,-0.0060401758860062,-1.067276661412688,0.6728395061728395,112,0.3125,-0.0982377605063227,-0.1030605133363544,0.426374015105625,-0.0139360375231819,-2.8339001266982,0.7232142857142857,volume_3x_after_base,screen,"{""min_rvol"": 5, ""max_range40"": 0.15}",True,"{""stop_pct"": 0.05, ""target_pct"": 0.4, ""max_hold_days"": 1}"
158,0.2911392405063291,-0.0888003163534746,-0.1100901397245792,0.6960082998128356,-0.0075263561318127,-0.9072479511384556,1.7721518987341771,110,0.2818181818181818,-0.0725096607914936,-0.0817680840985488,0.6871507997914796,-0.0081778131187107,-1.248862861147911,1.8545454545454545,volume_3x_after_base,screen,"{""min_rvol"": 5, ""max_range40"": 0.15}",True,"{""stop_pct"": 0.05, ""target_pct"": 0.4, ""max_hold_days"": 3}"
158,0.3037974683544304,-0.112414535123004,-0.1297904450883326,0.6449030569016447,-0.0094559703701962,-1.0457777863260445,2.6645569620253164,109,0.2568807339449541,-0.0737002528137482,-0.0922045577743685,0.7063764701819477,-0.0094474698608493,-1.2014563503511306,2.7339449541284404,volume_3x_after_base,screen,"{""min_rvol"": 5, ""max_range40"": 0.15}",True,"{""stop_pct"": 0.05, ""target_pct"": 0.4, ""max_hold_days"": 5}"
154,0.2857142857142857,-0.1389994057111724,-0.1518460232789238,0.602830505296919,-0.0090715766571621,-1.1617952933674138,4.5064935064935066,108,0.2592592592592592,-0.100856134813737,-0.1208231522608858,0.6203324190954768,-0.0118507457268669,-1.390130776185196,4.537037037037037,volume_3x_after_base,screen,"{""min_rvol"": 5, ""max_range40"": 0.15}",True,"{""stop_pct"": 0.05, ""target_pct"": 0.4, ""max_hold_days"": 10}"
162,0.3765432098765432,-0.019402004621146,-0.0621441474050032,0.9268060872570568,0.0085192029082376,-0.1486872263645822,0.8888888888888888,112,0.3839285714285714,-0.0224275996700185,-0.0574059787744275,0.8579969941541915,-0.0047815843453374,-0.377678690706049,0.9553571428571428,volume_3x_after_base,screen,"{""min_rvol"": 5, ""max_range40"": 0.15}",True,"{""stop_pct"": 0.1, ""target_pct"": null, ""max_hold_days"": 1}"
158,0.3860759493670886,-0.0023145881660454,-0.0845469597539815,0.9926108150487988,0.0071192138619081,0.0200126404345484,2.5253164556962027,110,0.3818181818181818,0.1474216227694431,-0.090072281310117,1.6545123032097862,0.0152775232294762,1.4268242989871482,2.7,volume_3x_after_base,screen,"{""min_rvol"": 5, ""max_range40"": 0.15}",True,"{""stop_pct"": 0.1, ""target_pct"": null, ""max_hold_days"": 3}"
156,0.3846153846153846,0.0099680418421941,-0.0824596117852233,1.0290212521661244,0.0096447220465381,0.1046369616778706,4.083333333333333,108,0.3796296296296296,0.08334285359027,-0.0930020179675148,1.2985415364393442,0.0093630547954299,0.8348706450823735,4.324074074074074,volume_3x_after_base,screen,"{""min_rvol"": 5, ""max_range40"": 0.15}",True,"{""stop_pct"": 0.1, ""target_pct"": null, ""max_hold_days"": 5}"
153,0.3986928104575163,-0.0206500577509683,-0.1280965547518052,0.9494468721042986,0.0095950420765748,-0.0462857291433175,7.65359477124183,105,0.3809523809523809,0.0029481458166868,-0.1180897015424905,1.0095537478625745,0.0019340448697167,0.0887818612004675,7.866666666666666,volume_3x_after_base,screen,"{""min_rvol"": 5, ""max_range40"": 0.15}",True,"{""stop_pct"": 0.1, ""target_pct"": null, ""max_hold_days"": 10}"
163,0.3803680981595092,-0.0665442317397491,-0.079798600612388,0.7424747212116707,-0.0058159803581022,-0.8191259022452365,0.8343558282208589,112,0.3839285714285714,-0.0279705757862972,-0.0495568313055779,0.8231985742037061,-0.0049652547347981,-0.582089272540377,0.9107142857142856,volume_3x_after_base,screen,"{""min_rvol"": 5, ""max_range40"": 0.15}",True,"{""stop_pct"": 0.1, ""target_pct"": 0.15, ""max_hold_days"": 1}"
160,0.4125,0.0193415698943308,-0.0609413631854676,1.066149926090985,0.0012801257487209,0.2151420161038898,2.26875,110,0.4090909090909091,0.03492999219148,-0.0751378931141198,1.1665738273898951,0.0051039609672484,0.5230645416063893,2.4363636363636365,volume_3x_after_base,screen,"{""min_rvol"": 5, ""max_range40"": 0.15}",True,"{""stop_pct"": 0.1, ""target_pct"": 0.15, ""max_hold_days"": 3}"
158,0.4367088607594936,0.0193920410787227,-0.0570941053592097,1.062286463577898,0.001108168501519,0.2025668301065742,3.5632911392405062,108,0.4074074074074074,-0.0157711821259185,-0.0871925864826371,0.939582839395976,0.0010694816592331,-0.1725723567665807,3.712962962962963,volume_3x_after_base,screen,"{""min_rvol"": 5, ""max_range40"": 0.15}",True,"{""stop_pct"": 0.1, ""target_pct"": 0.15, ""max_hold_days"": 5}"
155,0.4709677419354838,0.0549763635747662,-0.0454739532122026,1.1521797943934546,0.0050941282294233,0.4816881293937518,6.438709677419355,105,0.4571428571428571,-0.0099514350069673,-0.0844009780105158,0.9644066283034386,0.001977674681578,-0.0799450548952819,6.3619047619047615,volume_3x_after_base,screen,"{""min_rvol"": 5, ""max_range40"": 0.15}",True,"{""stop_pct"": 0.1, ""target_pct"": 0.15, ""max_hold_days"": 10}"
162,0.3765432098765432,-0.0585493494196341,-0.0651034068307153,0.7770879483354652,-0.0007067776243594,-0.6182844057396866,0.8703703703703703,112,0.3839285714285714,-0.0224275996700185,-0.0574059787744275,0.8579969941541915,-0.0047815843453374,-0.377678690706049,0.9553571428571428,volume_3x_after_base,screen,"{""min_rvol"": 5, ""max_range40"": 0.15}",True,"{""stop_pct"": 0.1, ""target_pct"": 0.4, ""max_hold_days"": 1}"
158,0.3860759493670886,-0.0421659465166822,-0.0852673000347946,0.8642412570400391,0.003135597950613,-0.3077684988969996,2.4367088607594938,110,0.3818181818181818,0.0586498487420712,-0.090072281310117,1.265422055397706,0.0058283768049858,0.7176211321049397,2.6545454545454548,volume_3x_after_base,screen,"{""min_rvol"": 5, ""max_range40"": 0.15}",True,"{""stop_pct"": 0.1, ""target_pct"": 0.4, ""max_hold_days"": 3}"
156,0.3974358974358974,-0.0647267989673053,-0.0891005682106579,0.8069109224643726,-0.0001841893775338,-0.4447359022499937,3.9294871794871793,108,0.3796296296296296,0.0227931470498852,-0.0930020179675148,1.0828399035981733,0.0016585187388104,0.3043091127701552,4.212962962962963,volume_3x_after_base,screen,"{""min_rvol"": 5, ""max_range40"": 0.15}",True,"{""stop_pct"": 0.1, ""target_pct"": 0.4, ""max_hold_days"": 5}"
153,0.4052287581699346,-0.0836215920647979,-0.103636812419705,0.7925989797131665,0.0010871246371297,-0.4943209006943068,7.30718954248366,105,0.3809523809523809,-0.0160176731168574,-0.118332218242551,0.9477020647718124,-0.0029396146879723,-0.1051122896678656,7.552380952380952,volume_3x_after_base,screen,"{""min_rvol"": 5, ""max_range40"": 0.15}",True,"{""stop_pct"": 0.1, ""target_pct"": 0.4, ""max_hold_days"": 10}"
162,0.382716049382716,-0.0301950162064161,-0.0746196381470173,0.8910944616528672,0.0097121109729255,-0.2375880820094269,0.9691358024691358,112,0.3839285714285714,-0.0257752746490338,-0.0605721191154243,0.8399349086127529,-0.0053117920480917,-0.4470667478533157,0.9910714285714286,volume_3x_after_base,screen,"{""min_rvol"": 5, ""max_range40"": 0.15}",True,"{""stop_pct"": 0.2, ""target_pct"": null, ""max_hold_days"": 1}"
158,0.4050632911392405,-0.0344478542083718,-0.1056673168464538,0.900798541544382,0.0080027592896292,-0.1905842339040017,2.873417721518988,110,0.3909090909090909,0.1169392891603973,-0.1197424772035606,1.468618393104414,0.0132381292877989,1.1459672326731898,2.9272727272727272,volume_3x_after_base,screen,"{""min_rvol"": 5, ""max_range40"": 0.15}",True,"{""stop_pct"": 0.2, ""target_pct"": null, ""max_hold_days"": 3}"
156,0.4038461538461538,-0.0276609947519761,-0.1233991161230356,0.9346294276529832,0.016293959644883,-0.1065663860243622,4.711538461538462,108,0.3981481481481481,0.0658592598370739,-0.1269930851453392,1.2153706255696288,0.0078276640320176,0.6496713867313113,4.796296296296297,volume_3x_after_base,screen,"{""min_rvol"": 5, ""max_range40"": 0.15}",True,"{""stop_pct"": 0.2, ""target_pct"": null, ""max_hold_days"": 5}"
151,0.4105960264900662,-0.1671788484604784,-0.1926423190773765,0.6646009736804137,-0.0010374842765971,-0.712896591546922,9.013245033112582,105,0.4,0.0056717993925385,-0.1590082192149585,1.0179123099784475,0.0024699657865481,0.1105648656793023,9.361904761904762,volume_3x_after_base,screen,"{""min_rvol"": 5, ""max_range40"": 0.15}",True,"{""stop_pct"": 0.2, ""target_pct"": null, ""max_hold_days"": 10}"
163,0.3987730061349693,-0.0388733221023392,-0.0557709673616922,0.8439355987056201,-0.001276910767142,-0.4445065604958677,0.901840490797546,112,0.3928571428571428,-0.0138094034517772,-0.041722456155425,0.9104599510277822,-0.0030741992179755,-0.279358024718664,0.9375,volume_3x_after_base,screen,"{""min_rvol"": 5, ""max_range40"": 0.15}",True,"{""stop_pct"": 0.2, ""target_pct"": 0.15, ""max_hold_days"": 1}"
160,0.44375,0.0505783176561289,-0.0547994419819238,1.178486167966305,0.006937196524689,0.4927872762115268,2.575,110,0.4272727272727272,0.0343309301675918,-0.0831411280247849,1.1557434218382114,0.0066397629660319,0.5114479630797473,2.645454545454545,volume_3x_after_base,screen,"{""min_rvol"": 5, ""max_range40"": 0.15}",True,"{""stop_pct"": 0.2, ""target_pct"": 0.15, ""max_hold_days"": 3}"
158,0.4683544303797468,0.0118710830906383,-0.0694163376241997,1.0347679314093885,0.0056116127373665,0.1300276501802307,4.094936708860759,108,0.4351851851851852,-0.0057966168340362,-0.0995439701427952,0.9789386749837712,0.0028219518919408,-0.0291987425869402,4.148148148148148,volume_3x_after_base,screen,"{""min_rvol"": 5, ""max_range40"": 0.15}",True,"{""stop_pct"": 0.2, ""target_pct"": 0.15, ""max_hold_days"": 5}"
153,0.4967320261437908,0.0336577826043997,-0.06660766351705,1.0861803355984296,0.0068313668515085,0.2789677174582414,7.588235294117647,105,0.4952380952380952,0.0429588959333979,-0.1019712795363109,1.15954955742405,0.007752409604357,0.475761644587259,7.6,volume_3x_after_base,screen,"{""min_rvol"": 5, ""max_range40"": 0.15}",True,"{""stop_pct"": 0.2, ""target_pct"": 0.15, ""max_hold_days"": 10}"
162,0.382716049382716,-0.0689327746392779,-0.0754536225532873,0.7487833914408984,0.0004861304403283,-0.6979806767114687,0.9506172839506172,112,0.3839285714285714,-0.0257752746490338,-0.0605721191154243,0.8399349086127529,-0.0053117920480917,-0.4470667478533157,0.9910714285714286,volume_3x_after_base,screen,"{""min_rvol"": 5, ""max_range40"": 0.15}",True,"{""stop_pct"": 0.2, ""target_pct"": 0.4, ""max_hold_days"": 1}"
158,0.4050632911392405,-0.0731155651608049,-0.1060885071477281,0.7870593401916463,0.0040191433783341,-0.5054740745068991,2.7848101265822787,110,0.3909090909090909,0.0305051416527595,-0.1197424772035606,1.1244037434973344,0.0037889828633085,0.3942865648579113,2.881818181818182,volume_3x_after_base,screen,"{""min_rvol"": 5, ""max_range40"": 0.15}",True,"{""stop_pct"": 0.2, ""target_pct"": 0.4, ""max_hold_days"": 3}"
156,0.4166666666666667,-0.1246421774986364,-0.1458976864642676,0.6955109255353876,0.001029487231174,-0.7966622630031805,4.532051282051282,108,0.3981481481481481,0.0060017607023943,-0.1269930851453392,1.0198601779809906,0.0001231279753982,0.1110320333203419,4.685185185185185,volume_3x_after_base,screen,"{""min_rvol"": 5, ""max_range40"": 0.15}",True,"{""stop_pct"": 0.2, ""target_pct"": 0.4, ""max_hold_days"": 5}"
151,0.4172185430463576,-0.1901622427250241,-0.214883706836783,0.615273095403696,-0.0046988457671867,-1.0518720182530104,8.649006622516556,105,0.4,-0.0132450770388633,-0.1590082192149585,0.9579361335191972,-0.0024036937711409,-0.0635038245805773,9.047619047619047,volume_3x_after_base,screen,"{""min_rvol"": 5, ""max_range40"": 0.15}",True,"{""stop_pct"": 0.2, ""target_pct"": 0.4, ""max_hold_days"": 10}"
162,0.382716049382716,-0.0507587226821379,-0.0851042883497779,0.8290720931617181,0.0082952409239776,-0.403652048102872,0.9876543209876544,112,0.3839285714285714,-0.0437285505365394,-0.0775608646717574,0.7533452254824422,-0.0118140922990775,-0.7297370477777486,1.0,volume_3x_after_base,screen,"{""min_rvol"": 5, ""max_range40"": 0.15}",True,"{""stop_pct"": null, ""target_pct"": null, ""max_hold_days"": 1}"
158,0.4050632911392405,-0.080905763465116,-0.1237154615240666,0.7929939213795106,0.004564832231946,-0.4736858997609762,2.949367088607595,110,0.4,0.1326100010410087,-0.118998616788748,1.5040610663653644,0.0113211775444334,1.234264247791978,2.9909090909090907,volume_3x_after_base,screen,"{""min_rvol"": 5, ""max_range40"": 0.15}",True,"{""stop_pct"": null, ""target_pct"": null, ""max_hold_days"": 3}"
156,0.4038461538461538,-0.08471105316867,-0.147951221366845,0.8225400875639572,0.0120840313378203,-0.415607713320805,4.903846153846154,108,0.4074074074074074,0.0654070327672868,-0.1454839489855037,1.2090618942912217,0.0036348958398049,0.6105630630489376,4.953703703703703,volume_3x_after_base,screen,"{""min_rvol"": 5, ""max_range40"": 0.15}",True,"{""stop_pct"": null, ""target_pct"": null, ""max_hold_days"": 5}"
151,0.4105960264900662,-0.2119575239646383,-0.2384841636686991,0.6069423388192616,-0.004104086947971,-0.9096896585623736,9.708609271523178,105,0.4,-0.0367348102764455,-0.2136988147639305,0.8950333911282191,-0.0075986414530661,-0.1760443024164531,9.80952380952381,volume_3x_after_base,screen,"{""min_rvol"": 5, ""max_range40"": 0.15}",True,"{""stop_pct"": null, ""target_pct"": null, ""max_hold_days"": 10}"
163,0.4049079754601227,-0.0263578023545842,-0.063064751914354,0.8951457789214601,-0.0002600079217903,-0.2941278864102036,0.9141104294478528,112,0.3928571428571428,-0.0314133633651089,-0.0586705395182247,0.8157747626758198,-0.0095764994689612,-0.607288904579141,0.9464285714285714,volume_3x_after_base,screen,"{""min_rvol"": 5, ""max_range40"": 0.15}",True,"{""stop_pct"": null, ""target_pct"": 0.15, ""max_hold_days"": 1}"
160,0.45,0.0580437155100188,-0.0611096534570184,1.1989935825258613,0.007377498251381,0.5524245470425803,2.6125,110,0.4272727272727272,0.0106467685930857,-0.1045235109550829,1.044144080018666,-0.0004944997624448,0.1772144851611098,2.6818181818181817,volume_3x_after_base,screen,"{""min_rvol"": 5, ""max_range40"": 0.15}",True,"{""stop_pct"": null, ""target_pct"": 0.15, ""max_hold_days"": 3}"
158,0.4746835443037974,0.0166624405172766,-0.0811262741166747,1.0469054957913595,0.0058940872652685,0.1700332710880118,4.19620253164557,108,0.4351851851851852,-0.0239554693579123,-0.1161386178597529,0.917682488114106,-0.0039432665846502,-0.2284061258998994,4.2407407407407405,volume_3x_after_base,screen,"{""min_rvol"": 5, ""max_range40"": 0.15}",True,"{""stop_pct"": null, ""target_pct"": 0.15, ""max_hold_days"": 5}"
153,0.5032679738562091,0.0731953246541008,-0.0724638651091515,1.1960349662190546,0.0091827764483118,0.5525733433113333,7.954248366013072,105,0.4952380952380952,0.004902243899697,-0.135319959471093,1.016283427759366,-0.0019271741586588,0.0991059941916859,7.885714285714286,volume_3x_after_base,screen,"{""min_rvol"": 5, ""max_range40"": 0.15}",True,"{""stop_pct"": null, ""target_pct"": 0.15, ""max_hold_days"": 10}"
162,0.382716049382716,-0.0890872881502712,-0.0955441449362785,0.696649490099368,-0.0009307396086194,-0.8673539111414168,0.9691358024691358,112,0.3839285714285714,-0.0437285505365394,-0.0775608646717574,0.7533452254824422,-0.0118140922990775,-0.7297370477777486,1.0,volume_3x_after_base,screen,"{""min_rvol"": 5, ""max_range40"": 0.15}",True,"{""stop_pct"": null, ""target_pct"": 0.4, ""max_hold_days"": 1}"
158,0.4050632911392405,-0.1187675318595915,-0.1303257567633369,0.692480548563469,0.0005812163206508,-0.7964518681390417,2.8607594936708862,110,0.4,0.0456543516148224,-0.1189929177345142,1.1763812694747606,0.0019496387643166,0.5363927756995851,2.9363636363636365,volume_3x_after_base,screen,"{""min_rvol"": 5, ""max_range40"": 0.15}",True,"{""stop_pct"": null, ""target_pct"": 0.4, ""max_hold_days"": 3}"
156,0.4166666666666667,-0.1779363443286004,-0.198098655564098,0.6130659067427326,-0.0031804410758886,-1.1224169638471462,4.724358974358975,108,0.4074074074074074,0.025354605119634,-0.1296692672633276,1.0810940338517756,-0.0013674616946622,0.3022762481735358,4.814814814814815,volume_3x_after_base,screen,"{""min_rvol"": 5, ""max_range40"": 0.15}",True,"{""stop_pct"": null, ""target_pct"": 0.4, ""max_hold_days"": 5}"
151,0.4172185430463576,-0.2337680411041874,-0.259578059386188,0.5621891474872405,-0.0076335591436222,-1.278691154677672,9.324503311258278,105,0.4095238095238095,-0.0157169454995522,-0.181799761405472,0.9541738334003866,-0.0068878699971532,-0.0742748654801046,9.41904761904762,volume_3x_after_base,screen,"{""min_rvol"": 5, ""max_range40"": 0.15}",True,"{""stop_pct"": null, ""target_pct"": 0.4, ""max_hold_days"": 10}"
3204,0.2134831460674157,-0.8916672691392535,-0.8952591926269136,0.6018131681949065,-0.0069134050362816,-5.293633501486995,0.0,2370,0.2092827004219409,-0.8007071938132786,-0.8071941667836694,0.6850448230201693,-0.0066732769647842,-5.90987531616994,0.0,gap_day,strategy,"{""gap_pct"": 0.03, ""stop_pct"": 0.02}",False,{}
3204,0.2771535580524344,-0.9095955465253,-0.9143147869673066,0.6318697496170234,-0.0073595080178643,-4.650493540284306,0.0,2370,0.2784810126582278,-0.8117726180466991,-0.822029561072259,0.7229896472123368,-0.0068850967429653,-5.017292038983576,0.0,gap_day,strategy,"{""gap_pct"": 0.03, ""stop_pct"": 0.03}",False,{}
3204,0.347378277153558,-0.888121716081302,-0.8922955705408265,0.7112111505139187,-0.0066011090581041,-3.160294196958275,0.0,2370,0.3493670886075949,-0.8437388263356295,-0.8471418459965621,0.7292883699657675,-0.0075766557865082,-4.687009967096995,0.0,gap_day,strategy,"{""gap_pct"": 0.03, ""stop_pct"": 0.05}",False,{}
2260,0.1876106194690265,-0.8299701542835365,-0.8313012574478542,0.5754940174650048,-0.0077945640553604,-5.045205048400705,0.0,1842,0.1889250814332247,-0.7240559795210302,-0.7327220044605909,0.6738517626589688,-0.0068581705616312,-5.281284426418292,0.0,gap_day,strategy,"{""gap_pct"": 0.05, ""stop_pct"": 0.02}",False,{}
2260,0.252212389380531,-0.8548951339550825,-0.8605836426100408,0.612171840796383,-0.0084319795210388,-4.312197024520627,0.0,1842,0.260586319218241,-0.734851153965392,-0.745078291970038,0.7152582406859108,-0.0070462194783841,-4.438108365955625,0.0,gap_day,strategy,"{""gap_pct"": 0.05, ""stop_pct"": 0.03}",False,{}
2260,0.3287610619469026,-0.8296033357153993,-0.8323607921815429,0.7112076801801345,-0.007564175736573,-2.9286438353668074,0.0,1841,0.338403041825095,-0.7768756163509728,-0.7801860425751744,0.7241369355419504,-0.0079087953057257,-4.2411166467138806,0.0,gap_day,strategy,"{""gap_pct"": 0.05, ""stop_pct"": 0.05}",False,{}
791,0.1529709228824273,-0.5433023264072849,-0.5538628371555729,0.5293697306157223,-0.0099030366289269,-4.574835663618913,0.0,709,0.155148095909732,-0.386396747972431,-0.4004685694858129,0.681026523543293,-0.0068105452045995,-2.959149912384444,0.0,gap_day,strategy,"{""gap_pct"": 0.1, ""stop_pct"": 0.02}",False,{}
791,0.2262958280657395,-0.5096513538487769,-0.5308726947996648,0.6408298799058121,-0.0088788889657322,-2.8161014200184007,0.0,709,0.2157968970380818,-0.4502912920376745,-0.4620840622439323,0.6874451850166277,-0.0083749128233599,-3.212693728941874,0.0,gap_day,strategy,"{""gap_pct"": 0.1, ""stop_pct"": 0.03}",False,{}
791,0.3173198482932996,-0.4957768217037309,-0.5101440928967551,0.7391685414288972,-0.0084353123466001,-2.0885144738616344,0.0,709,0.304654442877292,-0.5301554164633497,-0.5319354883425903,0.6821500563806574,-0.0105435899676593,-3.3319380735045296,0.0,gap_day,strategy,"{""gap_pct"": 0.1, ""stop_pct"": 0.05}",False,{}
3120,0.2141025641025641,-0.9856679601711986,-0.986049749063563,0.7139675925995785,-0.0126389287418901,-3.2392457929066536,0.7416666666666667,1665,0.206006006006006,-0.9677619620951432,-0.9681945389525588,0.5652121044587074,-0.0200434725205681,-4.639244865052328,0.76996996996997,surge_pullback,strategy,"{""pullback_pct"": 0.05, ""max_hold_days"": 3, ""stop_pct"": 0.05}",False,{}
2417,0.3165080678527099,-0.9849999642947076,-0.9857064506109364,0.7118654414289517,-0.0156543854521503,-2.715182064601185,1.395945386843194,1308,0.3058103975535168,-0.9731494253390328,-0.973573441962861,0.5867263716637827,-0.0257109183930204,-4.621970630172379,1.422782874617737,surge_pullback,strategy,"{""pullback_pct"": 0.05, ""max_hold_days"": 3, ""stop_pct"": 0.1}",False,{}
2881,0.1978479694550503,-0.9836591688573252,-0.9845066277225016,0.7161011716277192,-0.0134410424381484,-3.101031587271424,0.8323498785144047,1516,0.1992084432717678,-0.9576041868335504,-0.9652556449305132,0.6261584150639675,-0.0195519840737648,-3.986611529213206,0.8799472295514512,surge_pullback,strategy,"{""pullback_pct"": 0.05, ""max_hold_days"": 5, ""stop_pct"": 0.05}",False,{}
2086,0.3068072866730585,-0.9810550974560446,-0.9835569638878692,0.7453308905477273,-0.0174179356071149,-2.6316763976140485,1.6476510067114094,1094,0.2915904936014625,-0.925195351503713,-0.9395799922793088,0.7422575571477917,-0.0180255362559697,-1.3498463875559996,1.720292504570384,surge_pullback,strategy,"{""pullback_pct"": 0.05, ""max_hold_days"": 5, ""stop_pct"": 0.1}",False,{}
2783,0.192597915918074,-0.98253832112459,-0.9849244256610192,0.7405842092596738,-0.013395175010219,-3.058676497283868,0.8774703557312253,1474,0.1940298507462686,-0.951930530444561,-0.961184593755976,0.6494796816481082,-0.0191438427616333,-3.7762465274531833,0.9158751696065128,surge_pullback,strategy,"{""pullback_pct"": 0.05, ""max_hold_days"": 10, ""stop_pct"": 0.05}",False,{}
1916,0.2990605427974948,-0.9842068021174872,-0.9860973256973437,0.6989871789879926,-0.0199673670673203,-2.7770640313619896,1.8032359081419624,995,0.2914572864321608,-0.9122939830814284,-0.9304468795179224,0.7505622670163975,-0.0189217344098313,-1.2601113746904402,1.899497487437186,surge_pullback,strategy,"{""pullback_pct"": 0.05, ""max_hold_days"": 10, ""stop_pct"": 0.1}",False,{}
3036,0.2055335968379446,-0.9841920764559924,-0.9862496518960208,0.7199831701999876,-0.012695779050802,-3.0880332920966027,0.7467061923583662,1661,0.2004816375677302,-0.9621914816337068,-0.962698804384139,0.565500889623696,-0.0190469566261178,-4.345245990546886,0.7676098735701384,surge_pullback,strategy,"{""pullback_pct"": 0.08, ""max_hold_days"": 3, ""stop_pct"": 0.05}",False,{}
2358,0.3061916878710772,-0.9805625115351246,-0.9828201482447884,0.7343562906820399,-0.0147516665736964,-2.429538163060524,1.4185750636132315,1298,0.3012326656394453,-0.9627883559000436,-0.9633759915800092,0.5894634347743248,-0.0231723488949805,-4.124843094788533,1.433744221879815,surge_pullback,strategy,"{""pullback_pct"": 0.08, ""max_hold_days"": 3, ""stop_pct"": 0.1}",False,{}
2795,0.1935599284436494,-0.9780628057667128,-0.9820559054187256,0.7366274530966389,-0.0124152777403593,-2.864118406386916,0.8493738819320215,1510,0.1947019867549669,-0.9419291069723872,-0.9514324650233073,0.6545958463031337,-0.0174461696145797,-3.54401923228611,0.8807947019867549,surge_pullback,strategy,"{""pullback_pct"": 0.08, ""max_hold_days"": 5, ""stop_pct"": 0.05}",False,{}
2020,0.3024752475247524,-0.96809202024266,-0.9734222920354122,0.751214797847184,-0.015016418960088,-2.122718421728805,1.684158415841584,1097,0.2853236098450319,-0.8937239034626518,-0.9263183096749442,0.8066000423923123,-0.0148931724274791,-0.9948124066317978,1.706472196900638,surge_pullback,strategy,"{""pullback_pct"": 0.08, ""max_hold_days"": 5, ""stop_pct"": 0.1}",False,{}
2707,0.189878093830809,-0.974009188301101,-0.9804248497959712,0.7662919894934641,-0.0121050075934536,-2.735364609126478,0.8987809383080901,1475,0.1871186440677966,-0.9421066689834672,-0.952778269167326,0.66848608851244,-0.0179970828324673,-3.4920702048893024,0.9057627118644068,surge_pullback,strategy,"{""pullback_pct"": 0.08, ""max_hold_days"": 10, ""stop_pct"": 0.05}",False,{}
1861,0.2890918860827512,-0.974892605297782,-0.9800605945595204,0.7506236595228004,-0.0176666513561543,-2.381134061385857,1.8382590005373456,1013,0.2931885488647581,-0.8726027754195667,-0.8971764034081131,0.7735120551556497,-0.0140697842644893,-0.8588226093369694,1.857847976307996,surge_pullback,strategy,"{""pullback_pct"": 0.08, ""max_hold_days"": 10, ""stop_pct"": 0.1}",False,{}
2730,0.1956043956043956,-0.987643938172831,-0.9896244989618488,0.632771393225648,-0.0157327318562356,-3.973374470301133,0.7446886446886447,1626,0.1881918819188192,-0.958033505980868,-0.9703754500608388,0.6684487157946628,-0.0180881221566421,-3.019860768156435,0.7847478474784748,surge_pullback,strategy,"{""pullback_pct"": 0.15, ""max_hold_days"": 3, ""stop_pct"": 0.05}",False,{}
2106,0.2910731244064577,-0.9824700924655082,-0.9872531108804472,0.6778521208245971,-0.0177096915001551,-2.9593049481369715,1.4121557454890787,1271,0.2856018882769472,-0.8311711285523171,-0.8969614241253094,0.7853433208614496,-0.0054511972109329,-0.1026681586362418,1.4421715184893784,surge_pullback,strategy,"{""pullback_pct"": 0.15, ""max_hold_days"": 3, ""stop_pct"": 0.1}",False,{}
2536,0.1707413249211356,-0.9918575421077258,-0.9935071742855148,0.6223506584413568,-0.0181790420333128,-4.439645404828172,0.8217665615141956,1480,0.1797297297297297,-0.961693490842394,-0.969153041250689,0.5824768274755464,-0.0213264693023532,-3.909653780476853,0.8959459459459459,surge_pullback,strategy,"{""pullback_pct"": 0.15, ""max_hold_days"": 5, ""stop_pct"": 0.05}",False,{}
1833,0.2722313147845063,-0.989520917996332,-0.9911830827279026,0.6828435451419748,-0.0239124133310272,-3.624325097075941,1.684124386252046,1079,0.2771084337349397,-0.9128867023248032,-0.9306647534117564,0.7034496924175004,-0.0167574347113522,-1.0612365238297454,1.7201112140871178,surge_pullback,strategy,"{""pullback_pct"": 0.15, ""max_hold_days"": 5, ""stop_pct"": 0.1}",False,{}
2475,0.1668686868686868,-0.9904125257025737,-0.9930663333839268,0.6564933993374443,-0.0181665391839407,-4.325855621967757,0.8622222222222222,1429,0.172148355493352,-0.9588506942524312,-0.9663211985077684,0.5797519830124213,-0.0215142624195517,-3.82120179511265,0.9419174247725682,surge_pullback,strategy,"{""pullback_pct"": 0.15, ""max_hold_days"": 10, ""stop_pct"": 0.05}",False,{}
1702,0.2655699177438307,-0.9870512629664686,-0.9899772605727136,0.7075166964521578,-0.0242948050613991,-3.403470836770837,1.8537015276145712,993,0.2769385699899295,-0.9008028058383674,-0.9222868529284034,0.7119203419186262,-0.0174656693794575,-1.00134268161366,1.8841893252769384,surge_pullback,strategy,"{""pullback_pct"": 0.15, ""max_hold_days"": 10, ""stop_pct"": 0.1}",False,{}
