train_n_trades,train_win_rate,train_total_return,train_max_drawdown,train_profit_factor,train_expectancy,train_sharpe,train_avg_hold_days,test_n_trades,test_win_rate,test_total_return,test_max_drawdown,test_profit_factor,test_expectancy,test_sharpe,test_avg_hold_days,model,kind,params,exclude_earnings,exit
694,0.17435158501440923,-0.6929121243439929,-0.7335299004637312,0.653252469846355,-0.018035310442071753,-2.950641829273577,0.21181556195965417,576,0.1996527777777778,0.4640107436149561,-0.3401026493961128,1.2012382137444872,0.008123186388141239,0.7970521596201267,0.2604166666666667,big_candle_maxvol,screen,"{""min_ret"": 0.3, ""min_close_pos"": 0.5, ""max_mcap"": 300000000.0}",True,"{""stop_pct"": 0.05, ""target_pct"": null, ""max_hold_days"": 1}"
693,0.10533910533910534,-0.7256595000252158,-0.7849904939571914,0.686676866421394,-0.018419830231640278,-2.173547917869786,0.4675324675324675,575,0.1408695652173913,-0.08277313068425274,-0.44789644372428006,0.9605140973206445,-0.002192409556674598,0.3555191233905538,0.6034782608695652,big_candle_maxvol,screen,"{""min_ret"": 0.3, ""min_close_pos"": 0.5, ""max_mcap"": 300000000.0}",True,"{""stop_pct"": 0.05, ""target_pct"": null, ""max_hold_days"": 3}"
692,0.09393063583815028,-0.7578402121647876,-0.7956475207097434,0.6328522436277486,-0.020539218001478298,-1.8276652850581638,0.6705202312138728,575,0.12347826086956522,0.9681741658662972,-0.42335469980105844,1.323063044960567,0.014078736529913396,1.1426353349130152,0.8730434782608696,big_candle_maxvol,screen,"{""min_ret"": 0.3, ""min_close_pos"": 0.5, ""max_mcap"": 300000000.0}",True,"{""stop_pct"": 0.05, ""target_pct"": null, ""max_hold_days"": 5}"
691,0.06222865412445731,-0.7661617878342105,-0.8308563452876926,0.6492562738473967,-0.020503844309509817,-1.5445753130901374,1.069464544138929,560,0.08035714285714286,0.7693059805406284,-0.459497883459672,1.2267252092999545,0.014736397757100431,1.039997238571154,1.332142857142857,big_candle_maxvol,screen,"{""min_ret"": 0.3, ""min_close_pos"": 0.5, ""max_mcap"": 300000000.0}",True,"{""stop_pct"": 0.05, ""target_pct"": null, ""max_hold_days"": 10}"
698,0.19054441260744986,-0.7927793886689861,-0.7947251836691729,0.5015859817292198,-0.024642066085935777,-5.715726838308183,0.07163323782234957,580,0.2206896551724138,-0.651994179612633,-0.6616111904665167,0.556091779934869,-0.019756201372454235,-5.2802843629273735,0.09655172413793103,big_candle_maxvol,screen,"{""min_ret"": 0.3, ""min_close_pos"": 0.5, ""max_mcap"": 300000000.0}",True,"{""stop_pct"": 0.05, ""target_pct"": 0.15, ""max_hold_days"": 1}"
698,0.17048710601719197,-0.8026938633222003,-0.8039067624272791,0.5126146422116222,-0.02570853245704056,-5.637762447920126,0.10888252148997135,580,0.20862068965517241,-0.6391521823359656,-0.6513319727809384,0.5866816207987071,-0.019259619152143227,-5.0219603068772845,0.15172413793103448,big_candle_maxvol,screen,"{""min_ret"": 0.3, ""min_close_pos"": 0.5, ""max_mcap"": 300000000.0}",True,"{""stop_pct"": 0.05, ""target_pct"": 0.15, ""max_hold_days"": 3}"
698,0.16905444126074498,-0.799996708193209,-0.8012261875075873,0.5139354895018234,-0.02551856374240748,-5.541047507008998,0.1332378223495702,580,0.20689655172413793,-0.6327527531875567,-0.6451964313924747,0.595150486325745,-0.018983103449304053,-4.949275306668989,0.17586206896551723,big_candle_maxvol,screen,"{""min_ret"": 0.3, ""min_close_pos"": 0.5, ""max_mcap"": 300000000.0}",True,"{""stop_pct"": 0.05, ""target_pct"": 0.15, ""max_hold_days"": 5}"
698,0.16475644699140402,-0.8037690474894277,-0.8049753371198283,0.5138821411795605,-0.025791586960997266,-5.601909315839786,0.17335243553008595,580,0.20517241379310344,-0.6365945108537794,-0.6488669699816616,0.5935775819848926,-0.019127014484890154,-4.994506798860674,0.1896551724137931,big_candle_maxvol,screen,"{""min_ret"": 0.3, ""min_close_pos"": 0.5, ""max_mcap"": 300000000.0}",True,"{""stop_pct"": 0.05, ""target_pct"": 0.15, ""max_hold_days"": 10}"
697,0.17360114777618366,-0.6890397245331158,-0.7189467323063388,0.6464898480945745,-0.018332939103648166,-3.0377046242432884,0.17647058823529413,580,0.2,-0.30684747764988296,-0.41672152368001825,0.8316542396289834,-0.007522436276006151,-1.1074140072620038,0.2103448275862069,big_candle_maxvol,screen,"{""min_ret"": 0.3, ""min_close_pos"": 0.5, ""max_mcap"": 300000000.0}",True,"{""stop_pct"": 0.05, ""target_pct"": 0.4, ""max_hold_days"": 1}"
697,0.11477761836441894,-0.7301457543514991,-0.7585395222426418,0.662998719937593,-0.020466043004461115,-3.004983233890528,0.3127690100430416,580,0.15,-0.3656649876946839,-0.44687373486118054,0.8093953659739209,-0.009064044362895212,-1.1959769794802844,0.39482758620689656,big_candle_maxvol,screen,"{""min_ret"": 0.3, ""min_close_pos"": 0.5, ""max_mcap"": 300000000.0}",True,"{""stop_pct"": 0.05, ""target_pct"": 0.4, ""max_hold_days"": 3}"
697,0.10616929698708752,-0.7469372095346185,-0.7706018792853226,0.6498489724504944,-0.021374920325352008,-3.0803132835547795,0.4017216642754663,580,0.1396551724137931,-0.4054513668579369,-0.48274704410570246,0.7848490629275917,-0.010015357609060409,-1.3342775784881726,0.5,big_candle_maxvol,screen,"{""min_ret"": 0.3, ""min_close_pos"": 0.5, ""max_mcap"": 300000000.0}",True,"{""stop_pct"": 0.05, ""target_pct"": 0.4, ""max_hold_days"": 5}"
697,0.08895265423242468,-0.7484070951471343,-0.7716310145644278,0.6568936666604649,-0.02154274983635906,-3.0239361179799285,0.5265423242467718,579,0.11744386873920552,-0.49188166361450003,-0.5486051676115535,0.7278492442546342,-0.012590018303631845,-1.6986188147476797,0.6493955094991365,big_candle_maxvol,screen,"{""min_ret"": 0.3, ""min_close_pos"": 0.5, ""max_mcap"": 300000000.0}",True,"{""stop_pct"": 0.05, ""target_pct"": 0.4, ""max_hold_days"": 10}"
689,0.29027576197387517,-0.12001849785973084,-0.5866012953807239,0.9731495370838287,-0.0021722279523554086,0.24864808483982176,0.45428156748911463,575,0.3217391304347826,0.6099470877676538,-0.4150256951831087,1.170430539866295,0.009746743600130172,0.90730626730581,0.4834782608695652,big_candle_maxvol,screen,"{""min_ret"": 0.3, ""min_close_pos"": 0.5, ""max_mcap"": 300000000.0}",True,"{""stop_pct"": 0.1, ""target_pct"": null, ""max_hold_days"": 1}"
687,0.22125181950509462,0.22009255420051876,-0.6425741807269436,1.033055120428984,0.008189151448552558,0.4643402976110757,1.0786026200873362,566,0.2332155477031802,-0.4562479637472112,-0.5636275419433688,0.8225759885990224,-0.010386988387606889,-0.1270348804353574,1.174911660777385,big_candle_maxvol,screen,"{""min_ret"": 0.3, ""min_close_pos"": 0.5, ""max_mcap"": 300000000.0}",True,"{""stop_pct"": 0.1, ""target_pct"": null, ""max_hold_days"": 3}"
684,0.195906432748538,0.4337189963427657,-0.7034078365811367,1.0602165608621972,0.013106713479533832,0.5721024890652558,1.5818713450292399,552,0.18115942028985507,-0.27810921105273334,-0.6011934621163744,0.9052214012609805,-0.0028839960971224323,0.22409461123738425,1.6884057971014492,big_candle_maxvol,screen,"{""min_ret"": 0.3, ""min_close_pos"": 0.5, ""max_mcap"": 300000000.0}",True,"{""stop_pct"": 0.1, ""target_pct"": null, ""max_hold_days"": 5}"
663,0.16289592760180996,-0.08867248371557945,-0.7932582561181377,0.987511097236259,0.011718304444528697,0.3939722508864639,2.622926093514329,506,0.12450592885375494,-0.6675595116089221,-0.7825460724089587,0.714505270648757,-0.017001984427072417,-0.3468829112510533,2.430830039525692,big_candle_maxvol,screen,"{""min_ret"": 0.3, ""min_close_pos"": 0.5, ""max_mcap"": 300000000.0}",True,"{""stop_pct"": 0.1, ""target_pct"": null, ""max_hold_days"": 10}"
698,0.32521489971346706,-0.8022664652198639,-0.8029003159552904,0.6282329622366634,-0.02589041138400614,-3.2983739562470284,0.22492836676217765,580,0.36551724137931035,-0.6031031923666974,-0.6367406330887405,0.7282441856047597,-0.017620260670944604,-2.6736130375981793,0.2293103448275862,big_candle_maxvol,screen,"{""min_ret"": 0.3, ""min_close_pos"": 0.5, ""max_mcap"": 300000000.0}",True,"{""stop_pct"": 0.1, ""target_pct"": 0.15, ""max_hold_days"": 1}"
698,0.31805157593123207,-0.77400509340224,-0.7749362924696899,0.682324766945136,-0.024398662551417052,-2.509745704426453,0.40114613180515757,580,0.34655172413793106,-0.6849740235888796,-0.7214101374964991,0.7007099009591848,-0.021514029572417943,-3.0359037229674537,0.4,big_candle_maxvol,screen,"{""min_ret"": 0.3, ""min_close_pos"": 0.5, ""max_mcap"": 300000000.0}",True,"{""stop_pct"": 0.1, ""target_pct"": 0.15, ""max_hold_days"": 3}"
698,0.3166189111747851,-0.7764492318533756,-0.7772138052393462,0.6808901709330438,-0.024820253974018592,-2.5128340949148136,0.4899713467048711,580,0.3396551724137931,-0.6893591824167694,-0.7236866474238045,0.704982792948055,-0.021951517549882695,-3.095644523517679,0.4879310344827586,big_candle_maxvol,screen,"{""min_ret"": 0.3, ""min_close_pos"": 0.5, ""max_mcap"": 300000000.0}",True,"{""stop_pct"": 0.1, ""target_pct"": 0.15, ""max_hold_days"": 5}"
698,0.3223495702005731,-0.7576645625481726,-0.7594401458155033,0.7012281200076389,-0.023671501547450027,-2.367515087084747,0.6289398280802292,580,0.3396551724137931,-0.6965855313446903,-0.7302442475221205,0.7007312476599279,-0.022336013151265283,-3.13531492503713,0.596551724137931,big_candle_maxvol,screen,"{""min_ret"": 0.3, ""min_close_pos"": 0.5, ""max_mcap"": 300000000.0}",True,"{""stop_pct"": 0.1, ""target_pct"": 0.15, ""max_hold_days"": 10}"
694,0.2881844380403458,-0.6305145834797775,-0.681173219680762,0.7829666991555112,-0.018037741475694043,-1.3843946025086116,0.3976945244956772,579,0.32642487046632124,0.015377939737605262,-0.3832108550492789,1.0049570781049204,-0.0009035688537287352,0.2449889261908423,0.40414507772020725,big_candle_maxvol,screen,"{""min_ret"": 0.3, ""min_close_pos"": 0.5, ""max_mcap"": 300000000.0}",True,"{""stop_pct"": 0.1, ""target_pct"": 0.4, ""max_hold_days"": 1}"
694,0.23919308357348704,-0.39447475336680426,-0.5472208579948227,0.9048320658243214,-0.012983479016635064,-0.47115621781652367,0.8054755043227666,573,0.26352530541012215,-0.1799033620489392,-0.4717689980224533,0.9440689736429305,-0.004300652580116173,-0.175736406258645,0.8289703315881326,big_candle_maxvol,screen,"{""min_ret"": 0.3, ""min_close_pos"": 0.5, ""max_mcap"": 300000000.0}",True,"{""stop_pct"": 0.1, ""target_pct"": 0.4, ""max_hold_days"": 3}"
694,0.22046109510086456,-0.5186779763803446,-0.6412628572034555,0.8716078669860885,-0.016275103589685893,-0.7808383080176523,1.0677233429394812,570,0.22982456140350876,-0.37204461346902196,-0.527679765801915,0.8757265326207976,-0.00893215644425407,-0.6957659997969439,1.0789473684210527,big_candle_maxvol,screen,"{""min_ret"": 0.3, ""min_close_pos"": 0.5, ""max_mcap"": 300000000.0}",True,"{""stop_pct"": 0.1, ""target_pct"": 0.4, ""max_hold_days"": 5}"
688,0.20784883720930233,-0.47246638420486864,-0.6181601289150045,0.8942741560344094,-0.01497093572952612,-0.6744362020708031,1.504360465116279,555,0.21081081081081082,-0.5031388935397607,-0.589299619125208,0.8165272912391074,-0.012938763879435718,-1.0944388723219152,1.4486486486486487,big_candle_maxvol,screen,"{""min_ret"": 0.3, ""min_close_pos"": 0.5, ""max_mcap"": 300000000.0}",True,"{""stop_pct"": 0.1, ""target_pct"": 0.4, ""max_hold_days"": 10}"
688,0.3430232558139535,-0.36132216788991733,-0.6816151531819309,0.9273558811149799,-0.008781932181597202,0.10638821609107377,0.7863372093023255,573,0.3944153577661431,0.3849963999613566,-0.448405470924205,1.0977597006402924,0.009511115950226542,0.7286673219167975,0.8219895287958116,big_candle_maxvol,screen,"{""min_ret"": 0.3, ""min_close_pos"": 0.5, ""max_mcap"": 300000000.0}",True,"{""stop_pct"": 0.2, ""target_pct"": null, ""max_hold_days"": 1}"
675,0.3214814814814815,0.2385573562128196,-0.6876859672869543,1.025347868832236,0.011637777924728763,0.4994676369580098,2.0192592592592593,546,0.32234432234432236,-0.6122870494753995,-0.6669635668869831,0.7989056384519576,-0.01406064598050015,-0.3216473842747305,2.1446886446886446,big_candle_maxvol,screen,"{""min_ret"": 0.3, ""min_close_pos"": 0.5, ""max_mcap"": 300000000.0}",True,"{""stop_pct"": 0.2, ""target_pct"": null, ""max_hold_days"": 3}"
640,0.3015625,0.06257560697975806,-0.7906030177084766,1.006641167774775,0.01669238610154942,0.48925054355688796,3.0796875,490,0.27346938775510204,-0.5641046707296429,-0.7130441457115386,0.8405169965612267,-0.011355093438254285,-0.13788458930462086,3.2224489795918365,big_candle_maxvol,screen,"{""min_ret"": 0.3, ""min_close_pos"": 0.5, ""max_mcap"": 300000000.0}",True,"{""stop_pct"": 0.2, ""target_pct"": null, ""max_hold_days"": 5}"
536,0.2947761194029851,0.9003198541944892,-0.7545936010779893,1.0974665558175691,0.03518188008443,0.7435357278979283,5.619402985074627,382,0.21204188481675393,-0.8586019746525616,-0.8663171091616664,0.6918211840088931,-0.042268697044749406,-0.8795784179335142,5.026178010471204,big_candle_maxvol,screen,"{""min_ret"": 0.3, ""min_close_pos"": 0.5, ""max_mcap"": 300000000.0}",True,"{""stop_pct"": 0.2, ""target_pct"": null, ""max_hold_days"": 10}"
698,0.41260744985673353,-0.7318011073095236,-0.798563724002819,0.7671221038741116,-0.022532288548128443,-2.119257360919503,0.49140401146131807,580,0.47413793103448276,-0.4370160190864465,-0.4886131148163906,0.8434749707533588,-0.009735399793936346,-1.319786005355775,0.4844827586206897,big_candle_maxvol,screen,"{""min_ret"": 0.3, ""min_close_pos"": 0.5, ""max_mcap"": 300000000.0}",True,"{""stop_pct"": 0.2, ""target_pct"": 0.15, ""max_hold_days"": 1}"
695,0.460431654676259,-0.7040196156713171,-0.807914713782664,0.8134314817169788,-0.021744531783549383,-1.5363046680463184,1.0302158273381294,577,0.49566724436741766,-0.5726097028091798,-0.6180548601502385,0.8213997764853285,-0.013282049901581307,-1.7616116073672299,0.9982668977469671,big_candle_maxvol,screen,"{""min_ret"": 0.3, ""min_close_pos"": 0.5, ""max_mcap"": 300000000.0}",True,"{""stop_pct"": 0.2, ""target_pct"": 0.15, ""max_hold_days"": 3}"
694,0.47262247838616717,-0.7180883542054315,-0.80377949726805,0.8140109578537852,-0.023356517368677956,-1.5763778584952117,1.3847262247838616,571,0.5026269702276708,-0.5658321202399519,-0.6163371672871838,0.8406526754081609,-0.01405040897593143,-1.5319522002721304,1.341506129597198,big_candle_maxvol,screen,"{""min_ret"": 0.3, ""min_close_pos"": 0.5, ""max_mcap"": 300000000.0}",True,"{""stop_pct"": 0.2, ""target_pct"": 0.15, ""max_hold_days"": 5}"
680,0.5058823529411764,-0.45724648839678217,-0.6829520869417216,0.8983927547320361,-0.015284306264054399,-0.5788845300459214,1.9544117647058823,559,0.518783542039356,-0.09593026656116754,-0.5305915007951787,0.9831939694827873,0.002799829850357393,0.27838190429114323,1.7889087656529516,big_candle_maxvol,screen,"{""min_ret"": 0.3, ""min_close_pos"": 0.5, ""max_mcap"": 300000000.0}",True,"{""stop_pct"": 0.2, ""target_pct"": 0.15, ""max_hold_days"": 10}"
694,0.34870317002881845,-0.6659271239466737,-0.7647531017687648,0.8234824392192838,-0.01969803084863119,-1.2637022390004258,0.7161383285302594,579,0.4058721934369603,0.1158599902195474,-0.3845189017137328,1.0315265609692201,0.003384363542873366,0.46593860820909566,0.7236614853195165,big_candle_maxvol,screen,"{""min_ret"": 0.3, ""min_close_pos"": 0.5, ""max_mcap"": 300000000.0}",True,"{""stop_pct"": 0.2, ""target_pct"": 0.4, ""max_hold_days"": 1}"
689,0.3439767779390421,-0.3305451861455949,-0.7135155729942394,0.9471733848008206,-0.010764657081299816,-0.2013262882424323,1.637155297532656,563,0.369449378330373,-0.12620713790202653,-0.5298328326255539,0.9728693224774132,0.001571037788278036,0.05840067949160773,1.6625222024866786,big_candle_maxvol,screen,"{""min_ret"": 0.3, ""min_close_pos"": 0.5, ""max_mcap"": 300000000.0}",True,"{""stop_pct"": 0.2, ""target_pct"": 0.4, ""max_hold_days"": 3}"
670,0.3447761194029851,-0.2928335911790235,-0.7097757751450982,0.955931948749505,-0.011760254627931475,-0.14656868426903666,2.2955223880597013,532,0.33458646616541354,-0.4002620391302233,-0.5822407934436766,0.9000757049209603,-0.0059608479097719505,-0.5184561927355698,2.3233082706766917,big_candle_maxvol,screen,"{""min_ret"": 0.3, ""min_close_pos"": 0.5, ""max_mcap"": 300000000.0}",True,"{""stop_pct"": 0.2, ""target_pct"": 0.4, ""max_hold_days"": 5}"
623,0.3547351524879615,0.28725667719081716,-0.5771871029517165,1.0369442020882842,3.4875870659837363e-06,0.5038097995795042,3.492776886035313,459,0.33986928104575165,-0.15520221966105452,-0.6032660266057561,0.971535381218342,0.007340950149958774,0.2736195290089935,3.446623093681917,big_candle_maxvol,screen,"{""min_ret"": 0.3, ""min_close_pos"": 0.5, ""max_mcap"": 300000000.0}",True,"{""stop_pct"": 0.2, ""target_pct"": 0.4, ""max_hold_days"": 10}"
686,0.35422740524781343,-0.3429707500250556,-0.683154888976099,0.9370155028827671,-0.003027044115947294,0.1276122723679136,0.9927113702623906,570,0.4087719298245614,0.061005366832331154,-0.4762916005115352,1.0142311130747836,0.005794612059779845,0.429872748862175,0.9964912280701754,big_candle_maxvol,screen,"{""min_ret"": 0.3, ""min_close_pos"": 0.5, ""max_mcap"": 300000000.0}",True,"{""stop_pct"": null, ""target_pct"": null, ""max_hold_days"": 1}"
658,0.3768996960486322,1.4757263722492389,-0.6556106368869491,1.1193849462815233,0.025770204388973112,0.821028231223629,2.966565349544073,526,0.3517110266159696,-0.7428458718810065,-0.7428458718810065,0.7672490039482567,-0.02254126838534624,-0.614436100714724,2.9771863117870723,big_candle_maxvol,screen,"{""min_ret"": 0.3, ""min_close_pos"": 0.5, ""max_mcap"": 300000000.0}",True,"{""stop_pct"": null, ""target_pct"": null, ""max_hold_days"": 3}"
573,0.3682373472949389,1.6599849697094258,-0.6516969613254111,1.1298012538740672,0.04099540468276081,0.8626187090385029,4.940663176265271,426,0.31220657276995306,-0.7249152346524905,-0.7328207988805231,0.8015008355116096,-0.022322340126727996,-0.5178047556855679,4.936619718309859,big_candle_maxvol,screen,"{""min_ret"": 0.3, ""min_close_pos"": 0.5, ""max_mcap"": 300000000.0}",True,"{""stop_pct"": null, ""target_pct"": null, ""max_hold_days"": 5}"
399,0.3558897243107769,1.1081835295953502,-0.7431749674595606,1.136845552587676,0.049330936733934544,0.7898100414797299,9.862155388471178,241,0.2987551867219917,-0.4300652809652947,-0.866000739939973,0.9094595494488084,0.004178263889122491,0.4432096302157678,9.813278008298756,big_candle_maxvol,screen,"{""min_ret"": 0.3, ""min_close_pos"": 0.5, ""max_mcap"": 300000000.0}",True,"{""stop_pct"": null, ""target_pct"": null, ""max_hold_days"": 10}"
697,0.45911047345767575,-0.4985467539953168,-0.6183314706440285,0.8679918428337955,-0.014014605686675957,-1.081862281422801,0.6542324246771879,579,0.5250431778929189,-0.1359490798045656,-0.3113623579260121,0.9610543376080629,-0.0018649692182382204,-0.17325295058069612,0.614853195164076,big_candle_maxvol,screen,"{""min_ret"": 0.3, ""min_close_pos"": 0.5, ""max_mcap"": 300000000.0}",True,"{""stop_pct"": null, ""target_pct"": 0.15, ""max_hold_days"": 1}"
689,0.5544267053701016,0.1084806751908316,-0.5913296150463384,1.0192547395694795,-0.00491499121858345,0.3365070624552007,1.6879535558780843,568,0.5757042253521126,-0.20341861972875985,-0.330963348385489,0.951299323676659,-0.0021562341031120457,-0.2199188854793227,1.5862676056338028,big_candle_maxvol,screen,"{""min_ret"": 0.3, ""min_close_pos"": 0.5, ""max_mcap"": 300000000.0}",True,"{""stop_pct"": null, ""target_pct"": 0.15, ""max_hold_days"": 3}"
661,0.5824508320726173,0.38678189008987385,-0.5564629274699384,1.0622458341416916,-0.0002670359224751472,0.6244846113214834,2.6021180030257187,539,0.5825602968460112,-0.38350962222761054,-0.47565119986629933,0.9067194092337452,-0.008097898244890763,-0.635608070321189,2.4693877551020407,big_candle_maxvol,screen,"{""min_ret"": 0.3, ""min_close_pos"": 0.5, ""max_mcap"": 300000000.0}",True,"{""stop_pct"": null, ""target_pct"": 0.15, ""max_hold_days"": 5}"
567,0.6313932980599647,0.11841578337887992,-0.6136673910220924,1.0244476097219148,0.0008920249135657244,0.34489551349624514,4.650793650793651,434,0.6405529953917051,1.5518218930265832,-0.25802886849828455,1.1720852479669148,0.03062134026713214,1.2345807312531225,4.276497695852535,big_candle_maxvol,screen,"{""min_ret"": 0.3, ""min_close_pos"": 0.5, ""max_mcap"": 300000000.0}",True,"{""stop_pct"": null, ""target_pct"": 0.15, ""max_hold_days"": 10}"
692,0.3713872832369942,-0.47794454663331587,-0.6137243208336499,0.8937367657255846,-0.013254238558536668,-0.631675923961616,0.9060693641618497,578,0.4290657439446367,0.13577628333632163,-0.40434445742303804,1.0326418883125594,0.004097414276075055,0.502743026057154,0.8858131487889274,big_candle_maxvol,screen,"{""min_ret"": 0.3, ""min_close_pos"": 0.5, ""max_mcap"": 300000000.0}",True,"{""stop_pct"": null, ""target_pct"": 0.4, ""max_hold_days"": 1}"
677,0.413589364844904,1.0686698010050972,-0.5570085692319716,1.1182320975345614,0.004595859518419026,0.9672496633929678,2.4903988183161005,550,0.4127272727272727,0.10980577865586594,-0.5466881530488303,1.0179551794180046,0.005500721318911462,0.49034663252590405,2.4072727272727272,big_candle_maxvol,screen,"{""min_ret"": 0.3, ""min_close_pos"": 0.5, ""max_mcap"": 300000000.0}",True,"{""stop_pct"": null, ""target_pct"": 0.4, ""max_hold_days"": 3}"
616,0.43506493506493504,2.7793255322233494,-0.4492005790864477,1.2539151593156521,0.02047958626046083,1.608536632805515,3.8993506493506493,476,0.3760504201680672,-0.5850176469816506,-0.619402882154553,0.861445696008665,-0.015147330058288527,-0.9128492039539717,3.8445378151260505,big_candle_maxvol,screen,"{""min_ret"": 0.3, ""min_close_pos"": 0.5, ""max_mcap"": 300000000.0}",True,"{""stop_pct"": null, ""target_pct"": 0.4, ""max_hold_days"": 5}"
479,0.4592901878914405,4.113109553287039,-0.34186394203082604,1.4862035943357363,0.04869402289661888,1.1541599816146104,7.206680584551148,321,0.4392523364485981,1.0077748732096357,-0.46150700760283825,1.1110420257291866,0.03931846634699542,1.0159811751175334,6.841121495327103,big_candle_maxvol,screen,"{""min_ret"": 0.3, ""min_close_pos"": 0.5, ""max_mcap"": 300000000.0}",True,"{""stop_pct"": null, ""target_pct"": 0.4, ""max_hold_days"": 10}"
766,0.19321148825065274,-0.6218667309288695,-0.7053408194932649,0.7471846084632127,-0.013718917361755081,-2.0755174188763177,0.2362924281984334,624,0.20512820512820512,0.4448401653269276,-0.3012317188639997,1.172100722599581,0.006953835577993772,0.7832425026758206,0.2692307692307692,big_candle_maxvol,screen,"{""min_ret"": 0.3, ""min_close_pos"": 0.5, ""max_mcap"": 300000000.0}",False,"{""stop_pct"": 0.05, ""target_pct"": null, ""max_hold_days"": 1}"
764,0.1256544502617801,-0.6693902931801141,-0.7810950885975884,0.7652828124265081,-0.014214377540372079,-1.7008733539528973,0.5314136125654451,623,0.1492776886035313,-0.04634467913082185,-0.4428876110256751,0.9809142395494616,-0.0018651847146386109,0.4004788826666471,0.6276083467094703,big_candle_maxvol,screen,"{""min_ret"": 0.3, ""min_close_pos"": 0.5, ""max_mcap"": 300000000.0}",False,"{""stop_pct"": 0.05, ""target_pct"": null, ""max_hold_days"": 3}"
763,0.11402359108781127,-0.6626453953472081,-0.7701445182980994,0.75538090158049,-0.01382886253481234,-1.284116014656186,0.7758846657929227,621,0.13365539452495975,1.0457072116225232,-0.4391863875520835,1.2948599794019338,0.014100314233440428,1.184412454171076,0.9178743961352657,big_candle_maxvol,screen,"{""min_ret"": 0.3, ""min_close_pos"": 0.5, ""max_mcap"": 300000000.0}",False,"{""stop_pct"": 0.05, ""target_pct"": null, ""max_hold_days"": 5}"
760,0.08157894736842106,-0.606815575557634,-0.7843951195479374,0.8098126774750192,-0.011515614290715827,-0.9081151233665631,1.275,598,0.09197324414715718,0.7059547487628015,-0.458493020904556,1.192431933495131,0.013430508834665789,1.0099273287854795,1.4381270903010033,big_candle_maxvol,screen,"{""min_ret"": 0.3, ""min_close_pos"": 0.5, ""max_mcap"": 300000000.0}",False,"{""stop_pct"": 0.05, ""target_pct"": null, ""max_hold_days"": 10}"
771,0.20881971465629054,-0.7891910287981942,-0.7929652226077624,0.554808099201619,-0.022084127044620882,-5.1910432973342235,0.08949416342412451,629,0.22416534181240064,-0.6797757502626356,-0.6869647551685554,0.564466137872718,-0.019624777257613836,-5.613143377662774,0.11128775834658187,big_candle_maxvol,screen,"{""min_ret"": 0.3, ""min_close_pos"": 0.5, ""max_mcap"": 300000000.0}",False,"{""stop_pct"": 0.05, ""target_pct"": 0.15, ""max_hold_days"": 1}"
771,0.1880674448767834,-0.7914611769937484,-0.7947531443175724,0.5791756515633658,-0.0227149095083324,-4.973040032918009,0.14526588845654995,629,0.21303656597774245,-0.664805609866109,-0.6706352354819132,0.5992157229038463,-0.01905383179353862,-5.295215949910034,0.18441971383147854,big_candle_maxvol,screen,"{""min_ret"": 0.3, ""min_close_pos"": 0.5, ""max_mcap"": 300000000.0}",False,"{""stop_pct"": 0.05, ""target_pct"": 0.15, ""max_hold_days"": 3}"
771,0.1867704280155642,-0.7870857147041723,-0.7904467525189307,0.5822964117596383,-0.022447769375276132,-4.827055765155456,0.1815823605706874,629,0.21144674085850557,-0.6557024966949152,-0.6616807178641353,0.6101210074020739,-0.018659104986256066,-5.19471273079133,0.22257551669316375,big_candle_maxvol,screen,"{""min_ret"": 0.3, ""min_close_pos"": 0.5, ""max_mcap"": 300000000.0}",False,"{""stop_pct"": 0.05, ""target_pct"": 0.15, ""max_hold_days"": 5}"
771,0.1815823605706874,-0.7868524381843389,-0.7902171584725554,0.5851519134748663,-0.022456107487972225,-4.824704140147633,0.22957198443579765,629,0.2082670906200318,-0.6579886116298419,-0.6639280183961584,0.6106185432677862,-0.018751716177535207,-5.189354999753564,0.26391096979332274,big_candle_maxvol,screen,"{""min_ret"": 0.3, ""min_close_pos"": 0.5, ""max_mcap"": 300000000.0}",False,"{""stop_pct"": 0.05, ""target_pct"": 0.15, ""max_hold_days"": 10}"
770,0.19220779220779222,-0.6445655947570603,-0.6909633173220346,0.7196542322796867,-0.014597164058973131,-2.458037836321498,0.2,629,0.20508744038155802,-0.3215344801812503,-0.37357639934844733,0.8411171184180052,-0.007514333022306228,-1.1655421351144395,0.22098569157392686,big_candle_maxvol,screen,"{""min_ret"": 0.3, ""min_close_pos"": 0.5, ""max_mcap"": 300000000.0}",False,"{""stop_pct"": 0.05, ""target_pct"": 0.4, ""max_hold_days"": 1}"
770,0.13636363636363635,-0.6593754529678919,-0.7228170429877598,0.7522659727001317,-0.015479054475474855,-2.2809560099902666,0.37142857142857144,629,0.1573926868044515,-0.3535396828549755,-0.42591138933613726,0.8389951033892113,-0.008479707159940779,-1.124657601105436,0.42289348171701113,big_candle_maxvol,screen,"{""min_ret"": 0.3, ""min_close_pos"": 0.5, ""max_mcap"": 300000000.0}",False,"{""stop_pct"": 0.05, ""target_pct"": 0.4, ""max_hold_days"": 3}"
770,0.12727272727272726,-0.6593306072648839,-0.7107464815545983,0.7523081481478403,-0.015528770602641488,-2.1872133167118837,0.4909090909090909,629,0.1478537360890302,-0.3873942750285819,-0.45807533314396265,0.8204147574930781,-0.009210587798971753,-1.2389185885932565,0.548489666136725,big_candle_maxvol,screen,"{""min_ret"": 0.3, ""min_close_pos"": 0.5, ""max_mcap"": 300000000.0}",False,"{""stop_pct"": 0.05, ""target_pct"": 0.4, ""max_hold_days"": 5}"
770,0.10909090909090909,-0.641329379309683,-0.7067447094427726,0.7713522094436829,-0.014953113438198674,-2.055894586426441,0.6844155844155844,628,0.12579617834394904,-0.4880302121814364,-0.5494313002413284,0.7649826521306454,-0.01157737770376311,-1.6781425358821767,0.7531847133757962,big_candle_maxvol,screen,"{""min_ret"": 0.3, ""min_close_pos"": 0.5, ""max_mcap"": 300000000.0}",False,"{""stop_pct"": 0.05, ""target_pct"": 0.4, ""max_hold_days"": 10}"
761,0.30486202365308807,0.10142650482232862,-0.570358652421472,1.0188572662718676,0.0006291122604671963,0.3641102479780682,0.48751642575558474,623,0.3258426966292135,0.5966397513112496,-0.38231901748097763,1.1490491106526732,0.008631747688234754,0.9058361541075696,0.5024077046548957,big_candle_maxvol,screen,"{""min_ret"": 0.3, ""min_close_pos"": 0.5, ""max_mcap"": 300000000.0}",False,"{""stop_pct"": 0.1, ""target_pct"": null, ""max_hold_days"": 1}"
754,0.2440318302387268,0.566121058758386,-0.6206606130447845,1.0692857989381148,0.010278356835699321,0.5793149172045142,1.16710875331565,613,0.24796084828711257,-0.45238726477615154,-0.5550351236186479,0.8423384693272125,-0.009507908112276163,-0.11426152844662575,1.2202283849918434,big_candle_maxvol,screen,"{""min_ret"": 0.3, ""min_close_pos"": 0.5, ""max_mcap"": 300000000.0}",False,"{""stop_pct"": 0.1, ""target_pct"": null, ""max_hold_days"": 3}"
745,0.22013422818791947,1.3080464877092766,-0.626856389661165,1.1358453142441962,0.018279395467249222,0.773991968910394,1.72751677852349,589,0.1969439728353141,-0.18442630355979195,-0.5519390269897456,0.944953602852034,-0.0013750332028073429,0.33591026486936226,1.7792869269949065,big_candle_maxvol,screen,"{""min_ret"": 0.3, ""min_close_pos"": 0.5, ""max_mcap"": 300000000.0}",False,"{""stop_pct"": 0.1, ""target_pct"": null, ""max_hold_days"": 5}"
704,0.19318181818181818,0.8685420510350912,-0.702834159164096,1.0918726178158276,0.021670602686745703,0.6927530901926131,2.946022727272727,521,0.14587332053742802,-0.6577572613312246,-0.711978892975887,0.7348735859269606,-0.01082152609606767,-0.5568048453002554,2.671785028790787,big_candle_maxvol,screen,"{""min_ret"": 0.3, ""min_close_pos"": 0.5, ""max_mcap"": 300000000.0}",False,"{""stop_pct"": 0.1, ""target_pct"": null, ""max_hold_days"": 10}"
771,0.33852140077821014,-0.7965049889224056,-0.8075208852102745,0.6660058436362827,-0.02313986379509745,-3.1361028060953093,0.25680933852140075,629,0.3656597774244833,-0.6298695146069138,-0.6621646010661362,0.7320616658081049,-0.017550663768687857,-2.853729519199225,0.26073131955484896,big_candle_maxvol,screen,"{""min_ret"": 0.3, ""min_close_pos"": 0.5, ""max_mcap"": 300000000.0}",False,"{""stop_pct"": 0.1, ""target_pct"": 0.15, ""max_hold_days"": 1}"
769,0.3342002600780234,-0.7601718075215813,-0.7734917355333981,0.7246073182659085,-0.021763614649341654,-2.3530948873930706,0.47464239271781533,629,0.35453100158982515,-0.7046301242648016,-0.7373599181663841,0.711431191504385,-0.02099399269432057,-3.1753551723552316,0.47058823529411764,big_candle_maxvol,screen,"{""min_ret"": 0.3, ""min_close_pos"": 0.5, ""max_mcap"": 300000000.0}",False,"{""stop_pct"": 0.1, ""target_pct"": 0.15, ""max_hold_days"": 3}"
768,0.3346354166666667,-0.745270515131446,-0.7587496061377825,0.7354524795924038,-0.021284448980394468,-2.2350233247773112,0.58984375,628,0.34394904458598724,-0.7120043067014634,-0.7435960460353489,0.7151069673314245,-0.02164849341338031,-3.2558810111636607,0.5939490445859873,big_candle_maxvol,screen,"{""min_ret"": 0.3, ""min_close_pos"": 0.5, ""max_mcap"": 300000000.0}",False,"{""stop_pct"": 0.1, ""target_pct"": 0.15, ""max_hold_days"": 5}"
767,0.34419817470664926,-0.7086955634260229,-0.7339563238496517,0.7582387505191607,-0.019405153116125902,-1.9909954733908035,0.7809647979139505,624,0.34455128205128205,-0.7072563125289554,-0.7416889938602096,0.7148298765881911,-0.02160660156492331,-3.1897953308913634,0.7708333333333334,big_candle_maxvol,screen,"{""min_ret"": 0.3, ""min_close_pos"": 0.5, ""max_mcap"": 300000000.0}",False,"{""stop_pct"": 0.1, ""target_pct"": 0.15, ""max_hold_days"": 10}"
767,0.30247718383311606,-0.5712434120767256,-0.6623527736047483,0.8305502311945027,-0.014439527850347392,-1.1095838780435086,0.4315514993481095,628,0.32961783439490444,0.00615052670252525,-0.3483014377386664,1.001780951842654,-0.0011624251815981733,0.2252224783307331,0.428343949044586,big_candle_maxvol,screen,"{""min_ret"": 0.3, ""min_close_pos"": 0.5, ""max_mcap"": 300000000.0}",False,"{""stop_pct"": 0.1, ""target_pct"": 0.4, ""max_hold_days"": 1}"
763,0.2621231979030144,-0.17826244518944212,-0.5207882301765471,0.9657410527565476,-0.008388212455671415,-0.0631459171587616,0.8925294888597641,621,0.27697262479871176,-0.14291116192452147,-0.4325629471721859,0.9611593450893285,-0.00355782557322107,-0.07494302742333392,0.8888888888888888,big_candle_maxvol,screen,"{""min_ret"": 0.3, ""min_close_pos"": 0.5, ""max_mcap"": 300000000.0}",False,"{""stop_pct"": 0.1, ""target_pct"": 0.4, ""max_hold_days"": 3}"
761,0.24441524310118265,-0.2610789922593493,-0.5744654512622577,0.9502953476503377,-0.009891372194073898,-0.19966779042437008,1.2089356110381078,615,0.24065040650406505,-0.37346846939276657,-0.49757953264419263,0.8882343355607338,-0.008736375503091818,-0.6772653494940307,1.1869918699186992,big_candle_maxvol,screen,"{""min_ret"": 0.3, ""min_close_pos"": 0.5, ""max_mcap"": 300000000.0}",False,"{""stop_pct"": 0.1, ""target_pct"": 0.4, ""max_hold_days"": 5}"
743,0.23553162853297444,-0.11822799901676806,-0.5349359385784875,0.9798631871418604,-0.007092083290532997,0.028742506169130266,1.749663526244953,590,0.22372881355932203,-0.45752143560347514,-0.5571325227310171,0.8504188415587004,-0.010950418188202322,-0.8992289711838326,1.6677966101694914,big_candle_maxvol,screen,"{""min_ret"": 0.3, ""min_close_pos"": 0.5, ""max_mcap"": 300000000.0}",False,"{""stop_pct"": 0.1, ""target_pct"": 0.4, ""max_hold_days"": 10}"
760,0.3526315789473684,-0.22183331258031191,-0.6794682237225559,0.9629723451508354,-0.0061395571074662645,0.206672434802425,0.8,621,0.3977455716586151,0.4525979512332883,-0.41736630044003276,1.1024065881106302,0.009129957094034013,0.7868763747381766,0.8341384863123994,big_candle_maxvol,screen,"{""min_ret"": 0.3, ""min_close_pos"": 0.5, ""max_mcap"": 300000000.0}",False,"{""stop_pct"": 0.2, ""target_pct"": null, ""max_hold_days"": 1}"
735,0.3401360544217687,0.5811080843453529,-0.6944108588019017,1.0520010536130604,0.013318927931994795,0.6069685308024654,2.072108843537415,584,0.3287671232876712,-0.6522767610765136,-0.6884638203502045,0.807638924566716,-0.015011026064294802,-0.4120532494964963,2.183219178082192,big_candle_maxvol,screen,"{""min_ret"": 0.3, ""min_close_pos"": 0.5, ""max_mcap"": 300000000.0}",False,"{""stop_pct"": 0.2, ""target_pct"": null, ""max_hold_days"": 3}"
687,0.3173216885007278,0.6552017124987257,-0.741855420079188,1.0540005588783292,0.021407010708420545,0.665336651652937,3.1673944687045124,511,0.2896281800391389,-0.12458584258900807,-0.6603617427340157,0.9736494661062189,0.003277987522335297,0.47106082239904545,3.2661448140900196,big_candle_maxvol,screen,"{""min_ret"": 0.3, ""min_close_pos"": 0.5, ""max_mcap"": 300000000.0}",False,"{""stop_pct"": 0.2, ""target_pct"": null, ""max_hold_days"": 5}"
566,0.30565371024734983,1.1231494425701771,-0.7822425675941241,1.1049245420758038,0.028906234228805092,0.7786778995473469,5.690812720848056,380,0.22894736842105262,-0.8900810528881218,-0.8964964412032019,0.5949846681748848,-0.05695242033191383,-1.971263967857728,5.184210526315789,big_candle_maxvol,screen,"{""min_ret"": 0.3, ""min_close_pos"": 0.5, ""max_mcap"": 300000000.0}",False,"{""stop_pct"": 0.2, ""target_pct"": null, ""max_hold_days"": 10}"
771,0.4176394293125811,-0.7388002127022023,-0.8162368176339905,0.7866021577461128,-0.020895064418427707,-2.095675637232109,0.5110246433203631,629,0.47217806041335453,-0.43445771320402815,-0.48448922624332036,0.8542326037225265,-0.009151927300920015,-1.2924095046108053,0.5119236883942766,big_candle_maxvol,screen,"{""min_ret"": 0.3, ""min_close_pos"": 0.5, ""max_mcap"": 300000000.0}",False,"{""stop_pct"": 0.2, ""target_pct"": 0.15, ""max_hold_days"": 1}"
763,0.4692005242463958,-0.7037784955231783,-0.828059387889043,0.8321671697717505,-0.02025326091742783,-1.5032355892917626,1.09043250327654,626,0.4968051118210863,-0.5795774942919631,-0.6223666767590228,0.8303527885010679,-0.012614813879953007,-1.778937662792881,1.0862619808306708,big_candle_maxvol,screen,"{""min_ret"": 0.3, ""min_close_pos"": 0.5, ""max_mcap"": 300000000.0}",False,"{""stop_pct"": 0.2, ""target_pct"": 0.15, ""max_hold_days"": 3}"
758,0.4815303430079156,-0.6961410377732851,-0.8143994446710745,0.8425038480883894,-0.02094934558842575,-1.4432119712568563,1.4696569920844327,607,0.5074135090609555,-0.5378639092140405,-0.5921690435846698,0.8587583820267791,-0.011786015602564067,-1.3826607175656644,1.485996705107084,big_candle_maxvol,screen,"{""min_ret"": 0.3, ""min_close_pos"": 0.5, ""max_mcap"": 300000000.0}",False,"{""stop_pct"": 0.2, ""target_pct"": 0.15, ""max_hold_days"": 5}"
729,0.5130315500685871,-0.43000393810538085,-0.709324571421059,0.9145310781477157,-0.013815891618586009,-0.4947552537722856,2.1042524005486967,569,0.5202108963093146,-0.07223703586182939,-0.5335314766546961,0.9876991387261225,0.003558583523858276,0.3031837027241346,2.024604569420035,big_candle_maxvol,screen,"{""min_ret"": 0.3, ""min_close_pos"": 0.5, ""max_mcap"": 300000000.0}",False,"{""stop_pct"": 0.2, ""target_pct"": 0.15, ""max_hold_days"": 10}"
767,0.35723598435462844,-0.6249415803697331,-0.7580463201907884,0.8567966063778456,-0.016741314349498174,-1.0716274004943478,0.7327249022164276,628,0.40764331210191085,0.15870448934935344,-0.3587785320727478,1.0388259435929688,0.003502137770396294,0.5435148532942096,0.7420382165605095,big_candle_maxvol,screen,"{""min_ret"": 0.3, ""min_close_pos"": 0.5, ""max_mcap"": 300000000.0}",False,"{""stop_pct"": 0.2, ""target_pct"": 0.4, ""max_hold_days"": 1}"
751,0.3648468708388815,-0.06353305291844769,-0.7057676331226193,0.9916524041336683,-0.006366493380366263,0.16449057876487924,1.696404793608522,608,0.37664473684210525,-0.10860654639568545,-0.5044733302897457,0.9790959685634447,0.0020212086983428072,0.09419446500208495,1.738486842105263,big_candle_maxvol,screen,"{""min_ret"": 0.3, ""min_close_pos"": 0.5, ""max_mcap"": 300000000.0}",False,"{""stop_pct"": 0.2, ""target_pct"": 0.4, ""max_hold_days"": 3}"
725,0.3641379310344828,0.1421946757629584,-0.6697771363970757,1.0169599946053713,-0.005218163601406949,0.3799868242593372,2.39448275862069,554,0.3447653429602888,-0.34316404216982543,-0.5649067321176542,0.9231654995995149,-0.0045589215964683535,-0.3784665287135329,2.453068592057762,big_candle_maxvol,screen,"{""min_ret"": 0.3, ""min_close_pos"": 0.5, ""max_mcap"": 300000000.0}",False,"{""stop_pct"": 0.2, ""target_pct"": 0.4, ""max_hold_days"": 5}"
664,0.37198795180722893,0.34863092235488,-0.6563587596380398,1.0392795918616757,0.001861561662031543,0.5593053272190087,3.6987951807228914,463,0.3434125269978402,-0.1950957462254973,-0.6266464835357302,0.9618590595797252,0.005410015999975621,0.2361834904240963,3.652267818574514,big_candle_maxvol,screen,"{""min_ret"": 0.3, ""min_close_pos"": 0.5, ""max_mcap"": 300000000.0}",False,"{""stop_pct"": 0.2, ""target_pct"": 0.4, ""max_hold_days"": 10}"
758,0.3627968337730871,-0.22076224259780253,-0.6868865789728511,0.9658958910626444,-0.0010864955161988873,0.2144019868446842,0.9920844327176781,618,0.4110032362459547,0.11335286126587296,-0.4430712975378366,1.0237543010401324,0.005667561628589563,0.4847484803119013,0.9967637540453075,big_candle_maxvol,screen,"{""min_ret"": 0.3, ""min_close_pos"": 0.5, ""max_mcap"": 300000000.0}",False,"{""stop_pct"": null, ""target_pct"": null, ""max_hold_days"": 1}"
716,0.39106145251396646,2.2215712857438326,-0.6297477769086174,1.155083996142431,0.026453175537945142,0.9323550540384827,2.9650837988826817,559,0.35778175313059035,-0.749102286757712,-0.749102286757712,0.7895450088533216,-0.021491879177057367,-0.6354340258447428,2.9749552772808587,big_candle_maxvol,screen,"{""min_ret"": 0.3, ""min_close_pos"": 0.5, ""max_mcap"": 300000000.0}",False,"{""stop_pct"": null, ""target_pct"": null, ""max_hold_days"": 3}"
615,0.3853658536585366,2.4967377664631134,-0.6106420890971376,1.163262629058516,0.04306981128657133,0.9710977609547609,4.944715447154471,439,0.3234624145785877,-0.6495598338172786,-0.7066330165299499,0.8422429367247966,-0.015467275714362313,-0.6806371906281098,4.927107061503417,big_candle_maxvol,screen,"{""min_ret"": 0.3, ""min_close_pos"": 0.5, ""max_mcap"": 300000000.0}",False,"{""stop_pct"": null, ""target_pct"": null, ""max_hold_days"": 5}"
413,0.37530266343825663,0.5734506253000322,-0.8017407448538661,1.070724376026936,0.03795009820939309,0.669201201323793,9.883777239709444,243,0.31275720164609055,-0.4220533773428744,-0.8167812425105789,0.9067941749196727,0.007304920263709774,0.2721466263116193,9.802469135802468,big_candle_maxvol,screen,"{""min_ret"": 0.3, ""min_close_pos"": 0.5, ""max_mcap"": 300000000.0}",False,"{""stop_pct"": null, ""target_pct"": null, ""max_hold_days"": 10}"
770,0.4597402597402597,-0.5197768286083486,-0.6517364783193227,0.8751682933864546,-0.013342408702117763,-1.1258072434448452,0.6636363636363637,628,0.5191082802547771,-0.1336288804563711,-0.3170509719252864,0.9643574363009519,-0.0019268427908869555,-0.16350907476606263,0.6337579617834395,big_candle_maxvol,screen,"{""min_ret"": 0.3, ""min_close_pos"": 0.5, ""max_mcap"": 300000000.0}",False,"{""stop_pct"": null, ""target_pct"": 0.15, ""max_hold_days"": 1}"
752,0.5545212765957447,0.056028836571914375,-0.6478264085049,1.0090476436158948,-0.005046619176748091,0.2762464259034794,1.7247340425531914,615,0.5707317073170731,-0.23134033483777616,-0.3580497617585473,0.9482426829809896,-0.002696843764164348,-0.28360627830938784,1.6422764227642277,big_candle_maxvol,screen,"{""min_ret"": 0.3, ""min_close_pos"": 0.5, ""max_mcap"": 300000000.0}",False,"{""stop_pct"": null, ""target_pct"": 0.15, ""max_hold_days"": 3}"
719,0.5869262865090403,0.5546040261284702,-0.5831059541929114,1.078766275340982,0.0018882911114933417,0.7729772287587237,2.6411682892906816,567,0.5837742504409171,-0.2713278446972559,-0.3903565533207056,0.9400015106606567,-0.005444431082847338,-0.31296049444055146,2.5379188712522045,big_candle_maxvol,screen,"{""min_ret"": 0.3, ""min_close_pos"": 0.5, ""max_mcap"": 300000000.0}",False,"{""stop_pct"": null, ""target_pct"": 0.15, ""max_hold_days"": 5}"
610,0.6327868852459017,0.41995093274686535,-0.5204433688255171,1.069830653984233,0.003984473871255844,0.6762497667880151,4.680327868852459,439,0.6378132118451025,1.6354439958639944,-0.3241030273985118,1.1709350792707418,0.026843215634592306,1.2635804472336272,4.403189066059226,big_candle_maxvol,screen,"{""min_ret"": 0.3, ""min_close_pos"": 0.5, ""max_mcap"": 300000000.0}",False,"{""stop_pct"": null, ""target_pct"": 0.15, ""max_hold_days"": 10}"
765,0.37777777777777777,-0.4144442785674981,-0.6160466736800422,0.9201116837561617,-0.011065366087092608,-0.4735575766427102,0.9098039215686274,627,0.42902711323763953,0.1757162670204171,-0.3789910590307727,1.0381500905362195,0.004127419101331907,0.5680656820718687,0.8931419457735247,big_candle_maxvol,screen,"{""min_ret"": 0.3, ""min_close_pos"": 0.5, ""max_mcap"": 300000000.0}",False,"{""stop_pct"": null, ""target_pct"": 0.4, ""max_hold_days"": 1}"
738,0.4281842818428184,1.792220008736038,-0.5423867313082317,1.1669522745465075,0.00858684811819675,1.2646073520541203,2.502710027100271,591,0.41455160744500846,0.06096140276412099,-0.529741884128269,1.0091345167356751,0.004072867121274526,0.4268353151885868,2.4416243654822334,big_candle_maxvol,screen,"{""min_ret"": 0.3, ""min_close_pos"": 0.5, ""max_mcap"": 300000000.0}",False,"{""stop_pct"": null, ""target_pct"": 0.4, ""max_hold_days"": 3}"
665,0.44360902255639095,3.565386545028421,-0.45707911025006753,1.278504421801225,0.02291450959118433,1.823562299726995,3.9338345864661655,490,0.38979591836734695,-0.48713300676818483,-0.5923380489004924,0.8925302394912519,-0.01111953290928025,-0.5953235860947163,3.8877551020408165,big_candle_maxvol,screen,"{""min_ret"": 0.3, ""min_close_pos"": 0.5, ""max_mcap"": 300000000.0}",False,"{""stop_pct"": null, ""target_pct"": 0.4, ""max_hold_days"": 5}"
498,0.46586345381526106,3.440786926137535,-0.44443560599512566,1.4136134386847687,0.04346493072033376,1.1050857499941353,7.335341365461847,319,0.4482758620689655,1.5685918450190175,-0.4180892951103593,1.166547313143566,0.04600054302305127,1.2250131541066482,6.952978056426332,big_candle_maxvol,screen,"{""min_ret"": 0.3, ""min_close_pos"": 0.5, ""max_mcap"": 300000000.0}",False,"{""stop_pct"": null, ""target_pct"": 0.4, ""max_hold_days"": 10}"
152,0.3355263157894737,0.4012868366571325,-0.13323681052400005,1.5069821299957182,0.03789209479868297,0.993460871250345,1.0,171,0.27485380116959063,-0.457886004497144,-0.560513343033557,0.5640103124931429,-0.0366311103263152,-2.0354746562947046,0.9941520467836257,first_green_day,screen,"{""min_ret"": 0.1, ""min_close_pos"": 0.8, ""beaten"": 0.5}",True,"{""stop_pct"": null, ""target_pct"": null, ""max_hold_days"": 1}"
159,0.34591194968553457,0.39898670859859653,-0.13478588719155637,1.4977696714122422,0.036977787660193454,0.9886056645870814,1.0,174,0.27011494252873564,-0.4619759939632234,-0.5638308298294745,0.5610708146497069,-0.036470130349297,-2.0590267215093427,0.9942528735632183,first_green_day,screen,"{""min_ret"": 0.1, ""min_close_pos"": 0.8, ""beaten"": 0.5}",False,"{""stop_pct"": null, ""target_pct"": null, ""max_hold_days"": 1}"
4546,0.274307083150022,-0.9916154877096011,-0.9919301362562625,0.7712056300462471,-0.010089628895056527,-3.649095226586656,0.47734271887373514,2477,0.2111425111021397,-0.994556434257085,-0.9952868741814234,0.36881295049998486,-0.021132004558001516,-10.245264825010638,0.3419459023011708,kr_screener_basic,screen,"{""min_ret"": 0.05, ""min_rvol"": 2, ""max_rsi"": 70}",False,"{""stop_pct"": 0.05, ""target_pct"": null, ""max_hold_days"": 1}"
2723,0.20712449504223282,-0.9660812120139043,-0.9704021362579816,0.80360035706137,-0.01160860232830014,-1.7700541275515003,0.9801689313257437,1642,0.15286236297198538,-0.9665468565811084,-0.9665468565811084,0.411402419631497,-0.021324759256129536,-4.782049060556353,0.6985383678440926,kr_screener_basic,screen,"{""min_ret"": 0.05, ""min_rvol"": 2, ""max_rsi"": 70}",False,"{""stop_pct"": 0.05, ""target_pct"": null, ""max_hold_days"": 3}"
2167,0.17212736502076603,-0.9078758618080537,-0.9247073661530661,0.7937128650408356,-0.009714912051973659,-1.1758538117518893,1.3617904937701892,1376,0.1184593023255814,-0.9212649272327009,-0.9212649272327009,0.5401512631000952,-0.018047660436317784,-2.9739604767640317,0.9375,kr_screener_basic,screen,"{""min_ret"": 0.05, ""min_rvol"": 2, ""max_rsi"": 70}",False,"{""stop_pct"": 0.05, ""target_pct"": null, ""max_hold_days"": 5}"
1587,0.13106490233144297,-0.8390683832001505,-0.8678068425263591,0.7673780608219339,-0.007315242933242659,-0.7333100410383417,2.0756143667296785,1080,0.0824074074074074,-0.9381244853225481,-0.9381244853225481,0.4470872395227116,-0.0266306116012228,-3.292332597328966,1.3564814814814814,kr_screener_basic,screen,"{""min_ret"": 0.05, ""min_rvol"": 2, ""max_rsi"": 70}",False,"{""stop_pct"": 0.05, ""target_pct"": null, ""max_hold_days"": 10}"
4476,0.2799374441465594,-0.9982286708879529,-0.9982719961734581,0.7222959193360359,-0.01503591319337107,-9.022944357596451,0.3867292225201072,2474,0.22150363783346808,-0.9964982077731884,-0.9964982077731884,0.3779559834519962,-0.0232601046804566,-16.702183387290344,0.24535165723524657,kr_screener_basic,screen,"{""min_ret"": 0.05, ""min_rvol"": 2, ""max_rsi"": 70}",False,"{""stop_pct"": 0.05, ""target_pct"": 0.15, ""max_hold_days"": 1}"
3073,0.24341034819394727,-0.9941021176439543,-0.9944379193660683,0.7365874775762642,-0.017610590444198434,-7.8793719897858585,0.6667751383013342,1883,0.19224641529474243,-0.989674075440897,-0.989674075440897,0.41373416844191463,-0.02494971431072748,-13.569538734847995,0.40467339352097714,kr_screener_basic,screen,"{""min_ret"": 0.05, ""min_rvol"": 2, ""max_rsi"": 70}",False,"{""stop_pct"": 0.05, ""target_pct"": 0.15, ""max_hold_days"": 3}"
2677,0.22749346283152783,-0.9894100984371155,-0.9898397198298845,0.753724691858399,-0.01795758536089071,-7.032440252648463,0.8401195367949197,1737,0.17731721358664365,-0.9892526932352042,-0.9892526932352042,0.4005411772613412,-0.02670320325450764,-13.149753540518438,0.4807138744962579,kr_screener_basic,screen,"{""min_ret"": 0.05, ""min_rvol"": 2, ""max_rsi"": 70}",False,"{""stop_pct"": 0.05, ""target_pct"": 0.15, ""max_hold_days"": 5}"
2315,0.20518358531317496,-0.9870037150332168,-0.9879757156773699,0.716580558521421,-0.019853619567764717,-7.022039380912289,1.0652267818574515,1614,0.17410161090458487,-0.9837473882179323,-0.9837473882179323,0.4203441654286041,-0.026329897726541,-11.98164735165962,0.5650557620817844,kr_screener_basic,screen,"{""min_ret"": 0.05, ""min_rvol"": 2, ""max_rsi"": 70}",False,"{""stop_pct"": 0.05, ""target_pct"": 0.15, ""max_hold_days"": 10}"
4509,0.2736748724772677,-0.9967002703500506,-0.9967995742296925,0.7564836961556866,-0.013125832650034978,-6.62928717623359,0.4630738522954092,2478,0.21105730427764327,-0.9949565470753815,-0.9952235879424831,0.380001161165977,-0.021461877798348464,-10.949671002279672,0.3220338983050847,kr_screener_basic,screen,"{""min_ret"": 0.05, ""min_rvol"": 2, ""max_rsi"": 70}",False,"{""stop_pct"": 0.05, ""target_pct"": 0.4, ""max_hold_days"": 1}"
2806,0.2091945830363507,-0.984394758987057,-0.9865836998700513,0.7887188070805313,-0.015360424805662033,-4.86437815433086,0.8970064148253742,1705,0.15953079178885632,-0.969611610506915,-0.9710054089110598,0.42953258656935295,-0.020813917338598407,-6.545764874536608,0.6064516129032258,kr_screener_basic,screen,"{""min_ret"": 0.05, ""min_rvol"": 2, ""max_rsi"": 70}",False,"{""stop_pct"": 0.05, ""target_pct"": 0.4, ""max_hold_days"": 3}"
2314,0.1815038893690579,-0.97340833226402,-0.9763928747947407,0.7600080511520265,-0.015935723110549596,-4.301466624931242,1.1888504753673292,1486,0.1278600269179004,-0.9654702050782168,-0.9654702050782168,0.47301978576112735,-0.022520043229615896,-6.717616591117417,0.7664872139973082,kr_screener_basic,screen,"{""min_ret"": 0.05, ""min_rvol"": 2, ""max_rsi"": 70}",False,"{""stop_pct"": 0.05, ""target_pct"": 0.4, ""max_hold_days"": 5}"
1817,0.14474408365437536,-0.9420033587886959,-0.9515870173999647,0.7546025327054382,-0.01577303486003041,-3.4652680170647723,1.6791414419372592,1267,0.11128650355169692,-0.9404664172181626,-0.9404664172181626,0.48665286829603877,-0.02260640908405288,-5.702438231529165,1.0165745856353592,kr_screener_basic,screen,"{""min_ret"": 0.05, ""min_rvol"": 2, ""max_rsi"": 70}",False,"{""stop_pct"": 0.05, ""target_pct"": 0.4, ""max_hold_days"": 10}"
4505,0.33851276359600446,-0.99665899334888,-0.9967384790613225,0.7802204587979416,-0.012183444438616183,-3.690099408863091,0.7398446170921199,2469,0.2956662616443904,-0.9963363429675481,-0.9966611654505525,0.45331442626061325,-0.022218673598199106,-6.688198092687707,0.6350749291211016,kr_screener_basic,screen,"{""min_ret"": 0.05, ""min_rvol"": 2, ""max_rsi"": 70}",False,"{""stop_pct"": 0.1, ""target_pct"": null, ""max_hold_days"": 1}"
2131,0.2965743782261849,-0.9596115258254573,-0.966063548671066,0.8270684082739814,-0.014270108571011754,-1.4129543484240363,1.667292351008916,1235,0.2437246963562753,-0.9153559134940796,-0.9167770916536377,0.6533866272631451,-0.016168244864833887,-1.915573929981585,1.4008097165991902,kr_screener_basic,screen,"{""min_ret"": 0.05, ""min_rvol"": 2, ""max_rsi"": 70}",False,"{""stop_pct"": 0.1, ""target_pct"": null, ""max_hold_days"": 3}"
1572,0.2582697201017812,-0.8969491253073837,-0.9120965064360143,0.8112070954932286,-0.00974462982980961,-0.7698292004932278,2.3536895674300253,921,0.21389793702497287,-0.7607127918048784,-0.7656346076129354,0.7672732157958194,-0.010671710609494784,-0.9785838541692206,2.014115092290988,kr_screener_basic,screen,"{""min_ret"": 0.05, ""min_rvol"": 2, ""max_rsi"": 70}",False,"{""stop_pct"": 0.1, ""target_pct"": null, ""max_hold_days"": 5}"
1067,0.20524835988753515,-0.9272267438487817,-0.9412460456294153,0.7120914072478068,-0.01861007713345099,-0.9941571607661024,3.6298031865042173,638,0.1614420062695925,-0.9214990180190196,-0.9233570882615818,0.5068037634093713,-0.03908640602668579,-2.3894365204859165,3.086206896551724,kr_screener_basic,screen,"{""min_ret"": 0.05, ""min_rvol"": 2, ""max_rsi"": 70}",False,"{""stop_pct"": 0.1, ""target_pct"": null, ""max_hold_days"": 10}"
4393,0.352151149556112,-0.99895163936254,-0.9989733160401326,0.7352613367017178,-0.016641524273288504,-7.6707965170477825,0.6191668563623948,2463,0.3174989849776695,-0.9976659698037312,-0.9976878306008647,0.49070786057103793,-0.02460087477690051,-9.48479359375977,0.49086479902557856,kr_screener_basic,screen,"{""min_ret"": 0.05, ""min_rvol"": 2, ""max_rsi"": 70}",False,"{""stop_pct"": 0.1, ""target_pct"": 0.15, ""max_hold_days"": 1}"
2476,0.3550080775444265,-0.9937619676943903,-0.9940986308370511,0.7694314527337879,-0.021739908004007418,-6.041925915944569,1.1760904684975768,1477,0.32498307379823965,-0.9795326487167392,-0.9799580670021691,0.5869641132552323,-0.026419483881176778,-6.021668202847612,0.8821936357481381,kr_screener_basic,screen,"{""min_ret"": 0.05, ""min_rvol"": 2, ""max_rsi"": 70}",False,"{""stop_pct"": 0.1, ""target_pct"": 0.15, ""max_hold_days"": 3}"
2033,0.34776192818494833,-0.9847843256250511,-0.9854415568199655,0.7724715238052723,-0.022206885493818364,-4.9255871648407075,1.4948352188883423,1262,0.31774960380348655,-0.9569417506930208,-0.9584213451468806,0.6191782108881834,-0.025320761350273488,-4.5884223986814145,1.0958795562599049,kr_screener_basic,screen,"{""min_ret"": 0.05, ""min_rvol"": 2, ""max_rsi"": 70}",False,"{""stop_pct"": 0.1, ""target_pct"": 0.15, ""max_hold_days"": 5}"
1639,0.34594264795607077,-0.9698372453536545,-0.9715782126399767,0.7432685436753084,-0.022537035717231254,-4.243651608116655,1.9627821842586943,1070,0.3168224299065421,-0.9614880974150403,-0.9623320022844263,0.5636588987387435,-0.03074001942264968,-6.728788918724337,1.3822429906542055,kr_screener_basic,screen,"{""min_ret"": 0.05, ""min_rvol"": 2, ""max_rsi"": 70}",False,"{""stop_pct"": 0.1, ""target_pct"": 0.15, ""max_hold_days"": 10}"
4445,0.33993250843644546,-0.9983181426244743,-0.9983581556042974,0.7522127327873062,-0.0148507924397238,-5.943737258321969,0.7194600674915635,2475,0.296969696969697,-0.9961644081957873,-0.9962622507587504,0.4802556522519333,-0.022234778316327555,-7.40137145086018,0.6032323232323232,kr_screener_basic,screen,"{""min_ret"": 0.05, ""min_rvol"": 2, ""max_rsi"": 70}",False,"{""stop_pct"": 0.1, ""target_pct"": 0.4, ""max_hold_days"": 1}"
2212,0.2988245931283906,-0.979370633195643,-0.9837650709554188,0.8223177125760813,-0.01839314891997421,-3.599012082755952,1.5320976491862568,1305,0.25593869731800767,-0.9228125597731144,-0.9241085404939291,0.6783853838601898,-0.01829368378175231,-2.5340100149014493,1.2168582375478927,kr_screener_basic,screen,"{""min_ret"": 0.05, ""min_rvol"": 2, ""max_rsi"": 70}",False,"{""stop_pct"": 0.1, ""target_pct"": 0.4, ""max_hold_days"": 3}"
1688,0.28199052132701424,-0.914858365463682,-0.9216916344422726,0.8359003304933609,-0.01413429630376018,-1.4559778627344544,2.0859004739336493,1040,0.2375,-0.8282006433782398,-0.8317816062974881,0.7802119471282516,-0.01518187760164371,-2.1075291445140336,1.6173076923076923,kr_screener_basic,screen,"{""min_ret"": 0.05, ""min_rvol"": 2, ""max_rsi"": 70}",False,"{""stop_pct"": 0.1, ""target_pct"": 0.4, ""max_hold_days"": 5}"
1211,0.2336911643270025,-0.8677054946767937,-0.9045339604042593,0.789921090152011,-0.014272114190260272,-1.1344799757039354,3.0668868703550785,782,0.20588235294117646,-0.9242017300558337,-0.9262929871289357,0.6388711210306572,-0.03067845490220087,-4.392317145056488,2.3069053708439897,kr_screener_basic,screen,"{""min_ret"": 0.05, ""min_rvol"": 2, ""max_rsi"": 70}",False,"{""stop_pct"": 0.1, ""target_pct"": 0.4, ""max_hold_days"": 10}"
4522,0.36178681999115436,-0.9953830861593713,-0.9954848973989151,0.8216088490117921,-0.011102765317869343,-2.9424146058418663,0.9296771340114993,2466,0.33738848337388483,-0.9965830697377074,-0.9969200374800294,0.4873157906206414,-0.021850299240526283,-5.584329121909642,0.8872668288726683,kr_screener_basic,screen,"{""min_ret"": 0.05, ""min_rvol"": 2, ""max_rsi"": 70}",False,"{""stop_pct"": 0.2, ""target_pct"": null, ""max_hold_days"": 1}"
1741,0.3463526708788053,-0.9579678375957504,-0.9650746723015442,0.8477068002801107,-0.013288190509087135,-1.2062323341088343,2.443423319931074,958,0.31315240083507306,-0.9106100728643873,-0.9106100728643873,0.7099343568377394,-0.020723383804049336,-1.4825790648491453,2.2849686847599164,kr_screener_basic,screen,"{""min_ret"": 0.05, ""min_rvol"": 2, ""max_rsi"": 70}",False,"{""stop_pct"": 0.2, ""target_pct"": null, ""max_hold_days"": 3}"
1156,0.3391003460207612,-0.9095419561749934,-0.9188169938408717,0.8071055945001183,-0.010565527564191126,-0.6363826359517419,3.698961937716263,659,0.2701062215477997,-0.9141667467209129,-0.9141667467209129,0.6047632204130367,-0.034098445914075175,-1.983122461230799,3.3414264036418815,kr_screener_basic,screen,"{""min_ret"": 0.05, ""min_rvol"": 2, ""max_rsi"": 70}",False,"{""stop_pct"": 0.2, ""target_pct"": null, ""max_hold_days"": 5}"
670,0.31492537313432833,-0.4722454799978518,-0.761776440935565,0.906371465240044,0.008313284231835949,0.028810544427871426,6.517910447761194,413,0.2179176755447942,-0.9682440233615325,-0.9684833195634897,0.39078594703163927,-0.08893890354982942,-3.4226725829029787,5.4358353510895885,kr_screener_basic,screen,"{""min_ret"": 0.05, ""min_rvol"": 2, ""max_rsi"": 70}",False,"{""stop_pct"": 0.2, ""target_pct"": null, ""max_hold_days"": 10}"
4478,0.38186690486824476,-0.998217028661268,-0.998250807879725,0.807136038097487,-0.014839802235364817,-5.636002668290868,0.7943278249218401,2476,0.37318255250403876,-0.996479327800451,-0.9965930702756268,0.5390993360458096,-0.022423356424130552,-7.099199411250147,0.7180936995153473,kr_screener_basic,screen,"{""min_ret"": 0.05, ""min_rvol"": 2, ""max_rsi"": 70}",False,"{""stop_pct"": 0.2, ""target_pct"": 0.15, ""max_hold_days"": 1}"
2061,0.4342552159146046,-0.9810460720893844,-0.9875135225310923,0.8497428726380386,-0.020126838557406507,-3.9144351076822668,1.7588549247937895,1177,0.43500424808836025,-0.9603498091752429,-0.9615972304885795,0.5907445224055798,-0.026450514224910456,-4.623556084067407,1.4885301614273576,kr_screener_basic,screen,"{""min_ret"": 0.05, ""min_rvol"": 2, ""max_rsi"": 70}",False,"{""stop_pct"": 0.2, ""target_pct"": 0.15, ""max_hold_days"": 3}"
1513,0.46133509583608723,-0.9377311517030097,-0.9572525812910174,0.844696804126618,-0.019109578959565426,-2.85306957266572,2.472571050892267,918,0.4335511982570806,-0.9339078911386761,-0.9339078911386761,0.6316485057006903,-0.029007205518330633,-3.694566413247494,1.9803921568627452,kr_screener_basic,screen,"{""min_ret"": 0.05, ""min_rvol"": 2, ""max_rsi"": 70}",False,"{""stop_pct"": 0.2, ""target_pct"": 0.15, ""max_hold_days"": 5}"
1089,0.4719926538108356,-0.8894900135519181,-0.9148235498914524,0.8263800710787924,-0.02197046857229244,-2.0422394984535686,3.516988062442608,662,0.4622356495468278,-0.9074163621919556,-0.9074163621919556,0.627323317684753,-0.03425680766245948,-3.880929551760368,2.9365558912386707,kr_screener_basic,screen,"{""min_ret"": 0.05, ""min_rvol"": 2, ""max_rsi"": 70}",False,"{""stop_pct"": 0.2, ""target_pct"": 0.15, ""max_hold_days"": 10}"
4497,0.3642428285523682,-0.9967528559660171,-0.9968244613219949,0.8094884817161452,-0.01293752618756946,-4.335113501370855,0.9063820324660885,2473,0.33926405175899715,-0.9964770773804679,-0.9967171235813196,0.49772798895143894,-0.022071022341382782,-6.230444445329527,0.8524059846340477,kr_screener_basic,screen,"{""min_ret"": 0.05, ""min_rvol"": 2, ""max_rsi"": 70}",False,"{""stop_pct"": 0.2, ""target_pct"": 0.4, ""max_hold_days"": 1}"
1804,0.3553215077605322,-0.9699780301757633,-0.9747705672158313,0.8488021585652324,-0.018690404345602502,-2.7764928544272798,2.2644124168514415,1014,0.33136094674556216,-0.8735693108810305,-0.8735693108810305,0.7597020504327052,-0.017940006300520974,-1.825590338251463,2.0187376725838266,kr_screener_basic,screen,"{""min_ret"": 0.05, ""min_rvol"": 2, ""max_rsi"": 70}",False,"{""stop_pct"": 0.2, ""target_pct"": 0.4, ""max_hold_days"": 3}"
1239,0.3648103309120258,-0.9191563139495804,-0.9333887619449198,0.8405332436712788,-0.015058439117827905,-1.291025123529588,3.331719128329298,736,0.3070652173913043,-0.9317691771642174,-0.9317691771642174,0.6021334268281833,-0.03358773616661849,-3.416795235860523,2.813858695652174,kr_screener_basic,screen,"{""min_ret"": 0.05, ""min_rvol"": 2, ""max_rsi"": 70}",False,"{""stop_pct"": 0.2, ""target_pct"": 0.4, ""max_hold_days"": 5}"
788,0.35152284263959394,-0.6599112276183537,-0.7618163288375916,0.8876500502542901,-0.006436586285060624,-0.3776225283866472,5.33248730964467,490,0.3,-0.920957861367505,-0.920957861367505,0.5515184242897422,-0.04974124641518801,-4.219087167597195,4.3795918367346935,kr_screener_basic,screen,"{""min_ret"": 0.05, ""min_rvol"": 2, ""max_rsi"": 70}",False,"{""stop_pct"": 0.2, ""target_pct"": 0.4, ""max_hold_days"": 10}"
4510,0.3665188470066519,-0.9954162945668503,-0.9955173735013857,0.8005368946506852,-0.010969696205529308,-2.833725213539215,0.9977827050997783,2450,0.3461224489795918,-0.9975198853954227,-0.9975340701696344,0.506450715774086,-0.022801089978929212,-5.737448414858198,0.9959183673469387,kr_screener_basic,screen,"{""min_ret"": 0.05, ""min_rvol"": 2, ""max_rsi"": 70}",False,"{""stop_pct"": null, ""target_pct"": null, ""max_hold_days"": 1}"
1562,0.36683738796414855,-0.9717801829735625,-0.9793319281680016,0.8396649855949102,-0.018096910290094696,-1.347418320537754,2.9878361075544175,836,0.3696172248803828,-0.8709808560877579,-0.8958342968676789,0.7797706406646967,-0.02258687466371525,-1.4563492262373794,2.973684210526316,kr_screener_basic,screen,"{""min_ret"": 0.05, ""min_rvol"": 2, ""max_rsi"": 70}",False,"{""stop_pct"": null, ""target_pct"": null, ""max_hold_days"": 3}"
940,0.3893617021276596,-0.7365874732962727,-0.8436304393576681,0.8665470437284376,-0.004117477885878618,-0.42621639702498393,4.973404255319149,500,0.33,-0.9129134408470788,-0.915461340276877,0.6155063776508137,-0.04559454413557153,-2.2538394255198577,4.98,kr_screener_basic,screen,"{""min_ret"": 0.05, ""min_rvol"": 2, ""max_rsi"": 70}",False,"{""stop_pct"": null, ""target_pct"": null, ""max_hold_days"": 5}"
470,0.4,-0.46842208239303884,-0.8498238758039585,0.8482045307980234,-0.0007891044741842404,-0.10724861621850086,9.946808510638299,250,0.328,-0.9142692921867449,-0.918003241992243,0.39343353455962077,-0.09203568418381315,-2.1477524342538508,9.96,kr_screener_basic,screen,"{""min_ret"": 0.05, ""min_rvol"": 2, ""max_rsi"": 70}",False,"{""stop_pct"": null, ""target_pct"": null, ""max_hold_days"": 10}"
4509,0.39654025282767796,-0.9959118168868784,-0.9959892694109151,0.8226940453789631,-0.01215614529974674,-4.589217782569142,0.8542914171656687,2485,0.3963782696177062,-0.9913911025157797,-0.9917536711955025,0.5984092155633611,-0.01865592290829619,-5.998330614705714,0.8088531187122736,kr_screener_basic,screen,"{""min_ret"": 0.05, ""min_rvol"": 2, ""max_rsi"": 70}",False,"{""stop_pct"": null, ""target_pct"": 0.15, ""max_hold_days"": 1}"
1879,0.4795103778605641,-0.9214476340891079,-0.9530348458538939,0.8772421024864542,-0.013045396768494281,-2.295486950781454,2.1527408195848854,1029,0.4956268221574344,-0.8568617720662188,-0.8618581073929539,0.7067702745419826,-0.016238258020350605,-2.4042257125983153,2.0291545189504374,kr_screener_basic,screen,"{""min_ret"": 0.05, ""min_rvol"": 2, ""max_rsi"": 70}",False,"{""stop_pct"": null, ""target_pct"": 0.15, ""max_hold_days"": 3}"
1262,0.5198098256735341,-0.8247396966812601,-0.8771003035443051,0.8614034712159504,-0.011076982929910667,-1.562809853118621,3.2987321711568938,708,0.5127118644067796,-0.8144036696900673,-0.8157540809779115,0.7261479724733696,-0.020929352909561886,-2.26874206957377,3.060734463276836,kr_screener_basic,screen,"{""min_ret"": 0.05, ""min_rvol"": 2, ""max_rsi"": 70}",False,"{""stop_pct"": null, ""target_pct"": 0.15, ""max_hold_days"": 5}"
739,0.5588633288227334,-0.7997972084654107,-0.8515822343773812,0.7900611919689587,-0.018587983530135264,-1.5157076674584302,5.848443843031123,410,0.5609756097560976,-0.7678346333910067,-0.7684131941846724,0.6581148850184797,-0.030110528636294098,-2.0584730074818514,5.556097560975609,kr_screener_basic,screen,"{""min_ret"": 0.05, ""min_rvol"": 2, ""max_rsi"": 70}",False,"{""stop_pct"": null, ""target_pct"": 0.15, ""max_hold_days"": 10}"
4497,0.37046920169001557,-0.995961526698315,-0.9960505822854239,0.802694666785523,-0.012020245074278698,-3.8939806300292186,0.9724260618189904,2465,0.3509127789046653,-0.9962883973027858,-0.9966413425299914,0.523770401090744,-0.021877381217605556,-5.919879302389239,0.9565922920892495,kr_screener_basic,screen,"{""min_ret"": 0.05, ""min_rvol"": 2, ""max_rsi"": 70}",False,"{""stop_pct"": null, ""target_pct"": 0.4, ""max_hold_days"": 1}"
1630,0.3754601226993865,-0.9719842931179197,-0.9754189941166763,0.8016238476258464,-0.020502238866866966,-2.6036949768517204,2.76319018404908,888,0.3704954954954955,-0.819783058637962,-0.819783058637962,0.782607150780994,-0.01561665836475227,-1.7160683599284257,2.6587837837837838,kr_screener_basic,screen,"{""min_ret"": 0.05, ""min_rvol"": 2, ""max_rsi"": 70}",False,"{""stop_pct"": null, ""target_pct"": 0.4, ""max_hold_days"": 3}"
1011,0.4025717111770524,-0.8136258271928375,-0.8746501350639923,0.877382347399004,-0.008789651066109998,-0.7229415928053017,4.482690405539071,560,0.3607142857142857,-0.785089398835827,-0.785089398835827,0.7718389162677614,-0.023167410494937417,-1.4812379288367608,4.255357142857143,kr_screener_basic,screen,"{""min_ret"": 0.05, ""min_rvol"": 2, ""max_rsi"": 70}",False,"{""stop_pct"": null, ""target_pct"": 0.4, ""max_hold_days"": 5}"
542,0.3985239852398524,-0.6685769122603882,-0.7644004636992449,0.8619704294110955,-0.007089737392903187,-0.38998027184650996,8.42988929889299,299,0.3779264214046823,-0.7964757087973249,-0.7964757087973249,0.6162437804835112,-0.04723798428214363,-2.168538162263544,8.096989966555183,kr_screener_basic,screen,"{""min_ret"": 0.05, ""min_rvol"": 2, ""max_rsi"": 70}",False,"{""stop_pct"": null, ""target_pct"": 0.4, ""max_hold_days"": 10}"
4645,0.2723358449946179,-0.992084468252653,-0.9923610255034755,0.788945757502077,-0.009983663350664022,-3.600686856465438,0.4469321851453176,2498,0.20936749399519616,-0.9836156659137049,-0.9854892622087008,0.5050278572622366,-0.01590810344498331,-4.426276495967724,0.32506004803843075,kr_screener_basic,screen,"{""min_ret"": 0.05, ""min_rvol"": 2, ""max_rsi"": 80}",False,"{""stop_pct"": 0.05, ""target_pct"": null, ""max_hold_days"": 1}"
2806,0.19208838203848896,-0.9817768210261336,-0.9851634523011801,0.7924758009043374,-0.013580273780202406,-2.1208633767548766,0.9123307198859587,1671,0.14661879114302812,-0.9473205465556678,-0.9473205465556678,0.5809466387605876,-0.017802167722153664,-2.2908276886191263,0.6702573309395572,kr_screener_basic,screen,"{""min_ret"": 0.05, ""min_rvol"": 2, ""max_rsi"": 80}",False,"{""stop_pct"": 0.05, ""target_pct"": null, ""max_hold_days"": 3}"
2278,0.16242317822651448,-0.9298781522588481,-0.9581397596863411,0.8460008322506882,-0.009409546326186551,-1.3887572711063665,1.2436347673397716,1402,0.11982881597717546,-0.8482673265719675,-0.8482673265719675,0.6951944195720867,-0.013109876965045852,-1.15188558782112,0.9065620542082738,kr_screener_basic,screen,"{""min_ret"": 0.05, ""min_rvol"": 2, ""max_rsi"": 80}",False,"{""stop_pct"": 0.05, ""target_pct"": null, ""max_hold_days"": 5}"
1715,0.11778425655976676,-0.9023136779667142,-0.9105215942651652,0.7398622606080166,-0.010391697767655575,-0.8730603254704713,1.839067055393586,1074,0.0856610800744879,-0.9185414670303855,-0.9185414670303855,0.5483728809007501,-0.023012526641636118,-1.8328856146956773,1.3845437616387337,kr_screener_basic,screen,"{""min_ret"": 0.05, ""min_rvol"": 2, ""max_rsi"": 80}",False,"{""stop_pct"": 0.05, ""target_pct"": null, ""max_hold_days"": 10}"
4534,0.28054697838553155,-0.998353409707663,-0.998405918853752,0.7343231538657505,-0.015013158836206731,-9.089802455420827,0.34053815615350685,2488,0.22106109324758844,-0.9949632194685349,-0.9949632194685349,0.48615683550305266,-0.021578315769191735,-14.186704883387813,0.21583601286173634,kr_screener_basic,screen,"{""min_ret"": 0.05, ""min_rvol"": 2, ""max_rsi"": 80}",False,"{""stop_pct"": 0.05, ""target_pct"": 0.15, ""max_hold_days"": 1}"
3231,0.2404828226555246,-0.9932790971508719,-0.9935383041620843,0.7625959308799194,-0.016508470925747542,-7.1523779000557095,0.5762921696069329,1956,0.19683026584867075,-0.9887726632688507,-0.9887726632688507,0.5147880607619341,-0.023303149430175977,-12.508655451262953,0.34611451942740284,kr_screener_basic,screen,"{""min_ret"": 0.05, ""min_rvol"": 2, ""max_rsi"": 80}",False,"{""stop_pct"": 0.05, ""target_pct"": 0.15, ""max_hold_days"": 3}"
2868,0.23291492329149233,-0.9889157825908627,-0.9896050488836031,0.7760029888455313,-0.016818155779566836,-6.58596031284772,0.7193165969316597,1808,0.1886061946902655,-0.9857074606211602,-0.9857074606211602,0.5268647886092871,-0.02393905241146062,-11.471178823361752,0.4186946902654867,kr_screener_basic,screen,"{""min_ret"": 0.05, ""min_rvol"": 2, ""max_rsi"": 80}",False,"{""stop_pct"": 0.05, ""target_pct"": 0.15, ""max_hold_days"": 5}"
2510,0.21593625498007968,-0.9845401940626654,-0.9848275979390475,0.7469539366196407,-0.017664089219678564,-6.344553041824913,0.9115537848605577,1675,0.18388059701492537,-0.9795528446112312,-0.9795528446112312,0.5346122170333227,-0.02369292579182801,-10.734045180415325,0.5074626865671642,kr_screener_basic,screen,"{""min_ret"": 0.05, ""min_rvol"": 2, ""max_rsi"": 80}",False,"{""stop_pct"": 0.05, ""target_pct"": 0.15, ""max_hold_days"": 10}"
4616,0.27274696707105717,-0.9960991724590924,-0.9962354617413642,0.790692714587086,-0.012387348346050823,-6.206475729722779,0.42829289428076256,2492,0.2102728731942215,-0.9906191206608125,-0.9908831580611789,0.5055300945932533,-0.018655871082677928,-9.106411742816368,0.29935794542536115,kr_screener_basic,screen,"{""min_ret"": 0.05, ""min_rvol"": 2, ""max_rsi"": 80}",False,"{""stop_pct"": 0.05, ""target_pct"": 0.4, ""max_hold_days"": 1}"
2899,0.19834425664022076,-0.9824103582892687,-0.9845465348265776,0.8088723468594415,-0.014033831486878113,-4.489416931714412,0.8251121076233184,1751,0.15305539691604797,-0.9631674742853406,-0.9631674742853406,0.5838083006000002,-0.018727908033429407,-5.852515893414952,0.5551113649343232,kr_screener_basic,screen,"{""min_ret"": 0.05, ""min_rvol"": 2, ""max_rsi"": 80}",False,"{""stop_pct"": 0.05, ""target_pct"": 0.4, ""max_hold_days"": 3}"
2449,0.17803184973458555,-0.9671746994441341,-0.974878296897048,0.8202686261827864,-0.0136170646236141,-3.8462949573838547,1.0632911392405062,1528,0.13219895287958114,-0.9533104848019994,-0.9533104848019994,0.5839298566944149,-0.019954970049665087,-5.474204690568326,0.7198952879581152,kr_screener_basic,screen,"{""min_ret"": 0.05, ""min_rvol"": 2, ""max_rsi"": 80}",False,"{""stop_pct"": 0.05, ""target_pct"": 0.4, ""max_hold_days"": 5}"
1970,0.14263959390862943,-0.9423824772192789,-0.9462518883600757,0.7541016210870803,-0.014327642950238827,-3.311867700794223,1.4690355329949238,1285,0.11206225680933853,-0.9363752911226271,-0.9363752911226271,0.5872902317099167,-0.02097545931259112,-5.207613539360528,0.9914396887159533,kr_screener_basic,screen,"{""min_ret"": 0.05, ""min_rvol"": 2, ""max_rsi"": 80}",False,"{""stop_pct"": 0.05, ""target_pct"": 0.4, ""max_hold_days"": 10}"
4557,0.3412332675005486,-0.9982219046857638,-0.9982779020890633,0.7895074897838384,-0.013193755371008807,-3.893281450692382,0.7039719113451832,2492,0.30296950240770465,-0.9879951122624682,-0.9890840632692532,0.5563052848996084,-0.016071360889903342,-3.744816702130818,0.6131621187800963,kr_screener_basic,screen,"{""min_ret"": 0.05, ""min_rvol"": 2, ""max_rsi"": 80}",False,"{""stop_pct"": 0.1, ""target_pct"": null, ""max_hold_days"": 1}"
2212,0.28119349005424954,-0.9722129272322995,-0.9790685625694933,0.8345586360571193,-0.015044816163117189,-1.4840789429677692,1.5465641952983724,1260,0.2492063492063492,-0.8329662084458089,-0.8330562945491606,0.7820425323967063,-0.01183468682674639,-0.8463438715325866,1.353968253968254,kr_screener_basic,screen,"{""min_ret"": 0.05, ""min_rvol"": 2, ""max_rsi"": 80}",False,"{""stop_pct"": 0.1, ""target_pct"": null, ""max_hold_days"": 3}"
1646,0.25820170109356017,-0.9054827038097343,-0.9178300572265441,0.835022178046433,-0.007607703170016488,-0.6761770962290202,2.1822600243013364,951,0.19873817034700317,-0.7549976882647316,-0.755129825022037,0.8060865317633484,-0.012332924836455067,-0.4486984821889487,1.900105152471083,kr_screener_basic,screen,"{""min_ret"": 0.05, ""min_rvol"": 2, ""max_rsi"": 80}",False,"{""stop_pct"": 0.1, ""target_pct"": null, ""max_hold_days"": 5}"
1135,0.1947136563876652,-0.9042466524168072,-0.935837444665895,0.7004837540876807,-0.018550160699360028,-0.6943187909024308,3.3251101321585903,680,0.1588235294117647,-0.9233594471081019,-0.9234007815512976,0.5591749698254967,-0.034383932948919026,-2.416509116681836,2.835294117647059,kr_screener_basic,screen,"{""min_ret"": 0.05, ""min_rvol"": 2, ""max_rsi"": 80}",False,"{""stop_pct"": 0.1, ""target_pct"": null, ""max_hold_days"": 10}"
4443,0.36101733063245556,-0.9992241043517196,-0.9992461617841828,0.7600362445823668,-0.016977900970252164,-7.048575889835194,0.5629079450821517,2488,0.3271704180064309,-0.9964438850064824,-0.9964792096058076,0.5912625383361525,-0.022274302543324496,-7.932273751941083,0.44855305466237944,kr_screener_basic,screen,"{""min_ret"": 0.05, ""min_rvol"": 2, ""max_rsi"": 80}",False,"{""stop_pct"": 0.1, ""target_pct"": 0.15, ""max_hold_days"": 1}"
2636,0.3550834597875569,-0.9928057548255595,-0.993675229849163,0.7989566262734907,-0.0199108440323194,-5.209370093241257,1.0144157814871018,1542,0.3417639429312581,-0.9760421559336311,-0.9766964127570443,0.627986044887665,-0.023955887768843203,-6.594711304819525,0.7872892347600519,kr_screener_basic,screen,"{""min_ret"": 0.05, ""min_rvol"": 2, ""max_rsi"": 80}",False,"{""stop_pct"": 0.1, ""target_pct"": 0.15, ""max_hold_days"": 3}"
2244,0.35472370766488415,-0.9857643144704619,-0.986549947356798,0.7850374253743544,-0.019923651902413148,-4.365597803713157,1.2428698752228164,1324,0.3330815709969788,-0.9614968177041664,-0.9625718748680965,0.6492423041011772,-0.024118664865142907,-5.527644306604381,0.9977341389728097,kr_screener_basic,screen,"{""min_ret"": 0.05, ""min_rvol"": 2, ""max_rsi"": 80}",False,"{""stop_pct"": 0.1, ""target_pct"": 0.15, ""max_hold_days"": 5}"
1853,0.3524015110631408,-0.9691988905831211,-0.9713231740641923,0.8035475184420484,-0.019815779136612192,-3.7452339254677596,1.6076632487857527,1148,0.3205574912891986,-0.9595824078393423,-0.9613508099194233,0.6271583208633887,-0.02740445366509641,-5.532320392189844,1.2151567944250872,kr_screener_basic,screen,"{""min_ret"": 0.05, ""min_rvol"": 2, ""max_rsi"": 80}",False,"{""stop_pct"": 0.1, ""target_pct"": 0.15, ""max_hold_days"": 10}"
4522,0.3423264042459089,-0.998727928486948,-0.9987679897260571,0.7900931176021526,-0.015064957971057107,-5.280714847022065,0.6789031402034498,2492,0.30497592295345105,-0.992268126400412,-0.9927157284967256,0.5963045870258549,-0.01836156359015589,-5.860589003355648,0.5730337078651685,kr_screener_basic,screen,"{""min_ret"": 0.05, ""min_rvol"": 2, ""max_rsi"": 80}",False,"{""stop_pct"": 0.1, ""target_pct"": 0.4, ""max_hold_days"": 1}"
2321,0.2886686772942697,-0.9759036874944951,-0.9822824653937581,0.8387426949696739,-0.016156389274560076,-2.759501279295068,1.3744075829383886,1343,0.2665673864482502,-0.9157522612544529,-0.9187762391539288,0.7440276967410095,-0.016561973899021344,-2.6982111460213787,1.150409530900968,kr_screener_basic,screen,"{""min_ret"": 0.05, ""min_rvol"": 2, ""max_rsi"": 80}",False,"{""stop_pct"": 0.1, ""target_pct"": 0.4, ""max_hold_days"": 3}"
1802,0.2746947835738069,-0.9280056367204215,-0.9391044326385358,0.8535298682524589,-0.012015612612131781,-1.4830777894280447,1.8695893451720311,1077,0.2395543175487465,-0.9189508127600814,-0.9222393188135147,0.7176195871731901,-0.020537831193076124,-3.528261180681535,1.5255338904363973,kr_screener_basic,screen,"{""min_ret"": 0.05, ""min_rvol"": 2, ""max_rsi"": 80}",False,"{""stop_pct"": 0.1, ""target_pct"": 0.4, ""max_hold_days"": 5}"
1354,0.22673559822747416,-0.9212659242312108,-0.9482641494594356,0.7899188608513685,-0.014949107426894719,-1.4412273512679223,2.6285081240768093,839,0.20023837902264602,-0.9316339043063165,-0.9340878284772139,0.6647657968357764,-0.03027196686106966,-4.270586738528565,2.071513706793802,kr_screener_basic,screen,"{""min_ret"": 0.05, ""min_rvol"": 2, ""max_rsi"": 80}",False,"{""stop_pct"": 0.1, ""target_pct"": 0.4, ""max_hold_days"": 10}"
4581,0.37175289238157605,-0.9977571138528409,-0.9978238045380247,0.8098093868512561,-0.01250983246499804,-3.2405173073858804,0.9153023357345558,2496,0.3505608974358974,-0.9844060693575684,-0.9859263909861834,0.605723675861083,-0.014557399881678737,-2.8777004167268436,0.8826121794871795,kr_screener_basic,screen,"{""min_ret"": 0.05, ""min_rvol"": 2, ""max_rsi"": 80}",False,"{""stop_pct"": 0.2, ""target_pct"": null, ""max_hold_days"": 1}"
1761,0.3532084043157297,-0.9473236148942858,-0.9661700376115687,0.8929385361319345,-0.009593685894911785,-1.3035345411191352,2.4003407155025553,967,0.32368148914167527,-0.887337776004702,-0.887337776004702,0.7070332779638435,-0.0162795699423889,-0.9365873802265836,2.2430196483971043,kr_screener_basic,screen,"{""min_ret"": 0.05, ""min_rvol"": 2, ""max_rsi"": 80}",False,"{""stop_pct"": 0.2, ""target_pct"": null, ""max_hold_days"": 3}"
1178,0.3471986417657046,-0.8258971879082481,-0.8964273638052744,0.8825269256939577,-0.004485386605805154,-0.30193596335673745,3.601018675721562,657,0.2846270928462709,-0.8561898662206582,-0.8561898662206582,0.7032317041737242,-0.023043362524588686,-0.9598027138425427,3.354642313546423,kr_screener_basic,screen,"{""min_ret"": 0.05, ""min_rvol"": 2, ""max_rsi"": 80}",False,"{""stop_pct"": 0.2, ""target_pct"": null, ""max_hold_days"": 5}"
681,0.30837004405286345,-0.641003081966041,-0.8451437521326277,0.897151821745399,-0.0004060923310129632,-0.2536228072082057,6.381791483113069,400,0.24,-0.8037900559850093,-0.8038445648719513,0.6869023507560121,-0.034943678381451494,-1.394897754219871,5.6625,kr_screener_basic,screen,"{""min_ret"": 0.05, ""min_rvol"": 2, ""max_rsi"": 80}",False,"{""stop_pct"": 0.2, ""target_pct"": null, ""max_hold_days"": 10}"
4529,0.4000883197173769,-0.9986856428188458,-0.998720706315933,0.8303941155739698,-0.015213724155375743,-5.416744361888385,0.7564583793331862,2492,0.3904494382022472,-0.9925512717861109,-0.992775356152051,0.6428598846691171,-0.01850632561066635,-5.65445552673329,0.6857945425361156,kr_screener_basic,screen,"{""min_ret"": 0.05, ""min_rvol"": 2, ""max_rsi"": 80}",False,"{""stop_pct"": 0.2, ""target_pct"": 0.15, ""max_hold_days"": 1}"
2147,0.4527247321844434,-0.9717381435624204,-0.9844125930848213,0.9003460588774663,-0.017553438294485815,-3.2623184406396577,1.6166744294364228,1205,0.44896265560165977,-0.9557825335082384,-0.9569845502317911,0.6544909805418548,-0.02386016213934837,-4.069721244755261,1.408298755186722,kr_screener_basic,screen,"{""min_ret"": 0.05, ""min_rvol"": 2, ""max_rsi"": 80}",False,"{""stop_pct"": 0.2, ""target_pct"": 0.15, ""max_hold_days"": 3}"
1635,0.48073394495412847,-0.9466648633568373,-0.9676101671424594,0.8739710870573895,-0.01862675567117628,-2.6516215919855632,2.182262996941896,953,0.4732423924449108,-0.8397177813709787,-0.8411635944661577,0.7552283039754705,-0.016873908992533822,-2.208302840491672,1.849947534102833,kr_screener_basic,screen,"{""min_ret"": 0.05, ""min_rvol"": 2, ""max_rsi"": 80}",False,"{""stop_pct"": 0.2, ""target_pct"": 0.15, ""max_hold_days"": 5}"
1199,0.4845704753961635,-0.9186617698975899,-0.9498138361563753,0.8562577246458641,-0.02090771908130355,-2.1424933780951285,3.0867389491242703,716,0.49162011173184356,-0.6265073924591664,-0.6631407538969069,0.8741433357963513,-0.005619903797511593,-0.34131525048600775,2.622905027932961,kr_screener_basic,screen,"{""min_ret"": 0.05, ""min_rvol"": 2, ""max_rsi"": 80}",False,"{""stop_pct"": 0.2, ""target_pct"": 0.15, ""max_hold_days"": 10}"
4544,0.37411971830985913,-0.998292896920387,-0.9983436564625968,0.8255124083188538,-0.014248631050035408,-4.3938113199597115,0.8901848591549296,2494,0.3540497193263833,-0.9895705549472821,-0.9906360951010191,0.6300039916657019,-0.016378531096109088,-4.572872439981205,0.8376102646351243,kr_screener_basic,screen,"{""min_ret"": 0.05, ""min_rvol"": 2, ""max_rsi"": 80}",False,"{""stop_pct"": 0.2, ""target_pct"": 0.4, ""max_hold_days"": 1}"
1850,0.3545945945945946,-0.9794536569531623,-0.9837519944556403,0.864965129080435,-0.019272972368958495,-2.992567521104006,2.161081081081081,1035,0.3545893719806763,-0.816123479278012,-0.8201495524161524,0.7887873273861152,-0.012459551561997247,-1.4444223835523657,1.9458937198067632,kr_screener_basic,screen,"{""min_ret"": 0.05, ""min_rvol"": 2, ""max_rsi"": 80}",False,"{""stop_pct"": 0.2, ""target_pct"": 0.4, ""max_hold_days"": 3}"
1305,0.3632183908045977,-0.896663542729506,-0.939669703667453,0.8913273188419448,-0.012025275269652613,-1.062173873159902,3.0835249042145594,748,0.32486631016042783,-0.8553074734479852,-0.8553074734479852,0.76124855605029,-0.02149255894328342,-2.2724472448546327,2.735294117647059,kr_screener_basic,screen,"{""min_ret"": 0.05, ""min_rvol"": 2, ""max_rsi"": 80}",False,"{""stop_pct"": 0.2, ""target_pct"": 0.4, ""max_hold_days"": 5}"
848,0.3443396226415094,-0.8714746080141733,-0.9158577769188933,0.8297303082647829,-0.017500729770744402,-1.3623168103406276,4.869103773584905,518,0.3108108108108108,-0.8305428954011076,-0.8394118117778457,0.709937907736314,-0.028945617764627098,-2.367988013237791,4.065637065637065,kr_screener_basic,screen,"{""min_ret"": 0.05, ""min_rvol"": 2, ""max_rsi"": 80}",False,"{""stop_pct"": 0.2, ""target_pct"": 0.4, ""max_hold_days"": 10}"
4578,0.3768020969855832,-0.9975142957844759,-0.997588206498806,0.7992838909776395,-0.01181702763402376,-2.9931755830994664,0.9982525120139799,2491,0.36009634684865516,-0.9883707314848128,-0.9888802524355449,0.6194317979147659,-0.015341793578153644,-3.1727968878984987,0.9959855479727018,kr_screener_basic,screen,"{""min_ret"": 0.05, ""min_rvol"": 2, ""max_rsi"": 80}",False,"{""stop_pct"": null, ""target_pct"": null, ""max_hold_days"": 1}"
1565,0.36996805111821085,-0.9461448568044959,-0.9665347659315755,0.8521902858081803,-0.013549166455713513,-1.2835760881794682,2.987220447284345,839,0.36233611442193087,-0.8407817721133826,-0.8545694797464257,0.8154298189234457,-0.016461087248595376,-0.7135892348092714,2.9642431466030987,kr_screener_basic,screen,"{""min_ret"": 0.05, ""min_rvol"": 2, ""max_rsi"": 80}",False,"{""stop_pct"": null, ""target_pct"": null, ""max_hold_days"": 3}"
940,0.39574468085106385,-0.5541281180006965,-0.8261934684398377,0.9354622770110921,0.0061070949670698135,-0.044310210072424625,4.974468085106383,500,0.326,-0.7872860615901511,-0.7905797618035835,0.7623774613189692,-0.026680444056401305,-0.6047683203171118,4.98,kr_screener_basic,screen,"{""min_ret"": 0.05, ""min_rvol"": 2, ""max_rsi"": 80}",False,"{""stop_pct"": null, ""target_pct"": null, ""max_hold_days"": 5}"
470,0.3723404255319149,-0.813835618279404,-0.9152106821904764,0.6544819552278436,-0.026638568234904174,-0.8089697462303264,9.957446808510639,250,0.316,-0.8311691199370224,-0.837801219786604,0.5455685427506928,-0.06337088337504679,-1.1630052205232706,9.96,kr_screener_basic,screen,"{""min_ret"": 0.05, ""min_rvol"": 2, ""max_rsi"": 80}",False,"{""stop_pct"": null, ""target_pct"": null, ""max_hold_days"": 10}"
4610,0.4175704989154013,-0.9952856892391273,-0.9956346260007484,0.8564461850236647,-0.011584075635176336,-4.18841787927977,0.8279826464208243,2497,0.41489787745294354,-0.9807632189488045,-0.9814030066195073,0.6932353235453635,-0.014734166523229841,-4.618789676799689,0.7813376051261514,kr_screener_basic,screen,"{""min_ret"": 0.05, ""min_rvol"": 2, ""max_rsi"": 80}",False,"{""stop_pct"": null, ""target_pct"": 0.15, ""max_hold_days"": 1}"
1945,0.49717223650385606,-0.9094625280813546,-0.9505796963402201,0.9111414343444846,-0.011280653296289129,-2.0711621341955513,2.0262210796915165,1046,0.511472275334608,-0.7465907070419027,-0.77947190377836,0.7979919092506258,-0.00969742854214024,-1.420216999907422,1.9579349904397705,kr_screener_basic,screen,"{""min_ret"": 0.05, ""min_rvol"": 2, ""max_rsi"": 80}",False,"{""stop_pct"": null, ""target_pct"": 0.15, ""max_hold_days"": 3}"
1306,0.5352220520673813,-0.8740870231147306,-0.9356861386058751,0.8814847487765033,-0.01280434930824184,-1.764311115319082,3.147013782542113,739,0.5548037889039242,-0.41810884955898076,-0.5786466006915634,0.9135774170632504,-0.0013818609827989305,-0.34822957764948637,2.8633288227334237,kr_screener_basic,screen,"{""min_ret"": 0.05, ""min_rvol"": 2, ""max_rsi"": 80}",False,"{""stop_pct"": null, ""target_pct"": 0.15, ""max_hold_days"": 5}"
762,0.5616797900262467,-0.9016050906869897,-0.9339131583799711,0.8011748877298996,-0.02646331581106607,-2.3128461858328917,5.6430446194225725,437,0.5903890160183066,-0.2752139516472514,-0.5750119234397673,0.9171161917030158,-0.0002480418632801341,-0.1744224085414341,5.137299771167048,kr_screener_basic,screen,"{""min_ret"": 0.05, ""min_rvol"": 2, ""max_rsi"": 80}",False,"{""stop_pct"": null, ""target_pct"": 0.15, ""max_hold_days"": 10}"
4559,0.3816626453169555,-0.9974733719572245,-0.9975484995135611,0.8225923256831431,-0.012778699236864746,-3.8835220249499596,0.969291511296337,2494,0.3660785886126704,-0.9886851645997444,-0.9900552788632963,0.6564276913276504,-0.01593931708837857,-4.3656792961742745,0.9478748997594226,kr_screener_basic,screen,"{""min_ret"": 0.05, ""min_rvol"": 2, ""max_rsi"": 80}",False,"{""stop_pct"": null, ""target_pct"": 0.4, ""max_hold_days"": 1}"
1643,0.3767498478393183,-0.9676006239550319,-0.9731924367181332,0.836922649680568,-0.018279851640760875,-2.4237367593934755,2.727328058429702,894,0.38814317673378074,-0.8122834547959892,-0.8481471334116908,0.7443596686256616,-0.01440031458400044,-1.6083675155885986,2.62751677852349,kr_screener_basic,screen,"{""min_ret"": 0.05, ""min_rvol"": 2, ""max_rsi"": 80}",False,"{""stop_pct"": null, ""target_pct"": 0.4, ""max_hold_days"": 3}"
1034,0.41005802707930367,-0.6404156489537094,-0.8115575261656004,0.9346165856144207,-0.00013163805063459935,-0.260171673375052,4.346228239845261,565,0.37168141592920356,-0.6838399863504685,-0.7170352572675877,0.8152625974228815,-0.015211175061439252,-1.0228617095253256,4.20353982300885,kr_screener_basic,screen,"{""min_ret"": 0.05, ""min_rvol"": 2, ""max_rsi"": 80}",False,"{""stop_pct"": null, ""target_pct"": 0.4, ""max_hold_days"": 5}"
550,0.39454545454545453,-0.867703819244561,-0.925600150174368,0.7725858017236789,-0.029218323327637137,-1.4206519775493476,8.289090909090909,308,0.38311688311688313,-0.614962999106792,-0.7345056812474904,0.7411874820323376,-0.024523663148196113,-1.123278704131641,7.814935064935065,kr_screener_basic,screen,"{""min_ret"": 0.05, ""min_rvol"": 2, ""max_rsi"": 80}",False,"{""stop_pct"": null, ""target_pct"": 0.4, ""max_hold_days"": 10}"
2982,0.3132126089872569,-0.843393868447105,-0.867059981303074,0.8215358216262134,-0.0062433355821302485,-1.8077532994619767,0.545271629778672,2093,0.3076923076923077,-0.93529044786817,-0.9422249690659675,0.6842119424276463,-0.0125741550724107,-5.444810845039872,0.5547061634018156,pullback_ma,screen,"{""surge_pct"": 0.1, ""ma"": ""sma10"", ""vol_frac"": 0.5}",False,"{""stop_pct"": 0.05, ""target_pct"": null, ""max_hold_days"": 1}"
2079,0.23809523809523808,-0.8243459360456925,-0.8596341290562355,0.8057122382893905,-0.006855626649257988,-1.329461349938678,1.2453102453102454,1261,0.22283901665344966,-0.8944602948002426,-0.905349692565617,0.6237182273303621,-0.01786365920266602,-4.5397642732285,1.246629659000793,pullback_ma,screen,"{""surge_pct"": 0.1, ""ma"": ""sma10"", ""vol_frac"": 0.5}",False,"{""stop_pct"": 0.05, ""target_pct"": null, ""max_hold_days"": 3}"
1688,0.21149289099526067,-0.6264472397177723,-0.697675959968957,0.8694959046421432,-0.002358638912572176,-0.5607128153537498,1.7748815165876777,983,0.19938962360122076,-0.8054117825340608,-0.8388373247741685,0.6540098067045796,-0.01574690713044997,-3.4126402863965786,1.7690742624618514,pullback_ma,screen,"{""surge_pct"": 0.1, ""ma"": ""sma10"", ""vol_frac"": 0.5}",False,"{""stop_pct"": 0.05, ""target_pct"": null, ""max_hold_days"": 5}"
1260,0.16111111111111112,-0.7159721817275888,-0.7970667791391666,0.7937819659745329,-0.0064704533587313364,-0.7878664458640365,2.7706349206349206,699,0.1630901287553648,-0.7345413215633891,-0.817393749667243,0.5837400166046744,-0.017234271029154882,-2.6009266733961156,2.7410586552217455,pullback_ma,screen,"{""surge_pct"": 0.1, ""ma"": ""sma10"", ""vol_frac"": 0.5}",False,"{""stop_pct"": 0.05, ""target_pct"": null, ""max_hold_days"": 10}"
3024,0.31812169312169314,-0.9502310872847188,-0.9535868986974375,0.6837594112058515,-0.010117330668920413,-5.3744299300961655,0.46726190476190477,2116,0.31332703213610585,-0.9315909454236947,-0.9350984074031634,0.67451556771475,-0.012596704256173133,-7.654337504460259,0.4716446124763705,pullback_ma,screen,"{""surge_pct"": 0.1, ""ma"": ""sma10"", ""vol_frac"": 0.5}",False,"{""stop_pct"": 0.05, ""target_pct"": 0.15, ""max_hold_days"": 1}"
2274,0.2669305189094107,-0.9379677308600732,-0.9466756484535096,0.6650149134996767,-0.012368098375842075,-4.507218814857228,0.9160070360598065,1389,0.2663786897048236,-0.8521469946711066,-0.8587528737500322,0.7039927886962191,-0.01383259184224513,-5.8098880377739865,0.9287257019438445,pullback_ma,screen,"{""surge_pct"": 0.1, ""ma"": ""sma10"", ""vol_frac"": 0.5}",False,"{""stop_pct"": 0.05, ""target_pct"": 0.15, ""max_hold_days"": 3}"
2007,0.2615844544095665,-0.9116381126061257,-0.9145126897131034,0.6854297542227258,-0.012494935533513864,-4.207111476470824,1.1659192825112108,1204,0.2541528239202658,-0.7863243780103587,-0.8022292660570162,0.7341009790428615,-0.012954775372630385,-4.889087924571818,1.1519933554817277,pullback_ma,screen,"{""surge_pct"": 0.1, ""ma"": ""sma10"", ""vol_frac"": 0.5}",False,"{""stop_pct"": 0.05, ""target_pct"": 0.15, ""max_hold_days"": 5}"
1756,0.24202733485193623,-0.8823464936936325,-0.8979897133192054,0.6950121000395111,-0.012436699163367594,-3.6314320953825145,1.496013667425968,1014,0.2455621301775148,-0.6662477513688849,-0.686536368124774,0.7640568642832807,-0.011377689937992175,-3.331834436748746,1.4930966469428009,pullback_ma,screen,"{""surge_pct"": 0.1, ""ma"": ""sma10"", ""vol_frac"": 0.5}",False,"{""stop_pct"": 0.05, ""target_pct"": 0.15, ""max_hold_days"": 10}"
2981,0.31398859443139887,-0.908201415640031,-0.9144395737542425,0.7597202209294116,-0.007972038136071844,-3.3162310096215437,0.535390808453539,2096,0.30725190839694655,-0.9192773805282526,-0.9280002406608666,0.7190958291818774,-0.011451058820428442,-6.077930366255758,0.5424618320610687,pullback_ma,screen,"{""surge_pct"": 0.1, ""ma"": ""sma10"", ""vol_frac"": 0.5}",False,"{""stop_pct"": 0.05, ""target_pct"": 0.4, ""max_hold_days"": 1}"
2108,0.23861480075901328,-0.8376789823813404,-0.860912683788393,0.7499612830936542,-0.008210298755834433,-1.771899307686868,1.1878557874762807,1280,0.22890625,-0.8191967156374277,-0.8463566227885031,0.7392279533982448,-0.012649757024879953,-3.6970906113316544,1.18828125,pullback_ma,screen,"{""surge_pct"": 0.1, ""ma"": ""sma10"", ""vol_frac"": 0.5}",False,"{""stop_pct"": 0.05, ""target_pct"": 0.4, ""max_hold_days"": 3}"
1740,0.21724137931034482,-0.6701943369688563,-0.7441435613863103,0.837285541783697,-0.00509378824084697,-1.1580110615754309,1.6402298850574712,1016,0.2047244094488189,-0.6576321346982841,-0.7231291664464586,0.795240649932339,-0.009126963740089717,-2.2202425497622285,1.640748031496063,pullback_ma,screen,"{""surge_pct"": 0.1, ""ma"": ""sma10"", ""vol_frac"": 0.5}",False,"{""stop_pct"": 0.05, ""target_pct"": 0.4, ""max_hold_days"": 5}"
1353,0.17886178861788618,-0.6260889362491566,-0.6891282486619341,0.8373403906756623,-0.00505437183505807,-1.1836765474523194,2.4397634885439765,780,0.1717948717948718,-0.49195909292073936,-0.66194629591283,0.8332681495813968,-0.005776320407856715,-1.3385867856455573,2.301282051282051,pullback_ma,screen,"{""surge_pct"": 0.1, ""ma"": ""sma10"", ""vol_frac"": 0.5}",False,"{""stop_pct"": 0.05, ""target_pct"": 0.4, ""max_hold_days"": 10}"
2862,0.3689727463312369,0.12681078484682984,-0.5355946277585333,1.012044539945649,0.00046763995117542304,0.4293944708870819,0.8375262054507338,2026,0.36722606120434353,-0.9256614888092678,-0.9326954153547531,0.7347134753344249,-0.012144267490840428,-4.518501881958597,0.8563672260612043,pullback_ma,screen,"{""surge_pct"": 0.1, ""ma"": ""sma10"", ""vol_frac"": 0.5}",False,"{""stop_pct"": 0.1, ""target_pct"": null, ""max_hold_days"": 1}"
1668,0.3405275779376499,-0.343869675119695,-0.6234285605068202,0.9545859380853037,0.001626432236204135,0.07229811019154948,2.142685851318945,965,0.31917098445595854,-0.7754259323268182,-0.8098374048153233,0.7351671903288369,-0.015337453731980711,-2.290808067180989,2.1958549222797927,pullback_ma,screen,"{""surge_pct"": 0.1, ""ma"": ""sma10"", ""vol_frac"": 0.5}",False,"{""stop_pct"": 0.1, ""target_pct"": null, ""max_hold_days"": 3}"
1217,0.33032046014790467,-0.0994605980749107,-0.5698046636409584,0.9845188940040309,0.0033099511268159785,0.22430986229150005,3.179950698438784,670,0.3044776119402985,-0.7651222845759877,-0.8058584888850195,0.6899573536714046,-0.02076647831444917,-2.4881101153488117,3.217910447761194,pullback_ma,screen,"{""surge_pct"": 0.1, ""ma"": ""sma10"", ""vol_frac"": 0.5}",False,"{""stop_pct"": 0.1, ""target_pct"": null, ""max_hold_days"": 5}"
782,0.29923273657289,0.24891976197003962,-0.5518660500578402,1.0485025382247883,0.00903058684036943,0.4922367965804905,5.3158567774936065,413,0.30024213075060535,-0.4949398635894693,-0.6605804243150024,0.7477158453777366,-0.01221840174672835,-1.0299097937322061,5.438256658595642,pullback_ma,screen,"{""surge_pct"": 0.1, ""ma"": ""sma10"", ""vol_frac"": 0.5}",False,"{""stop_pct"": 0.1, ""target_pct"": null, ""max_hold_days"": 10}"
2925,0.38017094017094016,-0.6982390022771203,-0.725443156127888,0.8730778952971505,-0.0027487217634467875,-0.3989779076403846,0.7377777777777778,2053,0.37993180711154406,-0.9012302207815205,-0.9053803017870988,0.739548628619717,-0.011043120033984302,-5.590529707144094,0.7520701412566975,pullback_ma,screen,"{""surge_pct"": 0.1, ""ma"": ""sma10"", ""vol_frac"": 0.5}",False,"{""stop_pct"": 0.1, ""target_pct"": 0.15, ""max_hold_days"": 1}"
1856,0.3857758620689655,-0.731619028678582,-0.7565843218534347,0.8430854946748467,-0.005249503760093494,-0.7804015400691771,1.6686422413793103,1087,0.37258509659613614,-0.7228281433607582,-0.7258805690759342,0.7940159733663125,-0.011404970228876635,-3.029267094049149,1.6844526218951241,pullback_ma,screen,"{""surge_pct"": 0.1, ""ma"": ""sma10"", ""vol_frac"": 0.5}",False,"{""stop_pct"": 0.1, ""target_pct"": 0.15, ""max_hold_days"": 3}"
1475,0.3945762711864407,-0.7909727436771247,-0.8119585675063143,0.8065440520508784,-0.010833807565463956,-2.182305513420366,2.256949152542373,825,0.37333333333333335,-0.5847946567408548,-0.6105991008711504,0.8123951428279345,-0.009867908142064187,-2.213161991693449,2.296969696969697,pullback_ma,screen,"{""surge_pct"": 0.1, ""ma"": ""sma10"", ""vol_frac"": 0.5}",False,"{""stop_pct"": 0.1, ""target_pct"": 0.15, ""max_hold_days"": 5}"
1138,0.38400702987697716,-0.7679053065194278,-0.8014938619385049,0.7989886367056191,-0.012854446764669453,-2.200511545817541,3.1476274165202107,612,0.40032679738562094,-0.4705933032394566,-0.49605636675454146,0.817883730244764,-0.008556867392246106,-1.6506249383374816,3.212418300653595,pullback_ma,screen,"{""surge_pct"": 0.1, ""ma"": ""sma10"", ""vol_frac"": 0.5}",False,"{""stop_pct"": 0.1, ""target_pct"": 0.15, ""max_hold_days"": 10}"
2866,0.3695045359385904,-0.36693058123641586,-0.5576633665418396,0.9522671612871686,-0.0008252668130717235,0.07789551251186354,0.823447313328681,2030,0.36798029556650247,-0.9000771486989176,-0.9096221855234575,0.7679558523717335,-0.010658837402624044,-4.742467749634394,0.8423645320197044,pullback_ma,screen,"{""surge_pct"": 0.1, ""ma"": ""sma10"", ""vol_frac"": 0.5}",False,"{""stop_pct"": 0.1, ""target_pct"": 0.4, ""max_hold_days"": 1}"
1699,0.3431430253090053,-0.6725028791303338,-0.7392901264541345,0.8644664358817853,-0.004981356198121563,-0.989658341452107,2.0412007062978224,992,0.3276209677419355,-0.5994254654904235,-0.6609552328313661,0.8528634654294517,-0.007514098843073912,-1.5836007587423067,2.067540322580645,pullback_ma,screen,"{""surge_pct"": 0.1, ""ma"": ""sma10"", ""vol_frac"": 0.5}",False,"{""stop_pct"": 0.1, ""target_pct"": 0.4, ""max_hold_days"": 3}"
1273,0.33464257659073054,-0.1807861558253664,-0.4159912892063754,0.9693661197275323,-0.0020485244383141995,-0.008206003484350778,2.9308719560094265,705,0.30638297872340425,-0.6208658742598616,-0.6448956288416313,0.807443211554387,-0.011694413526638364,-1.8019470910509983,2.9645390070921986,pullback_ma,screen,"{""surge_pct"": 0.1, ""ma"": ""sma10"", ""vol_frac"": 0.5}",False,"{""stop_pct"": 0.1, ""target_pct"": 0.4, ""max_hold_days"": 5}"
886,0.3002257336343115,0.13023803705907055,-0.42401754421574267,1.0247977943529412,0.0022599126674048933,0.3606703265749586,4.484198645598194,459,0.3224400871459695,-0.10494806542262891,-0.4100072632138536,0.9604868912997793,0.0026690144958110636,-0.03081847547212221,4.703703703703703,pullback_ma,screen,"{""surge_pct"": 0.1, ""ma"": ""sma10"", ""vol_frac"": 0.5}",False,"{""stop_pct"": 0.1, ""target_pct"": 0.4, ""max_hold_days"": 10}"
2822,0.37880935506732816,0.5518419856104706,-0.5099633874517164,1.0473378728710383,0.0019138364170587822,0.6057851454213826,0.9744861800141743,2008,0.3809760956175299,-0.7891610153400274,-0.8749472580198671,0.8627373951712513,-0.005829851374638373,-0.9646913698615858,0.9760956175298805,pullback_ma,screen,"{""surge_pct"": 0.1, ""ma"": ""sma10"", ""vol_frac"": 0.5}",False,"{""stop_pct"": 0.2, ""target_pct"": null, ""max_hold_days"": 1}"
1500,0.38066666666666665,0.8839901119346916,-0.5670661499417609,1.0854677546468299,0.010504887512039532,0.7422155784349421,2.7973333333333334,853,0.3540445486518171,-0.7773231746592945,-0.8068528851521878,0.7078615998187775,-0.015835630758026777,-2.3330054174566333,2.811254396248535,pullback_ma,screen,"{""surge_pct"": 0.1, ""ma"": ""sma10"", ""vol_frac"": 0.5}",False,"{""stop_pct"": 0.2, ""target_pct"": null, ""max_hold_days"": 3}"
984,0.4014227642276423,-0.0999805398249658,-0.5449541682484418,0.9810794813267169,0.004494609938639203,0.19478636033731817,4.458333333333333,538,0.35315985130111527,-0.79424903666686,-0.812382239900566,0.593780200990613,-0.028361892468166162,-2.946466573855974,4.442379182156134,pullback_ma,screen,"{""surge_pct"": 0.1, ""ma"": ""sma10"", ""vol_frac"": 0.5}",False,"{""stop_pct"": 0.2, ""target_pct"": null, ""max_hold_days"": 5}"
555,0.3891891891891892,0.8214326970794597,-0.5036290964640893,1.1538595299337004,0.03339463301321842,0.8304999847442677,8.08108108108108,300,0.3333333333333333,-0.7793544201405965,-0.7825092790436005,0.44634936549396836,-0.04900479019349075,-2.9207008522640296,7.96,pullback_ma,screen,"{""surge_pct"": 0.1, ""ma"": ""sma10"", ""vol_frac"": 0.5}",False,"{""stop_pct"": 0.2, ""target_pct"": null, ""max_hold_days"": 10}"
2884,0.3945908460471567,-0.45068976067689015,-0.6313669316076613,0.9327729434029308,-0.0006567235888263619,-0.004865032586560406,0.8689320388349514,2036,0.39783889980353637,-0.8503221526124399,-0.8564608739337959,0.7792274466831964,-0.009025990494980785,-4.377156341957111,0.8678781925343811,pullback_ma,screen,"{""surge_pct"": 0.1, ""ma"": ""sma10"", ""vol_frac"": 0.5}",False,"{""stop_pct"": 0.2, ""target_pct"": 0.15, ""max_hold_days"": 1}"
1654,0.44014510278113667,-0.4403337189965385,-0.5590164864057374,0.9165550665025635,-0.0009076654166590435,-0.21055660767288423,2.2557436517533254,953,0.4218258132214061,-0.3911139684972411,-0.4935422638006781,0.9076497824271643,-0.004270111151528628,-0.9405095302182168,2.2759706190975866,pullback_ma,screen,"{""surge_pct"": 0.1, ""ma"": ""sma10"", ""vol_frac"": 0.5}",False,"{""stop_pct"": 0.2, ""target_pct"": 0.15, ""max_hold_days"": 3}"
1181,0.4792548687552921,-0.55755825859675,-0.7167012470305387,0.872842343545253,-0.005223435223874325,-0.8587904877485527,3.3268416596104995,652,0.45245398773006135,-0.4304782590741546,-0.482352788387471,0.864785245345243,-0.006262334140399903,-1.3273662574670255,3.3665644171779143,pullback_ma,screen,"{""surge_pct"": 0.1, ""ma"": ""sma10"", ""vol_frac"": 0.5}",False,"{""stop_pct"": 0.2, ""target_pct"": 0.15, ""max_hold_days"": 5}"
780,0.5064102564102564,-0.09775803711562725,-0.48507784178463165,0.9761294674688747,0.0020952314000420667,0.02539388728685168,5.285897435897436,427,0.5105386416861827,-0.3503599231075156,-0.42862763904233425,0.8673686274232394,-0.007157137174054918,-1.0184806780956406,5.152224824355972,pullback_ma,screen,"{""surge_pct"": 0.1, ""ma"": ""sma10"", ""vol_frac"": 0.5}",False,"{""stop_pct"": 0.2, ""target_pct"": 0.15, ""max_hold_days"": 10}"
2826,0.38075017692852087,0.1046265346721027,-0.5058044144936139,1.011215202426373,0.0012384507683816965,0.40866646512284227,0.9593064401981599,2011,0.38189955246146196,-0.708057936769577,-0.838648030643348,0.8935689519050743,-0.00414470181873155,-0.750582215216551,0.9602187966185977,pullback_ma,screen,"{""surge_pct"": 0.1, ""ma"": ""sma10"", ""vol_frac"": 0.5}",False,"{""stop_pct"": 0.2, ""target_pct"": 0.4, ""max_hold_days"": 1}"
1523,0.3939592908732764,0.8331960968339494,-0.3698353654407456,1.0970520385676503,0.007289266289069339,0.7473645819108797,2.6835193696651345,868,0.35599078341013823,-0.6052088729206636,-0.6462983644228268,0.8317257927090377,-0.00853414727195179,-1.5054293047186034,2.707373271889401,pullback_ma,screen,"{""surge_pct"": 0.1, ""ma"": ""sma10"", ""vol_frac"": 0.5}",False,"{""stop_pct"": 0.2, ""target_pct"": 0.4, ""max_hold_days"": 3}"
1026,0.42007797270955166,0.38202799684322764,-0.4559746920000204,1.0659994578428562,0.007596876766018572,0.6118008760921898,4.1608187134502925,556,0.35611510791366907,-0.4106752662040225,-0.6425036565491008,0.8455209228584851,-0.0031663771645822187,-0.38348848887324005,4.221223021582734,pullback_ma,screen,"{""surge_pct"": 0.1, ""ma"": ""sma10"", ""vol_frac"": 0.5}",False,"{""stop_pct"": 0.2, ""target_pct"": 0.4, ""max_hold_days"": 5}"
621,0.4219001610305958,1.1633034824165382,-0.44877272482839625,1.211945581405631,0.021416891478456893,1.1727922645963036,7.033816425120773,336,0.3630952380952381,-0.5370089026460372,-0.5858895621575008,0.752532191138644,-0.018531394247090088,-1.4419902147510424,6.895833333333333,pullback_ma,screen,"{""surge_pct"": 0.1, ""ma"": ""sma10"", ""vol_frac"": 0.5}",False,"{""stop_pct"": 0.2, ""target_pct"": 0.4, ""max_hold_days"": 10}"
2818,0.3800567778566359,0.8864612659397977,-0.47704948506192313,1.0697316058869764,0.002685642956950484,0.7094228247909798,0.9964513839602555,2005,0.38104738154613466,-0.8107618774612625,-0.8823746193403372,0.8555617021146076,-0.006335904780272289,-1.0536831542791976,0.9975062344139651,pullback_ma,screen,"{""surge_pct"": 0.1, ""ma"": ""sma10"", ""vol_frac"": 0.5}",False,"{""stop_pct"": null, ""target_pct"": null, ""max_hold_days"": 1}"
1462,0.39398084815321477,1.3704536530613352,-0.4839827298828605,1.1280500724834086,0.01265570671960198,0.8864126318389715,2.9870041039671684,831,0.3561973525872443,-0.8302457050501656,-0.848100445761543,0.6652764087863144,-0.01991633827554436,-2.7711517943152906,2.977135980746089,pullback_ma,screen,"{""surge_pct"": 0.1, ""ma"": ""sma10"", ""vol_frac"": 0.5}",False,"{""stop_pct"": null, ""target_pct"": null, ""max_hold_days"": 3}"
921,0.4180238870792617,0.09633440836845031,-0.5165989174578984,1.0161307774149655,0.006792062823918827,0.38514903797026584,4.96742671009772,500,0.368,-0.687886034308935,-0.720528285335235,0.6874976472339726,-0.019693341686841757,-1.830998848573327,4.946,pullback_ma,screen,"{""surge_pct"": 0.1, ""ma"": ""sma10"", ""vol_frac"": 0.5}",False,"{""stop_pct"": null, ""target_pct"": null, ""max_hold_days"": 5}"
470,0.39574468085106385,-0.25617291158639954,-0.5097133358610921,0.913147572602368,0.008908338000248484,-0.02939043794155741,9.897872340425533,250,0.292,-0.22689424274450165,-0.6475949588380605,0.900107856492605,0.013419063787109217,0.19096985920036924,9.932,pullback_ma,screen,"{""surge_pct"": 0.1, ""ma"": ""sma10"", ""vol_frac"": 0.5}",False,"{""stop_pct"": null, ""target_pct"": null, ""max_hold_days"": 10}"
2879,0.39840222299409517,-0.13106329551148277,-0.5090782575291747,0.9836519721823662,0.0008257633460100701,0.2545724775417578,0.8902396665508857,2033,0.40039350713231675,-0.8337818469120454,-0.8474775810967988,0.7937446573632723,-0.008547927664025897,-4.157916963814019,0.8873585833743236,pullback_ma,screen,"{""surge_pct"": 0.1, ""ma"": ""sma10"", ""vol_frac"": 0.5}",False,"{""stop_pct"": null, ""target_pct"": 0.15, ""max_hold_days"": 1}"
1612,0.4478908188585608,-0.22359356688546483,-0.46562180228712247,0.9621748956483684,0.0011532413492283133,0.06241335221347384,2.434863523573201,936,0.4358974358974359,-0.1297946738867759,-0.3075907826994435,0.9705050948743612,-0.0009207640920175966,-0.0810901499812723,2.388888888888889,pullback_ma,screen,"{""surge_pct"": 0.1, ""ma"": ""sma10"", ""vol_frac"": 0.5}",False,"{""stop_pct"": null, ""target_pct"": 0.15, ""max_hold_days"": 3}"
1097,0.5031905195989061,-0.42364474712720623,-0.5603015353881442,0.9011159761277412,-0.003412232814146623,-0.5114788699786404,3.779398359161349,611,0.46153846153846156,-0.30184455520859454,-0.3363941986727059,0.9023129882208838,-0.004082346041570229,-0.6744220166158846,3.747954173486088,pullback_ma,screen,"{""surge_pct"": 0.1, ""ma"": ""sma10"", ""vol_frac"": 0.5}",False,"{""stop_pct"": null, ""target_pct"": 0.15, ""max_hold_days"": 5}"
651,0.5391705069124424,1.0367627289239185,-0.35306505849312975,1.22365945243724,0.017563112676678386,0.8479926151752301,6.698924731182796,342,0.5321637426900585,-0.24874087986873117,-0.3472410074775355,0.8870703063587471,-0.007233169555523342,-0.5139373044433827,6.880116959064328,pullback_ma,screen,"{""surge_pct"": 0.1, ""ma"": ""sma10"", ""vol_frac"": 0.5}",False,"{""stop_pct"": null, ""target_pct"": 0.15, ""max_hold_days"": 10}"
2821,0.3828429634881248,0.4824078867691155,-0.4157919350221958,1.0454985221150126,0.0023354201972027376,0.5696831178415465,0.9805033676001418,2008,0.38296812749003983,-0.6869961249295597,-0.8310057399391544,0.8990078253551188,-0.003830122529341648,-0.686720831983752,0.9805776892430279,pullback_ma,screen,"{""surge_pct"": 0.1, ""ma"": ""sma10"", ""vol_frac"": 0.5}",False,"{""stop_pct"": null, ""target_pct"": 0.4, ""max_hold_days"": 1}"
1485,0.4,-0.22545917899606105,-0.518250711961343,0.9667745702104162,0.0014967630041985874,-0.018798364959986685,2.8707070707070708,848,0.3632075471698113,-0.6314924973865452,-0.6500764869874488,0.8183812789972397,-0.009425709115843653,-1.5059965713247223,2.8608490566037736,pullback_ma,screen,"{""surge_pct"": 0.1, ""ma"": ""sma10"", ""vol_frac"": 0.5}",False,"{""stop_pct"": null, ""target_pct"": 0.4, ""max_hold_days"": 3}"
960,0.43333333333333335,0.34013613198267123,-0.4882105768692201,1.0642772475921392,0.008169231309171809,0.5725758267889414,4.661458333333333,522,0.3793103448275862,-0.3033200822625446,-0.5484820118774532,0.917194065939484,-0.004266187595607271,-0.4759493867006692,4.662835249042145,pullback_ma,screen,"{""surge_pct"": 0.1, ""ma"": ""sma10"", ""vol_frac"": 0.5}",False,"{""stop_pct"": null, ""target_pct"": 0.4, ""max_hold_days"": 5}"
515,0.4388349514563107,2.30293958520427,-0.3798492576910236,1.4117193854939214,0.032171262239024646,1.2229303342910112,8.836893203883495,277,0.38267148014440433,-0.3935533143833877,-0.3997403850618668,0.8085981876726259,-0.015148110205032877,-0.7744583224979298,8.812274368231048,pullback_ma,screen,"{""surge_pct"": 0.1, ""ma"": ""sma10"", ""vol_frac"": 0.5}",False,"{""stop_pct"": null, ""target_pct"": 0.4, ""max_hold_days"": 10}"
2798,0.3091493924231594,-0.8601563471991625,-0.8786177503796595,0.7941447699246782,-0.006936283043180489,-2.007219845920685,0.5482487491065047,2018,0.30574826560951435,-0.9346162981443858,-0.937285446613635,0.6601270945054075,-0.013275374726180305,-5.710654574086695,0.5569871159563925,pullback_ma,screen,"{""surge_pct"": 0.1, ""ma"": ""sma10"", ""vol_frac"": 0.3}",True,"{""stop_pct"": 0.05, ""target_pct"": null, ""max_hold_days"": 1}"
2010,0.23880597014925373,-0.8445344460561656,-0.8906960361071267,0.7839154341534893,-0.00759135577087318,-1.4521053592875524,1.254726368159204,1253,0.22585794094173983,-0.8972134292034962,-0.9032760103095256,0.6087802002284862,-0.01816901551544068,-4.684660712164397,1.2426177174780526,pullback_ma,screen,"{""surge_pct"": 0.1, ""ma"": ""sma10"", ""vol_frac"": 0.3}",True,"{""stop_pct"": 0.05, ""target_pct"": null, ""max_hold_days"": 3}"
1644,0.2208029197080292,-0.49128168917167025,-0.6140891828448788,0.894494202277312,-3.9433821998530115e-05,-0.2453136098633938,1.7925790754257906,969,0.20330237358101136,-0.8381048679079097,-0.8450605899368018,0.6139401398461285,-0.017687225057715573,-3.9639474713493232,1.802889576883385,pullback_ma,screen,"{""surge_pct"": 0.1, ""ma"": ""sma10"", ""vol_frac"": 0.3}",True,"{""stop_pct"": 0.05, ""target_pct"": null, ""max_hold_days"": 5}"
1237,0.16410670978173,-0.7259032118094579,-0.8043102274293495,0.7749238556412256,-0.005591152788024006,-0.8098001109577574,2.780113177041229,692,0.1676300578034682,-0.6864422093827214,-0.7539716478777891,0.6303317380499803,-0.01663052854334669,-2.3958779732825346,2.76878612716763,pullback_ma,screen,"{""surge_pct"": 0.1, ""ma"": ""sma10"", ""vol_frac"": 0.3}",True,"{""stop_pct"": 0.05, ""target_pct"": null, ""max_hold_days"": 10}"
2843,0.314104818853324,-0.9483246995422483,-0.9493422528539548,0.6687554388009419,-0.010609641590709547,-5.5139559400377305,0.470277875483644,2040,0.3122549019607843,-0.927301135516342,-0.9308596797391692,0.6666313584009627,-0.0127823343727563,-7.720504339828889,0.47401960784313724,pullback_ma,screen,"{""surge_pct"": 0.1, ""ma"": ""sma10"", ""vol_frac"": 0.3}",True,"{""stop_pct"": 0.05, ""target_pct"": 0.15, ""max_hold_days"": 1}"
2180,0.27110091743119263,-0.9263231571940521,-0.9374844673924804,0.6762821812502287,-0.01206028499591715,-4.3375934163812495,0.9362385321100918,1376,0.2710755813953488,-0.8398621303126832,-0.8478832558807625,0.7117841350516823,-0.013239959223753582,-5.390220731487883,0.9200581395348837,pullback_ma,screen,"{""surge_pct"": 0.1, ""ma"": ""sma10"", ""vol_frac"": 0.3}",True,"{""stop_pct"": 0.05, ""target_pct"": 0.15, ""max_hold_days"": 3}"
1919,0.25794684731631057,-0.8894057525379071,-0.9075342560387047,0.6930314782771051,-0.011634697549542118,-3.714992136506837,1.2027097446586763,1177,0.2574341546304163,-0.7837528086417791,-0.7946881352696786,0.7209566694577886,-0.012975833264206546,-4.752896368231669,1.18946474086661,pullback_ma,screen,"{""surge_pct"": 0.1, ""ma"": ""sma10"", ""vol_frac"": 0.3}",True,"{""stop_pct"": 0.05, ""target_pct"": 0.15, ""max_hold_days"": 5}"
1684,0.23990498812351543,-0.8640556712591897,-0.8800980258304582,0.7107521729669416,-0.01188191967106032,-3.410688005055051,1.549287410926366,1030,0.2504854368932039,-0.6612438623894455,-0.6849465227695375,0.7686601403881067,-0.010900765595857948,-3.243566190242349,1.4446601941747572,pullback_ma,screen,"{""surge_pct"": 0.1, ""ma"": ""sma10"", ""vol_frac"": 0.3}",True,"{""stop_pct"": 0.05, ""target_pct"": 0.15, ""max_hold_days"": 10}"
2799,0.3093962129331904,-0.9079086537860082,-0.9086540788480577,0.7390505466515491,-0.008388482898817539,-3.402036412363343,0.5387638442300822,2021,0.3052944087085601,-0.9205219313892437,-0.9238582075802387,0.6976753316917244,-0.012238043741741549,-6.445822330654641,0.5447798119742702,pullback_ma,screen,"{""surge_pct"": 0.1, ""ma"": ""sma10"", ""vol_frac"": 0.3}",True,"{""stop_pct"": 0.05, ""target_pct"": 0.4, ""max_hold_days"": 1}"
2030,0.24334975369458128,-0.8159653816321855,-0.8488313120503017,0.7621186746540075,-0.007794496691494219,-1.6575856907454145,1.206896551724138,1272,0.23270440251572327,-0.8272699313175542,-0.8407121326260283,0.7181471454424622,-0.013318096858652892,-3.803637776480742,1.184748427672956,pullback_ma,screen,"{""surge_pct"": 0.1, ""ma"": ""sma10"", ""vol_frac"": 0.3}",True,"{""stop_pct"": 0.05, ""target_pct"": 0.4, ""max_hold_days"": 3}"
1677,0.22361359570661896,-0.6145314901587424,-0.7255269812830418,0.844364195873511,-0.0037645240731104543,-0.9860957481687566,1.6923076923076923,1005,0.20398009950248755,-0.7473267368485673,-0.7654423339522377,0.7366746511703979,-0.01281659826033561,-3.0778284138193106,1.6646766169154228,pullback_ma,screen,"{""surge_pct"": 0.1, ""ma"": ""sma10"", ""vol_frac"": 0.3}",True,"{""stop_pct"": 0.05, ""target_pct"": 0.4, ""max_hold_days"": 5}"
1308,0.1834862385321101,-0.6272399985153077,-0.7010901608833777,0.8332252451883848,-0.003852702583616241,-1.1803716890872271,2.52217125382263,760,0.175,-0.5257223617168518,-0.5985679382835909,0.8076802340587418,-0.007648281640088455,-1.589745759309983,2.388157894736842,pullback_ma,screen,"{""surge_pct"": 0.1, ""ma"": ""sma10"", ""vol_frac"": 0.3}",True,"{""stop_pct"": 0.05, ""target_pct"": 0.4, ""max_hold_days"": 10}"
2683,0.366380916884085,-0.25425219762077966,-0.5805451488855936,0.9674822607593838,-0.00015142066918077095,0.18773279415810018,0.8434588147595975,1946,0.36742034943473795,-0.9104290276743866,-0.9154111939383907,0.7409624994077506,-0.011968851835187625,-4.293416132746284,0.8581706063720452,pullback_ma,screen,"{""surge_pct"": 0.1, ""ma"": ""sma10"", ""vol_frac"": 0.3}",True,"{""stop_pct"": 0.1, ""target_pct"": null, ""max_hold_days"": 1}"
1623,0.34442390634627235,-0.7120057143533612,-0.7937536480941878,0.8705276419811756,-0.0035710695121662687,-0.8699843168274024,2.1743684534812076,963,0.3229491173416407,-0.7931196926221635,-0.8183009741888209,0.7037284991574353,-0.016156348948133684,-2.5312650374600265,2.184839044652129,pullback_ma,screen,"{""surge_pct"": 0.1, ""ma"": ""sma10"", ""vol_frac"": 0.3}",True,"{""stop_pct"": 0.1, ""target_pct"": null, ""max_hold_days"": 3}"
1193,0.3269069572506287,-0.591544764987216,-0.7289087167881936,0.8801484458302189,-0.0011347122870882865,-0.47457226573181266,3.209555741827326,665,0.3112781954887218,-0.7453109586358981,-0.7842919298290575,0.6605636967516206,-0.02033795208299526,-2.4564487348359867,3.249624060150376,pullback_ma,screen,"{""surge_pct"": 0.1, ""ma"": ""sma10"", ""vol_frac"": 0.3}",True,"{""stop_pct"": 0.1, ""target_pct"": null, ""max_hold_days"": 5}"
785,0.28662420382165604,-0.1993102955345455,-0.6383915570817238,0.9576208792747387,0.004244450462210098,0.08468918148739189,5.257324840764332,417,0.2829736211031175,-0.526345032291297,-0.6856056615129655,0.7414211023387083,-0.013660537614158186,-1.0426516973209434,5.366906474820144,pullback_ma,screen,"{""surge_pct"": 0.1, ""ma"": ""sma10"", ""vol_frac"": 0.3}",True,"{""stop_pct"": 0.1, ""target_pct"": null, ""max_hold_days"": 10}"
2744,0.37755102040816324,-0.6577892952835054,-0.6747058058052592,0.8764390380334338,-0.002490799199937572,-0.33732759405107837,0.7452623906705539,1976,0.3790485829959514,-0.8848943753409726,-0.8912239866207736,0.744493763807564,-0.010654325853443388,-5.446375796529009,0.7525303643724697,pullback_ma,screen,"{""surge_pct"": 0.1, ""ma"": ""sma10"", ""vol_frac"": 0.3}",True,"{""stop_pct"": 0.1, ""target_pct"": 0.15, ""max_hold_days"": 1}"
1795,0.38272980501392756,-0.498511845729963,-0.6151286002940833,0.9076618055148394,-0.0009478570398878466,-0.09320448893561781,1.6835654596100278,1073,0.3699906803355079,-0.7535330144040622,-0.7560311198738597,0.772748901963645,-0.012382724858083796,-3.3509659137256786,1.7017707362534948,pullback_ma,screen,"{""surge_pct"": 0.1, ""ma"": ""sma10"", ""vol_frac"": 0.3}",True,"{""stop_pct"": 0.1, ""target_pct"": 0.15, ""max_hold_days"": 3}"
1427,0.39803784162578837,-0.5304566611611103,-0.6611424788332019,0.8860906265059567,-0.002885811551163437,-0.3340087867690406,2.3181499649614574,823,0.37910085054678005,-0.5623037655598835,-0.595452912568472,0.8215138729844662,-0.009644402790170151,-2.189923758177432,2.298906439854192,pullback_ma,screen,"{""surge_pct"": 0.1, ""ma"": ""sma10"", ""vol_frac"": 0.3}",True,"{""stop_pct"": 0.1, ""target_pct"": 0.15, ""max_hold_days"": 5}"
1098,0.3825136612021858,-0.766173648190922,-0.7959213345585703,0.7832490327128637,-0.012705029863608396,-2.197232939973381,3.22040072859745,625,0.4096,-0.34730472837616033,-0.46166639149194466,0.8838411344141198,-0.00345036993301964,-1.0231915514057803,3.1216,pullback_ma,screen,"{""surge_pct"": 0.1, ""ma"": ""sma10"", ""vol_frac"": 0.3}",True,"{""stop_pct"": 0.1, ""target_pct"": 0.15, ""max_hold_days"": 10}"
2686,0.3667163067758749,-0.3896009029087202,-0.5107037659380798,0.9423097302774754,-0.0005736223036484758,0.041679238279689244,0.8306031273268801,1950,0.3682051282051282,-0.8833224550727782,-0.8887759407228151,0.7725718674590791,-0.010690981761835831,-4.5781477452695025,0.8430769230769231,pullback_ma,screen,"{""surge_pct"": 0.1, ""ma"": ""sma10"", ""vol_frac"": 0.3}",True,"{""stop_pct"": 0.1, ""target_pct"": 0.4, ""max_hold_days"": 1}"
1649,0.35112189205579136,-0.005635516796102413,-0.6220324489349874,0.999058083899319,0.0030821661077969726,0.3011262819473688,2.0739842328684053,985,0.33604060913705586,-0.5897774380975587,-0.6512185485497617,0.8519152836084333,-0.007294520561871786,-1.5568650414158212,2.078172588832487,pullback_ma,screen,"{""surge_pct"": 0.1, ""ma"": ""sma10"", ""vol_frac"": 0.3}",True,"{""stop_pct"": 0.1, ""target_pct"": 0.4, ""max_hold_days"": 3}"
1236,0.33818770226537215,-0.24250785283716425,-0.44628702549664856,0.9535864229196392,0.0013802598848892587,-0.09445172939037727,3.004854368932039,700,0.30714285714285716,-0.6545549526590779,-0.6903305542072584,0.780681155893603,-0.013867885439730842,-2.0825512637317583,2.9985714285714287,pullback_ma,screen,"{""surge_pct"": 0.1, ""ma"": ""sma10"", ""vol_frac"": 0.3}",True,"{""stop_pct"": 0.1, ""target_pct"": 0.4, ""max_hold_days"": 5}"
854,0.3091334894613583,0.09815187305928963,-0.5774637295643793,1.020345941056254,0.0063666435271812335,0.3243254495525235,4.656908665105386,467,0.30620985010706636,-0.28408096751690837,-0.4992757682031578,0.9014133874875757,-0.00023073594313423987,-0.53268103898594,4.599571734475375,pullback_ma,screen,"{""surge_pct"": 0.1, ""ma"": ""sma10"", ""vol_frac"": 0.3}",True,"{""stop_pct"": 0.1, ""target_pct"": 0.4, ""max_hold_days"": 10}"
2647,0.3758972421609369,0.0038996316684454246,-0.5963068525940898,1.000455125250934,0.0012442171880311505,0.3680889838071489,0.9746883264072534,1927,0.38142189932537623,-0.7513711888031541,-0.8591175718451174,0.871893026714246,-0.005432378727831869,-0.8175835507100864,0.9771665801764401,pullback_ma,screen,"{""surge_pct"": 0.1, ""ma"": ""sma10"", ""vol_frac"": 0.3}",True,"{""stop_pct"": 0.2, ""target_pct"": null, ""max_hold_days"": 1}"
1474,0.3914518317503392,-0.38753911437049027,-0.7344615542481194,0.9410984675634692,0.002584348674887662,-0.13700448491681444,2.7951153324287654,849,0.3663133097762073,-0.6718868175548434,-0.7176520999292133,0.7797214742003996,-0.011976797572655925,-1.1647080411824369,2.806831566548881,pullback_ma,screen,"{""surge_pct"": 0.1, ""ma"": ""sma10"", ""vol_frac"": 0.3}",True,"{""stop_pct"": 0.2, ""target_pct"": null, ""max_hold_days"": 3}"
981,0.4036697247706422,-0.3024434837966551,-0.7583761960712723,0.9394206290162558,0.0035446204985023623,0.01945078824852491,4.4495412844036695,537,0.37988826815642457,-0.32385660360123836,-0.6699117729403283,0.8774609106704063,-0.0007895628578802058,-0.04707257770200622,4.4581005586592175,pullback_ma,screen,"{""surge_pct"": 0.1, ""ma"": ""sma10"", ""vol_frac"": 0.3}",True,"{""stop_pct"": 0.2, ""target_pct"": null, ""max_hold_days"": 5}"
551,0.3666061705989111,-0.09485665422581546,-0.6362351638871521,0.9787390629571224,0.014361854249230107,0.15924642677232687,8.123411978221416,301,0.3521594684385382,-0.6205337108925677,-0.6969549293100736,0.6191178807034711,-0.02906150332114441,-1.414383780771488,7.93687707641196,pullback_ma,screen,"{""surge_pct"": 0.1, ""ma"": ""sma10"", ""vol_frac"": 0.3}",True,"{""stop_pct"": 0.2, ""target_pct"": null, ""max_hold_days"": 10}"
2707,0.3915773919468046,-0.41857459624870974,-0.6072174137272021,0.9344889412404318,-0.0003109377236801552,0.018096440990345068,0.8718138160325083,1956,0.39775051124744376,-0.8149482405319678,-0.8238893536375398,0.7957963907716199,-0.00847089561982584,-4.052838448627338,0.8660531697341514,pullback_ma,screen,"{""surge_pct"": 0.1, ""ma"": ""sma10"", ""vol_frac"": 0.3}",True,"{""stop_pct"": 0.2, ""target_pct"": 0.15, ""max_hold_days"": 1}"
1617,0.4421768707482993,-0.13109584120822537,-0.5360478590649491,0.9772119942154642,0.003539374924362529,0.2408612294506485,2.2844774273345703,948,0.43037974683544306,-0.40535224858457775,-0.44870480421461234,0.8965324332395023,-0.0044605391603776065,-1.0456692676666703,2.273206751054852,pullback_ma,screen,"{""surge_pct"": 0.1, ""ma"": ""sma10"", ""vol_frac"": 0.3}",True,"{""stop_pct"": 0.2, ""target_pct"": 0.15, ""max_hold_days"": 3}"
1150,0.4617391304347826,-0.6991533053392323,-0.7637021358013052,0.8302898383117676,-0.008372812197300919,-1.5022919825775531,3.397391304347826,650,0.46615384615384614,-0.339993931167917,-0.44524700279198837,0.8960619249333821,-0.0026039228085167595,-0.9047078389885459,3.3630769230769233,pullback_ma,screen,"{""surge_pct"": 0.1, ""ma"": ""sma10"", ""vol_frac"": 0.3}",True,"{""stop_pct"": 0.2, ""target_pct"": 0.15, ""max_hold_days"": 5}"
767,0.4980443285528031,-0.3998982542487447,-0.6865490502794865,0.8874111238876958,-0.004288921968142639,-0.5181621563062524,5.358539765319426,431,0.531322505800464,-0.262998113750347,-0.4090822301360493,0.9065732836506936,-0.0023980991863207053,-0.6561387122881436,5.099767981438515,pullback_ma,screen,"{""surge_pct"": 0.1, ""ma"": ""sma10"", ""vol_frac"": 0.3}",True,"{""stop_pct"": 0.2, ""target_pct"": 0.15, ""max_hold_days"": 10}"
2650,0.3777358490566038,0.003796257295234362,-0.4771581022741781,1.0004686570467345,0.0014949323673830463,0.3494720857255524,0.9607547169811321,1931,0.3811496633868462,-0.6753217332315559,-0.8319403937349698,0.8989928705638336,-0.003946512478912136,-0.6541185169159459,0.9606421543241843,pullback_ma,screen,"{""surge_pct"": 0.1, ""ma"": ""sma10"", ""vol_frac"": 0.3}",True,"{""stop_pct"": 0.2, ""target_pct"": 0.4, ""max_hold_days"": 1}"
1495,0.3986622073578595,0.47377686695485677,-0.4008767002659026,1.0664500405237807,0.006834295144198074,0.5615271837227083,2.6996655518394648,864,0.37037037037037035,-0.596841914811364,-0.6853723599328372,0.8410391102661344,-0.00765464690556585,-1.5349199966155536,2.7118055555555554,pullback_ma,screen,"{""surge_pct"": 0.1, ""ma"": ""sma10"", ""vol_frac"": 0.3}",True,"{""stop_pct"": 0.2, ""target_pct"": 0.4, ""max_hold_days"": 3}"
1019,0.41315014720314036,-0.3674362409886649,-0.6334370405515362,0.9247133585674688,0.001091523957149635,-0.3423364044712819,4.181550539744848,557,0.38061041292639136,-0.46534247233333137,-0.5903233665769558,0.8557948767542786,-0.007713736766006241,-1.0518668449209128,4.202872531418312,pullback_ma,screen,"{""surge_pct"": 0.1, ""ma"": ""sma10"", ""vol_frac"": 0.3}",True,"{""stop_pct"": 0.2, ""target_pct"": 0.4, ""max_hold_days"": 5}"
606,0.40924092409240925,0.5321990283017142,-0.5552753254532732,1.1204738519130502,0.016333850436023225,0.7331344130638582,7.227722772277228,329,0.4012158054711246,-0.3243622418627521,-0.5265366968621932,0.8818530395435527,-0.0013455712701240868,-0.6232487877508542,7.094224924012158,pullback_ma,screen,"{""surge_pct"": 0.1, ""ma"": ""sma10"", ""vol_frac"": 0.3}",True,"{""stop_pct"": 0.2, ""target_pct"": 0.4, ""max_hold_days"": 10}"
2643,0.376844494892168,0.1359679821858113,-0.5585027440642985,1.0148820124972568,0.0017909602378258906,0.43351526855191785,0.9962164207340144,1924,0.38253638253638256,-0.7572766392962552,-0.8628525033682288,0.872289409790498,-0.005516401442674825,-0.8351240704890665,0.9974012474012474,pullback_ma,screen,"{""surge_pct"": 0.1, ""ma"": ""sma10"", ""vol_frac"": 0.3}",True,"{""stop_pct"": null, ""target_pct"": null, ""max_hold_days"": 1}"
1439,0.39819318971507994,-0.09343700165404445,-0.5488465959451356,0.9872677109382286,0.006137893489571718,0.2702214782627857,2.9861014593467687,829,0.37394451145958985,-0.6496253139332093,-0.6827875693817391,0.7930876835550378,-0.010740445555796521,-1.0083742632934427,2.97708082026538,pullback_ma,screen,"{""surge_pct"": 0.1, ""ma"": ""sma10"", ""vol_frac"": 0.3}",True,"{""stop_pct"": null, ""target_pct"": null, ""max_hold_days"": 3}"
919,0.4091403699673558,-0.4264959417643993,-0.7035476779707391,0.9148152727660717,0.0009702411995316944,-0.17073306558608742,4.969532100108814,500,0.366,-0.658876679022806,-0.6860212388673812,0.7171036743879828,-0.017264623008118145,-1.6239879089872413,4.946,pullback_ma,screen,"{""surge_pct"": 0.1, ""ma"": ""sma10"", ""vol_frac"": 0.3}",True,"{""stop_pct"": null, ""target_pct"": null, ""max_hold_days"": 5}"
470,0.4,0.6825940336243728,-0.47880030899487225,1.1619052209377585,0.032278013390509556,0.6596144974423894,9.882978723404255,250,0.304,-0.26368749655061297,-0.6578290672742244,0.8887098550091642,0.013276871332109579,0.16116758733736858,9.932,pullback_ma,screen,"{""surge_pct"": 0.1, ""ma"": ""sma10"", ""vol_frac"": 0.3}",True,"{""stop_pct"": null, ""target_pct"": null, ""max_hold_days"": 10}"
2703,0.3954864964853866,-0.15721732836375157,-0.4826185464870977,0.9790346146565208,0.0010454294001369167,0.2324186477513596,0.8927118017018127,1953,0.40040962621607784,-0.7904099296762048,-0.8088469916583132,0.8106575119246049,-0.007865385154749032,-3.7842060876962753,0.8847926267281107,pullback_ma,screen,"{""surge_pct"": 0.1, ""ma"": ""sma10"", ""vol_frac"": 0.3}",True,"{""stop_pct"": null, ""target_pct"": 0.15, ""max_hold_days"": 1}"
1582,0.4525916561314791,-0.3103300129839818,-0.4616458925964495,0.9453486829496474,0.000631084598344623,-0.056873801299242854,2.4494310998735775,931,0.439312567132116,-0.2137628521080399,-0.32623881607047844,0.949387232675296,-0.0011641654512120326,-0.3592263406066817,2.4006444683136414,pullback_ma,screen,"{""surge_pct"": 0.1, ""ma"": ""sma10"", ""vol_frac"": 0.3}",True,"{""stop_pct"": null, ""target_pct"": 0.15, ""max_hold_days"": 3}"
1080,0.48703703703703705,-0.5459833662531992,-0.7128403783282475,0.8657242506048104,-0.00423366895765455,-0.8782737697622532,3.824074074074074,614,0.4723127035830619,-0.0923615879797377,-0.2811102519482148,0.9725832405549092,0.002145479227824963,-0.03018154002149627,3.714983713355049,pullback_ma,screen,"{""surge_pct"": 0.1, ""ma"": ""sma10"", ""vol_frac"": 0.3}",True,"{""stop_pct"": null, ""target_pct"": 0.15, ""max_hold_days"": 5}"
643,0.536547433903577,0.6217070234070248,-0.40837222372278903,1.148215966691344,0.014158842468248316,0.6408034866246538,6.771384136858476,352,0.5454545454545454,0.01266677454149967,-0.22916571614149017,1.0049340834259706,0.004571112487260246,0.23099331184629263,6.653409090909091,pullback_ma,screen,"{""surge_pct"": 0.1, ""ma"": ""sma10"", ""vol_frac"": 0.3}",True,"{""stop_pct"": null, ""target_pct"": 0.15, ""max_hold_days"": 10}"
2645,0.3795841209829868,0.244676716801439,-0.3930012263428725,1.0272010349729088,0.002390434331393613,0.46958010874200756,0.9814744801512287,1928,0.383298755186722,-0.6249959779380672,-0.8183918925460175,0.9117188520252519,-0.0031767745442066782,-0.5228447559187517,0.9797717842323651,pullback_ma,screen,"{""surge_pct"": 0.1, ""ma"": ""sma10"", ""vol_frac"": 0.3}",True,"{""stop_pct"": null, ""target_pct"": 0.4, ""max_hold_days"": 1}"
1462,0.3987688098495212,-0.2902623957429835,-0.5560546244299522,0.9536759832408469,0.001229060916938529,-0.1763853480738809,2.8796169630642954,847,0.36717827626918537,-0.5630495068665162,-0.5867825480944704,0.8444431032210528,-0.007377874181979297,-1.287610018770961,2.8630460448642268,pullback_ma,screen,"{""surge_pct"": 0.1, ""ma"": ""sma10"", ""vol_frac"": 0.3}",True,"{""stop_pct"": null, ""target_pct"": 0.4, ""max_hold_days"": 3}"
952,0.4170168067226891,-0.09279451886705137,-0.497853898486174,0.9812480270947042,0.00486528774372243,0.11318007839757109,4.682773109243698,520,0.38461538461538464,0.0652751264860556,-0.4534937448680243,1.0218178851799546,0.007749305366052214,0.4109756525772388,4.686538461538461,pullback_ma,screen,"{""surge_pct"": 0.1, ""ma"": ""sma10"", ""vol_frac"": 0.3}",True,"{""stop_pct"": null, ""target_pct"": 0.4, ""max_hold_days"": 5}"
516,0.43410852713178294,1.269230458332422,-0.4257779139428086,1.2701334162564373,0.028256120352907258,0.8877607065812945,8.80813953488372,280,0.41785714285714287,-0.1720592671539003,-0.33512498094106813,0.9217280305849529,0.001360168678302287,-0.17344732155125647,8.689285714285715,pullback_ma,screen,"{""surge_pct"": 0.1, ""ma"": ""sma10"", ""vol_frac"": 0.3}",True,"{""stop_pct"": null, ""target_pct"": 0.4, ""max_hold_days"": 10}"
541,0.2476894639556377,-0.5067721870012256,-0.6099913912715316,0.6226668893884826,-0.01272310881984558,-1.7582375579147893,0.3789279112754159,453,0.2251655629139073,-0.4698476065595819,-0.49556270120501356,0.6821946284801395,-0.013475351027504322,-2.3428002035049804,0.34216335540838855,threads_us_pullback,screen,"{""min_runup30"": 1.5, ""max_mcap"": 1800000000.0}",False,"{""stop_pct"": 0.05, ""target_pct"": null, ""max_hold_days"": 1}"
534,0.19101123595505617,-0.45028848569599267,-0.6189577911739772,0.7407708463710421,-0.01015707546898612,-1.126128801408924,0.8539325842696629,441,0.13378684807256236,-0.501957265559122,-0.5438604223108126,0.6951011187100602,-0.014567319006775895,-1.2869339958621413,0.7256235827664399,threads_us_pullback,screen,"{""min_runup30"": 1.5, ""max_mcap"": 1800000000.0}",False,"{""stop_pct"": 0.05, ""target_pct"": null, ""max_hold_days"": 3}"
525,0.1580952380952381,-0.48665966999155386,-0.6469832725785201,0.7050868181713477,-0.01134195542469313,-1.067913389187675,1.1961904761904762,438,0.1004566210045662,-0.5034890570937726,-0.5781314315776249,0.6802735137673612,-0.01405156319190154,-1.0672019045372247,0.9794520547945206,threads_us_pullback,screen,"{""min_runup30"": 1.5, ""max_mcap"": 1800000000.0}",False,"{""stop_pct"": 0.05, ""target_pct"": null, ""max_hold_days"": 5}"
499,0.09819639278557114,-0.6019064953774955,-0.7814290481472044,0.5830021152480879,-0.01575539630329142,-1.0859829893382094,1.7995991983967936,423,0.07328605200945626,-0.3279028238095535,-0.5990287448378073,0.8394114521899929,-0.004107392157688705,-0.1816992158468097,1.4184397163120568,threads_us_pullback,screen,"{""min_runup30"": 1.5, ""max_mcap"": 1800000000.0}",False,"{""stop_pct"": 0.05, ""target_pct"": null, ""max_hold_days"": 10}"
541,0.26062846580406657,-0.5631953600748734,-0.6138871102031668,0.6043672738685588,-0.015256697129615481,-3.226562372825681,0.27171903881700554,453,0.23178807947019867,-0.6499316739591279,-0.6499316739591279,0.4834966957927882,-0.023138407312821168,-5.8651136646177955,0.23178807947019867,threads_us_pullback,screen,"{""min_runup30"": 1.5, ""max_mcap"": 1800000000.0}",False,"{""stop_pct"": 0.05, ""target_pct"": 0.15, ""max_hold_days"": 1}"
536,0.2462686567164179,-0.4991429939796229,-0.5818749978344044,0.7121612493916656,-0.012745490044575347,-2.3957738649121296,0.458955223880597,444,0.18468468468468469,-0.6708264741500898,-0.6708264741500898,0.49016441052636917,-0.02479673133833244,-5.742268209305279,0.3783783783783784,threads_us_pullback,screen,"{""min_runup30"": 1.5, ""max_mcap"": 1800000000.0}",False,"{""stop_pct"": 0.05, ""target_pct"": 0.15, ""max_hold_days"": 3}"
535,0.2336448598130841,-0.48609090526426324,-0.5694749632960947,0.7314798792787807,-0.012260994149752584,-2.2569508847284108,0.5271028037383177,443,0.17832957110609482,-0.6747472286617411,-0.6747472286617411,0.49458443397163615,-0.025104705526162393,-5.706393852654094,0.435665914221219,threads_us_pullback,screen,"{""min_runup30"": 1.5, ""max_mcap"": 1800000000.0}",False,"{""stop_pct"": 0.05, ""target_pct"": 0.15, ""max_hold_days"": 5}"
532,0.22556390977443608,-0.496396462873686,-0.5762438264656743,0.7264786165945847,-0.012698628429813794,-2.2813728779245968,0.5921052631578947,439,0.17312072892938496,-0.6754916015984486,-0.6754916015984486,0.4959142300380789,-0.025448835057817303,-5.660714366842037,0.4806378132118451,threads_us_pullback,screen,"{""min_runup30"": 1.5, ""max_mcap"": 1800000000.0}",False,"{""stop_pct"": 0.05, ""target_pct"": 0.15, ""max_hold_days"": 10}"
541,0.2476894639556377,-0.5415322139475801,-0.6310895048094747,0.5938400305244385,-0.014206963578974868,-2.5839511630920464,0.36968576709796674,453,0.22737306843267108,-0.5353100070455722,-0.5353100070455722,0.6251987209580574,-0.01666570293477435,-3.2412822396899372,0.31346578366445915,threads_us_pullback,screen,"{""min_runup30"": 1.5, ""max_mcap"": 1800000000.0}",False,"{""stop_pct"": 0.05, ""target_pct"": 0.4, ""max_hold_days"": 1}"
534,0.1947565543071161,-0.4818618976469635,-0.6527220096504673,0.7122080773935316,-0.011690642294382233,-1.6850676374992588,0.7621722846441947,441,0.14285714285714285,-0.6026805819645606,-0.6071093468285909,0.6078535660315234,-0.020438749114025715,-3.324110702564709,0.6031746031746031,threads_us_pullback,screen,"{""min_runup30"": 1.5, ""max_mcap"": 1800000000.0}",False,"{""stop_pct"": 0.05, ""target_pct"": 0.4, ""max_hold_days"": 3}"
527,0.16698292220113853,-0.48521881029534886,-0.6386534225840725,0.710870701047934,-0.011583116372489098,-1.5543797371237849,1.01707779886148,438,0.1141552511415525,-0.6438541199669419,-0.6485310539021483,0.5694795358075277,-0.02289528872639983,-3.4545494449200325,0.7602739726027398,threads_us_pullback,screen,"{""min_runup30"": 1.5, ""max_mcap"": 1800000000.0}",False,"{""stop_pct"": 0.05, ""target_pct"": 0.4, ""max_hold_days"": 5}"
510,0.12156862745098039,-0.5846202906907212,-0.7167371673063725,0.6284866273253373,-0.0163157015890715,-1.8976287841056492,1.3529411764705883,428,0.09813084112149532,-0.653006121736483,-0.653006121736483,0.5481950723421726,-0.024010204594419306,-3.401991227494825,0.9345794392523364,threads_us_pullback,screen,"{""min_runup30"": 1.5, ""max_mcap"": 1800000000.0}",False,"{""stop_pct"": 0.05, ""target_pct"": 0.4, ""max_hold_days"": 10}"
541,0.34750462107208874,-0.2779309990539326,-0.5472669562171698,0.8578875924485785,-0.0048200437274702225,-0.46127918663420525,0.6894639556377079,453,0.2891832229580574,-0.5626828076932502,-0.6842544784133395,0.6975418611726689,-0.016330809907659425,-1.934685382199825,0.6181015452538632,threads_us_pullback,screen,"{""min_runup30"": 1.5, ""max_mcap"": 1800000000.0}",False,"{""stop_pct"": 0.1, ""target_pct"": null, ""max_hold_days"": 1}"
509,0.3182711198428291,-0.29318597169435,-0.5888235932303731,0.8946153417736961,-0.0038127851771356243,-0.31461542799827225,1.6483300589390963,426,0.20892018779342722,-0.7360324069618589,-0.7795638575602934,0.6446400283088477,-0.02861693091124812,-2.0340655298845087,1.3779342723004695,threads_us_pullback,screen,"{""min_runup30"": 1.5, ""max_mcap"": 1800000000.0}",False,"{""stop_pct"": 0.1, ""target_pct"": null, ""max_hold_days"": 3}"
483,0.2608695652173913,-0.42804907157832295,-0.6549087681094581,0.8258825959798587,-0.006864309618898923,-0.4800585149180935,2.3146997929606625,410,0.17317073170731706,-0.7370684171680661,-0.7760541106394943,0.6218990809362113,-0.029662222702226567,-1.771979187350634,1.9268292682926829,threads_us_pullback,screen,"{""min_runup30"": 1.5, ""max_mcap"": 1800000000.0}",False,"{""stop_pct"": 0.1, ""target_pct"": null, ""max_hold_days"": 5}"
432,0.18518518518518517,-0.20814622684326634,-0.6797838738326694,0.926397020321637,0.0023277214714438723,0.04161891021636176,3.5416666666666665,382,0.11518324607329843,-0.789910147437469,-0.8443048762599452,0.6520029976249166,-0.03474198871222376,-1.3677280735125865,2.6910994764397906,threads_us_pullback,screen,"{""min_runup30"": 1.5, ""max_mcap"": 1800000000.0}",False,"{""stop_pct"": 0.1, ""target_pct"": null, ""max_hold_days"": 10}"
541,0.37153419593345655,-0.3816741017108275,-0.5372107993368094,0.8130622884071397,-0.008099824527333122,-0.9632348683681347,0.5378927911275416,453,0.304635761589404,-0.7765769375966449,-0.7765769375966449,0.4822812887538105,-0.03275782793235579,-6.204757071885675,0.47240618101545256,threads_us_pullback,screen,"{""min_runup30"": 1.5, ""max_mcap"": 1800000000.0}",False,"{""stop_pct"": 0.1, ""target_pct"": 0.15, ""max_hold_days"": 1}"
520,0.3942307692307692,-0.3260110527157324,-0.545168311029776,0.8801608883563088,-0.006452220275599691,-0.6755768470730518,1.0076923076923077,434,0.2764976958525346,-0.8183730866778337,-0.8183730866778337,0.5052124117852386,-0.038607913843990815,-6.281609577452081,0.8525345622119815,threads_us_pullback,screen,"{""min_runup30"": 1.5, ""max_mcap"": 1800000000.0}",False,"{""stop_pct"": 0.1, ""target_pct"": 0.15, ""max_hold_days"": 3}"
509,0.38703339882121807,-0.2988319193770006,-0.5438459051977902,0.896842323655843,-0.00587951085091151,-0.5825464040387764,1.1669941060903732,430,0.2837209302325581,-0.8183193152140765,-0.8183193152140765,0.518923486089278,-0.038980838313133453,-6.104781084953639,1.0186046511627906,threads_us_pullback,screen,"{""min_runup30"": 1.5, ""max_mcap"": 1800000000.0}",False,"{""stop_pct"": 0.1, ""target_pct"": 0.15, ""max_hold_days"": 5}"
503,0.3856858846918489,-0.26702073244883506,-0.5279793060700327,0.9106634345609914,-0.004873666159324918,-0.4808525967635636,1.3538767395626243,421,0.2755344418052256,-0.8308621331660399,-0.8308621331660399,0.5150955277025381,-0.04160294604730176,-6.378094030803563,1.168646080760095,threads_us_pullback,screen,"{""min_runup30"": 1.5, ""max_mcap"": 1800000000.0}",False,"{""stop_pct"": 0.1, ""target_pct"": 0.15, ""max_hold_days"": 10}"
541,0.34750462107208874,-0.34907945739172375,-0.5722035552846823,0.8178991120846616,-0.006911167853410615,-0.7614658238796134,0.6728280961182994,453,0.2913907284768212,-0.7253026286479709,-0.7264902278074039,0.5527305576842956,-0.027913106407263813,-4.394846207752113,0.5827814569536424,threads_us_pullback,screen,"{""min_runup30"": 1.5, ""max_mcap"": 1800000000.0}",False,"{""stop_pct"": 0.1, ""target_pct"": 0.4, ""max_hold_days"": 1}"
509,0.32612966601178783,-0.28030789356970087,-0.618131591289399,0.8951543496490942,-0.004216762851832204,-0.40066731657475735,1.4911591355599214,428,0.22429906542056074,-0.7903515348323071,-0.7948096026191032,0.5735044848176134,-0.0353973227276075,-4.4159458856086715,1.2009345794392523,threads_us_pullback,screen,"{""min_runup30"": 1.5, ""max_mcap"": 1800000000.0}",False,"{""stop_pct"": 0.1, ""target_pct"": 0.4, ""max_hold_days"": 3}"
488,0.27049180327868855,-0.42233656616039383,-0.6360981456645762,0.8374493022616429,-0.008622227458676945,-0.6940705480693196,1.9344262295081966,415,0.19036144578313252,-0.8055633010290288,-0.8096978983587069,0.558824618980571,-0.037906431259899676,-4.2586091469289675,1.5783132530120483,threads_us_pullback,screen,"{""min_runup30"": 1.5, ""max_mcap"": 1800000000.0}",False,"{""stop_pct"": 0.1, ""target_pct"": 0.4, ""max_hold_days"": 5}"
464,0.21982758620689655,-0.5224865211477484,-0.7164423764014802,0.7960332169859524,-0.013121146318535755,-0.9236128962025957,2.560344827586207,401,0.1546134663341646,-0.8530701338767471,-0.8561945226127123,0.5165690107041466,-0.04603494594071528,-4.85415806476128,1.9526184538653366,threads_us_pullback,screen,"{""min_runup30"": 1.5, ""max_mcap"": 1800000000.0}",False,"{""stop_pct"": 0.1, ""target_pct"": 0.4, ""max_hold_days"": 10}"
541,0.3752310536044362,-0.4104900020112173,-0.6249611049872936,0.7962863222806424,-0.008341838683340898,-0.7375661294667137,0.9186691312384473,453,0.32891832229580575,-0.5009371976997163,-0.673036059099722,0.7654007207443124,-0.013058958969561758,-1.3715567782775424,0.8896247240618101,threads_us_pullback,screen,"{""min_runup30"": 1.5, ""max_mcap"": 1800000000.0}",False,"{""stop_pct"": 0.2, ""target_pct"": null, ""max_hold_days"": 1}"
483,0.37681159420289856,-0.5362446723645082,-0.7155898048791444,0.8320283638487797,-0.0125418390735801,-0.7837423107936087,2.5072463768115942,405,0.2839506172839506,-0.7633171713004957,-0.8004579991724136,0.6893602637695028,-0.030976041303423508,-1.8220152155781077,2.362962962962963,threads_us_pullback,screen,"{""min_runup30"": 1.5, ""max_mcap"": 1800000000.0}",False,"{""stop_pct"": 0.2, ""target_pct"": null, ""max_hold_days"": 3}"
428,0.34345794392523366,-0.7163762092824649,-0.7640762725419656,0.7147599859719836,-0.026423730758127296,-1.1999174162399473,3.7523364485981308,365,0.2493150684931507,-0.852373928178636,-0.8810477978269405,0.6095707439965986,-0.04715874878224386,-2.214202926847009,3.43013698630137,threads_us_pullback,screen,"{""min_runup30"": 1.5, ""max_mcap"": 1800000000.0}",False,"{""stop_pct"": 0.2, ""target_pct"": null, ""max_hold_days"": 5}"
352,0.26420454545454547,-0.7185761321340844,-0.8411878681260747,0.7278221743105908,-0.0252984794173005,-0.8453570341608372,6.051136363636363,292,0.1917808219178082,-0.9096635980823079,-0.9319937358247138,0.65081609615678,-0.05990913812804405,-1.817562236481067,5.328767123287672,threads_us_pullback,screen,"{""min_runup30"": 1.5, ""max_mcap"": 1800000000.0}",False,"{""stop_pct"": 0.2, ""target_pct"": null, ""max_hold_days"": 10}"
541,0.41589648798521256,-0.30919262529196667,-0.5431239325802156,0.869386332027098,-0.005816312148673221,-0.6116688217147744,0.7393715341959335,453,0.35320088300220753,-0.7376047498530275,-0.7376047498530275,0.5611670404234054,-0.0289845755778345,-4.481868084627589,0.7196467991169978,threads_us_pullback,screen,"{""min_runup30"": 1.5, ""max_mcap"": 1800000000.0}",False,"{""stop_pct"": 0.2, ""target_pct"": 0.15, ""max_hold_days"": 1}"
501,0.49101796407185627,-0.2394356701529049,-0.5675986858143511,0.9351686774970956,-0.0036861760340896163,-0.29269481950396753,1.7045908183632734,418,0.37320574162679426,-0.8698413253443875,-0.8711233564626285,0.5159735168389631,-0.04705483988590355,-5.679018855670621,1.6626794258373205,threads_us_pullback,screen,"{""min_runup30"": 1.5, ""max_mcap"": 1800000000.0}",False,"{""stop_pct"": 0.2, ""target_pct"": 0.15, ""max_hold_days"": 3}"
476,0.5126050420168067,-0.26279770321861806,-0.6069706011345026,0.9401444904633778,-0.003454492935841237,-0.2671073843654342,2.168067226890756,402,0.4129353233830846,-0.86840023035278,-0.8696964559043039,0.555939525343528,-0.04821716142758903,-5.370192421131684,2.0920398009950247,threads_us_pullback,screen,"{""min_runup30"": 1.5, ""max_mcap"": 1800000000.0}",False,"{""stop_pct"": 0.2, ""target_pct"": 0.15, ""max_hold_days"": 5}"
451,0.516629711751663,-0.3789583148551351,-0.6426713476572411,0.9140908902514846,-0.007689218275504255,-0.47797790838775595,2.8048780487804876,378,0.41005291005291006,-0.9036296998479261,-0.9045789237394269,0.5308551253858,-0.05898808370457963,-5.972470136266716,2.5185185185185186,threads_us_pullback,screen,"{""min_runup30"": 1.5, ""max_mcap"": 1800000000.0}",False,"{""stop_pct"": 0.2, ""target_pct"": 0.15, ""max_hold_days"": 10}"
541,0.3752310536044362,-0.46808605701480566,-0.6359544350526425,0.7634482757151534,-0.010432962809281287,-1.0304962517331135,0.9020332717190388,453,0.3333333333333333,-0.6564970976623755,-0.6814758007433674,0.6514068247731916,-0.02263532889900259,-2.9696173405316904,0.8432671081677704,threads_us_pullback,screen,"{""min_runup30"": 1.5, ""max_mcap"": 1800000000.0}",False,"{""stop_pct"": 0.2, ""target_pct"": 0.4, ""max_hold_days"": 1}"
484,0.384297520661157,-0.5172786837020882,-0.7286114499183001,0.8303166242433417,-0.012211650618156012,-0.8596401859672715,2.324380165289256,408,0.3161764705882353,-0.7865468696140758,-0.7936383300913827,0.6602714172570079,-0.035526552942455714,-3.3959765815308707,2.1127450980392157,threads_us_pullback,screen,"{""min_runup30"": 1.5, ""max_mcap"": 1800000000.0}",False,"{""stop_pct"": 0.2, ""target_pct"": 0.4, ""max_hold_days"": 3}"
439,0.3530751708428246,-0.6618224240931904,-0.7797623721870193,0.7861509712394645,-0.02009142898357734,-1.2013074945355329,3.255125284738041,374,0.2887700534759358,-0.8313896987603853,-0.8505079174380756,0.6510776911260452,-0.04385735848858062,-3.548812997370214,2.8850267379679146,threads_us_pullback,screen,"{""min_runup30"": 1.5, ""max_mcap"": 1800000000.0}",False,"{""stop_pct"": 0.2, ""target_pct"": 0.4, ""max_hold_days"": 5}"
391,0.309462915601023,-0.7154709251091336,-0.8245733296917901,0.7864780328059163,-0.028155720489788736,-1.2440320777594387,4.726342710997442,327,0.27217125382262997,-0.8590999978969361,-0.8689990035193838,0.6348496434549965,-0.057081680990666725,-3.8296050744425854,3.948012232415902,threads_us_pullback,screen,"{""min_runup30"": 1.5, ""max_mcap"": 1800000000.0}",False,"{""stop_pct"": 0.2, ""target_pct"": 0.4, ""max_hold_days"": 10}"
541,0.3826247689463956,-0.34270674778995724,-0.6016314548774817,0.8385005771546511,-0.006257409894234853,-0.5338342527576484,0.9981515711645101,453,0.3465783664459161,-0.5137204843957243,-0.675445253798711,0.7770641131537124,-0.013157489253749146,-1.2370331304778233,0.9911699779249448,threads_us_pullback,screen,"{""min_runup30"": 1.5, ""max_mcap"": 1800000000.0}",False,"{""stop_pct"": null, ""target_pct"": null, ""max_hold_days"": 1}"
475,0.4126315789473684,-0.2805324838067449,-0.6341726545340433,0.9291902643851446,-0.0018029314559300446,-0.12853848924730438,2.9873684210526315,399,0.3057644110275689,-0.8533151607432993,-0.8767656675006242,0.6581031585525029,-0.04167775945626295,-2.218843121772408,2.9649122807017543,threads_us_pullback,screen,"{""min_runup30"": 1.5, ""max_mcap"": 1800000000.0}",False,"{""stop_pct"": null, ""target_pct"": null, ""max_hold_days"": 3}"
409,0.39364303178484106,-0.76187137554638,-0.8135059761194483,0.707970871789229,-0.03023826185520881,-1.0996715054136017,4.951100244498778,335,0.30149253731343284,-0.805954429838081,-0.8485219362422224,0.744838047400748,-0.04090256144631293,-1.5856947320686512,4.901492537313433,threads_us_pullback,screen,"{""min_runup30"": 1.5, ""max_mcap"": 1800000000.0}",False,"{""stop_pct"": null, ""target_pct"": null, ""max_hold_days"": 5}"
290,0.32413793103448274,-0.612735724082766,-0.875365865693795,0.7519557445631225,-0.01637845044102525,-0.4366815286426296,9.855172413793104,214,0.2570093457943925,-0.9002896018184244,-0.9281406560573373,0.655547099226321,-0.08713316461602871,-1.3776921986949258,9.780373831775702,threads_us_pullback,screen,"{""min_runup30"": 1.5, ""max_mcap"": 1800000000.0}",False,"{""stop_pct"": null, ""target_pct"": null, ""max_hold_days"": 10}"
541,0.43807763401109057,-0.007109185935051943,-0.4563660077935566,0.997222907974939,0.0008929789326558456,0.11318250815864934,0.800369685767098,453,0.39072847682119205,-0.6398042598357556,-0.6398042598357556,0.6388789549216572,-0.02198243570490183,-3.196999133282306,0.7902869757174393,threads_us_pullback,screen,"{""min_runup30"": 1.5, ""max_mcap"": 1800000000.0}",False,"{""stop_pct"": null, ""target_pct"": 0.15, ""max_hold_days"": 1}"
496,0.5342741935483871,0.15218941642291717,-0.47649919749141645,1.0357608396447338,0.005440496021279934,0.3880726964080642,2.0463709677419355,413,0.4358353510895884,-0.8300243351362515,-0.8324749128744761,0.5654649690969095,-0.04048475748341961,-3.94003203491521,2.11138014527845,threads_us_pullback,screen,"{""min_runup30"": 1.5, ""max_mcap"": 1800000000.0}",False,"{""stop_pct"": null, ""target_pct"": 0.15, ""max_hold_days"": 3}"
457,0.5711159737417943,-0.04333899149626319,-0.5411668069643036,0.9911713972719968,0.0032128475356708063,0.1323540167629312,2.989059080962801,374,0.49732620320855614,-0.7844098843085983,-0.7885788051443215,0.6380846863442138,-0.03827490568339903,-3.3151071158827508,3.160427807486631,threads_us_pullback,screen,"{""min_runup30"": 1.5, ""max_mcap"": 1800000000.0}",False,"{""stop_pct"": null, ""target_pct"": 0.15, ""max_hold_days"": 5}"
382,0.6047120418848168,-0.37672209032612214,-0.6297757403897366,0.9069720744028693,-0.0086312515306629,-0.4070618684961306,5.060209424083769,302,0.5364238410596026,-0.8844695310895452,-0.8886971931313707,0.4976314154480969,-0.06282526619567581,-4.309895591151482,5.493377483443709,threads_us_pullback,screen,"{""min_runup30"": 1.5, ""max_mcap"": 1800000000.0}",False,"{""stop_pct"": null, ""target_pct"": 0.15, ""max_hold_days"": 10}"
541,0.3844731977818854,-0.35333181933584046,-0.5757743230059715,0.830107748173355,-0.006721041936866233,-0.6527718247092733,0.977818853974122,453,0.3576158940397351,-0.5424723916424814,-0.6242371443367649,0.7513814655343558,-0.016040794302868946,-1.8008198002844176,0.9359823399558499,threads_us_pullback,screen,"{""min_runup30"": 1.5, ""max_mcap"": 1800000000.0}",False,"{""stop_pct"": null, ""target_pct"": 0.4, ""max_hold_days"": 1}"
476,0.4264705882352941,-0.14726101835785488,-0.5626933339410465,0.9615660106853027,0.0007761440386752373,-0.006230655282555764,2.7605042016806722,403,0.34739454094292804,-0.7773540998282071,-0.7895742731624934,0.7108418474777238,-0.03408425598813641,-2.738248722809853,2.6550868486352357,threads_us_pullback,screen,"{""min_runup30"": 1.5, ""max_mcap"": 1800000000.0}",False,"{""stop_pct"": null, ""target_pct"": 0.4, ""max_hold_days"": 3}"
417,0.41247002398081534,-0.4561069375603791,-0.6540006005069092,0.8809590190085355,-0.009025116939781162,-0.47307136568070773,4.357314148681056,346,0.3554913294797688,-0.7062761024483752,-0.759015926344915,0.7895190858465038,-0.030089593337625297,-1.994389059244699,4.1473988439306355,threads_us_pullback,screen,"{""min_runup30"": 1.5, ""max_mcap"": 1800000000.0}",False,"{""stop_pct"": null, ""target_pct"": 0.4, ""max_hold_days"": 5}"
320,0.3875,-0.3095650562812985,-0.8428176676813737,0.8943879078934048,0.010622246950404016,0.17541161048175186,8.06875,251,0.3705179282868526,-0.8157142251343703,-0.8265173067511019,0.6565209450669817,-0.05573642916866981,-2.41666840163182,7.585657370517929,threads_us_pullback,screen,"{""min_runup30"": 1.5, ""max_mcap"": 1800000000.0}",False,"{""stop_pct"": null, ""target_pct"": 0.4, ""max_hold_days"": 10}"
2049,0.2781844802342606,-0.9401324502465013,-0.9437209959132336,0.6359498066869335,-0.013400846946000407,-4.162281331251814,0.4587603709126403,1794,0.24414715719063546,-0.9554876612387613,-0.9559496608705809,0.5699747573623462,-0.0169542211512226,-6.8356686125763195,0.43645484949832775,threads_us_pullback,screen,"{""min_runup30"": 0.5, ""max_mcap"": 1800000000.0}",False,"{""stop_pct"": 0.05, ""target_pct"": null, ""max_hold_days"": 1}"
1701,0.2087007642563198,-0.9219357195169079,-0.949125143852082,0.697118533799811,-0.014024226103820163,-2.9264582039221385,1.024103468547913,1322,0.16263237518910742,-0.9348428875299948,-0.9477977426287533,0.621719635981069,-0.020172467325315722,-4.1028577099768855,0.9190620272314675,threads_us_pullback,screen,"{""min_runup30"": 0.5, ""max_mcap"": 1800000000.0}",False,"{""stop_pct"": 0.05, ""target_pct"": null, ""max_hold_days"": 3}"
1513,0.17448777263714474,-0.8605890161658789,-0.9254595309866068,0.7276168320181744,-0.011975856390365608,-1.9066569836325993,1.4428288169200265,1135,0.13832599118942732,-0.9141821949200967,-0.9340014084627287,0.6426818314789167,-0.020709282345605127,-3.0958623166416284,1.2343612334801761,threads_us_pullback,screen,"{""min_runup30"": 0.5, ""max_mcap"": 1800000000.0}",False,"{""stop_pct"": 0.05, ""target_pct"": null, ""max_hold_days"": 5}"
1259,0.12470214455917394,-0.90831220915803,-0.946145238109266,0.6679219069894824,-0.017780634305623984,-2.2557945036349834,2.128673550436855,928,0.08620689655172414,-0.924763477419854,-0.9461714980069116,0.5730400654806154,-0.026588444726407173,-3.175265363628261,1.6648706896551724,threads_us_pullback,screen,"{""min_runup30"": 0.5, ""max_mcap"": 1800000000.0}",False,"{""stop_pct"": 0.05, ""target_pct"": null, ""max_hold_days"": 10}"
2049,0.2864812103465105,-0.9642002577616264,-0.9642002577616264,0.5869709506592968,-0.01614509404341712,-7.320788951001374,0.3816495851634944,1794,0.2508361204013378,-0.9729457499990702,-0.9729457499990702,0.540835089533106,-0.019900175228856596,-9.683131830027296,0.35785953177257523,threads_us_pullback,screen,"{""min_runup30"": 0.5, ""max_mcap"": 1800000000.0}",False,"{""stop_pct"": 0.05, ""target_pct"": 0.15, ""max_hold_days"": 1}"
1783,0.24340998317442514,-0.9446542571365116,-0.9489025908343438,0.6856042815209384,-0.01601802957104733,-5.307557188288698,0.7072349971957376,1447,0.21492743607463718,-0.9431652346147894,-0.9476324950637036,0.6190977690244451,-0.019734458269057002,-7.449808807363642,0.5943331029716655,threads_us_pullback,screen,"{""min_runup30"": 0.5, ""max_mcap"": 1800000000.0}",False,"{""stop_pct"": 0.05, ""target_pct"": 0.15, ""max_hold_days"": 3}"
1689,0.23031379514505623,-0.9308813154367335,-0.9385872342613557,0.6992456627693954,-0.015622467611895518,-4.766437482662904,0.8507992895204263,1355,0.21033210332103322,-0.9289233793966384,-0.9368522233750659,0.6368859738229535,-0.019341791226910637,-6.923800849312476,0.7239852398523985,threads_us_pullback,screen,"{""min_runup30"": 0.5, ""max_mcap"": 1800000000.0}",False,"{""stop_pct"": 0.05, ""target_pct"": 0.15, ""max_hold_days"": 5}"
1600,0.215625,-0.9297316199736252,-0.9384440836745941,0.7029973743155982,-0.016330926079291434,-4.690233088515255,1.009375,1264,0.20015822784810128,-0.9190488868739997,-0.9251632736650047,0.6404008797802148,-0.01995335828315152,-6.876249862631906,0.8354430379746836,threads_us_pullback,screen,"{""min_runup30"": 0.5, ""max_mcap"": 1800000000.0}",False,"{""stop_pct"": 0.05, ""target_pct"": 0.15, ""max_hold_days"": 10}"
2049,0.27916056612981943,-0.9484133131378211,-0.9520003447369774,0.6331982857853019,-0.014221478599333993,-4.947062435236987,0.4480234260614934,1794,0.24526198439241917,-0.9576701181205435,-0.9576701181205435,0.5704588337478103,-0.017250142916771904,-7.055302320911444,0.4180602006688963,threads_us_pullback,screen,"{""min_runup30"": 0.5, ""max_mcap"": 1800000000.0}",False,"{""stop_pct"": 0.05, ""target_pct"": 0.4, ""max_hold_days"": 1}"
1722,0.21196283391405343,-0.9172643733999404,-0.9418351443304879,0.708505147979406,-0.013850342740778744,-3.404955780710863,0.9541231126596981,1353,0.1714708056171471,-0.9242415193982354,-0.9377250356290796,0.654677861374939,-0.01871723229693442,-5.00083653650375,0.8292682926829268,threads_us_pullback,screen,"{""min_runup30"": 0.5, ""max_mcap"": 1800000000.0}",False,"{""stop_pct"": 0.05, ""target_pct"": 0.4, ""max_hold_days"": 3}"
1554,0.17696267696267695,-0.9229346513887675,-0.9461636709332938,0.6718727774714153,-0.01588931045942112,-3.396398768111837,1.2927927927927927,1185,0.15527426160337554,-0.8893819499031794,-0.9127532925082679,0.6710278776109605,-0.01775963821044126,-4.307927765020305,1.090295358649789,threads_us_pullback,screen,"{""min_runup30"": 0.5, ""max_mcap"": 1800000000.0}",False,"{""stop_pct"": 0.05, ""target_pct"": 0.4, ""max_hold_days"": 5}"
1369,0.13367421475529584,-0.9263246970557634,-0.9450291787913541,0.6329744165891795,-0.018931612828459444,-3.5020722427665114,1.7742878013148284,1022,0.1232876712328767,-0.8897462238892152,-0.9063394217138049,0.6372969195343559,-0.020138509676457764,-4.6273811052060365,1.4119373776908024,threads_us_pullback,screen,"{""min_runup30"": 0.5, ""max_mcap"": 1800000000.0}",False,"{""stop_pct"": 0.05, ""target_pct"": 0.4, ""max_hold_days"": 10}"
2049,0.35334309419228893,-0.9005495287220469,-0.9132541370719621,0.7262794565150363,-0.010524205441122238,-2.588362088781075,0.7755002440214739,1794,0.3149386845039019,-0.9536846236360917,-0.957963178216222,0.6761786441768342,-0.016131498309420005,-4.613899068143007,0.7246376811594203,threads_us_pullback,screen,"{""min_runup30"": 0.5, ""max_mcap"": 1800000000.0}",False,"{""stop_pct"": 0.1, ""target_pct"": null, ""max_hold_days"": 1}"
1451,0.32253618194348727,-0.7820241578066502,-0.8712735047180287,0.8341386966458225,-0.00755685026662772,-0.7074861975259665,1.8690558235699517,1060,0.2650943396226415,-0.9364597472535109,-0.9510207078363271,0.6817676260638642,-0.02432644066368,-3.367661110136929,1.6415094339622642,threads_us_pullback,screen,"{""min_runup30"": 0.5, ""max_mcap"": 1800000000.0}",False,"{""stop_pct"": 0.1, ""target_pct"": null, ""max_hold_days"": 3}"
1171,0.2843723313407344,-0.6651335813680271,-0.8107833746627364,0.841390029859315,-0.005719786164611493,-0.354349675002987,2.713919726729291,833,0.2148859543817527,-0.9428348608830086,-0.9537288804407243,0.6423761562634247,-0.03311814373862455,-2.846549779129886,2.226890756302521,threads_us_pullback,screen,"{""min_runup30"": 0.5, ""max_mcap"": 1800000000.0}",False,"{""stop_pct"": 0.1, ""target_pct"": null, ""max_hold_days"": 5}"
882,0.21201814058956917,-0.7771922283950233,-0.8789538000393248,0.7874103168244228,-0.013109432470482046,-0.5578707352287842,4.011337868480726,610,0.15737704918032788,-0.9136921851092212,-0.935517539886355,0.669199302883062,-0.040331422667228646,-2.149350221522826,3.185245901639344,threads_us_pullback,screen,"{""min_runup30"": 0.5, ""max_mcap"": 1800000000.0}",False,"{""stop_pct"": 0.1, ""target_pct"": null, ""max_hold_days"": 10}"
2049,0.36798438262567107,-0.9428495821601626,-0.9453964594596895,0.676364971444802,-0.013491371592032102,-4.197589248419497,0.6710590531966814,1794,0.32831661092530656,-0.9799991383131126,-0.9807940156521243,0.6291437664233921,-0.021297157531980276,-8.046802988395573,0.6131549609810479,threads_us_pullback,screen,"{""min_runup30"": 0.5, ""max_mcap"": 1800000000.0}",False,"{""stop_pct"": 0.1, ""target_pct"": 0.15, ""max_hold_days"": 1}"
1574,0.3761118170266836,-0.8834664614675428,-0.9133006644513546,0.798192526218172,-0.012937421402071134,-2.6208613838739847,1.3487928843710293,1224,0.34395424836601307,-0.931802075008011,-0.9432481528794768,0.7243988759761212,-0.021215986056806555,-5.330942972245648,1.1053921568627452,threads_us_pullback,screen,"{""min_runup30"": 0.5, ""max_mcap"": 1800000000.0}",False,"{""stop_pct"": 0.1, ""target_pct"": 0.15, ""max_hold_days"": 3}"
1400,0.3692857142857143,-0.8694917488008321,-0.906419798079914,0.8031885870126383,-0.01378729237914088,-2.4208185659114503,1.7014285714285715,1066,0.3442776735459662,-0.9054575264931107,-0.9170829222047152,0.7242366300158941,-0.020786683825877443,-4.709159189896634,1.3527204502814258,threads_us_pullback,screen,"{""min_runup30"": 0.5, ""max_mcap"": 1800000000.0}",False,"{""stop_pct"": 0.1, ""target_pct"": 0.15, ""max_hold_days"": 5}"
1262,0.3716323296354992,-0.8371745609097552,-0.8861951585928552,0.8265107850957136,-0.013290358243200424,-2.141784280116734,2.0396196513470684,939,0.3439829605963791,-0.8854919757507915,-0.8980396987939644,0.7324207806337908,-0.02220267094127756,-4.270982784767723,1.615548455804047,threads_us_pullback,screen,"{""min_runup30"": 0.5, ""max_mcap"": 1800000000.0}",False,"{""stop_pct"": 0.1, ""target_pct"": 0.15, ""max_hold_days"": 10}"
2049,0.35431918008784774,-0.9124414061291934,-0.9246412343958118,0.7205242716859579,-0.011234089218485316,-2.929891518583789,0.7598828696925329,1794,0.31605351170568563,-0.9675266431361677,-0.9681271018351519,0.6396135473610661,-0.018341886881487957,-5.865005535244904,0.7006688963210702,threads_us_pullback,screen,"{""min_runup30"": 0.5, ""max_mcap"": 1800000000.0}",False,"{""stop_pct"": 0.1, ""target_pct"": 0.4, ""max_hold_days"": 1}"
1472,0.32540760869565216,-0.7496024874908713,-0.8562484374748374,0.8457926327971027,-0.006252915598310007,-0.5920613931023231,1.7547554347826086,1097,0.28258887876025524,-0.9161018826436834,-0.931003544351153,0.710224798495817,-0.021007334883216718,-3.9188955682716364,1.4895168641750227,threads_us_pullback,screen,"{""min_runup30"": 0.5, ""max_mcap"": 1800000000.0}",False,"{""stop_pct"": 0.1, ""target_pct"": 0.4, ""max_hold_days"": 3}"
1223,0.294358135731807,-0.633105647304057,-0.8258877173419066,0.8679031059400736,-0.0049847598193286345,-0.32275137739187976,2.4260016353229763,891,0.24130190796857465,-0.9204869934386309,-0.9329815506463275,0.686039800856138,-0.025823326378151167,-4.030761494128104,1.9506172839506173,threads_us_pullback,screen,"{""min_runup30"": 0.5, ""max_mcap"": 1800000000.0}",False,"{""stop_pct"": 0.1, ""target_pct"": 0.4, ""max_hold_days"": 5}"
993,0.2537764350453172,-0.6680549896691953,-0.8352553966203176,0.8559666058310788,-0.005123331003437098,-0.5699864480407335,3.323262839879154,724,0.20718232044198895,-0.8990871148075253,-0.9115251875274051,0.6722503360555008,-0.029985194662604266,-3.675107534308616,2.5096685082872927,threads_us_pullback,screen,"{""min_runup30"": 0.5, ""max_mcap"": 1800000000.0}",False,"{""stop_pct"": 0.1, ""target_pct"": 0.4, ""max_hold_days"": 10}"
2049,0.36749633967789164,-0.929921349993092,-0.9339841805652097,0.7092081219146938,-0.012085752667099221,-2.6920095315233312,0.9463152757442655,1794,0.3433667781493868,-0.9486933545131232,-0.9571466251214011,0.7083246342951518,-0.015339723215576438,-3.909053690272863,0.9286510590858417,threads_us_pullback,screen,"{""min_runup30"": 0.5, ""max_mcap"": 1800000000.0}",False,"{""stop_pct"": 0.2, ""target_pct"": null, ""max_hold_days"": 1}"
1310,0.35572519083969467,-0.9022965884651626,-0.9307458238902224,0.8017926772849121,-0.014053126440164319,-1.1454016411763408,2.6106870229007635,900,0.3377777777777778,-0.9374686443588447,-0.9530588169148941,0.6881835551872729,-0.02818380887799419,-2.743600224204229,2.401111111111111,threads_us_pullback,screen,"{""min_runup30"": 0.5, ""max_mcap"": 1800000000.0}",False,"{""stop_pct"": 0.2, ""target_pct"": null, ""max_hold_days"": 3}"
963,0.3302180685358255,-0.9526340240387098,-0.9563544420617941,0.6999984213256021,-0.027184953938719548,-2.2114492675045603,4.047767393561786,616,0.28084415584415584,-0.9031456594006106,-0.9100719794732897,0.737257447784789,-0.03642628134572564,-2.0387688263337473,3.573051948051948,threads_us_pullback,screen,"{""min_runup30"": 0.5, ""max_mcap"": 1800000000.0}",False,"{""stop_pct"": 0.2, ""target_pct"": null, ""max_hold_days"": 5}"
612,0.29411764705882354,-0.9465925414964005,-0.9546587665066508,0.6712356456258736,-0.04189864763617283,-2.3316082540947547,6.733660130718954,397,0.22921914357682618,-0.8935393218837321,-0.8939021438629887,0.5945249024554697,-0.056565934159227366,-2.121070477791345,5.675062972292191,threads_us_pullback,screen,"{""min_runup30"": 0.5, ""max_mcap"": 1800000000.0}",False,"{""stop_pct"": 0.2, ""target_pct"": null, ""max_hold_days"": 10}"
2049,0.38848218643240606,-0.9365952507238217,-0.9374928792722924,0.7157999973146735,-0.012853857130047639,-3.454397550671848,0.8296730112249878,1794,0.36510590858416947,-0.972114716453659,-0.9745477528482803,0.6733018740094671,-0.019295205766302177,-6.329623826925493,0.7987736900780379,threads_us_pullback,screen,"{""min_runup30"": 0.5, ""max_mcap"": 1800000000.0}",False,"{""stop_pct"": 0.2, ""target_pct"": 0.15, ""max_hold_days"": 1}"
1431,0.43256464011180995,-0.8677302976377806,-0.8961045949060169,0.8352976797669837,-0.013208299633391584,-2.1271644511563883,1.9909154437456325,1045,0.4411483253588517,-0.9053920185900532,-0.9188159074300105,0.7359966078009946,-0.021335066353541505,-3.6465341791577646,1.6889952153110048,threads_us_pullback,screen,"{""min_runup30"": 0.5, ""max_mcap"": 1800000000.0}",False,"{""stop_pct"": 0.2, ""target_pct"": 0.15, ""max_hold_days"": 3}"
1158,0.45509499136442144,-0.8830264507262775,-0.9208681000100034,0.836799451317075,-0.016090520392590797,-2.051091507042263,2.7884283246977546,822,0.45255474452554745,-0.88559561328057,-0.8993012502725869,0.746948025133636,-0.02423017327059222,-3.6356111707102374,2.2372262773722627,threads_us_pullback,screen,"{""min_runup30"": 0.5, ""max_mcap"": 1800000000.0}",False,"{""stop_pct"": 0.2, ""target_pct"": 0.15, ""max_hold_days"": 5}"
882,0.48639455782312924,-0.868119120242445,-0.911268912223086,0.8281928493738182,-0.01997291767573517,-2.0358474286966204,3.9863945578231292,646,0.4938080495356037,-0.8253837482067398,-0.8416444678699664,0.7664293097033401,-0.025679426122978438,-3.1131755063496587,2.9520123839009287,threads_us_pullback,screen,"{""min_runup30"": 0.5, ""max_mcap"": 1800000000.0}",False,"{""stop_pct"": 0.2, ""target_pct"": 0.15, ""max_hold_days"": 10}"
2049,0.3689604685212299,-0.9324042353642761,-0.9349638798019199,0.719142556499095,-0.012342158454025736,-2.8777317297627314,0.9297218155197657,1794,0.3450390189520624,-0.9603684712174743,-0.9630304459407899,0.6818594747460354,-0.01704359855671681,-4.768972585924423,0.9018952062430323,threads_us_pullback,screen,"{""min_runup30"": 0.5, ""max_mcap"": 1800000000.0}",False,"{""stop_pct"": 0.2, ""target_pct"": 0.4, ""max_hold_days"": 1}"
1334,0.35907046476761617,-0.8751032931961593,-0.9143903011394219,0.8129090214244011,-0.012050024362388915,-1.013191562973212,2.470014992503748,932,0.36373390557939916,-0.8799181643086212,-0.9099084005929027,0.789367683376006,-0.020654078608751486,-2.5393460141823407,2.1824034334763946,threads_us_pullback,screen,"{""min_runup30"": 0.5, ""max_mcap"": 1800000000.0}",False,"{""stop_pct"": 0.2, ""target_pct"": 0.4, ""max_hold_days"": 3}"
1010,0.3405940594059406,-0.9097511832639881,-0.9416339768310813,0.7343698164053092,-0.018431617304989295,-1.222376051601396,3.6811881188118813,674,0.3367952522255193,-0.8270609251770471,-0.8380763118750376,0.7935808464907346,-0.023509172568306237,-2.2767135392275586,3.1142433234421363,threads_us_pullback,screen,"{""min_runup30"": 0.5, ""max_mcap"": 1800000000.0}",False,"{""stop_pct"": 0.2, ""target_pct"": 0.4, ""max_hold_days"": 5}"
684,0.3304093567251462,-0.9095534708811402,-0.9429642475343512,0.7506394806874799,-0.031573456659973555,-2.0842274442281177,5.785087719298246,473,0.32558139534883723,-0.8280887144027093,-0.8286745945041758,0.7353418848944648,-0.03566384000109377,-2.6325917876884266,4.534883720930233,threads_us_pullback,screen,"{""min_runup30"": 0.5, ""max_mcap"": 1800000000.0}",False,"{""stop_pct"": 0.2, ""target_pct"": 0.4, ""max_hold_days"": 10}"
2049,0.3714006832601269,-0.9263303375691867,-0.9307342272897886,0.7180254720799384,-0.011700244065313439,-2.507611307540992,0.9970717423133236,1794,0.3500557413600892,-0.9587740275203135,-0.965454794317447,0.6956041644376652,-0.016330176816479712,-3.852825480308094,0.9944258639910813,threads_us_pullback,screen,"{""min_runup30"": 0.5, ""max_mcap"": 1800000000.0}",False,"{""stop_pct"": null, ""target_pct"": null, ""max_hold_days"": 1}"
1256,0.3718152866242038,-0.874656593813916,-0.922710744748892,0.8059760081074272,-0.012794793565929762,-0.9636090215578926,2.982484076433121,811,0.36991368680641185,-0.8801897933881536,-0.9144118940733957,0.7748159922904548,-0.021928618812323063,-1.7065241528396609,2.9728729963008633,threads_us_pullback,screen,"{""min_runup30"": 0.5, ""max_mcap"": 1800000000.0}",False,"{""stop_pct"": null, ""target_pct"": null, ""max_hold_days"": 3}"
861,0.36469221835075494,-0.9449829900562605,-0.9591051007609277,0.6483582022529374,-0.024316106771631027,-1.7275031329658344,4.968641114982578,496,0.33064516129032256,-0.6582147772086786,-0.6689550883920468,0.8317441243556922,-0.0164458325993723,-0.10732621388645693,4.94758064516129,threads_us_pullback,screen,"{""min_runup30"": 0.5, ""max_mcap"": 1800000000.0}",False,"{""stop_pct"": null, ""target_pct"": null, ""max_hold_days"": 5}"
457,0.3347921225382932,-0.7359639526573634,-0.8834283653235744,0.7571734709455569,-0.007376415746566109,-0.5379621536402103,9.894967177242888,250,0.296,-0.920818099842662,-0.9366124935761208,0.5372520915142406,-0.08926837354962366,-1.158839312198755,9.816,threads_us_pullback,screen,"{""min_runup30"": 0.5, ""max_mcap"": 1800000000.0}",False,"{""stop_pct"": null, ""target_pct"": null, ""max_hold_days"": 10}"
2049,0.4021473889702294,-0.8631625013116428,-0.8660934931250426,0.7698902480167248,-0.009123638422658228,-2.4684120910227687,0.8682284040995608,1794,0.38294314381270905,-0.9503926983206191,-0.9549002492530234,0.7125609682627422,-0.016096960544094263,-4.967846201122962,0.8500557413600892,threads_us_pullback,screen,"{""min_runup30"": 0.5, ""max_mcap"": 1800000000.0}",False,"{""stop_pct"": null, ""target_pct"": 0.15, ""max_hold_days"": 1}"
1388,0.4618155619596542,-0.7128900698525662,-0.7895299990353066,0.8663676935048109,-0.007927342457051859,-1.2197374108939076,2.2463976945244957,964,0.491701244813278,-0.6090384541816449,-0.6955661471596517,0.8853124196883086,-0.007997289389140221,-1.0969876775518856,2.08298755186722,threads_us_pullback,screen,"{""min_runup30"": 0.5, ""max_mcap"": 1800000000.0}",False,"{""stop_pct"": null, ""target_pct"": 0.15, ""max_hold_days"": 3}"
1066,0.49624765478424016,-0.7654448572869126,-0.8629007718982264,0.834425861336763,-0.01099824973940238,-1.2686824933758842,3.4352720450281424,698,0.5415472779369628,-0.5054706352630701,-0.5605985999955019,0.8983164358520676,-0.0066995439419639605,-0.803845783321517,3.011461318051576,threads_us_pullback,screen,"{""min_runup30"": 0.5, ""max_mcap"": 1800000000.0}",False,"{""stop_pct"": null, ""target_pct"": 0.15, ""max_hold_days"": 5}"
687,0.5429403202328966,-0.82637353415217,-0.8689482145524405,0.7903559785705924,-0.021591967198738245,-1.6690869856332913,5.877729257641922,434,0.6152073732718893,-0.27113110139259855,-0.4587482604836103,0.9296761113154436,-0.00370150948272139,-0.30705612475662286,5.108294930875576,threads_us_pullback,screen,"{""min_runup30"": 0.5, ""max_mcap"": 1800000000.0}",False,"{""stop_pct"": null, ""target_pct"": 0.15, ""max_hold_days"": 10}"
2049,0.3743289409468033,-0.9122944270078127,-0.9195065395665949,0.7438756123271821,-0.010950140649261324,-2.4977773481695325,0.9780380673499268,1794,0.3539576365663322,-0.9509703134309165,-0.9544429151061524,0.7011607906137552,-0.01569093377691677,-4.007060537668374,0.9643255295429208,threads_us_pullback,screen,"{""min_runup30"": 0.5, ""max_mcap"": 1800000000.0}",False,"{""stop_pct"": null, ""target_pct"": 0.4, ""max_hold_days"": 1}"
1282,0.38065522620904835,-0.6701881910379794,-0.793528251696041,0.8749808408402248,-0.004846576176699045,-0.3674192318135638,2.8018720748829953,851,0.4018801410105758,-0.6703743426206833,-0.7595755864192982,0.8879533928413648,-0.01007099903704545,-1.014356846128986,2.6921269095182137,threads_us_pullback,screen,"{""min_runup30"": 0.5, ""max_mcap"": 1800000000.0}",False,"{""stop_pct"": null, ""target_pct"": 0.4, ""max_hold_days"": 3}"
906,0.3830022075055188,-0.7731606592093839,-0.8739457571367183,0.820123084573828,-0.009439540236993305,-0.5678470190369024,4.5198675496688745,555,0.3891891891891892,-0.5812680054306462,-0.6672876615848264,0.8794784745068412,-0.010651453266312462,-0.6848485135704507,4.210810810810811,threads_us_pullback,screen,"{""min_runup30"": 0.5, ""max_mcap"": 1800000000.0}",False,"{""stop_pct"": null, ""target_pct"": 0.4, ""max_hold_days"": 5}"
519,0.3969171483622351,-0.567265789370337,-0.8939222527488929,0.8472130009024686,0.0008986989477164133,-0.11844092517229315,8.466281310211945,312,0.4230769230769231,-0.1319621836536149,-0.542639621961347,0.9773857652084672,0.006531158032162143,0.22234677479935552,7.621794871794871,threads_us_pullback,screen,"{""min_runup30"": 0.5, ""max_mcap"": 1800000000.0}",False,"{""stop_pct"": null, ""target_pct"": 0.4, ""max_hold_days"": 10}"
1601,0.33666458463460336,-0.7073260948374426,-0.7233508672502329,0.7532984898089237,-0.008022856668020559,-2.6030793439637656,0.5971267957526546,962,0.2983367983367983,-0.7555449558198585,-0.7579038400883811,0.5073441784917994,-0.014482043366948083,-6.635440859157088,0.5654885654885655,toss_second_volume,screen,"{""second_mult"": 3, ""window"": 10, ""base_adv"": 2000000.0}",False,"{""stop_pct"": 0.05, ""target_pct"": null, ""max_hold_days"": 1}"
1256,0.2770700636942675,-0.40076162457683906,-0.5734249443832158,0.8988129556917326,-0.004136183784450575,-0.678269116346538,1.4562101910828025,765,0.24705882352941178,-0.7682658967690191,-0.7794489165723348,0.46388982911512733,-0.018883379432261208,-5.6464818562469885,1.3673202614379085,toss_second_volume,screen,"{""second_mult"": 3, ""window"": 10, ""base_adv"": 2000000.0}",False,"{""stop_pct"": 0.05, ""target_pct"": null, ""max_hold_days"": 3}"
1081,0.25716928769657726,-0.426647548817935,-0.6101222972222677,0.8711023389867445,-0.00487601538245269,-0.7236589661584756,2.1461609620721553,666,0.22972972972972974,-0.7331675944277641,-0.7574175128293817,0.465093532429848,-0.019523402097178823,-4.566961760548863,2.0555555555555554,toss_second_volume,screen,"{""second_mult"": 3, ""window"": 10, ""base_adv"": 2000000.0}",False,"{""stop_pct"": 0.05, ""target_pct"": null, ""max_hold_days"": 5}"
855,0.21052631578947367,-0.2617903648154333,-0.5312426129477471,0.9151930427108718,-0.0025576485448347286,-0.2557858803284686,3.4175438596491228,530,0.17547169811320754,-0.6680939199488065,-0.7442494673130027,0.4632761758471274,-0.01940713848402628,-3.4578760859587523,3.188679245283019,toss_second_volume,screen,"{""second_mult"": 3, ""window"": 10, ""base_adv"": 2000000.0}",False,"{""stop_pct"": 0.05, ""target_pct"": null, ""max_hold_days"": 10}"
1658,0.3347406513872135,-0.7745048264009688,-0.7805755183067093,0.7267285810616244,-0.009492430179471514,-3.7803824179776537,0.5241254523522316,990,0.296969696969697,-0.7675132031920832,-0.7700489992305422,0.5053149422151186,-0.014612482003352032,-7.715810040571977,0.5050505050505051,toss_second_volume,screen,"{""second_mult"": 3, ""window"": 10, ""base_adv"": 2000000.0}",False,"{""stop_pct"": 0.05, ""target_pct"": 0.15, ""max_hold_days"": 1}"
1397,0.3013600572655691,-0.642173239340561,-0.7082469766461795,0.8100564231514445,-0.007825421008156265,-2.2366135868355523,1.1274158911954189,835,0.25389221556886227,-0.774308153507504,-0.7825777037971514,0.5060382411457098,-0.01760917372201258,-6.7259941846886315,1.089820359281437,toss_second_volume,screen,"{""second_mult"": 3, ""window"": 10, ""base_adv"": 2000000.0}",False,"{""stop_pct"": 0.05, ""target_pct"": 0.15, ""max_hold_days"": 3}"
1285,0.2933852140077821,-0.6149839768298051,-0.700275349263019,0.8167327720838783,-0.007656774465204978,-2.042232323120667,1.4832684824902724,776,0.2422680412371134,-0.7500731804424294,-0.7618803972093844,0.5436745429641492,-0.01775680947324274,-5.816196746439036,1.4845360824742269,toss_second_volume,screen,"{""second_mult"": 3, ""window"": 10, ""base_adv"": 2000000.0}",False,"{""stop_pct"": 0.05, ""target_pct"": 0.15, ""max_hold_days"": 5}"
1118,0.2737030411449016,-0.5349471311744953,-0.6457727484128494,0.8332712347192603,-0.007203259476718551,-1.5951972242770076,2.116279069767442,682,0.23313782991202345,-0.69675131664806,-0.7135248082146202,0.557133097888033,-0.017361147000859025,-4.8581938928382415,2.036656891495601,toss_second_volume,screen,"{""second_mult"": 3, ""window"": 10, ""base_adv"": 2000000.0}",False,"{""stop_pct"": 0.05, ""target_pct"": 0.15, ""max_hold_days"": 10}"
1607,0.33602986932171747,-0.7094549984809359,-0.7258764140145385,0.7525271860156586,-0.008068434367234917,-2.7465577121207145,0.5899191039203485,967,0.29782833505687695,-0.7306651698895805,-0.733247768675171,0.5307722282120643,-0.013370267985617603,-5.771979113708902,0.5573940020682523,toss_second_volume,screen,"{""second_mult"": 3, ""window"": 10, ""base_adv"": 2000000.0}",False,"{""stop_pct"": 0.05, ""target_pct"": 0.4, ""max_hold_days"": 1}"
1278,0.27856025039123633,-0.4832705974186462,-0.6174868268512583,0.8661257615412992,-0.0054403615950283915,-1.1137368306643685,1.3967136150234742,774,0.2467700258397933,-0.7363588837243504,-0.7493802794295308,0.5174642610578196,-0.016970132120645454,-5.176658632943136,1.330749354005168,toss_second_volume,screen,"{""second_mult"": 3, ""window"": 10, ""base_adv"": 2000000.0}",False,"{""stop_pct"": 0.05, ""target_pct"": 0.4, ""max_hold_days"": 3}"
1128,0.2553191489361702,-0.46689206183214726,-0.6204615261498142,0.8633286691085093,-0.005794662043556268,-1.0659097651128597,1.975177304964539,683,0.22986822840409957,-0.6977771118566665,-0.7145474758412146,0.5365248111696468,-0.017302737818925013,-4.2168273155790645,1.9546120058565153,toss_second_volume,screen,"{""second_mult"": 3, ""window"": 10, ""base_adv"": 2000000.0}",False,"{""stop_pct"": 0.05, ""target_pct"": 0.4, ""max_hold_days"": 5}"
927,0.21251348435814454,-0.4584622798633856,-0.6049879264347664,0.8495753481736698,-0.0068192453347249195,-1.0788722509959061,3.029126213592233,564,0.18617021276595744,-0.6633120521759721,-0.6978910376572223,0.5242418521817911,-0.019447613149934012,-3.585614314755975,2.9397163120567376,toss_second_volume,screen,"{""second_mult"": 3, ""window"": 10, ""base_adv"": 2000000.0}",False,"{""stop_pct"": 0.05, ""target_pct"": 0.4, ""max_hold_days"": 10}"
1479,0.38404327248140635,-0.7772523725718303,-0.7925645333859163,0.7376039965316982,-0.010274164000411864,-2.861175967222337,0.8269100743745774,878,0.34851936218678814,-0.6633156342195942,-0.7392222838718404,0.6796778284368266,-0.012024598196334285,-2.6131967698333565,0.8382687927107062,toss_second_volume,screen,"{""second_mult"": 3, ""window"": 10, ""base_adv"": 2000000.0}",False,"{""stop_pct"": 0.1, ""target_pct"": null, ""max_hold_days"": 1}"
1080,0.3648148148148148,-0.396104507279317,-0.6120529247654797,0.9139968192729172,-0.0036517630376569107,-0.5911518627902927,2.2055555555555557,646,0.3219814241486068,-0.799259970438622,-0.8448417680431319,0.4866426736367392,-0.02410048270306513,-3.767021317356972,2.1996904024767803,toss_second_volume,screen,"{""second_mult"": 3, ""window"": 10, ""base_adv"": 2000000.0}",False,"{""stop_pct"": 0.1, ""target_pct"": null, ""max_hold_days"": 3}"
875,0.35085714285714287,-0.1998927681405679,-0.5614831431296146,0.9544655924873914,-0.003300867460717696,-0.13872046362571722,3.4297142857142857,528,0.3390151515151515,-0.7354361738044752,-0.8133333460560632,0.4858404257926801,-0.024477086647876862,-3.1009272775101797,3.3068181818181817,toss_second_volume,screen,"{""second_mult"": 3, ""window"": 10, ""base_adv"": 2000000.0}",False,"{""stop_pct"": 0.1, ""target_pct"": null, ""max_hold_days"": 5}"
634,0.32965299684542587,-0.458097609715831,-0.6265602136206987,0.8525308366557023,-0.003751242523095446,-0.655406496398513,5.761829652996846,354,0.3050847457627119,-0.6336803849812043,-0.7493709461777757,0.5093949515487846,-0.02798188138766355,-2.2079193658954646,5.838983050847458,toss_second_volume,screen,"{""second_mult"": 3, ""window"": 10, ""base_adv"": 2000000.0}",False,"{""stop_pct"": 0.1, ""target_pct"": null, ""max_hold_days"": 10}"
1538,0.38751625487646296,-0.799268728507657,-0.8101001449916476,0.7351483092631435,-0.010817784515399918,-3.4515803599091406,0.7399219765929779,910,0.34725274725274724,-0.7041056184962561,-0.7670964132556873,0.6656677602815512,-0.013049557400594316,-3.030845562107071,0.7593406593406593,toss_second_volume,screen,"{""second_mult"": 3, ""window"": 10, ""base_adv"": 2000000.0}",False,"{""stop_pct"": 0.1, ""target_pct"": 0.15, ""max_hold_days"": 1}"
1206,0.4071310116086235,-0.6048323573530924,-0.6845789525438207,0.8405260539820534,-0.007433831498574131,-1.634552144730085,1.7719734660033168,709,0.34978843441466856,-0.6874672837951936,-0.7699296653559933,0.6811139964834424,-0.015906080066914366,-2.575847887838268,1.8321579689703809,toss_second_volume,screen,"{""second_mult"": 3, ""window"": 10, ""base_adv"": 2000000.0}",False,"{""stop_pct"": 0.1, ""target_pct"": 0.15, ""max_hold_days"": 3}"
1047,0.40305635148042024,-0.6491800054214075,-0.6787435599174798,0.8207474499082817,-0.009836993526815923,-1.9356311904885697,2.4765998089780323,598,0.3762541806020067,-0.5655560595358584,-0.6936020499040314,0.7441639297113585,-0.013378385683008401,-1.7955633127521586,2.6722408026755855,toss_second_volume,screen,"{""second_mult"": 3, ""window"": 10, ""base_adv"": 2000000.0}",False,"{""stop_pct"": 0.1, ""target_pct"": 0.15, ""max_hold_days"": 5}"
816,0.40441176470588236,-0.5563429774301546,-0.6194528290823429,0.8341100080855461,-0.008835209597003716,-1.552114026385952,3.9276960784313726,462,0.37012987012987014,-0.4862239888875898,-0.6290522607637732,0.7556804072589612,-0.013559975154958787,-1.4097806106995188,4.0064935064935066,toss_second_volume,screen,"{""second_mult"": 3, ""window"": 10, ""base_adv"": 2000000.0}",False,"{""stop_pct"": 0.1, ""target_pct"": 0.15, ""max_hold_days"": 10}"
1484,0.38477088948787064,-0.7465876441419242,-0.7718908725118201,0.7599353666768649,-0.009385532755233959,-2.63626363756202,0.8194070080862533,883,0.3465458663646659,-0.6317335806573237,-0.7136726737961083,0.7004404794683032,-0.010918156706243132,-2.329367810790935,0.8289920724801813,toss_second_volume,screen,"{""second_mult"": 3, ""window"": 10, ""base_adv"": 2000000.0}",False,"{""stop_pct"": 0.1, ""target_pct"": 0.4, ""max_hold_days"": 1}"
1104,0.3677536231884058,-0.3607297536040538,-0.5218433875872027,0.9149286181026602,-0.003654776712287669,-0.6196269116452426,2.108695652173913,658,0.32066869300911854,-0.7221545044905655,-0.8024005528975019,0.6227996111039019,-0.018581170710035688,-2.704877107967081,2.1322188449848025,toss_second_volume,screen,"{""second_mult"": 3, ""window"": 10, ""base_adv"": 2000000.0}",False,"{""stop_pct"": 0.1, ""target_pct"": 0.4, ""max_hold_days"": 3}"
916,0.35262008733624456,-0.33376065235382457,-0.48395352877415865,0.9184359944664251,-0.004157069766302057,-0.5292534896068111,3.1550218340611353,536,0.34328358208955223,-0.6197851228139972,-0.7399567350161802,0.6649809448752326,-0.017295970533808037,-2.023270926057467,3.2108208955223883,toss_second_volume,screen,"{""second_mult"": 3, ""window"": 10, ""base_adv"": 2000000.0}",False,"{""stop_pct"": 0.1, ""target_pct"": 0.4, ""max_hold_days"": 5}"
693,0.3318903318903319,-0.37192453910116996,-0.5542520696834172,0.8944337153304488,-0.0037008252962494,-0.6027229584873935,5.142857142857143,364,0.32142857142857145,-0.5033119735628083,-0.6745796841959413,0.6889975151396024,-0.01753490699454956,-1.4057779668924615,5.626373626373627,toss_second_volume,screen,"{""second_mult"": 3, ""window"": 10, ""base_adv"": 2000000.0}",False,"{""stop_pct"": 0.1, ""target_pct"": 0.4, ""max_hold_days"": 10}"
1424,0.4023876404494382,-0.7099466651462918,-0.7312977085850043,0.7574406029938417,-0.008880942724060408,-1.9769738349248562,0.961376404494382,837,0.36200716845878134,-0.6004418548300452,-0.6997669139791083,0.6951239477601455,-0.010683106505389424,-2.27868132795647,0.978494623655914,toss_second_volume,screen,"{""second_mult"": 3, ""window"": 10, ""base_adv"": 2000000.0}",False,"{""stop_pct"": 0.2, ""target_pct"": null, ""max_hold_days"": 1}"
971,0.411946446961895,0.03569473415756952,-0.5531303501265215,1.0076670932472878,0.001404183698706725,0.22753158357813055,2.799176107106076,577,0.35008665511265163,-0.8142708561578125,-0.8522405152545094,0.4598311086588957,-0.02825466378222332,-3.9019946936139713,2.7868284228769498,toss_second_volume,screen,"{""second_mult"": 3, ""window"": 10, ""base_adv"": 2000000.0}",False,"{""stop_pct"": 0.2, ""target_pct"": null, ""max_hold_days"": 3}"
749,0.411214953271028,-0.25174046905983716,-0.5692656693828723,0.9386714207757273,-0.002242127971903317,-0.218670710992512,4.492656875834446,441,0.4036281179138322,-0.6314456072715235,-0.7338397562522314,0.5850447188453579,-0.022140973623412816,-2.191979199525537,4.471655328798186,toss_second_volume,screen,"{""second_mult"": 3, ""window"": 10, ""base_adv"": 2000000.0}",False,"{""stop_pct"": 0.2, ""target_pct"": null, ""max_hold_days"": 5}"
485,0.41855670103092785,-0.15716551636089937,-0.5773439735874375,0.9533856324000074,0.0017917831280629124,-0.057329037549962644,8.416494845360825,279,0.4014336917562724,-0.5705187314440159,-0.6858904699345637,0.5533298616344033,-0.03017186345050672,-1.804620631886051,8.21505376344086,toss_second_volume,screen,"{""second_mult"": 3, ""window"": 10, ""base_adv"": 2000000.0}",False,"{""stop_pct"": 0.2, ""target_pct"": null, ""max_hold_days"": 10}"
1473,0.4059742023082145,-0.7480001775820158,-0.7527840298646659,0.745670994187764,-0.009771249138295354,-2.447058289268025,0.878479293957909,864,0.3611111111111111,-0.619094193473176,-0.7059587394499383,0.7022336933581086,-0.010869954592771984,-2.407524313186466,0.90625,toss_second_volume,screen,"{""second_mult"": 3, ""window"": 10, ""base_adv"": 2000000.0}",False,"{""stop_pct"": 0.2, ""target_pct"": 0.15, ""max_hold_days"": 1}"
1071,0.4584500466853408,-0.13947619018290336,-0.4669748534129301,0.9673598667867849,-0.0012855704606565845,-0.11140489624921902,2.3249299719887957,633,0.3791469194312796,-0.6436654023426993,-0.7341160768788628,0.7022026984281036,-0.015856906639412863,-2.22487715495411,2.39652448657188,toss_second_volume,screen,"{""second_mult"": 3, ""window"": 10, ""base_adv"": 2000000.0}",False,"{""stop_pct"": 0.2, ""target_pct"": 0.15, ""max_hold_days"": 3}"
876,0.4840182648401826,-0.39461745313187746,-0.5396705736040963,0.9044057891068884,-0.005188054496465556,-0.7383802746737601,3.4748858447488584,496,0.4334677419354839,-0.5324141353129408,-0.6578207996707233,0.7423620526756802,-0.01481235517295673,-1.5704092949851716,3.776209677419355,toss_second_volume,screen,"{""second_mult"": 3, ""window"": 10, ""base_adv"": 2000000.0}",False,"{""stop_pct"": 0.2, ""target_pct"": 0.15, ""max_hold_days"": 5}"
639,0.5195618153364632,-0.11372493080878232,-0.3902722326817042,0.9681678551055313,-0.00022973568455145882,-0.09717587005768069,5.852895148669797,329,0.47112462006079026,-0.27275113698518816,-0.4907575989579396,0.8443619331217976,-0.009229201521107556,-0.5751108489770906,6.434650455927052,toss_second_volume,screen,"{""second_mult"": 3, ""window"": 10, ""base_adv"": 2000000.0}",False,"{""stop_pct"": 0.2, ""target_pct"": 0.15, ""max_hold_days"": 10}"
1429,0.40237928621413577,-0.6545262271666853,-0.6835341934434868,0.7936789045336753,-0.007588879755181898,-1.680843937824197,0.9531140657802659,841,0.3579072532699168,-0.5575498250451685,-0.6772135649489859,0.7158418360316626,-0.00935859013898242,-1.9594814931096718,0.9702734839476813,toss_second_volume,screen,"{""second_mult"": 3, ""window"": 10, ""base_adv"": 2000000.0}",False,"{""stop_pct"": 0.2, ""target_pct"": 0.4, ""max_hold_days"": 1}"
983,0.4170905391658189,0.01132072033602971,-0.44713356006894556,1.002627082489732,0.0004922164953401737,0.18477753184912038,2.7100712105798577,585,0.35213675213675216,-0.6833688785980699,-0.7681708385881544,0.6454101465405476,-0.018922939630057943,-2.381071413254687,2.7196581196581198,toss_second_volume,screen,"{""second_mult"": 3, ""window"": 10, ""base_adv"": 2000000.0}",False,"{""stop_pct"": 0.2, ""target_pct"": 0.4, ""max_hold_days"": 3}"
775,0.43483870967741933,0.14294686135094747,-0.44752034339664004,1.0300268224877975,0.0024635618946883143,0.38266179599909894,4.251612903225807,451,0.4124168514412417,-0.46912110862266576,-0.6384166358209403,0.7634610913541748,-0.013309938298270672,-1.2477258228561623,4.330376940133037,toss_second_volume,screen,"{""second_mult"": 3, ""window"": 10, ""base_adv"": 2000000.0}",False,"{""stop_pct"": 0.2, ""target_pct"": 0.4, ""max_hold_days"": 5}"
519,0.4508670520231214,0.12354043869195319,-0.4516723235600487,1.0343521095618404,0.0067656943975954184,0.35721896756099936,7.676300578034682,281,0.40213523131672596,-0.24558189567482014,-0.5043712940456875,0.8496829484594232,-0.01024126992946557,-0.46140164368465,8.0355871886121,toss_second_volume,screen,"{""second_mult"": 3, ""window"": 10, ""base_adv"": 2000000.0}",False,"{""stop_pct"": 0.2, ""target_pct"": 0.4, ""max_hold_days"": 10}"
1399,0.4010007147962831,-0.7087560770062077,-0.7199337455236106,0.7585654390780547,-0.008804736347501839,-2.0102880574708597,0.995711222301644,831,0.35980746089049337,-0.6007812311671585,-0.7000170156612939,0.6919189690395336,-0.010709988180051137,-2.260547073907704,0.9951865222623345,toss_second_volume,screen,"{""second_mult"": 3, ""window"": 10, ""base_adv"": 2000000.0}",False,"{""stop_pct"": null, ""target_pct"": null, ""max_hold_days"": 1}"
941,0.40807651434643993,-0.12930258215694868,-0.6281800177395425,0.9713522483942589,0.0008694520011013277,-0.0039990680223842764,2.9798087141339002,551,0.35390199637023595,-0.7826874590712272,-0.8317623224911419,0.4603783422080469,-0.026604724498936225,-3.4661608645012643,2.9872958257713247,toss_second_volume,screen,"{""second_mult"": 3, ""window"": 10, ""base_adv"": 2000000.0}",False,"{""stop_pct"": null, ""target_pct"": null, ""max_hold_days"": 3}"
705,0.425531914893617,-0.1037296420985222,-0.5744849426460799,0.974710565085558,0.0018105299097667252,0.053577763235240085,4.9560283687943265,413,0.39709443099273606,-0.6512711295915543,-0.7470438258562677,0.5685046883095769,-0.024504058046464886,-2.263185215063852,4.961259079903147,toss_second_volume,screen,"{""second_mult"": 3, ""window"": 10, ""base_adv"": 2000000.0}",False,"{""stop_pct"": null, ""target_pct"": null, ""max_hold_days"": 5}"
427,0.4519906323185012,-0.24270439379016795,-0.5780244375145882,0.9167410959133464,-0.00043675337035122713,-0.20618424399544058,9.864168618266978,239,0.39748953974895396,-0.586786310583289,-0.6909583921327511,0.498528085680243,-0.03609934250441718,-1.8086284154273915,9.774058577405858,toss_second_volume,screen,"{""second_mult"": 3, ""window"": 10, ""base_adv"": 2000000.0}",False,"{""stop_pct"": null, ""target_pct"": null, ""max_hold_days"": 10}"
1449,0.40924775707384403,-0.6832461174282998,-0.6866672005121619,0.7724274261280364,-0.008201216378364476,-2.056253825260266,0.9151138716356108,858,0.36596736596736595,-0.5596189022691238,-0.6602992100538041,0.7296950252515289,-0.00922615045995672,-2.0412890478254235,0.9230769230769231,toss_second_volume,screen,"{""second_mult"": 3, ""window"": 10, ""base_adv"": 2000000.0}",False,"{""stop_pct"": null, ""target_pct"": 0.15, ""max_hold_days"": 1}"
1020,0.4647058823529412,0.11100578021202967,-0.4363934746509467,1.0257409290949782,0.0018680081710274175,0.33308237961844367,2.542156862745098,605,0.39669421487603307,-0.5270903362200106,-0.6572775355419096,0.7591036628974026,-0.011890512937861425,-1.536030302219383,2.590082644628099,toss_second_volume,screen,"{""second_mult"": 3, ""window"": 10, ""base_adv"": 2000000.0}",False,"{""stop_pct"": null, ""target_pct"": 0.15, ""max_hold_days"": 3}"
800,0.48625,-0.4269544987705567,-0.5386038147482322,0.8856726792365514,-0.005232872421562606,-0.7697674571746862,4.04625,462,0.45670995670995673,-0.46278611531147895,-0.6213857879575726,0.7773401231493412,-0.013542773667662666,-1.2286496835512246,4.194805194805195,toss_second_volume,screen,"{""second_mult"": 3, ""window"": 10, ""base_adv"": 2000000.0}",False,"{""stop_pct"": null, ""target_pct"": 0.15, ""max_hold_days"": 5}"
535,0.5439252336448598,-0.08768209887145684,-0.4932626727996221,0.9734919122275019,0.0041784189622976,-0.038100147963585976,7.319626168224299,285,0.4842105263157895,-0.24101777645262468,-0.46880364544308273,0.8628835291904654,-0.009706438147339904,-0.45409968683657015,7.775438596491228,toss_second_volume,screen,"{""second_mult"": 3, ""window"": 10, ""base_adv"": 2000000.0}",False,"{""stop_pct"": null, ""target_pct"": 0.15, ""max_hold_days"": 10}"
1405,0.40213523131672596,-0.6221795058288255,-0.6475883698182379,0.8072340475223698,-0.007041441987912797,-1.5282486099022745,0.9879003558718861,836,0.35645933014354064,-0.542065355012703,-0.6658810586296383,0.7224803309279072,-0.008927877752330025,-1.8456994493864467,0.9856459330143541,toss_second_volume,screen,"{""second_mult"": 3, ""window"": 10, ""base_adv"": 2000000.0}",False,"{""stop_pct"": null, ""target_pct"": 0.4, ""max_hold_days"": 1}"
949,0.41622760800842995,-0.08943286114364979,-0.5351312029570331,0.9788324319646874,0.0004580052543537019,0.03725724612013262,2.8998946259220233,561,0.3582887700534759,-0.6286718305448389,-0.7370037004472142,0.6631348098739682,-0.016476018220953466,-1.972844157336126,2.9251336898395723,toss_second_volume,screen,"{""second_mult"": 3, ""window"": 10, ""base_adv"": 2000000.0}",False,"{""stop_pct"": null, ""target_pct"": 0.4, ""max_hold_days"": 3}"
722,0.44182825484764543,0.2070120526772976,-0.48193885434317896,1.0451860962320267,0.005341013572011653,0.4628947241308275,4.747922437673131,421,0.40617577197149646,-0.5390945339001916,-0.6707341831550684,0.7131939877779714,-0.01759520389191092,-1.5327514570927891,4.838479809976247,toss_second_volume,screen,"{""second_mult"": 3, ""window"": 10, ""base_adv"": 2000000.0}",False,"{""stop_pct"": null, ""target_pct"": 0.4, ""max_hold_days"": 5}"
450,0.4688888888888889,-0.05628405429366423,-0.48257321291642086,0.9823178868967664,0.010756779767697183,0.05876900566518245,9.197777777777778,244,0.42213114754098363,-0.2743305552537644,-0.505637978945196,0.8157403271160762,-0.013092393255652658,-0.5257776663403738,9.467213114754099,toss_second_volume,screen,"{""second_mult"": 3, ""window"": 10, ""base_adv"": 2000000.0}",False,"{""stop_pct"": null, ""target_pct"": 0.4, ""max_hold_days"": 10}"
2067,0.3449443638122883,-0.7978056440955859,-0.8048767611591292,0.725680429876092,-0.007904969579740411,-3.145804150411495,0.6405418480890179,1269,0.2978723404255319,-0.8445628737033581,-0.8445628737033581,0.4791717590178015,-0.014484777429596255,-7.959199553269325,0.5965327029156816,toss_second_volume,screen,"{""second_mult"": 3, ""window"": 10, ""base_adv"": 10000000.0}",False,"{""stop_pct"": 0.05, ""target_pct"": null, ""max_hold_days"": 1}"
1506,0.2908366533864542,-0.5696343003726403,-0.5990748470652102,0.8514422352366674,-0.005389627194485165,-1.148887025841344,1.600265604249668,907,0.27342888643880925,-0.7933919978255739,-0.8021838804454667,0.481290412662883,-0.016951771261896294,-5.530487745769777,1.4851157662624035,toss_second_volume,screen,"{""second_mult"": 3, ""window"": 10, ""base_adv"": 10000000.0}",False,"{""stop_pct"": 0.05, ""target_pct"": null, ""max_hold_days"": 3}"
1257,0.2752585521081941,-0.5519642563408478,-0.7066799359925479,0.8285841714472534,-0.006043352666272333,-1.0150944161043167,2.3627684964200477,721,0.260748959778086,-0.7065595625278731,-0.7293637673629378,0.5005702189837572,-0.016482563287131526,-3.905264167257071,2.30374479889043,toss_second_volume,screen,"{""second_mult"": 3, ""window"": 10, ""base_adv"": 10000000.0}",False,"{""stop_pct"": 0.05, ""target_pct"": null, ""max_hold_days"": 5}"
929,0.22497308934337998,-0.6064538265079258,-0.6914413367944308,0.7633440702740447,-0.009166444916289384,-1.242221075885838,3.7233584499461787,518,0.22393822393822393,-0.6022317929616794,-0.6736518109789253,0.531109783126252,-0.018088612440679712,-2.900008263377342,3.7953667953667956,toss_second_volume,screen,"{""second_mult"": 3, ""window"": 10, ""base_adv"": 10000000.0}",False,"{""stop_pct"": 0.05, ""target_pct"": null, ""max_hold_days"": 10}"
2121,0.3432343234323432,-0.8460484228582428,-0.8460484228582428,0.7017914128192284,-0.00905954639105521,-4.273190834971468,0.5808580858085809,1296,0.2986111111111111,-0.8499409507278117,-0.8507734702747533,0.4792029859510295,-0.014471803460695709,-8.70519433292977,0.5493827160493827,toss_second_volume,screen,"{""second_mult"": 3, ""window"": 10, ""base_adv"": 10000000.0}",False,"{""stop_pct"": 0.05, ""target_pct"": 0.15, ""max_hold_days"": 1}"
1654,0.3022974607013301,-0.7667226516095839,-0.7828785129076389,0.7603685686044103,-0.009065325491106859,-2.9843325293037855,1.2944377267230955,971,0.2801235839340886,-0.7964895847062271,-0.8010128578088825,0.5106872313678041,-0.016161767406664012,-6.735786886002697,1.247167868177137,toss_second_volume,screen,"{""second_mult"": 3, ""window"": 10, ""base_adv"": 10000000.0}",False,"{""stop_pct"": 0.05, ""target_pct"": 0.15, ""max_hold_days"": 3}"
1447,0.29371112646855563,-0.7808363487366445,-0.7974214661961508,0.7513120138689423,-0.010764971009273393,-3.029178955477689,1.7954388389771943,827,0.26481257557436516,-0.7307466135031955,-0.7395932635975073,0.5608946479285408,-0.01591310928983537,-5.453509973879151,1.7823458282950424,toss_second_volume,screen,"{""second_mult"": 3, ""window"": 10, ""base_adv"": 10000000.0}",False,"{""stop_pct"": 0.05, ""target_pct"": 0.15, ""max_hold_days"": 5}"
1163,0.2708512467755804,-0.6934607500438299,-0.732330111772626,0.7689007466558034,-0.010257758663585565,-2.4355564089651556,2.6165090283748924,653,0.2572741194486983,-0.6162736551302391,-0.630587459606885,0.607319544676783,-0.014583744507966031,-3.9635767941833993,2.6385911179173047,toss_second_volume,screen,"{""second_mult"": 3, ""window"": 10, ""base_adv"": 10000000.0}",False,"{""stop_pct"": 0.05, ""target_pct"": 0.15, ""max_hold_days"": 10}"
2071,0.34379526798647997,-0.8128580140942346,-0.8191273768694713,0.7145179275477005,-0.008299818630834052,-3.4119808544687102,0.6344760985031386,1274,0.29748822605965464,-0.8290692542567444,-0.8290692542567444,0.49421339745337267,-0.013640899514321674,-7.112383671215401,0.5902668759811617,toss_second_volume,screen,"{""second_mult"": 3, ""window"": 10, ""base_adv"": 10000000.0}",False,"{""stop_pct"": 0.05, ""target_pct"": 0.4, ""max_hold_days"": 1}"
1528,0.2918848167539267,-0.5864694468304583,-0.6499268291450806,0.8412859474440991,-0.005864978362133839,-1.4943439076720582,1.5477748691099475,916,0.2718340611353712,-0.7800953435567427,-0.7895818315596053,0.4965928480623123,-0.016042322656422567,-5.328833343916818,1.4563318777292575,toss_second_volume,screen,"{""second_mult"": 3, ""window"": 10, ""base_adv"": 10000000.0}",False,"{""stop_pct"": 0.05, ""target_pct"": 0.4, ""max_hold_days"": 3}"
1299,0.2763664357197845,-0.5530022374845744,-0.714570015797173,0.8399659935885777,-0.006071008258592592,-1.2896739720940633,2.2263279445727484,737,0.26322930800542743,-0.6581889403705561,-0.6719678446067096,0.5790596261049993,-0.013896645626046082,-3.540416943570808,2.2184531886024423,toss_second_volume,screen,"{""second_mult"": 3, ""window"": 10, ""base_adv"": 10000000.0}",False,"{""stop_pct"": 0.05, ""target_pct"": 0.4, ""max_hold_days"": 5}"
990,0.2292929292929293,-0.5613369813500867,-0.6657202917318774,0.8035421103435333,-0.00789025645658328,-1.3499552125550522,3.4,539,0.22634508348794063,-0.5828820586743686,-0.6499023048807446,0.5637342154211482,-0.015870683671729932,-2.9249624261167657,3.5640074211502784,toss_second_volume,screen,"{""second_mult"": 3, ""window"": 10, ""base_adv"": 10000000.0}",False,"{""stop_pct"": 0.05, ""target_pct"": 0.4, ""max_hold_days"": 10}"
1924,0.3866943866943867,-0.8381393246342524,-0.8427697563502415,0.7204003646509909,-0.00939520547344789,-3.2570224277443636,0.8591476091476091,1177,0.3389974511469839,-0.7905530566535323,-0.8395186686418213,0.6357812280517432,-0.01280222954826215,-3.5531664599658863,0.8632115548003398,toss_second_volume,screen,"{""second_mult"": 3, ""window"": 10, ""base_adv"": 10000000.0}",False,"{""stop_pct"": 0.1, ""target_pct"": null, ""max_hold_days"": 1}"
1294,0.37712519319938176,-0.5724577385775818,-0.6301023781194077,0.8671251649361611,-0.0053906400447356305,-1.014225623126411,2.3245749613601236,763,0.35124508519003933,-0.809725296101932,-0.8524810269631715,0.491598598940726,-0.021407764623832884,-3.68888590199538,2.304062909567497,toss_second_volume,screen,"{""second_mult"": 3, ""window"": 10, ""base_adv"": 10000000.0}",False,"{""stop_pct"": 0.1, ""target_pct"": null, ""max_hold_days"": 3}"
1001,0.3726273726273726,-0.144688511747599,-0.5290975214056381,0.9686630833936268,-0.002075076720221673,-0.01497536290887902,3.6023976023976023,567,0.3562610229276896,-0.68601046864004,-0.7498018206894219,0.5832616001067422,-0.02006165922480405,-2.530167375229873,3.509700176366843,toss_second_volume,screen,"{""second_mult"": 3, ""window"": 10, ""base_adv"": 10000000.0}",False,"{""stop_pct"": 0.1, ""target_pct"": null, ""max_hold_days"": 5}"
652,0.34202453987730064,-0.29934748912128184,-0.5093703878027998,0.9046276014778678,-0.002251261207613708,-0.323348759675223,6.276073619631902,352,0.3494318181818182,-0.4726022850382724,-0.6149307220472426,0.6547569023383208,-0.01783096801556512,-1.3131841587663795,6.355113636363637,toss_second_volume,screen,"{""second_mult"": 3, ""window"": 10, ""base_adv"": 10000000.0}",False,"{""stop_pct"": 0.1, ""target_pct"": null, ""max_hold_days"": 10}"
1982,0.3905146316851665,-0.8402621963206351,-0.8522507618369901,0.7351623755419467,-0.009427531177105732,-3.5927625169408017,0.7885973763874874,1207,0.34134217067108535,-0.802915698217628,-0.8455733697832146,0.6382634935543985,-0.012995600070518563,-3.8084462952458367,0.8003314001657,toss_second_volume,screen,"{""second_mult"": 3, ""window"": 10, ""base_adv"": 10000000.0}",False,"{""stop_pct"": 0.1, ""target_pct"": 0.15, ""max_hold_days"": 1}"
1412,0.39943342776203966,-0.7309113832434373,-0.7631309175582501,0.7912538501720316,-0.009135106291148347,-2.27614453128059,1.9624645892351276,815,0.37055214723926383,-0.6963087269393704,-0.770158047125186,0.6912882654202577,-0.014030589063907426,-2.5098832121339503,2.0245398773006134,toss_second_volume,screen,"{""second_mult"": 3, ""window"": 10, ""base_adv"": 10000000.0}",False,"{""stop_pct"": 0.1, ""target_pct"": 0.15, ""max_hold_days"": 3}"
1152,0.4097222222222222,-0.6697519785535029,-0.7204777418139261,0.8137610949404219,-0.009348255980826505,-1.8623787494171757,2.8524305555555554,635,0.3905511811023622,-0.48371516099906064,-0.6388819409633594,0.7928261644876051,-0.009947612717370572,-1.34832854937934,2.9354330708661416,toss_second_volume,screen,"{""second_mult"": 3, ""window"": 10, ""base_adv"": 10000000.0}",False,"{""stop_pct"": 0.1, ""target_pct"": 0.15, ""max_hold_days"": 5}"
819,0.4078144078144078,-0.5561521174140656,-0.611617173029033,0.8329151220725993,-0.00870093499775128,-1.424009654082691,4.561660561660561,447,0.40268456375838924,-0.24387965674941803,-0.5005467935845385,0.8814359105209104,-0.005505637853173011,-0.4807378619601732,4.619686800894854,toss_second_volume,screen,"{""second_mult"": 3, ""window"": 10, ""base_adv"": 10000000.0}",False,"{""stop_pct"": 0.1, ""target_pct"": 0.15, ""max_hold_days"": 10}"
1929,0.3867288750648004,-0.8321173784119543,-0.8369200830454802,0.7208246985127279,-0.009275213809485483,-3.2160605436878624,0.8543286677034733,1182,0.33756345177664976,-0.7711057854054497,-0.8239562373638092,0.6495941972787187,-0.011972385222957474,-3.269924891548944,0.856175972927242,toss_second_volume,screen,"{""second_mult"": 3, ""window"": 10, ""base_adv"": 10000000.0}",False,"{""stop_pct"": 0.1, ""target_pct"": 0.4, ""max_hold_days"": 1}"
1314,0.3789954337899543,-0.4828538633189088,-0.5602140636870554,0.8836544132171809,-0.004422902483484428,-0.911655677554225,2.245814307458143,769,0.34980494148244473,-0.7397118019976867,-0.8138828232763624,0.6185349419578112,-0.01672102102369595,-2.677744329488657,2.2639791937581273,toss_second_volume,screen,"{""second_mult"": 3, ""window"": 10, ""base_adv"": 10000000.0}",False,"{""stop_pct"": 0.1, ""target_pct"": 0.4, ""max_hold_days"": 3}"
1046,0.372848948374761,-0.33941500168716743,-0.48270660159330003,0.9211729003716012,-0.0038507152493954017,-0.49694940400954096,3.378585086042065,574,0.3606271777003484,-0.5865823236284622,-0.6973806729548582,0.7019955227269594,-0.01423184028063796,-1.7454336324433535,3.4442508710801394,toss_second_volume,screen,"{""second_mult"": 3, ""window"": 10, ""base_adv"": 10000000.0}",False,"{""stop_pct"": 0.1, ""target_pct"": 0.4, ""max_hold_days"": 5}"
704,0.3352272727272727,-0.5439564142022326,-0.6240198202537683,0.8110208625017493,-0.00897379219355875,-1.1439672930622014,5.674715909090909,367,0.3405994550408719,-0.39670717198178507,-0.6006288198200628,0.7688355754557549,-0.012344327866373218,-0.9417695935464497,6.005449591280654,toss_second_volume,screen,"{""second_mult"": 3, ""window"": 10, ""base_adv"": 10000000.0}",False,"{""stop_pct"": 0.1, ""target_pct"": 0.4, ""max_hold_days"": 10}"
1863,0.3982823403113258,-0.7916973334488523,-0.8051773229532098,0.738805164478919,-0.00843188448722748,-2.460411546901037,0.9677938808373591,1126,0.34991119005328597,-0.7384033956772428,-0.8043495462755499,0.65118248307952,-0.011483594423332296,-3.0549922133608,0.9813499111900533,toss_second_volume,screen,"{""second_mult"": 3, ""window"": 10, ""base_adv"": 10000000.0}",False,"{""stop_pct"": 0.2, ""target_pct"": null, ""max_hold_days"": 1}"
1174,0.41056218057921634,-0.1432517441598492,-0.6009624183094153,0.9713387170637766,-0.0001827977031848422,-0.030424354100254417,2.8347529812606473,689,0.37155297532656023,-0.8226293534229054,-0.8539833023680917,0.47859266755928953,-0.024259275096411147,-3.9160461916812173,2.821480406386067,toss_second_volume,screen,"{""second_mult"": 3, ""window"": 10, ""base_adv"": 10000000.0}",False,"{""stop_pct"": 0.2, ""target_pct"": null, ""max_hold_days"": 3}"
856,0.43457943925233644,0.12675544682313,-0.4985119596269135,1.0272690525137367,0.002543832298338598,0.35452479166354667,4.579439252336448,488,0.4098360655737705,-0.645041967972121,-0.7256726701308991,0.6073549212871376,-0.02037917321778972,-2.1324661479241254,4.520491803278689,toss_second_volume,screen,"{""second_mult"": 3, ""window"": 10, ""base_adv"": 10000000.0}",False,"{""stop_pct"": 0.2, ""target_pct"": null, ""max_hold_days"": 5}"
506,0.4367588932806324,-0.07167938582849553,-0.5007117191617111,0.9773609490800144,0.004303659505838737,0.0739592733530504,8.622529644268775,277,0.4404332129963899,-0.27020232015439194,-0.4896908253727871,0.7945267543707921,-0.011597434957705929,-0.5338672865287386,8.555956678700362,toss_second_volume,screen,"{""second_mult"": 3, ""window"": 10, ""base_adv"": 10000000.0}",False,"{""stop_pct"": 0.2, ""target_pct"": null, ""max_hold_days"": 10}"
1913,0.40250914793518033,-0.7978476668998783,-0.8051731070180728,0.742589660030669,-0.008690466327527808,-2.719788044234986,0.9017250392054365,1155,0.35324675324675325,-0.731525197114089,-0.7961995628453061,0.6713804797144395,-0.010942598954768195,-3.001086754873542,0.922943722943723,toss_second_volume,screen,"{""second_mult"": 3, ""window"": 10, ""base_adv"": 10000000.0}",False,"{""stop_pct"": 0.2, ""target_pct"": 0.15, ""max_hold_days"": 1}"
1269,0.4389282899921198,-0.47462690242778927,-0.6165731335864579,0.8764820189914345,-0.004557486659219378,-0.9073441355563873,2.4554767533490938,734,0.3991825613079019,-0.6415992112650167,-0.7376087162452623,0.722477328153486,-0.01349671691525578,-2.152609685372477,2.5068119891008176,toss_second_volume,screen,"{""second_mult"": 3, ""window"": 10, ""base_adv"": 10000000.0}",False,"{""stop_pct"": 0.2, ""target_pct"": 0.15, ""max_hold_days"": 3}"
973,0.47584789311408016,-0.4773946904909402,-0.6030242440044136,0.8771817059222808,-0.006002785446408252,-0.9255272562037048,3.750256937307297,538,0.42936802973977695,-0.40894951710893224,-0.625545702691606,0.8193511676617016,-0.009602779929687404,-0.9919371630607249,3.9052044609665426,toss_second_volume,screen,"{""second_mult"": 3, ""window"": 10, ""base_adv"": 10000000.0}",False,"{""stop_pct"": 0.2, ""target_pct"": 0.15, ""max_hold_days"": 5}"
649,0.49922958397534667,-0.38565083946221956,-0.5195774206757943,0.883695108195511,-0.004721968717132001,-0.7518616130680009,6.291217257318952,337,0.5014836795252225,-0.024991671805665527,-0.3537930404856474,0.9867410531094594,-0.0008141201369021028,0.12134296859501635,6.658753709198813,toss_second_volume,screen,"{""second_mult"": 3, ""window"": 10, ""base_adv"": 10000000.0}",False,"{""stop_pct"": 0.2, ""target_pct"": 0.15, ""max_hold_days"": 10}"
1868,0.3988222698072805,-0.7595416417814942,-0.7737013240661673,0.7593531140193596,-0.007682419293475165,-2.177725295281546,0.9625267665952891,1130,0.34690265486725663,-0.710304121437755,-0.7794823384543669,0.6616366226405295,-0.01049499246242959,-2.762162663447017,0.9752212389380531,toss_second_volume,screen,"{""second_mult"": 3, ""window"": 10, ""base_adv"": 10000000.0}",False,"{""stop_pct"": 0.2, ""target_pct"": 0.4, ""max_hold_days"": 1}"
1190,0.4126050420168067,-0.21884389410027516,-0.49385028995312474,0.9509253621439239,-0.0017326423215603252,-0.19931576172521034,2.76218487394958,698,0.37106017191977075,-0.7294151372492756,-0.7946922744586828,0.6288796520725386,-0.01779743922421414,-2.6617845894436227,2.7765042979942693,toss_second_volume,screen,"{""second_mult"": 3, ""window"": 10, ""base_adv"": 10000000.0}",False,"{""stop_pct"": 0.2, ""target_pct"": 0.4, ""max_hold_days"": 3}"
882,0.42970521541950113,-0.11068793477289907,-0.49444765767652277,0.9753405160623221,-0.0003642520039366029,-0.020614284361275804,4.37641723356009,494,0.4230769230769231,-0.5005744868410591,-0.6626189408881187,0.7641993259827277,-0.012843945844923018,-1.3030849516375314,4.425101214574899,toss_second_volume,screen,"{""second_mult"": 3, ""window"": 10, ""base_adv"": 10000000.0}",False,"{""stop_pct"": 0.2, ""target_pct"": 0.4, ""max_hold_days"": 5}"
540,0.4351851851851852,-0.15903573188584563,-0.479683048671643,0.9532706940334159,0.001936348542950689,-0.12125483021218801,7.942592592592592,283,0.4416961130742049,-0.06447950532571733,-0.3932371180371994,0.9614395214479117,-0.0018129048824451525,0.04774208201237979,8.31095406360424,toss_second_volume,screen,"{""second_mult"": 3, ""window"": 10, ""base_adv"": 10000000.0}",False,"{""stop_pct"": 0.2, ""target_pct"": 0.4, ""max_hold_days"": 10}"
1843,0.3977211068909387,-0.7952616570970493,-0.7990657093199482,0.738082549418857,-0.008611918419762148,-2.5451826072511032,0.9956592512208355,1119,0.34763181411974975,-0.7390485062246923,-0.8048537661626398,0.6475077849744375,-0.011544969854114106,-3.0224322288571743,0.9955317247542449,toss_second_volume,screen,"{""second_mult"": 3, ""window"": 10, ""base_adv"": 10000000.0}",False,"{""stop_pct"": null, ""target_pct"": null, ""max_hold_days"": 1}"
1148,0.41202090592334495,-0.29919374226646456,-0.6607973292019775,0.9353295264468089,-0.0011084233382145391,-0.28394069311001957,2.9834494773519165,665,0.3774436090225564,-0.7937671840938798,-0.8349630409446891,0.4908990903779907,-0.022818406355853138,-3.509058305623485,2.98796992481203,toss_second_volume,screen,"{""second_mult"": 3, ""window"": 10, ""base_adv"": 10000000.0}",False,"{""stop_pct"": null, ""target_pct"": null, ""max_hold_days"": 3}"
816,0.43137254901960786,-0.0936835772052973,-0.5427451518846116,0.9775502954734697,0.0016819818632610429,0.0888675701589354,4.959558823529412,456,0.41885964912280704,-0.6283178929234972,-0.7357675912528281,0.5920956761138534,-0.02121781052244232,-2.059224767501752,4.958333333333333,toss_second_volume,screen,"{""second_mult"": 3, ""window"": 10, ""base_adv"": 10000000.0}",False,"{""stop_pct"": null, ""target_pct"": null, ""max_hold_days"": 5}"
451,0.458980044345898,-0.18048185388868632,-0.5780069777070933,0.9384168457845501,0.004121393078066833,-0.13725729247423604,9.89578713968958,247,0.4493927125506073,-0.39287252378959825,-0.5497386066297805,0.6729963184151684,-0.02013756268570349,-0.9809280278561703,9.777327935222672,toss_second_volume,screen,"{""second_mult"": 3, ""window"": 10, ""base_adv"": 10000000.0}",False,"{""stop_pct"": null, ""target_pct"": null, ""max_hold_days"": 10}"
1890,0.4042328042328042,-0.7772289272588406,-0.7824554590770407,0.7505791795326111,-0.008106205365285635,-2.6080241290633617,0.9317460317460318,1147,0.35571054925893636,-0.6933405634541812,-0.7672261740893774,0.6878764808087335,-0.009875550975782799,-2.702741089587492,0.937227550130776,toss_second_volume,screen,"{""second_mult"": 3, ""window"": 10, ""base_adv"": 10000000.0}",False,"{""stop_pct"": null, ""target_pct"": 0.15, ""max_hold_days"": 1}"
1217,0.4396055875102712,-0.36245148987244846,-0.4949712329906243,0.9060142329005737,-0.0028940457667841033,-0.5354366993268161,2.6425636811832374,705,0.4085106382978723,-0.6270241130152867,-0.7352132386534389,0.7234777484856442,-0.013322322992501955,-2.044478242494355,2.675177304964539,toss_second_volume,screen,"{""second_mult"": 3, ""window"": 10, ""base_adv"": 10000000.0}",False,"{""stop_pct"": null, ""target_pct"": 0.15, ""max_hold_days"": 3}"
904,0.4745575221238938,-0.48384665746203803,-0.6157486809376911,0.8677092484378716,-0.005572705564324814,-0.8973250050931435,4.226769911504425,507,0.4477317554240631,-0.38811082057591917,-0.6013155880204943,0.8286154811970121,-0.009748795989744725,-0.8927523644827634,4.2504930966469425,toss_second_volume,screen,"{""second_mult"": 3, ""window"": 10, ""base_adv"": 10000000.0}",False,"{""stop_pct"": null, ""target_pct"": 0.15, ""max_hold_days"": 5}"
557,0.5368043087971275,0.03680757485843955,-0.4472036131124034,1.0115178659558381,0.005941157652340393,0.21350757466907214,7.590664272890485,291,0.5154639175257731,-0.16385240637412457,-0.4699751023294142,0.9042920238872024,-0.006505578649183091,-0.2409267387208207,8.054982817869416,toss_second_volume,screen,"{""second_mult"": 3, ""window"": 10, ""base_adv"": 10000000.0}",False,"{""stop_pct"": null, ""target_pct"": 0.15, ""max_hold_days"": 10}"
1847,0.3990254466702761,-0.7497534663054478,-0.7544194729906306,0.7652930672698589,-0.007580320252404044,-2.1471962711511567,0.9902544667027612,1124,0.34519572953736655,-0.7009908073069051,-0.7723911182972656,0.6642322594141226,-0.010215771254518762,-2.6505095213003793,0.9884341637010676,toss_second_volume,screen,"{""second_mult"": 3, ""window"": 10, ""base_adv"": 10000000.0}",False,"{""stop_pct"": null, ""target_pct"": 0.4, ""max_hold_days"": 1}"
1156,0.4143598615916955,-0.3395546609149661,-0.5544114878789341,0.9203984574925496,-0.0023185339415043712,-0.40898850362548256,2.9238754325259517,671,0.38002980625931443,-0.6898992649981754,-0.7715768079427877,0.6458388869386088,-0.016508290003905825,-2.3477994725277402,2.947839046199702,toss_second_volume,screen,"{""second_mult"": 3, ""window"": 10, ""base_adv"": 10000000.0}",False,"{""stop_pct"": null, ""target_pct"": 0.4, ""max_hold_days"": 3}"
831,0.4500601684717208,0.04026402945036667,-0.4921993729238706,1.009072856633703,0.002913681817933651,0.238713417534035,4.789410348977136,462,0.42424242424242425,-0.49582936768301655,-0.6758035046601876,0.7533183572737557,-0.014134982047686893,-1.2275170897893515,4.867965367965368,toss_second_volume,screen,"{""second_mult"": 3, ""window"": 10, ""base_adv"": 10000000.0}",False,"{""stop_pct"": null, ""target_pct"": 0.4, ""max_hold_days"": 5}"
476,0.4684873949579832,-0.10171378766714423,-0.5625081739913438,0.9698249595541036,0.008140890560594284,0.0014574506661611617,9.266806722689076,250,0.46,-0.16978050772524222,-0.47923644799118914,0.8771500474697118,-0.007228932681293167,-0.22669130214790037,9.62,toss_second_volume,screen,"{""second_mult"": 3, ""window"": 10, ""base_adv"": 10000000.0}",False,"{""stop_pct"": null, ""target_pct"": 0.4, ""max_hold_days"": 10}"
2132,0.2575046904315197,-0.9210476140749799,-0.9228635161128361,0.6735374310033914,-0.013930368349528287,-4.237087359784577,0.36679174484052535,1323,0.23658352229780802,-0.7882450905517191,-0.7882450905517191,0.6577047064068184,-0.013429014878060839,-4.1413302512087515,0.345427059712774,warrior_scanner,screen,"{""min_ret"": 0.1, ""min_rvol"": 5, ""min_close_pos"": 0.5}",False,"{""stop_pct"": 0.05, ""target_pct"": null, ""max_hold_days"": 1}"
1890,0.19047619047619047,-0.762452761558146,-0.8264856649968774,0.838306784721733,-0.011567589430727927,-1.746251591000057,0.8777777777777778,1136,0.176056338028169,-0.7136367655423319,-0.7136367655423319,0.7017619624544363,-0.011353423603858982,-2.381033672143677,0.8107394366197183,warrior_scanner,screen,"{""min_ret"": 0.1, ""min_rvol"": 5, ""min_close_pos"": 0.5}",False,"{""stop_pct"": 0.05, ""target_pct"": null, ""max_hold_days"": 3}"
1703,0.16911332941867294,-0.5679913547575535,-0.7922469502865803,0.8972469335163451,-0.008582337183500372,-0.5840218495535431,1.2671755725190839,998,0.15531062124248496,-0.27684385239304155,-0.5147474548578534,0.9105911175943926,-0.001899956852806009,-0.35080090399239233,1.186372745490982,warrior_scanner,screen,"{""min_ret"": 0.1, ""min_rvol"": 5, ""min_close_pos"": 0.5}",False,"{""stop_pct"": 0.05, ""target_pct"": null, ""max_hold_days"": 5}"
1380,0.1355072463768116,-0.25649105336181466,-0.6395484786790022,0.9520463094860859,-0.007310541561753355,0.0043418192246203685,2.0521739130434784,816,0.125,-0.017685138500231568,-0.48021330129288164,0.9951214740219311,0.0065107302462336656,0.2819803397662196,1.8566176470588236,warrior_scanner,screen,"{""min_ret"": 0.1, ""min_rvol"": 5, ""min_close_pos"": 0.5}",False,"{""stop_pct"": 0.05, ""target_pct"": null, ""max_hold_days"": 10}"
2187,0.262002743484225,-0.9682505113793591,-0.9688759884955143,0.624637664522675,-0.018486781973406488,-7.372748405464553,0.26245999085505256,1349,0.2453669384729429,-0.9122258963668333,-0.9122258963668333,0.5137826392886049,-0.020018941967217797,-9.718165214836608,0.2475908080059303,warrior_scanner,screen,"{""min_ret"": 0.1, ""min_rvol"": 5, ""min_close_pos"": 0.5}",False,"{""stop_pct"": 0.05, ""target_pct"": 0.15, ""max_hold_days"": 1}"
2038,0.2237487733071639,-0.9595260375602637,-0.9603233901604477,0.670460899421443,-0.01909470587842556,-6.356738469929267,0.5534838076545633,1228,0.21254071661237786,-0.8841713465535036,-0.8841713465535036,0.5489137269354596,-0.019243668710526626,-7.812431309163619,0.46579804560260585,warrior_scanner,screen,"{""min_ret"": 0.1, ""min_rvol"": 5, ""min_close_pos"": 0.5}",False,"{""stop_pct"": 0.05, ""target_pct"": 0.15, ""max_hold_days"": 3}"
1966,0.22278738555442523,-0.9470368729326482,-0.9480802668712551,0.6976857098279123,-0.01843692355234942,-5.775332604784428,0.7232960325534079,1155,0.20692640692640693,-0.8646212173115493,-0.8646212173115493,0.5668618263312214,-0.019137182255586718,-7.292222607361395,0.5982683982683983,warrior_scanner,screen,"{""min_ret"": 0.1, ""min_rvol"": 5, ""min_close_pos"": 0.5}",False,"{""stop_pct"": 0.05, ""target_pct"": 0.15, ""max_hold_days"": 5}"
1804,0.208980044345898,-0.9359236656278813,-0.9371859940173475,0.7046015910256794,-0.01886817633385606,-5.538767097347604,1.0033259423503327,1098,0.1994535519125683,-0.8581131606235175,-0.8581394483393481,0.5755792291897596,-0.019855113552046392,-6.999627958715539,0.7404371584699454,warrior_scanner,screen,"{""min_ret"": 0.1, ""min_rvol"": 5, ""min_close_pos"": 0.5}",False,"{""stop_pct"": 0.05, ""target_pct"": 0.15, ""max_hold_days"": 10}"
2146,0.25629077353215285,-0.9167477695591124,-0.9183878704637866,0.6937531094840881,-0.013866578687668437,-4.333181194007511,0.34808946877912395,1335,0.23670411985018727,-0.8072536770778123,-0.8072536770778123,0.6521646853855938,-0.014062324831053642,-5.159178915564995,0.32284644194756557,warrior_scanner,screen,"{""min_ret"": 0.1, ""min_rvol"": 5, ""min_close_pos"": 0.5}",False,"{""stop_pct"": 0.05, ""target_pct"": 0.4, ""max_hold_days"": 1}"
1929,0.19491964748574392,-0.7782037532353397,-0.8275776405346209,0.8390238411018056,-0.011138377541043605,-2.1848496264670616,0.782789009849663,1169,0.17621899059024806,-0.7977430837007963,-0.7977430837007963,0.6412675697810638,-0.01320044942890507,-4.587523587562739,0.6834901625320787,warrior_scanner,screen,"{""min_ret"": 0.1, ""min_rvol"": 5, ""min_close_pos"": 0.5}",False,"{""stop_pct"": 0.05, ""target_pct"": 0.4, ""max_hold_days"": 3}"
1779,0.17987633501967398,-0.7579614158856203,-0.8372687881740833,0.8476824721885163,-0.01170118792084317,-1.97737869167862,1.0848791455874087,1056,0.16856060606060605,-0.7000157335870291,-0.7000157335870291,0.7092021155898413,-0.010392140260570256,-3.2802148969425065,0.9535984848484849,warrior_scanner,screen,"{""min_ret"": 0.1, ""min_rvol"": 5, ""min_close_pos"": 0.5}",False,"{""stop_pct"": 0.05, ""target_pct"": 0.4, ""max_hold_days"": 5}"
1529,0.15434924787442772,-0.6627064690720363,-0.7897613847618548,0.8626111397317736,-0.010851856094313246,-1.523151848353597,1.60431654676259,954,0.13941299790356393,-0.7716024429456538,-0.7716024429456538,0.6584852348332209,-0.01582422110175796,-3.9269735527231915,1.3029350104821802,warrior_scanner,screen,"{""min_ret"": 0.1, ""min_rvol"": 5, ""min_close_pos"": 0.5}",False,"{""stop_pct"": 0.05, ""target_pct"": 0.4, ""max_hold_days"": 10}"
2115,0.3484633569739953,-0.8272810560962608,-0.8672147738821673,0.827319093701112,-0.010980124648319522,-0.5630088490565601,0.6486997635933807,1308,0.32951070336391436,-0.8353951674163003,-0.8353951674163003,0.692038151167713,-0.01535283613055357,-3.6628262751592877,0.6437308868501529,warrior_scanner,screen,"{""min_ret"": 0.1, ""min_rvol"": 5, ""min_close_pos"": 0.5}",False,"{""stop_pct"": 0.1, ""target_pct"": null, ""max_hold_days"": 1}"
1639,0.3062843197071385,0.8760713267117068,-0.5944679390031511,1.0649947462177198,-0.0014618163416952865,0.6541269228540729,1.6192800488102501,947,0.2893347412882788,-0.5198608176019326,-0.6170666024193547,0.8588042988429478,-0.002841716660527251,-0.8147591999202874,1.590285110876452,warrior_scanner,screen,"{""min_ret"": 0.1, ""min_rvol"": 5, ""min_close_pos"": 0.5}",False,"{""stop_pct"": 0.1, ""target_pct"": null, ""max_hold_days"": 3}"
1310,0.29770992366412213,3.2982461658741817,-0.4038492560420047,1.2059042725210611,0.010553942791418296,1.0484896276089188,2.4206106870229007,742,0.2776280323450135,0.0648461706768313,-0.465268806896854,1.0142499359702817,0.006751827950259025,0.38526607859181067,2.3894878706199463,warrior_scanner,screen,"{""min_ret"": 0.1, ""min_rvol"": 5, ""min_close_pos"": 0.5}",False,"{""stop_pct"": 0.1, ""target_pct"": null, ""max_hold_days"": 5}"
928,0.2478448275862069,3.6422469361631427,-0.44965400866607874,1.2702606204680316,0.024065462353073868,1.0828103026088727,3.9547413793103448,519,0.2023121387283237,-0.3367259083698969,-0.6059780883607151,0.8767879793684517,-0.0006340667389038693,-0.22014799372935065,3.861271676300578,warrior_scanner,screen,"{""min_ret"": 0.1, ""min_rvol"": 5, ""min_close_pos"": 0.5}",False,"{""stop_pct"": 0.1, ""target_pct"": null, ""max_hold_days"": 10}"
2183,0.36097114063215757,-0.9697400321957654,-0.9703361651799307,0.71198024759905,-0.01933194353374461,-5.1932517915274605,0.5006871278057718,1344,0.3489583333333333,-0.9290960196280564,-0.9290960196280564,0.5976734006354054,-0.021046229942075684,-7.335649951413271,0.5074404761904762,warrior_scanner,screen,"{""min_ret"": 0.1, ""min_rvol"": 5, ""min_close_pos"": 0.5}",False,"{""stop_pct"": 0.1, ""target_pct"": 0.15, ""max_hold_days"": 1}"
1846,0.34994582881906827,-0.9056892084692929,-0.9242552610521972,0.8278226344790883,-0.01892436709665353,-3.016267081419026,1.091549295774648,1067,0.35238987816307404,-0.8619731487799872,-0.8656330617581529,0.6574501737322404,-0.01957203975190848,-5.301349244617954,1.07029053420806,warrior_scanner,screen,"{""min_ret"": 0.1, ""min_rvol"": 5, ""min_close_pos"": 0.5}",False,"{""stop_pct"": 0.1, ""target_pct"": 0.15, ""max_hold_days"": 3}"
1641,0.35892748324192564,-0.869212625782718,-0.8817126045246018,0.8176042010797689,-0.01811932946767946,-2.7823832012694023,1.4448507007921998,939,0.36315228966986157,-0.751359261673676,-0.7608841621843012,0.7388949016363298,-0.015621352240032487,-4.0433224909348535,1.3833865814696487,warrior_scanner,screen,"{""min_ret"": 0.1, ""min_rvol"": 5, ""min_close_pos"": 0.5}",False,"{""stop_pct"": 0.1, ""target_pct"": 0.15, ""max_hold_days"": 5}"
1387,0.35183850036049025,-0.8157974430963291,-0.8546544667954605,0.8277354372671809,-0.018089088092850137,-2.2932884473440502,1.9942321557317952,805,0.36645962732919257,-0.6957851813974776,-0.7108517753158816,0.7582883258818089,-0.018112843072728216,-3.448228599671109,1.8509316770186335,warrior_scanner,screen,"{""min_ret"": 0.1, ""min_rvol"": 5, ""min_close_pos"": 0.5}",False,"{""stop_pct"": 0.1, ""target_pct"": 0.15, ""max_hold_days"": 10}"
2131,0.34772407320506804,-0.9157518652566465,-0.9256425737366551,0.7612707354741427,-0.014750413491484251,-3.1808298263647585,0.6236508681370249,1325,0.3320754716981132,-0.8417941196478456,-0.8429164747683575,0.7035444830895177,-0.015205882466743275,-4.2521178120372936,0.6135849056603774,warrior_scanner,screen,"{""min_ret"": 0.1, ""min_rvol"": 5, ""min_close_pos"": 0.5}",False,"{""stop_pct"": 0.1, ""target_pct"": 0.4, ""max_hold_days"": 1}"
1693,0.3142350856467809,-0.035985413707293024,-0.6009014553506767,0.9963805968306358,-0.006315325003104804,0.1795638300382631,1.4660366213821618,984,0.2967479674796748,-0.6450076509089785,-0.6576351093562449,0.8152537092469914,-0.009847355369127477,-1.7379994581129992,1.4004065040650406,warrior_scanner,screen,"{""min_ret"": 0.1, ""min_rvol"": 5, ""min_close_pos"": 0.5}",False,"{""stop_pct"": 0.1, ""target_pct"": 0.4, ""max_hold_days"": 3}"
1419,0.3079633544749824,0.20455608453053054,-0.5576685580976359,1.0205748635194103,-0.005656525702229078,0.4396396455577237,2.0570824524312896,811,0.28606658446362515,-0.5317325047307315,-0.5640898584889567,0.8477030822052346,-0.006989408397563512,-1.586631291925361,1.9765721331689272,warrior_scanner,screen,"{""min_ret"": 0.1, ""min_rvol"": 5, ""min_close_pos"": 0.5}",False,"{""stop_pct"": 0.1, ""target_pct"": 0.4, ""max_hold_days"": 5}"
1077,0.2757660167130919,-0.007043163940845143,-0.5363592886560187,0.9990407688880644,-0.006199566892798345,0.20266588973222144,3.1114206128133706,615,0.24715447154471545,-0.65202338032459,-0.6827211840542442,0.7616519525434718,-0.019209648727865673,-2.265405111623101,2.983739837398374,warrior_scanner,screen,"{""min_ret"": 0.1, ""min_rvol"": 5, ""min_close_pos"": 0.5}",False,"{""stop_pct"": 0.1, ""target_pct"": 0.4, ""max_hold_days"": 10}"
2102,0.38058991436726924,-0.7740707996737828,-0.8485468313561167,0.8721487637658911,-0.0099008687019327,-0.3812123179764478,0.8862987630827783,1302,0.3771121351766513,-0.7644913608459539,-0.7644913608459539,0.7542524873678152,-0.012022920035657988,-2.52357291458827,0.9109062980030722,warrior_scanner,screen,"{""min_ret"": 0.1, ""min_rvol"": 5, ""min_close_pos"": 0.5}",False,"{""stop_pct"": 0.2, ""target_pct"": null, ""max_hold_days"": 1}"
1429,0.3806857942617215,2.400951914012588,-0.535254093999851,1.1224201511815852,0.01341558541540955,0.9634246680442012,2.449965010496851,794,0.36397984886649876,-0.5543991643638102,-0.6132552284225851,0.8577884911332454,-0.006265337310860898,-0.7698576319092465,2.4697732997481108,warrior_scanner,screen,"{""min_ret"": 0.1, ""min_rvol"": 5, ""min_close_pos"": 0.5}",False,"{""stop_pct"": 0.2, ""target_pct"": null, ""max_hold_days"": 3}"
1042,0.3886756238003839,6.320988298593692,-0.3407241140365005,1.27151551617457,0.030397408651924713,1.3531403429428264,3.77063339731286,573,0.35776614310645727,-0.5092635695066579,-0.6428149701848174,0.8625619637346652,-0.009587352655336057,-0.27726126370650367,3.7661431064572426,warrior_scanner,screen,"{""min_ret"": 0.1, ""min_rvol"": 5, ""min_close_pos"": 0.5}",False,"{""stop_pct"": 0.2, ""target_pct"": null, ""max_hold_days"": 5}"
626,0.35942492012779553,7.736310816343055,-0.5530473875314279,1.419194812439833,0.05867772365825111,1.3569513304680016,6.712460063897764,354,0.2966101694915254,-0.15497804694946682,-0.7245504611199531,0.9661006958212666,0.013547354259156786,0.49704907386311215,6.435028248587571,warrior_scanner,screen,"{""min_ret"": 0.1, ""min_rvol"": 5, ""min_close_pos"": 0.5}",False,"{""stop_pct"": 0.2, ""target_pct"": null, ""max_hold_days"": 10}"
2178,0.4100091827364555,-0.9454432694093424,-0.9490897770221056,0.7809243725730141,-0.017195061070483603,-3.705797698277831,0.7153351698806244,1342,0.4165424739195231,-0.8220572196164527,-0.8220572196164527,0.7101698351823484,-0.014284962794901912,-4.404268257593594,0.7339791356184798,warrior_scanner,screen,"{""min_ret"": 0.1, ""min_rvol"": 5, ""min_close_pos"": 0.5}",False,"{""stop_pct"": 0.2, ""target_pct"": 0.15, ""max_hold_days"": 1}"
1649,0.4481503941782899,-0.7229535833942735,-0.8146850543276414,0.8991047348744073,-0.014279451714700877,-1.4298147090402207,1.7386294724075197,927,0.45415318230852214,-0.7174655443855973,-0.7268077502750239,0.7729450099848469,-0.014389585877976825,-3.1999823236236917,1.7141316073354909,warrior_scanner,screen,"{""min_ret"": 0.1, ""min_rvol"": 5, ""min_close_pos"": 0.5}",False,"{""stop_pct"": 0.2, ""target_pct"": 0.15, ""max_hold_days"": 3}"
1329,0.472535741158766,-0.6837676793221794,-0.7342634105335277,0.8801037537051916,-0.014519957111041423,-1.2716066052419321,2.45522949586155,753,0.4860557768924303,-0.5413426048102877,-0.5707040832927883,0.849632794675457,-0.01315917419438087,-1.8392684566770787,2.305444887118194,warrior_scanner,screen,"{""min_ret"": 0.1, ""min_rvol"": 5, ""min_close_pos"": 0.5}",False,"{""stop_pct"": 0.2, ""target_pct"": 0.15, ""max_hold_days"": 5}"
981,0.508664627930683,-0.36036123566267475,-0.5878404912279179,0.9381318596324674,-0.009729793208838298,-0.4146661878894528,3.6646279306829768,555,0.5171171171171172,0.5122833701984884,-0.35546868452614666,1.0966939894528482,0.0063168777370244,0.738503296572634,3.4504504504504503,warrior_scanner,screen,"{""min_ret"": 0.1, ""min_rvol"": 5, ""min_close_pos"": 0.5}",False,"{""stop_pct"": 0.2, ""target_pct"": 0.15, ""max_hold_days"": 10}"
2120,0.38018867924528305,-0.8944224492101034,-0.90552456308302,0.8023852764631787,-0.01380061849979877,-2.2186715232542626,0.8584905660377359,1322,0.3827534039334342,-0.7116021195350406,-0.7116021195350406,0.7925194332906879,-0.009992635793033023,-2.464944828920171,0.869894099848714,warrior_scanner,screen,"{""min_ret"": 0.1, ""min_rvol"": 5, ""min_close_pos"": 0.5}",False,"{""stop_pct"": 0.2, ""target_pct"": 0.4, ""max_hold_days"": 1}"
1498,0.39586114819759677,0.5541338415945953,-0.4592239350402536,1.0440557724814288,0.0014685607282468685,0.7198761743471455,2.2176234979973297,837,0.3859020310633214,-0.48603586548090194,-0.5295492269275062,0.8789670293374917,-0.005642867824665566,-1.1575582339819426,2.2007168458781363,warrior_scanner,screen,"{""min_ret"": 0.1, ""min_rvol"": 5, ""min_close_pos"": 0.5}",False,"{""stop_pct"": 0.2, ""target_pct"": 0.4, ""max_hold_days"": 3}"
1137,0.40897097625329815,1.301059819244824,-0.42439391298512796,1.1015455713924813,0.005557640728498075,1.1661014715485845,3.2550571679859277,630,0.39365079365079364,-0.41028058857504646,-0.5127986012562991,0.9035360909096315,-0.007209394575265297,-0.8488305265701547,3.2,warrior_scanner,screen,"{""min_ret"": 0.1, ""min_rvol"": 5, ""min_close_pos"": 0.5}",False,"{""stop_pct"": 0.2, ""target_pct"": 0.4, ""max_hold_days"": 5}"
754,0.40583554376657827,0.99340483999969,-0.5095567861006318,1.1025215581254708,0.01344328001933333,1.060953007800327,5.287798408488063,431,0.3642691415313225,-0.08522832365964439,-0.47393872653134594,0.9825982828282738,0.0039551694737601836,0.2949919034741028,4.981438515081207,warrior_scanner,screen,"{""min_ret"": 0.1, ""min_rvol"": 5, ""min_close_pos"": 0.5}",False,"{""stop_pct"": 0.2, ""target_pct"": 0.4, ""max_hold_days"": 10}"
2099,0.38685088137208196,-0.7581057202748106,-0.8624773745646708,0.8907345549119533,-0.00875299912936956,-0.34834636002141794,0.9966650786088613,1301,0.38201383551114526,-0.7866916269857429,-0.7866916269857429,0.7619157394756071,-0.01292924854993267,-2.59562326624074,0.9976940814757879,warrior_scanner,screen,"{""min_ret"": 0.1, ""min_rvol"": 5, ""min_close_pos"": 0.5}",False,"{""stop_pct"": null, ""target_pct"": null, ""max_hold_days"": 1}"
1324,0.4093655589123867,4.728286393131933,-0.3483996198157374,1.2088523616126998,0.018058316070698844,1.2986684783548506,2.9856495468277946,744,0.375,-0.5362955683231654,-0.6371786543574639,0.8860389540235322,-0.005233501463041236,-0.6297110910945302,2.978494623655914,warrior_scanner,screen,"{""min_ret"": 0.1, ""min_rvol"": 5, ""min_close_pos"": 0.5}",False,"{""stop_pct"": null, ""target_pct"": null, ""max_hold_days"": 3}"
880,0.4329545454545455,6.297258274947344,-0.3598927161006661,1.3066724459536454,0.04297077254576825,1.3935255517257055,4.965909090909091,483,0.37060041407867494,-0.6763453984006185,-0.7387233924063865,0.8238795198268266,-0.01317901369469138,-0.5168996925062957,4.931677018633541,warrior_scanner,screen,"{""min_ret"": 0.1, ""min_rvol"": 5, ""min_close_pos"": 0.5}",False,"{""stop_pct"": null, ""target_pct"": null, ""max_hold_days"": 5}"
464,0.41810344827586204,3.454576335657878,-0.5718374405436275,1.321758471096344,0.05948325803037393,1.0791707339168568,9.859913793103448,250,0.32,-0.7862106805478474,-0.8235388887140399,0.5759723392192393,-0.05734304143853316,-0.8930891054998197,9.804,warrior_scanner,screen,"{""min_ret"": 0.1, ""min_rvol"": 5, ""min_close_pos"": 0.5}",False,"{""stop_pct"": null, ""target_pct"": null, ""max_hold_days"": 10}"
2177,0.43270555810748734,-0.8500316188673547,-0.8731161670740459,0.8495839715079565,-0.012868131710919111,-2.3928265830404563,0.8066146072576941,1342,0.4314456035767511,-0.808402757802993,-0.808402757802993,0.7415547326543667,-0.013757168350720302,-3.838416670325862,0.8114754098360656,warrior_scanner,screen,"{""min_ret"": 0.1, ""min_rvol"": 5, ""min_close_pos"": 0.5}",False,"{""stop_pct"": null, ""target_pct"": 0.15, ""max_hold_days"": 1}"
1541,0.4938351719662557,0.003476234455902505,-0.5617629744406527,1.000367695138696,-0.007642145251662309,0.20658035915384493,2.1473069435431538,880,0.48863636363636365,-0.6640839812311896,-0.6705974709908626,0.8132369115967706,-0.014058475722683081,-2.1755012011267394,2.088636363636364,warrior_scanner,screen,"{""min_ret"": 0.1, ""min_rvol"": 5, ""min_close_pos"": 0.5}",False,"{""stop_pct"": null, ""target_pct"": 0.15, ""max_hold_days"": 3}"
1147,0.5370531822144725,0.29903550912408705,-0.3791156290605616,1.0404555806436464,-0.0038186263070114504,0.5441203065546257,3.2781168265039233,659,0.5493171471927162,-0.4567248534297683,-0.4916894935788023,0.8811055113517203,-0.011082444272405092,-1.0721219148402308,3.0758725341426403,warrior_scanner,screen,"{""min_ret"": 0.1, ""min_rvol"": 5, ""min_close_pos"": 0.5}",False,"{""stop_pct"": null, ""target_pct"": 0.15, ""max_hold_days"": 5}"
746,0.6032171581769437,1.086899857715323,-0.2754087278287203,1.1763886758634905,0.007269574813597493,1.1957203512438528,5.540214477211796,425,0.611764705882353,1.7836325774157324,-0.23081667168343278,1.3227976728234683,0.026402279840123555,1.3095903300038785,5.207058823529412,warrior_scanner,screen,"{""min_ret"": 0.1, ""min_rvol"": 5, ""min_close_pos"": 0.5}",False,"{""stop_pct"": null, ""target_pct"": 0.15, ""max_hold_days"": 10}"
2117,0.3901747756258857,-0.855933891509262,-0.8723345466334667,0.8370550401562953,-0.012037747972163528,-1.8081978428282204,0.9650448748228625,1322,0.3895612708018154,-0.7164145194483904,-0.7164145194483904,0.8098035748461389,-0.010506345950693755,-2.2835759919166314,0.9553706505295008,warrior_scanner,screen,"{""min_ret"": 0.1, ""min_rvol"": 5, ""min_close_pos"": 0.5}",False,"{""stop_pct"": null, ""target_pct"": 0.4, ""max_hold_days"": 1}"
1385,0.42454873646209385,1.4905959055231541,-0.47404524137973025,1.1153437464773173,0.005855820205595269,1.1723779866611652,2.728519855595668,790,0.3962025316455696,-0.46016609484709625,-0.5501432977253616,0.904481906162583,-0.006482135837981854,-0.6761966506909055,2.6848101265822786,warrior_scanner,screen,"{""min_ret"": 0.1, ""min_rvol"": 5, ""min_close_pos"": 0.5}",False,"{""stop_pct"": null, ""target_pct"": 0.4, ""max_hold_days"": 3}"
965,0.44352331606217615,2.0898163437245345,-0.4617566216317267,1.1693035417766562,0.013583783052978818,1.4290247361138058,4.327461139896373,541,0.4343807763401109,-0.18578894540490842,-0.5529162548325102,0.9663891669870627,0.009123279379559751,-0.10277557310708231,4.210720887245841,warrior_scanner,screen,"{""min_ret"": 0.1, ""min_rvol"": 5, ""min_close_pos"": 0.5}",False,"{""stop_pct"": null, ""target_pct"": 0.4, ""max_hold_days"": 5}"
536,0.4869402985074627,1.5130684235252496,-0.41042228543274384,1.224366802225267,0.021873271208547065,1.2860158999728346,8.251865671641792,296,0.38513513513513514,-0.7290013773284763,-0.7723823171280088,0.7268980932749002,-0.03987824298641936,-2.2674697505494854,8.08108108108108,warrior_scanner,screen,"{""min_ret"": 0.1, ""min_rvol"": 5, ""min_close_pos"": 0.5}",False,"{""stop_pct"": null, ""target_pct"": 0.4, ""max_hold_days"": 10}"
1814,0.22657111356119075,-0.9222118063859355,-0.9229002290250854,0.6330663551532585,-0.016579865398755177,-4.497002846573344,0.324696802646086,1139,0.22388059701492538,-0.7521637662353742,-0.7522661194033787,0.6306761130813885,-0.01414845777287318,-4.124446179248996,0.32484635645302895,warrior_scanner,screen,"{""min_ret"": 0.1, ""min_rvol"": 5, ""min_close_pos"": 0.5}",True,"{""stop_pct"": 0.05, ""target_pct"": null, ""max_hold_days"": 1}"
1688,0.16528436018957346,-0.8153873862284025,-0.8394603305692678,0.7995436845105212,-0.01439853754189978,-2.075359131332896,0.7778436018957346,1025,0.15804878048780488,-0.7269141930363207,-0.7269141930363207,0.6488274963626711,-0.011298976978193886,-2.6155725671528853,0.7473170731707317,warrior_scanner,screen,"{""min_ret"": 0.1, ""min_rvol"": 5, ""min_close_pos"": 0.5}",True,"{""stop_pct"": 0.05, ""target_pct"": null, ""max_hold_days"": 3}"
1571,0.1464035646085296,-0.6526225608785343,-0.7862169625822847,0.8599881496321184,-0.011287680639563638,-0.7527905389247903,1.1317632081476767,932,0.1459227467811159,-0.2976319880488585,-0.56596765355344,0.8940955728380617,-0.0024502765494166874,-0.4353469867713715,1.101931330472103,warrior_scanner,screen,"{""min_ret"": 0.1, ""min_rvol"": 5, ""min_close_pos"": 0.5}",True,"{""stop_pct"": 0.05, ""target_pct"": null, ""max_hold_days"": 5}"
1344,0.11383928571428571,-0.6393373125355338,-0.7253212185472359,0.8199716317824292,-0.012341799570507043,-0.5850961498828182,1.802827380952381,786,0.11323155216284987,0.3359085934579402,-0.4608160949051573,1.0863186358877375,0.009636922155604834,0.7682427604372047,1.7391857506361323,warrior_scanner,screen,"{""min_ret"": 0.1, ""min_rvol"": 5, ""min_close_pos"": 0.5}",True,"{""stop_pct"": 0.05, ""target_pct"": null, ""max_hold_days"": 10}"
1865,0.23270777479892762,-0.9681748844434298,-0.9681748844434298,0.566290993951752,-0.02166037563383118,-7.796463794372386,0.21769436997319036,1161,0.2351421188630491,-0.881529437920543,-0.881529437920543,0.49447383109232534,-0.020737370366146805,-9.07580543102508,0.22136089577950044,warrior_scanner,screen,"{""min_ret"": 0.1, ""min_rvol"": 5, ""min_close_pos"": 0.5}",True,"{""stop_pct"": 0.05, ""target_pct"": 0.15, ""max_hold_days"": 1}"
1800,0.19944444444444445,-0.9660131421817829,-0.9660131421817829,0.6124663972483633,-0.022505708432446727,-7.302333343260088,0.45444444444444443,1098,0.20036429872495445,-0.8721447689090938,-0.8750114574473331,0.5104261117650141,-0.02069001570110849,-7.336337448244902,0.40437158469945356,warrior_scanner,screen,"{""min_ret"": 0.1, ""min_rvol"": 5, ""min_close_pos"": 0.5}",True,"{""stop_pct"": 0.05, ""target_pct"": 0.15, ""max_hold_days"": 3}"
1764,0.19727891156462585,-0.9620409608750806,-0.9620409608750806,0.623428540558671,-0.02229070577838402,-7.070687861087953,0.5924036281179138,1062,0.1967984934086629,-0.8586837047728162,-0.8607039513257897,0.5244957492490242,-0.020254731900778693,-7.196526120623308,0.5084745762711864,warrior_scanner,screen,"{""min_ret"": 0.1, ""min_rvol"": 5, ""min_close_pos"": 0.5}",True,"{""stop_pct"": 0.05, ""target_pct"": 0.15, ""max_hold_days"": 5}"
1699,0.18599175985874045,-0.958029005819232,-0.958029005819232,0.6255396965615347,-0.022256373988509447,-6.953006187702735,0.79635079458505,1022,0.19275929549902152,-0.8554618584762217,-0.857919287519097,0.5352138748972436,-0.020805276004566733,-6.753088031798381,0.6487279843444227,warrior_scanner,screen,"{""min_ret"": 0.1, ""min_rvol"": 5, ""min_close_pos"": 0.5}",True,"{""stop_pct"": 0.05, ""target_pct"": 0.15, ""max_hold_days"": 10}"
1828,0.22538293216630198,-0.9203962103443256,-0.9203962103443256,0.6503313048699937,-0.01660849811942115,-4.650013953231983,0.30361050328227573,1149,0.2245430809399478,-0.7665878186131552,-0.7668722102627171,0.6289732702617802,-0.014586491335051547,-4.827702721284224,0.30113141862489123,warrior_scanner,screen,"{""min_ret"": 0.1, ""min_rvol"": 5, ""min_close_pos"": 0.5}",True,"{""stop_pct"": 0.05, ""target_pct"": 0.4, ""max_hold_days"": 1}"
1721,0.16966879721092387,-0.8443110038494106,-0.8519177503380122,0.7867688801946222,-0.01460053708349303,-2.8322603383736284,0.674607786170831,1053,0.15859449192782527,-0.7977493896610317,-0.7977493896610317,0.586432533336628,-0.014886157420112085,-4.576309860317387,0.6096866096866097,warrior_scanner,screen,"{""min_ret"": 0.1, ""min_rvol"": 5, ""min_close_pos"": 0.5}",True,"{""stop_pct"": 0.05, ""target_pct"": 0.4, ""max_hold_days"": 3}"
1632,0.1556372549019608,-0.8341006234862258,-0.8609330334878091,0.7944535032128374,-0.01556525672225292,-2.6453429773803,0.9325980392156863,981,0.1559633027522936,-0.7370786987494253,-0.7370786987494253,0.6456870999344118,-0.011615514390094485,-3.699264603142407,0.8562691131498471,warrior_scanner,screen,"{""min_ret"": 0.1, ""min_rvol"": 5, ""min_close_pos"": 0.5}",True,"{""stop_pct"": 0.05, ""target_pct"": 0.4, ""max_hold_days"": 5}"
1488,0.1310483870967742,-0.7960131681723386,-0.8205263447909774,0.789820351334715,-0.014926637017340235,-2.3375275460230314,1.331989247311828,906,0.1357615894039735,-0.7508474065116497,-0.7508474065116497,0.6317571288675495,-0.015201686392240255,-3.6571434477350393,1.2030905077262692,warrior_scanner,screen,"{""min_ret"": 0.1, ""min_rvol"": 5, ""min_close_pos"": 0.5}",True,"{""stop_pct"": 0.05, ""target_pct"": 0.4, ""max_hold_days"": 10}"
1798,0.32091212458286983,-0.8297940203925345,-0.8679413408676762,0.8079863223245943,-0.013019525963614243,-0.570129342193091,0.6101223581757509,1124,0.31761565836298933,-0.8055208692525697,-0.8055208692525697,0.6771845094320291,-0.016414742403820643,-3.534795002645981,0.6201067615658363,warrior_scanner,screen,"{""min_ret"": 0.1, ""min_rvol"": 5, ""min_close_pos"": 0.5}",True,"{""stop_pct"": 0.1, ""target_pct"": null, ""max_hold_days"": 1}"
1512,0.2837301587301587,0.302065478976689,-0.6499004172440026,1.0272811596818945,-0.0033450588712603696,0.4814507337024032,1.529100529100529,883,0.2650056625141563,-0.5340776136594714,-0.6499190854702315,0.8463160881451494,-0.004482231578313734,-0.7785853614448026,1.5152887882219706,warrior_scanner,screen,"{""min_ret"": 0.1, ""min_rvol"": 5, ""min_close_pos"": 0.5}",True,"{""stop_pct"": 0.1, ""target_pct"": null, ""max_hold_days"": 3}"
1253,0.2745411013567438,1.9273045684335037,-0.4944656444819394,1.1503698970641016,0.005517706713483834,0.8734166619523388,2.2857142857142856,713,0.2650771388499299,-0.11057145483286235,-0.5112877765150174,0.9711513966062253,0.005576155070396976,0.0745512350383839,2.2482468443197754,warrior_scanner,screen,"{""min_ret"": 0.1, ""min_rvol"": 5, ""min_close_pos"": 0.5}",True,"{""stop_pct"": 0.1, ""target_pct"": null, ""max_hold_days"": 5}"
906,0.2306843267108168,3.2128750565707342,-0.47030609067135387,1.2727432121898015,0.02419309847477733,1.037904662583779,3.7980132450331126,508,0.2204724409448819,0.22331620631382632,-0.4463001937692266,1.0543101276581612,0.019325886410872347,0.6294561890202447,3.809055118110236,warrior_scanner,screen,"{""min_ret"": 0.1, ""min_rvol"": 5, ""min_close_pos"": 0.5}",True,"{""stop_pct"": 0.1, ""target_pct"": null, ""max_hold_days"": 10}"
1862,0.336734693877551,-0.9722984245608915,-0.9723097767725216,0.6600913566184667,-0.022951404823244863,-5.540576111962855,0.453813104189044,1156,0.3408304498269896,-0.9051384631361525,-0.9057447080616565,0.5917375641709831,-0.02214639147450392,-6.935646990544055,0.47145328719723184,warrior_scanner,screen,"{""min_ret"": 0.1, ""min_rvol"": 5, ""min_close_pos"": 0.5}",True,"{""stop_pct"": 0.1, ""target_pct"": 0.15, ""max_hold_days"": 1}"
1682,0.3323424494649227,-0.9316250414911973,-0.9378570808342468,0.7791398684123936,-0.02228185132510777,-3.482918380946805,0.9976218787158145,980,0.3336734693877551,-0.8790512424296749,-0.8819139682257122,0.6106873336171991,-0.022548473997400464,-5.569663048897616,0.9836734693877551,warrior_scanner,screen,"{""min_ret"": 0.1, ""min_rvol"": 5, ""min_close_pos"": 0.5}",True,"{""stop_pct"": 0.1, ""target_pct"": 0.15, ""max_hold_days"": 3}"
1549,0.3428018076178179,-0.8775625758809765,-0.8968219733299667,0.8042054685475556,-0.020352106532923804,-2.7703076309529737,1.3111684958037444,884,0.35294117647058826,-0.7819854805592397,-0.7906027166302383,0.6990748032372505,-0.01762381462955589,-4.538031453799282,1.260180995475113,warrior_scanner,screen,"{""min_ret"": 0.1, ""min_rvol"": 5, ""min_close_pos"": 0.5}",True,"{""stop_pct"": 0.1, ""target_pct"": 0.15, ""max_hold_days"": 5}"
1340,0.33955223880597013,-0.8486861108228351,-0.8782587730659281,0.7978549016863381,-0.019986558260862958,-2.6190132503038908,1.8320895522388059,780,0.36153846153846153,-0.7320526724828438,-0.7409439422172256,0.7228501090188034,-0.019403968893881466,-3.8797796175557457,1.7012820512820512,warrior_scanner,screen,"{""min_ret"": 0.1, ""min_rvol"": 5, ""min_close_pos"": 0.5}",True,"{""stop_pct"": 0.1, ""target_pct"": 0.15, ""max_hold_days"": 10}"
1814,0.3202866593164278,-0.9232614895643981,-0.9319784431012359,0.7256720904396445,-0.017674476719235777,-3.327376246188068,0.5810363836824697,1139,0.32045654082528535,-0.811646024391945,-0.8149417391806709,0.6896336950803277,-0.016168698510923726,-4.0244513812071965,0.5864793678665496,warrior_scanner,screen,"{""min_ret"": 0.1, ""min_rvol"": 5, ""min_close_pos"": 0.5}",True,"{""stop_pct"": 0.1, ""target_pct"": 0.4, ""max_hold_days"": 1}"
1563,0.29174664107485604,-0.4133933109811804,-0.6586092428713123,0.9466942242047256,-0.009189448586037331,-0.3941372534480343,1.362763915547025,919,0.27421109902067464,-0.6675230546259464,-0.6739692135547186,0.7892615929764095,-0.011216277224572885,-1.7605814462069442,1.307943416757345,warrior_scanner,screen,"{""min_ret"": 0.1, ""min_rvol"": 5, ""min_close_pos"": 0.5}",True,"{""stop_pct"": 0.1, ""target_pct"": 0.4, ""max_hold_days"": 3}"
1357,0.288135593220339,-0.13304265211828437,-0.6238502634684495,0.9835708221097234,-0.008091220757131218,0.03629922953928661,1.9019896831245395,785,0.2764331210191083,-0.6317365866163511,-0.6501591125541554,0.7874069839285218,-0.009295215499765737,-2.127328032867686,1.8101910828025478,warrior_scanner,screen,"{""min_ret"": 0.1, ""min_rvol"": 5, ""min_close_pos"": 0.5}",True,"{""stop_pct"": 0.1, ""target_pct"": 0.4, ""max_hold_days"": 5}"
1057,0.2554399243140965,-0.2935226216946739,-0.5106951090758329,0.9489860796887409,-0.00818515566700872,-0.22986829462113315,2.889309366130558,612,0.25326797385620914,-0.6306221619794786,-0.6468233972128108,0.7530112055511429,-0.016525894432963352,-2.0485157063794697,2.75,warrior_scanner,screen,"{""min_ret"": 0.1, ""min_rvol"": 5, ""min_close_pos"": 0.5}",True,"{""stop_pct"": 0.1, ""target_pct"": 0.4, ""max_hold_days"": 10}"
1785,0.3585434173669468,-0.7588922581666576,-0.8428718314850654,0.864792219810521,-0.011516554651654996,-0.353573609240176,0.8728291316526611,1118,0.37209302325581395,-0.7010960658160601,-0.7010960658160601,0.7587953644236224,-0.011854834071010708,-2.0825341646704323,0.8971377459749553,warrior_scanner,screen,"{""min_ret"": 0.1, ""min_rvol"": 5, ""min_close_pos"": 0.5}",True,"{""stop_pct"": 0.2, ""target_pct"": null, ""max_hold_days"": 1}"
1326,0.3627450980392157,1.9306648631838814,-0.5945511866860982,1.1084959332027624,0.01244090674965188,0.8778817977589856,2.411764705882353,747,0.34404283801874164,-0.6616466679731603,-0.6642892786196279,0.806520712239415,-0.008000053715947298,-1.0862869332160245,2.4190093708165996,warrior_scanner,screen,"{""min_ret"": 0.1, ""min_rvol"": 5, ""min_close_pos"": 0.5}",True,"{""stop_pct"": 0.2, ""target_pct"": null, ""max_hold_days"": 3}"
1004,0.36752988047808766,5.330432562429702,-0.30742655786411976,1.2721523817396743,0.03036469175671111,1.2870680322208772,3.6882470119521913,558,0.3548387096774194,-0.4874468388205824,-0.5164061607185957,0.853541271322816,-0.005052130355774024,-0.22175894993056275,3.6989247311827955,warrior_scanner,screen,"{""min_ret"": 0.1, ""min_rvol"": 5, ""min_close_pos"": 0.5}",True,"{""stop_pct"": 0.2, ""target_pct"": null, ""max_hold_days"": 5}"
624,0.35096153846153844,5.238205755939415,-0.5253125090040947,1.344838564719543,0.050201456392376706,1.2154890086098324,6.517628205128205,352,0.2897727272727273,-0.4023660495875463,-0.6232989143866743,0.8718588128981463,0.0014841788227551419,0.06069205482089186,6.340909090909091,warrior_scanner,screen,"{""min_ret"": 0.1, ""min_rvol"": 5, ""min_close_pos"": 0.5}",True,"{""stop_pct"": 0.2, ""target_pct"": null, ""max_hold_days"": 10}"
1857,0.3936456650511578,-0.9489435153784851,-0.9509402141674825,0.7417969626489728,-0.020306102352968383,-3.949642933089158,0.6887452880990845,1154,0.41767764298093585,-0.7630175217027714,-0.7647729794334223,0.721730069999372,-0.014289406372816907,-3.724563624964026,0.7019064124783362,warrior_scanner,screen,"{""min_ret"": 0.1, ""min_rvol"": 5, ""min_close_pos"": 0.5}",True,"{""stop_pct"": 0.2, ""target_pct"": 0.15, ""max_hold_days"": 1}"
1523,0.43795141168745894,-0.8051346622118487,-0.8467089465328144,0.8608767437303064,-0.01707011205699456,-1.8794422443467318,1.6743269862114247,866,0.44803695150115475,-0.6988871573283024,-0.7113097744429964,0.761894611442341,-0.015121039576416419,-3.006023871915923,1.6454965357967668,warrior_scanner,screen,"{""min_ret"": 0.1, ""min_rvol"": 5, ""min_close_pos"": 0.5}",True,"{""stop_pct"": 0.2, ""target_pct"": 0.15, ""max_hold_days"": 3}"
1283,0.4676539360872954,-0.718967551019439,-0.7704699594247323,0.8596927987377251,-0.016099260586504856,-1.4200393237846043,2.3406079501169135,727,0.5020632737276479,-0.44574291065989313,-0.47827644282396464,0.8753706370038122,-0.01046294350293322,-1.3338771168325034,2.1774415405777168,warrior_scanner,screen,"{""min_ret"": 0.1, ""min_rvol"": 5, ""min_close_pos"": 0.5}",True,"{""stop_pct"": 0.2, ""target_pct"": 0.15, ""max_hold_days"": 5}"
985,0.4964467005076142,-0.5486249670512895,-0.6472161569862682,0.8927832925318383,-0.013186542986525206,-0.849728490791443,3.429441624365482,548,0.5182481751824818,0.5503584437413571,-0.27936087376400665,1.1125558569741922,0.007767472700735784,0.75719727576484,3.291970802919708,warrior_scanner,screen,"{""min_ret"": 0.1, ""min_rvol"": 5, ""min_close_pos"": 0.5}",True,"{""stop_pct"": 0.2, ""target_pct"": 0.15, ""max_hold_days"": 10}"
1803,0.35829173599556297,-0.8972997238103416,-0.9106880624297427,0.778916993879267,-0.01633109308279155,-2.273636534867622,0.8402662229617305,1136,0.3785211267605634,-0.6425190466947313,-0.6477374478789593,0.7986692036517787,-0.00979027429843211,-2.007159436229539,0.8503521126760564,warrior_scanner,screen,"{""min_ret"": 0.1, ""min_rvol"": 5, ""min_close_pos"": 0.5}",True,"{""stop_pct"": 0.2, ""target_pct"": 0.4, ""max_hold_days"": 1}"
1397,0.3758052970651396,0.06760653324696331,-0.5236043807383701,1.0067544409306746,-0.0019029715399545382,0.31699763070873643,2.164638511095204,788,0.3629441624365482,-0.5635416907236741,-0.6029714657740456,0.8508451236303983,-0.006825748554862733,-1.0864314164961686,2.1434010152284264,warrior_scanner,screen,"{""min_ret"": 0.1, ""min_rvol"": 5, ""min_close_pos"": 0.5}",True,"{""stop_pct"": 0.2, ""target_pct"": 0.4, ""max_hold_days"": 3}"
1104,0.3958333333333333,1.0696760111241979,-0.32482436832119543,1.1015012660089136,0.001881977820014384,1.0556739915013338,3.125,611,0.37970540098199673,-0.5171847035144403,-0.5747593256079524,0.8571269008014856,-0.009269438430434596,-1.1346980903241866,3.1178396072013093,warrior_scanner,screen,"{""min_ret"": 0.1, ""min_rvol"": 5, ""min_close_pos"": 0.5}",True,"{""stop_pct"": 0.2, ""target_pct"": 0.4, ""max_hold_days"": 5}"
748,0.4037433155080214,0.9922350107044668,-0.4329762165862361,1.1223358410352888,0.012927679906272282,1.0511197146176063,5.0588235294117645,420,0.3523809523809524,-0.2834314349360817,-0.4957327716819747,0.9316477586986477,-0.0014814386899449409,0.08528367234305198,4.933333333333334,warrior_scanner,screen,"{""min_ret"": 0.1, ""min_rvol"": 5, ""min_close_pos"": 0.5}",True,"{""stop_pct"": 0.2, ""target_pct"": 0.4, ""max_hold_days"": 10}"
1782,0.3658810325476992,-0.7439278577276915,-0.8557063300319863,0.8849099800682919,-0.010233722821149968,-0.3247887490172158,0.9966329966329966,1116,0.3781362007168459,-0.7268666096388607,-0.7268666096388607,0.7648998415739934,-0.01284107757902038,-2.0570203008864603,0.9973118279569892,warrior_scanner,screen,"{""min_ret"": 0.1, ""min_rvol"": 5, ""min_close_pos"": 0.5}",True,"{""stop_pct"": null, ""target_pct"": null, ""max_hold_days"": 1}"
1230,0.4,4.300818954048916,-0.4010663181199291,1.2007937293656115,0.0224837357192644,1.228390444050922,2.9853658536585366,702,0.3575498575498576,-0.7061349247487037,-0.7073685465508381,0.8171573206131479,-0.011660125445720902,-1.1743459011565265,2.9786324786324787,warrior_scanner,screen,"{""min_ret"": 0.1, ""min_rvol"": 5, ""min_close_pos"": 0.5}",True,"{""stop_pct"": null, ""target_pct"": null, ""max_hold_days"": 3}"
848,0.4068396226415094,6.23620989511918,-0.3775976106996327,1.3005116480105368,0.04032101993071192,1.3875448666440908,4.95872641509434,470,0.3723404255319149,-0.591349686118199,-0.7018792474042981,0.8575593651708722,-0.004871894617962335,-0.31152145146190796,4.9361702127659575,warrior_scanner,screen,"{""min_ret"": 0.1, ""min_rvol"": 5, ""min_close_pos"": 0.5}",True,"{""stop_pct"": null, ""target_pct"": null, ""max_hold_days"": 5}"
456,0.3969298245614035,1.54194949031973,-0.5749979312080156,1.1934878759545762,0.03550862167222047,1.0730195624569967,9.855263157894736,247,0.2793522267206478,-0.7015181810833889,-0.7559865450153487,0.7242600555619645,-0.041568412097822166,-1.2901292231250951,9.793522267206479,warrior_scanner,screen,"{""min_ret"": 0.1, ""min_rvol"": 5, ""min_close_pos"": 0.5}",True,"{""stop_pct"": null, ""target_pct"": null, ""max_hold_days"": 10}"
1856,0.4197198275862069,-0.8600641754926284,-0.8753377321105787,0.821251891691325,-0.015425958456496018,-2.5904665568602234,0.7904094827586207,1154,0.4358752166377816,-0.7338054729120054,-0.7338054729120054,0.7587597528672481,-0.013405418421195399,-3.0878827713096997,0.7902946273830156,warrior_scanner,screen,"{""min_ret"": 0.1, ""min_rvol"": 5, ""min_close_pos"": 0.5}",True,"{""stop_pct"": null, ""target_pct"": 0.15, ""max_hold_days"": 1}"
1431,0.4912648497554158,-0.21705690393741328,-0.6058946600917627,0.973726656121445,-0.00986931575388338,-0.10959649262032083,2.1132075471698113,824,0.49150485436893204,-0.6562347521298707,-0.6764289836875885,0.803333859967854,-0.015238535902920763,-2.178599581357509,2.0351941747572817,warrior_scanner,screen,"{""min_ret"": 0.1, ""min_rvol"": 5, ""min_close_pos"": 0.5}",True,"{""stop_pct"": null, ""target_pct"": 0.15, ""max_hold_days"": 3}"
1109,0.545536519386835,0.7277394431615847,-0.37870624504419037,1.0925832115530063,-0.002195060863704125,0.9553829258446433,3.21190261496844,633,0.5450236966824644,-0.578334222380616,-0.5935302188399393,0.8366595914908037,-0.015261447211600407,-1.613701717560393,3.061611374407583,warrior_scanner,screen,"{""min_ret"": 0.1, ""min_rvol"": 5, ""min_close_pos"": 0.5}",True,"{""stop_pct"": null, ""target_pct"": 0.15, ""max_hold_days"": 5}"
729,0.5994513031550068,0.8215716993737341,-0.3312077556856975,1.131658156685615,0.00514439695832877,1.0521144759939933,5.497942386831276,424,0.6179245283018868,1.2326862742519817,-0.23442301057259718,1.2268869403383704,0.024800863826313652,1.1157729551563451,5.110849056603773,warrior_scanner,screen,"{""min_ret"": 0.1, ""min_rvol"": 5, ""min_close_pos"": 0.5}",True,"{""stop_pct"": null, ""target_pct"": 0.15, ""max_hold_days"": 10}"
1800,0.37,-0.8594050650214731,-0.8738332837980016,0.8183516647317763,-0.014327826065983814,-1.8637593304293831,0.9594444444444444,1136,0.3873239436619718,-0.6256788074293944,-0.6276232726518435,0.8240696345141818,-0.009977846162198059,-1.720365280636855,0.9480633802816901,warrior_scanner,screen,"{""min_ret"": 0.1, ""min_rvol"": 5, ""min_close_pos"": 0.5}",True,"{""stop_pct"": null, ""target_pct"": 0.4, ""max_hold_days"": 1}"
1294,0.41653786707882534,0.8841882298806334,-0.45289287319081706,1.07860374045789,0.004451250379367022,0.8805727532197558,2.705564142194745,740,0.3891891891891892,-0.529473930122595,-0.5714113400331842,0.8787998402516184,-0.009641500736954425,-0.8288837470404494,2.672972972972973,warrior_scanner,screen,"{""min_ret"": 0.1, ""min_rvol"": 5, ""min_close_pos"": 0.5}",True,"{""stop_pct"": null, ""target_pct"": 0.4, ""max_hold_days"": 3}"
934,0.43576017130620986,2.2956294508526986,-0.33681061874465323,1.189042221848072,0.013965654147478721,1.5470318214705205,4.278372591006424,525,0.43238095238095237,-0.36689240088688535,-0.6130524851420556,0.9304882113452694,0.003562362536724154,-0.4723517342200934,4.188571428571429,warrior_scanner,screen,"{""min_ret"": 0.1, ""min_rvol"": 5, ""min_close_pos"": 0.5}",True,"{""stop_pct"": null, ""target_pct"": 0.4, ""max_hold_days"": 5}"
543,0.47513812154696133,1.5146884531908444,-0.41126863364267807,1.2231456200634205,0.019962546685793024,1.3128864005402803,7.994475138121547,294,0.41156462585034015,-0.6720846221249455,-0.7135062748241066,0.7639835405237134,-0.03439975582687615,-1.861817600478707,8.0,warrior_scanner,screen,"{""min_ret"": 0.1, ""min_rvol"": 5, ""min_close_pos"": 0.5}",True,"{""stop_pct"": null, ""target_pct"": 0.4, ""max_hold_days"": 10}"
1041,0.4966378482228626,-0.586052348665302,-0.6180425223085838,0.6133264844118,-0.00821378801126132,-1.834933760215257,3.4236311239193085,711,0.5175808720112518,-0.2836175832793937,-0.3343896108302261,0.7754004813531263,-0.0043064042010735985,-1.2169050097959768,3.4753867791842477,pullback,strategy,"{""rsi_entry"": 5, ""max_hold_days"": 5, ""stop_atr_mult"": null, ""max_mcap"": null}",False,{}
768,0.5052083333333334,-0.5232639238480654,-0.5757596938917924,0.7202091867838928,-0.008718067505696118,-1.293744050516329,3.49609375,656,0.5320121951219512,-0.2817996505211835,-0.4185255475288068,0.839691238786883,-0.004348245210795433,-0.909444969133905,3.4253048780487805,pullback,strategy,"{""rsi_entry"": 5, ""max_hold_days"": 5, ""stop_atr_mult"": null, ""max_mcap"": 2000000000.0}",False,{}
1059,0.493862134088763,-0.5994656957137987,-0.630486074001424,0.6110382529594439,-0.00839594226082928,-1.8970208510594235,3.328611898016997,713,0.514726507713885,-0.26942619206680773,-0.3163143503336534,0.7872802329393969,-0.003982938380357696,-1.1618264433590764,3.4347826086956523,pullback,strategy,"{""rsi_entry"": 5, ""max_hold_days"": 5, ""stop_atr_mult"": 3.0, ""max_mcap"": null}",False,{}
777,0.5057915057915058,-0.493054274061986,-0.5476099180749349,0.743408035953822,-0.00782596732730789,-1.2033396895243047,3.4208494208494207,665,0.5398496240601504,-0.21172041227255667,-0.3841964331456488,0.8838796688492832,-0.0029381249697346366,-0.6060845883029251,3.3473684210526318,pullback,strategy,"{""rsi_entry"": 5, ""max_hold_days"": 5, ""stop_atr_mult"": 3.0, ""max_mcap"": 2000000000.0}",False,{}
874,0.5137299771167048,-0.45042818819312136,-0.5071465423762653,0.6910551831420682,-0.006580808807804464,-1.274935649666705,4.093821510297483,585,0.5384615384615384,-0.2172075712941035,-0.27442567260806605,0.8109049455386661,-0.003814096173789139,-0.9100682236628486,4.223931623931624,pullback,strategy,"{""rsi_entry"": 5, ""max_hold_days"": 10, ""stop_atr_mult"": null, ""max_mcap"": null}",False,{}
643,0.5272161741835147,-0.5121701682257821,-0.5686359155455771,0.6894083868817182,-0.010208942681801558,-1.3073959897099834,4.360808709175739,553,0.566003616636528,-0.14498161841235446,-0.3088110630996994,0.8980533548099628,-0.0021278915946643046,-0.35046206349052833,4.099457504520796,pullback,strategy,"{""rsi_entry"": 5, ""max_hold_days"": 10, ""stop_atr_mult"": null, ""max_mcap"": 2000000000.0}",False,{}
919,0.514689880304679,-0.4973369411239653,-0.5451716706478553,0.6650101437466044,-0.0071587102971696496,-1.4804462085846934,3.8150163220892273,615,0.5333333333333333,-0.20542220028978753,-0.2859217881166275,0.8324203474599253,-0.0033249791135679303,-0.8043760375754343,3.9495934959349595,pullback,strategy,"{""rsi_entry"": 5, ""max_hold_days"": 10, ""stop_atr_mult"": 3.0, ""max_mcap"": null}",False,{}
670,0.5298507462686567,-0.4986866848585426,-0.5567182749110886,0.7156619008714138,-0.009393784537222883,-1.2659586104953082,4.102985074626866,566,0.5565371024734982,-0.18073567429739468,-0.3469860660446106,0.8763099025808719,-0.0028104198225441515,-0.47192230063757956,3.950530035335689,pullback,strategy,"{""rsi_entry"": 5, ""max_hold_days"": 10, ""stop_atr_mult"": 3.0, ""max_mcap"": 2000000000.0}",False,{}
1085,0.5078341013824885,-0.5630015653626982,-0.59687348224207,0.6468054491477169,-0.007371655247188427,-1.6908645921212042,3.4009216589861753,717,0.5230125523012552,-0.25236249797682075,-0.3161105770425785,0.7982826900511121,-0.0036646999513209053,-1.0424100301178787,3.465829846582985,pullback,strategy,"{""rsi_entry"": 10, ""max_hold_days"": 5, ""stop_atr_mult"": null, ""max_mcap"": null}",False,{}
954,0.5167714884696016,-0.6423449764286149,-0.6806783194245248,0.6961719687636987,-0.009777531143477663,-1.5848475793006598,3.4360587002096437,714,0.5210084033613446,-0.33025781049192393,-0.41396691584474865,0.8161451398824447,-0.00502037720152984,-1.1132038225393135,3.4271708683473388,pullback,strategy,"{""rsi_entry"": 10, ""max_hold_days"": 5, ""stop_atr_mult"": null, ""max_mcap"": 2000000000.0}",False,{}
1099,0.5050045495905369,-0.5756927103086651,-0.6085960831566357,0.6486664125522767,-0.007524766749988013,-1.728175174097777,3.3184713375796178,720,0.5208333333333334,-0.2513375867752159,-0.30714423931893453,0.802985939090133,-0.003630853007248025,-1.0590448896307456,3.4208333333333334,pullback,strategy,"{""rsi_entry"": 10, ""max_hold_days"": 5, ""stop_atr_mult"": 3.0, ""max_mcap"": null}",False,{}
960,0.51875,-0.6319819001309006,-0.6713918508298065,0.7022342996777563,-0.009439960787246116,-1.5740811267922457,3.3822916666666667,727,0.5350756533700137,-0.293488814171482,-0.39575601072657296,0.8421300937891186,-0.004214683261096411,-0.9338041149333312,3.3425034387895463,pullback,strategy,"{""rsi_entry"": 10, ""max_hold_days"": 5, ""stop_atr_mult"": 3.0, ""max_mcap"": 2000000000.0}",False,{}
911,0.531284302963776,-0.41749629888933104,-0.4697946497872474,0.726495140420329,-0.005665430844923905,-1.1109238378430943,4.055982436882546,591,0.5414551607445008,-0.2106770357215314,-0.26952734150430124,0.8161739252898988,-0.003601882095012804,-0.8723449254706616,4.204737732656515,pullback,strategy,"{""rsi_entry"": 10, ""max_hold_days"": 10, ""stop_atr_mult"": null, ""max_mcap"": null}",False,{}
763,0.5307994757536042,-0.6122186062724891,-0.65925784173909,0.666358056485988,-0.011291667911737203,-1.5516938837143748,4.347313237221494,595,0.5495798319327732,-0.22170007293426464,-0.38639778367473854,0.8576640467574616,-0.0035018290123880282,-0.6035679261916171,4.126050420168068,pullback,strategy,"{""rsi_entry"": 10, ""max_hold_days"": 10, ""stop_atr_mult"": null, ""max_mcap"": 2000000000.0}",False,{}
962,0.524948024948025,-0.4836499877576238,-0.5215166987672126,0.6881891192184186,-0.006559107259937666,-1.3970381068042599,3.765072765072765,621,0.534621578099839,-0.1940921279057798,-0.2763233496045153,0.8417341166520373,-0.0030567224595575765,-0.7477817145569168,3.9323671497584543,pullback,strategy,"{""rsi_entry"": 10, ""max_hold_days"": 10, ""stop_atr_mult"": 3.0, ""max_mcap"": null}",False,{}
795,0.5283018867924528,-0.637865714625221,-0.6806473000144138,0.6752270855538365,-0.011514288482310533,-1.5663642762995083,4.09308176100629,609,0.5402298850574713,-0.2453641212716866,-0.392801077085579,0.8447406654226921,-0.003919894461762538,-0.6918702196660655,3.9835796387520523,pullback,strategy,"{""rsi_entry"": 10, ""max_hold_days"": 10, ""stop_atr_mult"": 3.0, ""max_mcap"": 2000000000.0}",False,{}
1094,0.5118829981718465,-0.5418862056673458,-0.5773349157459762,0.659755725242239,-0.00691002270781808,-1.570477900402106,3.390310786106033,716,0.520949720670391,-0.26833646243502696,-0.33084706252683294,0.7839174264018678,-0.003962434998302611,-1.126813289596005,3.477653631284916,pullback,strategy,"{""rsi_entry"": 15, ""max_hold_days"": 5, ""stop_atr_mult"": null, ""max_mcap"": null}",False,{}
1024,0.5107421875,-0.7410465478356028,-0.7640912564620266,0.6344818864488584,-0.012149689011349517,-2.0340266633032105,3.4228515625,721,0.5131761442441054,-0.39219926885916534,-0.4536761684730958,0.7774586203333985,-0.0062601424190038436,-1.4200770510062393,3.435506241331484,pullback,strategy,"{""rsi_entry"": 15, ""max_hold_days"": 5, ""stop_atr_mult"": null, ""max_mcap"": 2000000000.0}",False,{}
1108,0.5054151624548736,-0.5613560907430275,-0.5953076890202492,0.6563760376597141,-0.007205974935309009,-1.6777601541505054,3.306859205776173,722,0.518005540166205,-0.253988540695018,-0.30947682467592297,0.7992866824742086,-0.0036642705171944195,-1.0815543282004323,3.418282548476454,pullback,strategy,"{""rsi_entry"": 15, ""max_hold_days"": 5, ""stop_atr_mult"": 3.0, ""max_mcap"": null}",False,{}
1036,0.5164092664092664,-0.6949425229909745,-0.7221099078305914,0.6806187694418837,-0.010501640630144264,-1.7683479996659262,3.3484555984555984,734,0.5245231607629428,-0.36127647006444885,-0.43150187540089946,0.8022525940974616,-0.0054602251743190965,-1.2399316187569873,3.352861035422343,pullback,strategy,"{""rsi_entry"": 15, ""max_hold_days"": 5, ""stop_atr_mult"": 3.0, ""max_mcap"": 2000000000.0}",False,{}
919,0.5331882480957563,-0.40976372876959577,-0.4726978605125791,0.7318093675448839,-0.005471918080111957,-1.0857693773068584,4.039173014145811,592,0.5422297297297297,-0.2222896469067287,-0.28025155611810904,0.8054997169598106,-0.0038600629516106137,-0.9353970492168723,4.206081081081081,pullback,strategy,"{""rsi_entry"": 15, ""max_hold_days"": 10, ""stop_atr_mult"": null, ""max_mcap"": null}",False,{}
821,0.5347137637028014,-0.6181582867460614,-0.6623236142189565,0.6936866236062982,-0.01058554492248374,-1.4466037042573319,4.30572472594397,599,0.5409015025041736,-0.3071376043094006,-0.44747968389706994,0.8047621151323615,-0.005313946428622883,-0.9437566986820145,4.140233722871453,pullback,strategy,"{""rsi_entry"": 15, ""max_hold_days"": 10, ""stop_atr_mult"": null, ""max_mcap"": 2000000000.0}",False,{}
967,0.5274043433298863,-0.4613223511282163,-0.5143857451144137,0.7000672124579227,-0.00610989734495876,-1.2942635342167441,3.769389865563599,622,0.5353697749196141,-0.2068632090496414,-0.2875789527509942,0.8311088991886328,-0.003287989911546958,-0.8126673583941885,3.9340836012861735,pullback,strategy,"{""rsi_entry"": 15, ""max_hold_days"": 10, ""stop_atr_mult"": 3.0, ""max_mcap"": null}",False,{}
848,0.5318396226415094,-0.6371779550153198,-0.6783318635401172,0.6901312331062034,-0.010826889538312387,-1.4974806829871607,4.087264150943396,613,0.531810766721044,-0.32187841791674965,-0.44851036831030344,0.7982105606871065,-0.005541927842786629,-1.0041446437964794,4.00163132137031,pullback,strategy,"{""rsi_entry"": 15, ""max_hold_days"": 10, ""stop_atr_mult"": 3.0, ""max_mcap"": 2000000000.0}",False,{}
