symbol,name,sector,industry,market_cap,ipo_year,shares_out,country
A,Agilent Technologies Inc. Common Stock,Industrials,Biotechnology: Laboratory Analytical Instruments,44076757034.0,1999.0,281928853.9976973,United States
AA,Alcoa Corporation Common Stock,Industrials,Aluminum,12395826632.0,2016.0,263909445.0074516,United States
AADX,Applied Aerospace & Defense Inc. Common Stock,Industrials,Military/Government/Technical,2189397679.0,2026.0,172393518.03149608,
AAL,American Airlines Group Inc. Common Stock,Consumer Discretionary,Air Freight/Delivery Services,8565891166.0,,661969951.0046368,United States
AAME,Atlantic American Corporation Common Stock,Finance,Life Insurance,28556119.0,,20397227.85714286,United States
AAMI,Acadian Asset Management Inc. Common Stock,Finance,Investment Managers,3213276189.0,2014.0,35490127.998674616,United Kingdom
AAOI,Applied Optoelectronics Inc. Common Stock,Technology,Semiconductors,8325910699.0,2013.0,84906288.99653274,United States
AAON,AAON Inc. Common Stock,Industrials,Industrial Machinery/Components,6301931629.0,,82453639.00300929,United States
AAP,Advance Auto Parts Inc.,Consumer Discretionary,Auto & Home Supply Stores,2535592000.0,,60400000.00000001,United States
AAPG,Ascentage Pharma Group International American Depository Shares,Health Care,Biotechnology: Pharmaceutical Preparations,1434490523.0,2025.0,93330548.01561484,China
AAPL,Apple Inc. Common Stock,Technology,Computer Manufacturing,4918238660000.0,1980.0,14594180000.0,United States
AARD,Aardvark Therapeutics Inc. Common Stock,Health Care,Biotechnology: Pharmaceutical Preparations,121023198.0,2025.0,21884845.931283902,United States
AAT,American Assets Trust Inc. Common Stock,Real Estate,Real Estate Investment Trusts,1358875234.0,2011.0,61404213.014008135,United States
AAUC,Allied Gold Corporation Common Shares,,,3000160136.0,2025.0,139347892.98653042,
ABAT,American Battery Technology Company Common Stock,Industrials,Mining & Quarrying of Nonmetallic Minerals (No Fuels),319374178.0,,142577758.03571427,United States
ABBV,AbbVie Inc. Common Stock,Health Care,Biotechnology: Pharmaceutical Preparations,466554305586.0,2012.0,1767117285.0011363,United States
ABCB,Ameris Bancorp Common Stock,Finance,Major Banks,5569900837.0,1994.0,67107239.0,United States
ABCL,AbCellera Biologics Inc. Common Shares,Health Care,Biotechnology: Pharmaceutical Preparations,4123317384.0,2020.0,323905528.9866457,Canada
ABEO,Abeona Therapeutics Inc. Common Stock,Health Care,Biotechnology: Pharmaceutical Preparations,319658655.0,,57184016.99463327,United States
ABG,Asbury Automotive Group Inc Common Stock,Consumer Discretionary,Retail-Auto Dealers and Gas Stations,3373344723.0,2002.0,17951916.997498803,United States
ABLV,Able View Global Inc. Class B Ordinary Shares,Consumer Discretionary,Other Consumer Services,41971556.0,,49389922.33466698,China
ABM,ABM Industries Incorporated Common Stock,Consumer Discretionary,Diversified Commercial Services,2889699386.0,,58614592.00811359,United States
ABNB,Airbnb Inc. Class A Common Stock,Consumer Discretionary,Diversified Commercial Services,99356508214.0,2020.0,598785681.998433,United States
ABOS,Acumen Pharmaceuticals Inc. Common Stock,Health Care,Biotechnology: Biological Products (No Diagnostic Substances),185855422.0,2021.0,72317284.82490273,United States
ABR,Arbor Realty Trust Common Stock,Real Estate,Real Estate Investment Trusts,835780033.0,2004.0,186558043.08035716,United States
ABSI,Absci Corporation Common Stock,Health Care,Biotechnology: Commercial Physical & Biological Resarch,1590861873.0,2021.0,171614010.03236246,United States
ABT,Abbott Laboratories Common Stock,Health Care,Biotechnology: Pharmaceutical Preparations,176897084350.0,,1730383295.9992173,United States
ABTC,American Bitcoin Corp. Class A Common Stock,Finance,Finance: Consumer Services,642998066.0,2018.0,72819713.02378257,United States
ABTS,Abits Group Inc Ordinary Shares,Finance,Finance: Consumer Services,4579620.0,,3214445.1463466,China
ABUS,Arbutus Biopharma Corporation Common Stock,Health Care,Biotechnology: Pharmaceutical Preparations,1003088523.0,,197847834.9112426,Canada
ABVC,ABVC BioPharma Inc. Common Stock,Health Care,Biotechnology: Pharmaceutical Preparations,30652520.0,,26654365.217391305,United States
ABX,Abacus Global Management Inc. Class A Common Stock,Finance,Investment Managers,886975698.0,,97792248.95259096,United States
ACA,Arcosa Inc. Common Stock,Industrials,Metal Fabrications,7142585369.0,2018.0,49106808.999656245,United States
ACAD,ACADIA Pharmaceuticals Inc. Common Stock,Health Care,Biotechnology: Pharmaceutical Preparations,4729786469.0,1985.0,172305517.99635702,United States
ACB,Aurora Cannabis Inc. Common Shares,Health Care, Medicinal Chemicals and Botanical Products ,238534157.0,,61956923.896103896,Canada
ACCL,Acco Group Holdings Limited Class A Ordinary Shares,Consumer Discretionary,Professional Services,41005000.0,2025.0,13900000.0,Hong Kong
ACCO,Acco Brands Corporation Common Stock,Consumer Discretionary,Publishing,401537921.0,,92307568.04597704,United States
ACCS,ACCESS Newswire Inc. Common Stock,Consumer Discretionary,Professional Services,19289612.0,,3827303.968253968,United States
ACDC,ProFrac Holding Corp. Class A Common Stock,Energy,Oilfield Services/Equipment,921541176.0,2022.0,182122762.055336,United States
ACEL,Accel Entertainment Inc.,Consumer Discretionary,Services-Misc. Amusement & Recreation,929665289.0,2017.0,81193475.02183406,United States
ACET,Adicet Bio Inc. Common Stock,Health Care,Biotechnology: Pharmaceutical Preparations,84347025.0,2018.0,9361490.01109878,United States
ACFN,Acorn Energy Inc. Common Stock,Consumer Discretionary,Military/Government/Technical,53479960.0,,2509618.0197090567,United States
ACGL,Arch Capital Group Ltd. Common Stock,Finance,Property-Casualty Insurers,32996856484.0,,341229125.9979317,Bermuda
ACH,Accendra Health Inc. Common Stock,Health Care,Medical Specialities,79211845.0,,76904703.88349514,United States
ACHC,Acadia Healthcare Company Inc. Common Stock,Health Care,Medical Specialities,2682218923.0,,93100275.00867754,United States
ACHR,Archer Aviation Inc. Class A Common Stock,Industrials,Aerospace,4202739394.0,2020.0,778285072.9629629,United States
ACHV,Achieve Life Sciences Inc. Common Shares,Health Care,Biotechnology: In Vitro & In Vivo Diagnostic Substances,813958696.0,,102902490.01264222,United States
ACI,Albertsons Companies Inc. Class A Common Stock,Consumer Staples,Food Chains,6095690578.0,2020.0,485325682.9617834,United States
ACIC,American Coastal Insurance Corporation Common Stock,Finance,Property-Casualty Insurers,433482663.0,,47271828.0261723,United States
ACIU,AC Immune SA Common Stock,Health Care,Biotechnology: Pharmaceutical Preparations,272753176.0,2016.0,101773573.13432837,Switzerland
ACIW,ACI Worldwide Inc. Common Stock,Technology,Computer Software: Prepackaged Software,5166889234.0,,100955240.99257524,United States
ACLS,Axcelis Technologies Inc. Common Stock,Technology,Industrial Machinery/Components,3230203749.0,2000.0,30881488.99617591,United States
ACM,AECOM Common Stock,Consumer Discretionary,Military/Government/Technical,8160640309.0,2007.0,128696424.9960574,United States
ACMR,ACM Research Inc. Class A Common Stock,Technology,Industrial Machinery/Components,4720126013.0,2017.0,69649196.00118047,United States
ACN,Accenture plc Class A Ordinary Shares (Ireland),Consumer Discretionary,Business Services,127020517861.0,2001.0,667510210.0005256,Ireland
ACNB,ACNB Corporation Common Stock,Finance,Major Banks,651485716.0,,10169930.003122073,United States
ACNT,Ascent Industries Co. Common Stock,Industrials,Major Chemicals,133700283.0,,9009453.032345014,United States
ACOG,Alpha Cognition Inc. Common Stock,,,192700820.0,,21774103.95480226,Canada
ACON,Aclarion Inc. Common Stock,Health Care,Medical Specialities,7609459.0,2022.0,2882370.833333333,United States
ACR,ACRES Commercial Realty Corp. Common Stock,Real Estate,Real Estate Investment Trusts,99837468.0,,7478462.02247191,United States
ACRE,Ares Commercial Real Estate Corporation Common Stock,Real Estate,Real Estate Investment Trusts,241897653.0,2012.0,55481113.07339449,United States
ACRS,Aclaris Therapeutics Inc. Common Stock,Health Care,Biotechnology: Pharmaceutical Preparations,794874022.0,2015.0,147198892.96296296,United States
ACRV,Acrivon Therapeutics Inc. Common Stock,Health Care,Biotechnology: Pharmaceutical Preparations,72850715.0,2022.0,42853361.76470588,United States
ACT,Enact Holdings Inc. Common Stock,Finance,Specialty Insurers,6665208370.0,2021.0,137483670.99834985,United States
ACTG,Acacia Research Corporation (Acacia Tech) Common Stock,Miscellaneous,Multi-Sector Companies,442068227.0,,97586805.07726268,United States
ACTU,Actuate Therapeutics Inc. Common stock,Health Care,Biotechnology: Pharmaceutical Preparations,23898934.0,2024.0,24014202.170418005,United States
ACU,Acme United Corporation. Common Stock,Consumer Discretionary,Industrial Machinery/Components,237466997.0,1988.0,3833823.0061349696,United States
ACVA,ACV Auctions Inc. Class A Common Stock,Consumer Discretionary,Business Services,1779587630.0,2025.0,169807979.96183205,United States
ACXP,Acurx Pharmaceuticals Inc. Common Stock,Health Care,Biotechnology: Pharmaceutical Preparations,7727573.0,2021.0,5559405.035971223,United States
AD,Array Digital Infrastructure Inc. Common Shares,Telecommunications,Telecommunications Equipment,3187525000.0,1988.0,86500000.0,United States
ADAM,Adamas Trust Inc. Common Stock,Real Estate,Real Estate Investment Trusts,809367473.0,,89879786.00777344,United States
ADBE,Adobe Inc. Common Stock,Technology,Computer Software: Prepackaged Software,100436325000.0,1986.0,397500000.0,United States
ADBT,Advasa Holdings Inc. Common Stock,Technology,Computer Software: Prepackaged Software,69358156.0,,487065702.247191,Japan
ADC,Agree Realty Corporation Common Stock,Real Estate,Real Estate Investment Trusts,8477693770.0,,124379310.00586855,United States
ADCT,ADC Therapeutics SA Common Shares,Health Care,Biotechnology: Pharmaceutical Preparations,135327757.0,2020.0,127667695.28301886,Switzerland
ADEA,Adeia Inc. Common Stock,Telecommunications,Cable & Other Pay Television Services,2748181338.0,2003.0,110280150.0,United States
ADGM,Adagio Medical Holdings Inc Common Stock,Health Care,Medical/Dental Instruments,11549439.0,,22210459.615384616,United States
ADI,Analog Devices Inc. Common Stock,Technology,Semiconductors,175727665882.0,,484565464.9993107,United States
ADIG,ADI Global Distribution Inc. Common Stock,Industrials,Wholesale Distributors,1642978005.0,2026.0,75923198.012939,United States
ADIL,Adial Pharmaceuticals Inc Common Stock,Health Care,Biotechnology: Pharmaceutical Preparations,13680887.0,2018.0,2625890.019193858,United States
ADM,Archer-Daniels-Midland Company Common Stock,Consumer Staples,Packaged Foods,42455819666.0,,481959582.99466455,United States
ADMA,ADMA Biologics Inc Common Stock,Health Care,Biotechnology: Biological Products (No Diagnostic Substances),2004662886.0,,223984680.00000003,United States
ADNT,Adient plc Ordinary Shares,Consumer Discretionary,Auto Parts:O.E.M.,1423980334.0,2016.0,77096931.99783432,United States
ADP,Automatic Data Processing Inc. Common Stock,Technology,EDP Services,108150807521.0,,397262737.0004408,United States
ADPT,Adaptive Biotechnologies Corporation Common Stock,Health Care,Biotechnology: Biological Products (No Diagnostic Substances),4556461289.0,2019.0,159595841.99649736,United States
ADSE,ADS-TEC ENERGY PLC Ordinary Shares,Consumer Discretionary,Industrial Specialties,841452976.0,,75129730.0,Ireland
ADSK,Autodesk Inc. Common Stock,Technology,Computer Software: Prepackaged Software,45695760000.0,,209000000.0,United States
ADT,ADT Inc. Common Stock,Consumer Discretionary,Diversified Commercial Services,5106609144.0,2018.0,730559248.0686696,United States
ADTN,ADTRAN Holdings Inc. Common Stock,Utilities,Telecommunications Equipment,578517990.0,1994.0,81481407.04225352,United States
ADUR,Aduro Clean Technologies Inc. Common Stock,Industrials,Major Chemicals,450950967.0,,35704747.98099762,Canada
ADUS,Addus HomeCare Corporation Common Stock,Health Care,Medical/Nursing Services,2204687858.0,2009.0,18674300.0,United States
ADV,Advantage Solutions Inc. Class A Common Stock,Consumer Discretionary,Business Services,423261812.0,2019.0,12822229.990911843,United States
ADVB,Advanced Biomed Inc. Common Stock,Health Care,Medical Specialities,12093614.0,2025.0,1652133.0601092896,Taiwan
AEBI,Aebi Schmidt Holding AG Common Stock,Industrials,Auto Manufacturing,928088633.0,,77599384.03010033,Switzerland
AEC,Anfield Energy Inc. Common Shares,Basic Materials,Metal Mining,74612910.0,,19949975.93582888,Canada
AEE,Ameren Corporation Common Stock,Utilities,Power Generation,28764013779.0,,276843251.00096244,United States
AEG,Aegon Ltd. New York Registry Shares,Finance,Life Insurance,17390539146.0,,1908950509.9890232,Netherlands
AEHL,Antelope Enterprise Holdings Limited Class A Ordinary Shares,Consumer Discretionary,Telecommunications Equipment,233078080.0,,18964855.98047193,China
AEHR,Aehr Test Systems Common Stock,Industrials,Electrical Products,2957321890.0,1997.0,32659545.996686917,United States
AEI,Alset Inc. Common Stock (TX),Finance,Real Estate,37767851.0,2020.0,38895830.07209063,United States
AEIS,Advanced Energy Industries Inc. Common Stock,Technology,Industrial Machinery/Components,10190033958.0,1995.0,40050441.999764174,United States
AEM,Agnico Eagle Mines Limited Common Stock,Basic Materials,Precious Metals,102207558167.0,,507560997.9987088,Canada
AEMD,Aethlon Medical Inc. Common Stock,Health Care,Medical/Dental Instruments,10875764.0,,1604094.9852507375,United States
AENT,Alliance Entertainment Holding Corporation Class A Common Stock,Consumer Discretionary,Durable Goods,247251206.0,,50979630.10309279,United States
AEO,American Eagle Outfitters Inc. Common Stock,Consumer Discretionary,Clothing/Shoe/Accessory Stores,2498518395.0,,167573332.99798793,United States
AEON,AEON Biopharma Inc. Class A Common Stock,Health Care,Biotechnology: Pharmaceutical Preparations,12286131.0,,49882789.2813642,United States
AEP,American Electric Power Company Inc. Common Stock,Utilities,Electric Utilities: Central,66209605950.0,,544397351.9980266,United States
AER,AerCap Holdings N.V. Ordinary Shares,Consumer Discretionary,Diversified Commercial Services,22134461216.0,2006.0,154430064.99686038,Netherlands
AERT,Aeries Technology Inc. Class A Ordinary Share,Consumer Discretionary,Professional Services,36262657.0,2021.0,5247851.953690304,United States
AES,The AES Corporation Common Stock,Industrials,Electric Utilities: Central,10594563656.0,,713438630.0336701,United States
AESI,Atlas Energy Solutions Inc. Common Stock,Industrials,Mining & Quarrying of Nonmetallic Minerals (No Fuels),1677546312.0,2023.0,125003450.96870343,United States
AEVA,Aeva Technologies Inc. Common Stock,Consumer Discretionary,Auto Parts:O.E.M.,1063012810.0,,69705758.03278689,United States
AEYE,AudioEye Inc. Common Stock,Technology,Computer Software: Prepackaged Software,94523948.0,,12569673.936170213,United States
AFCG,Advanced Flower Capital Inc. Common Stock,Finance,Real Estate,78671559.0,2021.0,22671919.02017291,United States
AFG,American Financial Group Inc. Common Stock,Finance,Property-Casualty Insurers,11846989847.0,,82921465.99706027,United States
AFJK,Aimei Health Technology Co. Ltd Ordinary Share,,,0.0,2024.0,0.0,United States
AFL,AFLAC Incorporated Common Stock,Finance,Accident &Health Insurance,58456628547.0,,501343298.0017153,United States
AFRI,Forafric Global PLC Ordinary Shares,Consumer Staples,Packaged Foods,304421471.0,,26963814.96899912,Gibraltar
AFRM,Affirm Holdings Inc. Class A Common Stock,Finance,Finance: Consumer Services,23713965872.0,2021.0,337421256.0045532,United States
AFYA,Afya Limited Class A Common Shares,Real Estate,Other Consumer Services,1278379415.0,2019.0,93722831.0117302,Brazil
AG,First Majestic Silver Corp. Ordinary Shares (Canada),Basic Materials,Precious Metals,9606745405.0,,492906383.0169318,Canada
AGBK,AGI Inc Class A Common Shares,Finance,Commercial Banks,999242849.0,2026.0,160135071.9551282,Cayman Islands
AGCC,Agencia Comercial Spirits Ltd Class A Ordinary Shares,Consumer Staples,Beverages (Production/Distribution),467572710.0,2025.0,37286500.0,Taiwan
AGCO,AGCO Corporation Common Stock,Industrials,Industrial Machinery/Components,8513757295.0,,70031729.00386609,United States
AGEN,Agenus Inc. Common Stock,Health Care,Biotechnology: Biological Products (No Diagnostic Substances),326069034.0,2000.0,45161916.06648199,United States
AGI,Alamos Gold Inc. Class A Common Shares,Basic Materials,Precious Metals,15017963097.0,2015.0,419965410.9899329,Canada
AGIG,Abundia Global Impact Group Inc. Common stock,Energy,Oil & Gas Production,51214372.0,,44150320.68965518,United States
AGIO,Agios Pharmaceuticals Inc. Common Stock,Health Care,Biotechnology: Pharmaceutical Preparations,2006580254.0,2013.0,59701881.99940494,United States
AGL,agilon health inc. Common Stock,Health Care,Misc Health and Biotechnology Services,1497272196.0,2021.0,16791210.003364358,United States
AGM,Federal Agricultural Mortgage Corporation Common Stock,Finance,Finance Companies,2423413261.0,,10853210.000447849,United States
AGMH,AGM Group Holdings Inc. Class A Ordinary Shares,Technology,EDP Services,3980991.0,2018.0,4796374.698795181,Hong Kong
AGNC,AGNC Investment Corp. Common Stock,Real Estate,Real Estate Investment Trusts,11748121140.0,2008.0,1185481447.0232089,United States
AGNT,AGNT Inc. Common Stock,Finance,Real Estate,646746416.0,,167117936.9509044,United States
AGO,Assured Guaranty Ltd. Common Stock,Finance,Property-Casualty Insurers,3126042105.0,2004.0,43979208.00506472,Bermuda
AGPU,Axe Compute Inc. Common Stock,Health Care,Industrial Specialties,149757322.0,,11591123.99380805,United States
AGRO,Adecoagro S.A. Common Shares,Consumer Staples,Farming/Seeds/Milling,1707169153.0,2011.0,144308466.0185968,Luxembourg
AGRZ,Agroz Inc. Class A Ordinary Shares,Consumer Staples,Farming/Seeds/Milling,4848535.0,2025.0,20423483.57203033,Malaysia
AGX,Argan Inc. Common Stock,Consumer Discretionary,Engineering & Construction,5373429486.0,,14029842.0,United States
AGYS,Agilysys Inc. Common Stock (DE),Technology,EDP Services,2882913591.0,,28205787.995303787,United States
AHCO,AdaptHealth Corp. Common Stock,Health Care,Medical/Nursing Services,785342569.0,2018.0,136344196.00694445,United States
AHG,Akso Health Group ADS,Consumer Discretionary,Business Services,642528133.0,2017.0,856704177.3333334,China
AHMA,Ambitions Enterprise Management Co. L.L.C Class A Ordinary Shares,Consumer Discretionary,Services-Misc. Amusement & Recreation,38345250.0,2025.0,29725000.0,United Arab Emirates
AHR,American Healthcare REIT Inc. Common Stock,Real Estate,Real Estate Investment Trusts,12393793380.0,2024.0,233185200.0,United States
AHRT,AH Realty Trust Inc. Common Stock,Finance,Real Estate,464714340.0,2013.0,74592991.97431782,United States
AHT,Ashford Hospitality Trust Inc Common Stock,Real Estate,Real Estate Investment Trusts,18665413.0,2003.0,6469813.864818024,United States
AI,C3.ai Inc. Class A Common Stock,Technology,Computer Software: Prepackaged Software,1733206848.0,2020.0,160779856.0296846,United States
AIAI,AIAI Holdings Corporation Class A Common Stock,Technology,EDP Services,231773856.0,,70662760.97560976,United States
AIB,AIB Data Centers Inc. Common Stock,Finance,Investment Bankers/Brokers/Service,106371252.0,2026.0,75979465.71428572,
AIBZ,Bitzero Holdings Inc. Common Shares,Consumer Discretionary,Services-Misc. Amusement & Recreation,257549367.0,,62209992.02898552,Canada
AIDX,20/20 Biolabs Inc. Common Stock,Health Care,Precision Instruments,6021198.0,,12770303.2873807,United States
AIFA,All In FutureTech Alliance Inc. Common Stock,Consumer Discretionary,Services-Misc. Amusement & Recreation,19068339.0,2017.0,6420316.161616161,United States
AIFC,AI Financial Corporation Common Stock,Finance,Investment Bankers/Brokers/Service,72756937.0,,139836511.62790698,United States
AIFF,Firefly Neuroscience Inc. Common Stock,Technology,Computer Software: Prepackaged Software,20083604.0,,15690315.625,United States
AIFU,AIFU Inc. Class A Ordinary Share,Finance,Specialty Insurers,66635868.0,2007.0,6175706.024096386,China
AIG,American International Group Inc. New Common Stock,Finance,Property-Casualty Insurers,39572555030.0,,522893169.001057,United States
AII,American Integrity Insurance Group Inc. Common Stock,Finance,Property-Casualty Insurers,524516041.0,2025.0,19593427.0078446,United States
AIIO,Robo.ai Inc. Class B Ordinary Shares,Industrials,Auto Manufacturing,182124431.0,,119035575.81699346,United Arab Emirates
AIIR,Air Global PLC Ordinary Shares,Consumer Discretionary,Tobacco,1246203898.0,,160386602.05920208,United Arab Emirates
AIM,AIM ImmunoTech Inc. Common Stock,Health Care,Biotechnology: Biological Products (No Diagnostic Substances),7715884.0,,35507979.75149563,
AIMD,Ainos Inc. Common Stock,Technology,Computer peripheral equipment,12730669.0,,8544073.154362416,United States
AIN,Albany International Corporation Common Stock,Consumer Discretionary,Textiles,1704284000.0,,28400000.0,United States
AIOS,AIOS Tech Inc. Class A Common Shares,Industrials,Metal Fabrications,46724287.0,2016.0,3249255.006954103,China
AIOT,PowerFleet Inc. Common Stock,Telecommunications,Telecommunications Equipment,398650976.0,,134225917.84511784,United States
AIP,Arteris Inc. Common Stock,Technology,Semiconductors,1099532522.0,2021.0,49152102.01162271,United States
AIR,AAR Corp. Common Stock,Industrials,Aerospace,4513821141.0,,40258840.0017838,United States
AIRE,reAlpha Tech Corp. Common Stock,Finance,Real Estate,8229075.0,,6006624.08759124,United States
AIRG,Airgain Inc. Common Stock,Technology,Radio And Television Broadcasting And Communications Equipment,68907231.0,2016.0,13100234.03041825,United States
AIRI,Air Industries Group Common Stock,Industrials,Military/Government/Technical,13096777.0,,4850658.148148147,United States
AIRJ,AirJoule Technologies Corporation Class A Common Stock,Industrials,Industrial Machinery/Components,318125179.0,2022.0,75206898.10874704,United States
AIRO,AIRO Group Holdings Inc. Common Stock,Industrials,Aerospace,232882667.0,2025.0,31555916.937669378,United States
AIRS,AirSculpt Technologies Inc. Common Stock,Health Care,Medical/Nursing Services,165818981.0,2021.0,72095209.13043478,United States
AIRT,Air T Inc. Common Stock,Consumer Discretionary,Air Freight/Delivery Services,79916090.0,,2681747.986577181,United States
AISP,Airship AI Holdings Inc. Class A Common Stock,Technology,Computer Software: Prepackaged Software,67329344.0,2021.0,34439562.148337595,United States
AIT,Applied Industrial Technologies Inc. Common Stock,Consumer Discretionary,Industrial Specialties,11643910037.0,,36733894.99968452,United States
AIV,Apartment Investment and Management Company Common Stock,Real Estate,Real Estate Investment Trusts,322425914.0,1994.0,145236898.1981982,United States
AIXC,AIxCrypto Holdings Inc. Common Stock,Finance,Finance: Consumer Services,21953239.0,2015.0,21108883.653846152,United States
AIZ,Assurant Inc. Common Stock,Finance,Property-Casualty Insurers,13998578312.0,2004.0,49323766.99904866,United States
AJG,Arthur J. Gallagher & Co. Common Stock,Finance,Specialty Insurers,61873383000.0,,256300000.0,United States
AKA,a.k.a. Brands Holding Corp. Common Stock,Consumer Discretionary,Catalog/Specialty Distribution,114526835.0,2021.0,10991059.021113245,
AKAM,Akamai Technologies Inc. Common Stock,Consumer Discretionary,Business Services,15389174492.0,1999.0,143716609.00261486,United States
AKAN,Akanda Corp. Common Shares,Health Care, Medicinal Chemicals and Botanical Products ,1590073.0,2022.0,540841.1564625851,United Kingdom
AKBA,Akebia Therapeutics Inc. Common Stock,Health Care,Biotechnology: Pharmaceutical Preparations,248148642.0,2014.0,277106244.5561139,United States
AKO/A,Embotelladora Andina S.A.,,,,,,
AKO/B,Embotelladora Andina S.A.,,,,,,
AKR,Acadia Realty Trust Common Stock,Real Estate,Real Estate Investment Trusts,2651894862.0,,137332722.0093216,United States
AKTS,Aktis Oncology Inc. Common stock,Health Care,Biotechnology: Pharmaceutical Preparations,1271461747.0,2026.0,55619498.99387576,United States
AKTX,Akari Therapeutics plc ADS,Health Care,Biotechnology: Pharmaceutical Preparations,19226447.0,,1946981.9746835444,United Kingdom
ALAB,Astera Labs Inc. Common Stock,Technology,Semiconductors,50928287130.0,2024.0,173485103.99918246,United States
ALB,Albemarle Corporation Common Stock,Industrials,Major Chemicals,13576481808.0,,118005057.00130378,United States
ALC,Alcon Inc. Ordinary Shares,Health Care,Ophthalmic Goods,32570446000.0,2019.0,499700000.0,Switzerland
ALCO,Alico Inc. Common Stock,Consumer Staples,Farming/Seeds/Milling,286875754.0,,7418561.003361779,United States
ALDF,Aldel Financial II Inc. Class A Ordinary Shares,,,0.0,2024.0,0.0,United States
ALDX,Aldeyra Therapeutics Inc. Common Stock,Health Care,Biotechnology: Pharmaceutical Preparations,83250461.0,2014.0,60326421.01449276,United States
ALEC,Alector Inc. Common Stock,Health Care,Biotechnology: Biological Products (No Diagnostic Substances),206565300.0,2019.0,111656918.91891892,United States
ALG,Alamo Group Inc. Common Stock,Industrials,Industrial Machinery/Components,2052268118.0,,12170964.998220852,United States
ALGM,Allegro MicroSystems Inc. Common Stock,Technology,Semiconductors,6171771743.0,2020.0,186402045.99818787,United States
ALGN,Align Technology Inc. Common Stock,Health Care,Industrial Specialties,10635376243.0,2001.0,71039852.00053436,United States
ALGS,Aligos Therapeutics Inc. Common Stock,Health Care,Biotechnology: Biological Products (No Diagnostic Substances),32284365.0,2020.0,6244558.027079304,United States
ALGT,Allegiant Travel Company Common Stock,Consumer Discretionary,Air Freight/Delivery Services,2163099864.0,2006.0,27337754.995260663,United States
ALH,Alliance Laundry Holdings Inc. Common Stock,Industrials,Industrial Machinery/Components,4271977673.0,2025.0,198789095.9981387,United States
ALHC,Alignment Healthcare Inc. Common Stock,Health Care,Medical Specialities,1804685796.0,2021.0,207435148.96551725,United States
ALIT,Alight Inc. Class A Common Stock,Consumer Discretionary,Business Services,331081453.0,2021.0,26939093.00244101,United States
ALK,Alaska Air Group Inc. Common Stock,Consumer Discretionary,Air Freight/Delivery Services,4465240831.0,,111603119.99500126,United States
ALKS,Alkermes plc Ordinary Shares,Health Care,Biotechnology: Pharmaceutical Preparations,7836222435.0,1991.0,167763271.99743095,Ireland
ALKT,Alkami Technology Inc. Common Stock,Technology,Computer Software: Prepackaged Software,2006231545.0,2021.0,106941980.01066098,United States
ALL,Allstate Corporation (The) Common Stock,Finance,Property-Casualty Insurers,63773303570.0,,252857950.00198248,United States
ALLE,Allegion plc Ordinary Shares,Consumer Discretionary,Diversified Commercial Services,13064201433.0,2013.0,85036785.99882835,United States
ALLO,Allogene Therapeutics Inc. Common Stock,Health Care,Biotechnology: Biological Products (No Diagnostic Substances),597699224.0,2018.0,345490880.9248555,United States
ALLR,Allarity Therapeutics Inc. Common Stock,Health Care,Biotechnology: Pharmaceutical Preparations,18456440.0,,15910724.137931036,United States
ALLT,Allot Ltd. Ordinary Shares,Telecommunications,Computer Communications Equipment,395787871.0,2006.0,48923099.01112485,Israel
ALLY,Ally Financial Inc. Common Stock,Finance,Major Banks,12350507536.0,2014.0,304199693.0049261,United States
ALM,Almonty Industries Inc. Common Shares,Basic Materials,Other Metals and Minerals,4076232998.0,,288480750.03538567,Canada
ALMR,Alamar Biosciences Inc. Common Stock,Industrials,Biotechnology: Laboratory Analytical Instruments,2221262440.0,2026.0,69392766.01062168,United States
ALMS,Alumis Inc. Common Stock,Health Care,Biotechnology: Pharmaceutical Preparations,1012183569.0,2024.0,129435239.00255756,United States
ALMU,Aeluma Inc. Common Stock,Technology,Semiconductors,211335093.0,,18305335.036812477,United States
ALNT,Allient Inc. Common Stock,Industrials,Electrical Products,1685118865.0,,17002510.99788114,United States
ALNY,Alnylam Pharmaceuticals Inc. Common Stock,Health Care,Biotechnology: Pharmaceutical Preparations,32851476560.0,2004.0,133809117.99926683,United States
ALOV,Aldabra 4 Liquidity Opportunity Vehicle Inc. Class A Ordinary Shares,,,0.0,2026.0,0.0,United States
ALOY,REalloys Inc. Common Stock,Basic Materials,Metal Mining,572706181.0,,69418931.03030303,United States
ALP,Alpha Compute Corp Ordinary Shares,Finance,Finance: Consumer Services,6974316.0,,1549848.0,Canada
ALPS,ALPS Group Inc Ordinary Share,Health Care,Medical/Nursing Services,66543486.0,,166400315.0787697,Malaysia
ALRM,Alarm.com Holdings Inc. Common Stock,Technology,Computer Software: Prepackaged Software,2663144869.0,2015.0,49090228.0,United States
ALRS,Alerus Financial Corporation Common Stock,Finance,Major Banks,817124302.0,2019.0,24927525.991458204,United States
ALSN,Allison Transmission Holdings Inc. Common Stock,Consumer Discretionary,Auto Parts:O.E.M.,9889545831.0,2012.0,82578038.001002,United States
ALT,Altimmune Inc. Common Stock,Health Care,Biotechnology: Pharmaceutical Preparations,630237351.0,,194517700.9259259,United States
ALTG,Alta Equipment Group Inc. Class A Common Stock,Industrials,Industrial Machinery/Components,200247925.0,2019.0,32666871.94127243,United States
ALTI,AlTi Global Inc. Class A Common Stock,Finance,Investment Managers,499018982.0,2021.0,155943431.875,United States
ALTO,Alto Ingredients Inc. Common Stock,Industrials,Major Chemicals,311821607.0,,77567563.93034826,United States
ALV,Autoliv Inc. Common Stock,Consumer Discretionary,Auto Parts:O.E.M.,8604640625.0,,73237216.99719125,Sweden
ALVO,Alvotech Ordinary Shares,Health Care,Biotechnology: Biological Products (No Diagnostic Substances),2084904103.0,,390431479.9625468,Luxembourg
ALX,Alexander's Inc. Common Stock,Real Estate,Real Estate Investment Trusts,1264156421.0,,5107290.000808016,United States
ALXO,ALX Oncology Holdings Inc. Common Stock,Health Care,Biotechnology: Pharmaceutical Preparations,240601975.0,2020.0,138276997.12643677,United States
ALZN,Alzamend Neuro Inc. Common Stock,Health Care,Biotechnology: Pharmaceutical Preparations,8879330.0,2021.0,4825722.826086956,United States
AM,Antero Midstream Corporation Common Stock,Utilities,Natural Gas Distribution,10086822500.0,2017.0,474674000.0,United States
AMAL,Amalgamated Financial Corp. Common Stock (DE),Finance,Major Banks,1409193928.0,2018.0,29900146.997666027,United States
AMAT,Applied Materials Inc. Common Stock,Technology,Semiconductors,331247572708.0,1972.0,793597442.9995209,United States
AMBA,Ambarella Inc. Ordinary Shares,Technology,Semiconductors,2953472370.0,2012.0,44140971.00582873,United States
AMBO,Ambow Education Holding Ltd. American Depository Shares (each representing twenty (20) Class A Ordinary Shares),Real Estate,Other Consumer Services,6120803.0,,2860321.977662508,China
AMBP,Ardagh Metal Packaging S.A. Ordinary Shares,Industrials,Containers/Packaging,2809188054.0,,597699585.9574468,
AMBQ,Ambiq Micro Inc. Common Stock,Technology,Semiconductors,1507905820.0,2025.0,24184536.0064154,United States
AMC,AMC Entertainment Holdings Inc. Class A Common Stock,Consumer Discretionary,Movies/Entertainment,2418958569.0,2013.0,892604638.0073801,United States
AMCI,AMC Robotics Corporation Common Stock,Consumer Discretionary,Home Furnishings,77741517.0,2023.0,23206422.985074624,United States
AMCR,Amcor plc Ordinary Shares,Consumer Discretionary,Miscellaneous manufacturing industries,19594210342.0,2019.0,462345689.9952808,United Kingdom
AMCX,AMC Global Media Inc. Class A Common Stock,Telecommunications,Cable & Other Pay Television Services,485512159.0,,41249971.02803738,United States
AMD,Advanced Micro Devices Inc. Common Stock,Technology,Semiconductors,889845820644.0,,1632475042.0004034,United States
AME,AMETEK Inc.,Industrials,Industrial Machinery/Components,53720494694.0,,229261243.99965855,United States
AMG,Affiliated Managers Group Inc. Common Stock,Finance,Investment Managers,9107351204.0,,25859933.00017037,United States
AMGN,Amgen Inc. Common Stock,Health Care,Biotechnology: Biological Products (No Diagnostic Substances),205321222859.0,1983.0,540632005.0002633,United States
AMH,American Homes 4 Rent Common Shares of Beneficial Interest,Real Estate,Real Estate Investment Trusts,11235148648.0,2013.0,359179943.9897698,United States
AMIX,Autonomix Medical Inc. Common Stock,Health Care,Medical/Dental Instruments,8388535.0,2024.0,1959938.0841121492,United States
AMKR,Amkor Technology Inc. Common Stock,Technology,Semiconductors,11913296032.0,1998.0,248452471.991658,United States
AMLX,Amylyx Pharmaceuticals Inc. Common Stock,Health Care,Biotechnology: Pharmaceutical Preparations,4258054125.0,2022.0,125458282.99941072,United States
AMN,AMN Healthcare Services Inc,Consumer Discretionary,Professional Services,1338121189.0,,38729990.99855282,United States
AMOD,Alpha Modus Holdings Inc. Class A Common Stock,Miscellaneous,Multi-Sector Companies,9773077.0,,4986263.775510204,United States
AMP,Ameriprise Financial Inc. Common Stock,Finance,Investment Managers,49056838739.0,,89897084.0003665,United States
AMPG,Amplitech Group Inc. Common Stock,Telecommunications,Telecommunications Equipment,102299435.0,,30043886.93098385,United States
AMPH,Amphastar Pharmaceuticals Inc. Common Stock,Health Care,Biotechnology: Pharmaceutical Preparations,1013253826.0,2014.0,42537943.99664148,United States
AMPL,Amplitude Inc. Class A Common Stock,Technology,Computer Software: Prepackaged Software,1725090871.0,,124916065.9666908,United States
AMPX,Amprius Technologies Inc. Common Stock,Miscellaneous,Industrial Machinery/Components,1393609096.0,2022.0,146080618.02935013,United States
AMPY,Amplify Energy Corp. Common Stock,Energy,Oil & Gas Production,189041412.0,2016.0,41456450.0,United States
AMR,Alpha Metallurgical Resources Inc. Common Stock,Energy,Coal Mining,2342199983.0,2018.0,12679045.000811996,United States
AMRC,Ameresco Inc. Class A Common Stock,Consumer Discretionary,Engineering & Construction,1257669201.0,2010.0,53066211.01265823,United States
AMRN,Amarin Corporation plc,Health Care,Biotechnology: Pharmaceutical Preparations,292973708.0,,21122834.030281182,Ireland
AMRX,Amneal Pharmaceuticals Inc. Class A Common Stock,Health Care,Biotechnology: Pharmaceutical Preparations,6366851191.0,,348296017.01312906,United States
AMRZ,Amrize Ltd Ordinary Shares,Industrials,Building Materials,20887090344.0,2025.0,546925643.9905735,Switzerland
AMS,American Shared Hospital Services Common Stock,Health Care,Medical Specialities,9642500.0,1988.0,6650000.0,United States
AMSC,American Superconductor Corporation Common Stock,Consumer Discretionary,Metal Fabrications,1412088468.0,1991.0,48442142.98456261,United States
AMSF,AMERISAFE Inc. Common Stock,Finance,Property-Casualty Insurers,457284551.0,2005.0,18536058.005674902,United States
AMSS,AMASS Brands Inc. Common Stock,Consumer Staples,Beverages (Production/Distribution),7834590.0,,11605080.728780922,United States
AMST,Amesite Inc. Common Stock,Technology,Computer Software: Prepackaged Software,6746347.0,2020.0,6549851.456310679,United States
AMT,American Tower Corporation (REIT) Common Stock,Real Estate,Real Estate Investment Trusts,81813265228.0,,465960048.0009112,United States
AMTB,Amerant Bancorp Inc. Class A Common Stock,Finance,Major Banks,1159236000.0,,39189858.01217039,United States
AMTM,Amentum Holdings Inc. Common Stock,Consumer Discretionary,Business Services,4936584478.0,2024.0,244506412.97672117,United States
AMTX,Aemetis Inc. (DE) Common Stock,Industrials,Major Chemicals,135678837.0,,72169594.14893617,United States
AMWL,American Well Corporation Class A Common Stock,Consumer Discretionary,Business Services,231829372.0,2020.0,17008758.03374908,United States
AMZE,Amaze Holdings Inc. Common Stock,Consumer Discretionary,Catalog/Specialty Distribution,2946620.0,2021.0,20824169.611307424,
AMZN,Amazon.com Inc. Common Stock,Consumer Discretionary,Catalog/Specialty Distribution,2709414106151.0,1997.0,10786313572.001274,United States
AN,AutoNation Inc. Common Stock,Consumer Discretionary,Retail-Auto Dealers and Gas Stations,5781673753.0,,33060805.998398904,United States
ANAB,AnaptysBio Inc. Common Stock,Health Care,Biotechnology: Pharmaceutical Preparations,1630242964.0,2017.0,29608481.00254268,United States
ANDE,Andersons Inc. (The) Common Stock,Industrials,Farming/Seeds/Milling,2447939819.0,,33975570.00693963,United States
ANDG,Andersen Group Inc. Class A Common Stock,Consumer Discretionary,Business Services,6194026993.0,2025.0,112988452.9916089,
ANET,Arista Networks Inc. Common Stock,Telecommunications,Computer Communications Equipment,251652154015.0,,1261224647.9977949,United States
ANF,Abercrombie & Fitch Company Common Stock,Consumer Discretionary,Clothing/Shoe/Accessory Stores,5881404652.0,,42434376.998557,United States
ANGH,Anghami Inc. Ordinary Shares,Consumer Discretionary,Telecommunications Equipment,33875187.0,,9064807.867273211,United Arab Emirates
ANGI,Angi Inc. Class A Common Stock,Consumer Discretionary,Advertising,214948130.0,,40556250.94339623,United States
ANGO,AngioDynamics Inc. Common Stock,Health Care,Medical/Dental Instruments,635278819.0,2004.0,41332389.00455433,United States
ANGX,Angel Studios Inc. Class A Common Stock,Consumer Discretionary,Movies/Entertainment,915105963.0,2025.0,186756318.97959185,United States
ANIK,Anika Therapeutics Inc. Common Stock,Health Care,Medical/Dental Instruments,281443775.0,,13382966.000951022,United States
ANIP,ANI Pharmaceuticals Inc.,Health Care,Biotechnology: Pharmaceutical Preparations,1730915800.0,,22959487.995755404,United States
ANIX,Anixa Biosciences Inc. Common Stock,Health Care,Biotechnology: Pharmaceutical Preparations,95948094.0,,34763802.17391305,United States
ANNA,AleAnna Inc. Class A Common Stock,Energy,Oil & Gas Production,208835328.0,,66934400.0,United States
ANNX,Annexon Inc. Common Stock,Health Care,Biotechnology: Pharmaceutical Preparations,790544989.0,2020.0,189579134.0527578,United States
ANPA,Rich Sparkle Holdings Limited Ordinary Shares,Consumer Discretionary,Other Consumer Services,30354528.0,2025.0,15101755.223880598,Hong Kong
ANRO,Alto Neuroscience Inc. Common Stock,Health Care,Biotechnology: Pharmaceutical Preparations,1215720382.0,2024.0,39242104.00258231,United States
ANTA,Antalpha Platform Holding Company Class A Ordinary Shares,Finance,Investment Bankers/Brokers/Service,124456000.0,2025.0,37600000.0,Singapore
ANTX,AN2 Therapeutics Inc. Common Stock,Health Care,Biotechnology: Pharmaceutical Preparations,184907561.0,2022.0,37736236.93877551,United States
ANVS,Annovis Bio Inc. Common Stock,Health Care,Biotechnology: Pharmaceutical Preparations,46946965.0,2020.0,42679059.090909086,United States
AOMR,Angel Oak Mortgage REIT Inc. Common Stock,Finance,Real Estate,187344057.0,2021.0,23214876.951672863,United States
AON,Aon plc Class A Ordinary Shares (Ireland),Finance,Specialty Insurers,62799734736.0,,212125434.0010133,United States
AORT,Artivion Inc. Common Stock,Health Care,Medical/Dental Instruments,1164298557.0,,48756220.979899496,United States
AOS,A.O. Smith Corporation Common Stock,Consumer Discretionary,Consumer Electronics/Appliances,7737275061.0,,135908573.0019322,United States
AOSL,Alpha and Omega Semiconductor Limited Common Shares,Technology,Semiconductors,762835819.0,2010.0,30259255.01785006,Bermuda
AOUT,American Outdoor Brands Inc. Common Stock,Consumer Discretionary,Recreational Games/Products/Toys,200993008.0,,12621224.992150703,United States
AP,Ampco-Pittsburgh Corporation Common Stock,Industrials,Fluid Controls,175598279.0,,20658621.05882353,United States
APA,APA Corporation Common Stock,Energy,Oil & Gas Production,15926979645.0,,350351510.00879896,United States
APAM,Artisan Partners Asset Management Inc. Class A Common Stock,Finance,Investment Managers,2961584599.0,2013.0,81072669.01177114,United States
APC,ARKO Petroleum Corp. Class A Common Stock,Energy,Oil Refining/Marketing,233680446.0,2026.0,12570223.023130717,United States
APD,Air Products and Chemicals Inc. Common Stock,Basic Materials,Major Chemicals,63714783844.0,,222685530.001398,United States
APEI,American Public Education Inc. Common Stock,Real Estate,Other Consumer Services,811124386.0,2007.0,18301543.005415164,United States
APG,APi Group Corporation Common Stock,Consumer Discretionary,Diversified Commercial Services,15994252592.0,2020.0,432160297.0008106,United States
APH,Amphenol Corporation Common Stock,Technology,Electrical Products,193257827050.0,,2465966913.997703,United States
APLD,Applied Digital Corporation Common Stock,Technology,EDP Services,7688955175.0,2022.0,291469112.0166793,United States
APLE,Apple Hospitality REIT Inc. Common Shares,Real Estate,Real Estate Investment Trusts,3680529262.0,2015.0,236082698.01154587,United States
APLM,Apollomics Inc. Class A Ordinary Shares,Health Care,Biotechnology: Pharmaceutical Preparations,65233594.0,,2896053.007769145,United States
APMD,Apnimed Inc. Common Stock,Health Care,Biotechnology: Pharmaceutical Preparations,1170241198.0,2026.0,41630779.0110281,United States
APO,Apollo Global Management Inc. (New) Common Stock,Finance,Investment Managers,74408438034.0,,590543159.0,United States
APOG,Apogee Enterprises Inc. Common Stock,Consumer Discretionary,Auto Parts:O.E.M.,786734684.0,,20868294.00530504,United States
APP,Applovin Corporation Class A Common Stock,Technology,Computer Software: Programming Data Processing,107623761600.0,2021.0,334651000.0,United States
APPF,AppFolio Inc. Class A Common Stock,Technology,Computer Software: Prepackaged Software,7782352737.0,2015.0,35416991.99945389,United States
APPN,Appian Corporation Class A Common Stock,Technology,Computer Software: Prepackaged Software,2729727722.0,2017.0,71627597.00865914,United States
APPS,Digital Turbine Inc. Common Stock,Miscellaneous,Multi-Sector Companies,1326338100.0,,121016250.0,United States
APRE,Aprea Therapeutics Inc. Common stock,Health Care,Biotechnology: Pharmaceutical Preparations,9443352.0,2019.0,12591136.0,United States
APT,Alpha Pro Tech Ltd. Common Stock,Health Care,Industrial Specialties,53990893.0,2000.0,10206217.958412098,Canada
APTV,Aptiv PLC Ordinary Shares,Consumer Discretionary,Auto Parts:O.E.M.,9056965898.0,,207633330.9949565,United Kingdom
APUR,Aperture AC Class A Ordinary Shares,Finance,Blank Checks,0.0,2026.0,0.0,United States
APUS,Apimeds Pharmaceuticals US Inc. Common Stock,Health Care,Biotechnology: Pharmaceutical Preparations,2520227.0,2025.0,1509117.9640718563,
APVO,Aptevo Therapeutics Inc. Common Stock,Health Care,Biotechnology: Pharmaceutical Preparations,3315625.0,,1801970.108695652,United States
APWC,Asia Pacific Wire & Cable Corporation Ltd. Ordinary Shares (Bermuda),Industrials,Telecommunications Equipment,55251488.0,,41232453.73134328,Taiwan
APXT,Apex Treasury Corporation Class A Ordinary Share,Finance,Blank Checks,0.0,2025.0,0.0,United States
APYX,Apyx Medical Corporation Common Stock,Health Care,Medical/Dental Instruments,127635790.0,,42124023.10231023,United States
AQB,AquaBounty Technologies Inc. Common Stock,Consumer Staples,Meat/Poultry/Fish,5816341.0,,5147204.424778761,United States
AQMS,Aqua Metals Inc. Common Stock,Industrials,Metal Fabrications,8409933.0,2015.0,3563530.93220339,United States
AQN,Algonquin Power & Utilities Corp. Common Shares,Utilities,Electric Utilities: Central,4141242540.0,2016.0,769747684.0148699,United States
AQST,Aquestive Therapeutics Inc. Common Stock,Health Care,Biotechnology: Pharmaceutical Preparations,584884280.0,2018.0,125511648.06866951,United States
AR,Antero Resources Corporation Common Stock,Energy,Oil & Gas Production,10941754010.0,2013.0,307439000.0,United States
ARAI,Arrive AI Inc. Common Stock,Consumer Discretionary,Diversified Commercial Services,12958677.0,,51876208.96717374,United States
ARAY,Accuray Incorporated Common Stock,Health Care,Medical/Dental Instruments,28784873.0,2007.0,119439307.0539419,United States
ARBB,ARB IOT Group Limited Ordinary Shares,Technology,EDP Services,7907111.0,2023.0,1765255.955171567,Malaysia
ARBE,Arbe Robotics Ltd. Ordinary Shares,Technology,EDP Services,85360720.0,,127404059.70149252,Israel
ARCB,ArcBest Corporation Common Stock,Industrials,Trucking Freight/Courier Services,2882207098.0,,22351353.99767352,United States
ARCC,Ares Capital Corporation Common Stock,Finance,Finance: Consumer Services,14109148904.0,2004.0,718022844.9872774,United States
ARCO,Arcos Dorados Holdings Inc. Class A Shares,Consumer Discretionary,Restaurants,1609465755.0,2011.0,210663056.9371728,Argentina
ARCT,Arcturus Therapeutics Holdings Inc. Common Stock,Health Care,Biotechnology: Pharmaceutical Preparations,481202558.0,2013.0,28423068.98995865,Israel
ARDT,Ardent Health Inc. Common Stock,Health Care,Hospital/Nursing Management,1509191205.0,2024.0,141045907.0093458,United States
ARDX,Ardelyx Inc. Common Stock,Health Care,Biotechnology: Pharmaceutical Preparations,842253993.0,2014.0,249187571.89349112,United States
ARE,Alexandria Real Estate Equities Inc. Common Stock,Real Estate,Real Estate Investment Trusts,9817108094.0,,174247570.00354987,United States
AREC,American Resources Corporation Class A Common Stock,Energy,Coal Mining,213942544.0,,106971272.0,United States
ARES,Ares Management Corporation Class A Common Stock,Finance,Investment Managers,41390342338.0,2014.0,330277228.9977657,United States
ARHS,Arhaus Inc. Class A Common Stock,Consumer Discretionary,Other Specialty Stores,1075895653.0,2021.0,141751732.9380764,United States
ARI,Apollo Commercial Real Estate Finance Inc,Real Estate,Real Estate Investment Trusts,826968000.0,2009.0,128212093.0232558,United States
ARIS,Aris Mining Corporation Common Shares,,,3911280000.0,2023.0,206400000.0,
ARKO,ARKO Corp. Common Stock,Consumer Staples,Food Chains,486886029.0,,112185720.96774194,United States
ARKR,Ark Restaurants Corp. Common Stock,Consumer Discretionary,Restaurants,16840753.0,,3606156.959314775,United States
ARL,American Realty Investors Inc. Common Stock,Finance,Real Estate,269093036.0,,16152042.977190876,United States
ARLO,Arlo Technologies Inc. Common Stock,Consumer Discretionary,Diversified Commercial Services,1436637608.0,2018.0,107613303.97003746,United States
ARMK,Aramark Common Stock,Consumer Discretionary,Restaurants,14997628753.0,2013.0,263625043.99718755,United States
ARMP,Armata Pharmaceuticals Inc. Common Stock,Health Care,Biotechnology: Biological Products (No Diagnostic Substances),152446114.0,,37181979.02439025,United States
AROC,Archrock Inc. Common Stock,Utilities,Natural Gas Distribution,5474058136.0,,175338185.00960922,United States
AROW,Arrow Financial Corporation Common Stock,Finance,Major Banks,706124321.0,,18523723.00629591,United States
ARQ,Arq Inc. Common Stock,Industrials,Major Chemicals,89957075.0,,43668483.00970874,United States
ARQQ,Arqit Quantum Inc. Ordinary Shares,Technology,Computer Software: Prepackaged Software,470248219.0,,24090584.9897541,United Kingdom
ARQT,Arcutis Biotherapeutics Inc. Common Stock,Health Care,Biotechnology: Pharmaceutical Preparations,3325809288.0,2020.0,125691960.99773242,United States
ARR,ARMOUR Residential REIT Inc.,Real Estate,Real Estate Investment Trusts,2483067334.0,,167097397.98115748,United States
ARRY,Array Technologies Inc. Common Stock,Technology,Semiconductors,652992614.0,2020.0,154007691.98113206,United States
ARTL,Artelo Biosciences Inc. Common Stock,Health Care,Biotechnology: Pharmaceutical Preparations,2174663.0,,547774.0554156171,United States
ARTNA,Artesian Resources Corporation Class A Common Stock,Utilities,Water Supply,365166999.0,,10327121.012443438,United States
ARTV,Artiva Biotherapeutics Inc. Common Stock,Health Care,Biotechnology: Biological Products (No Diagnostic Substances),412632621.0,2024.0,48890120.97156399,United States
ARTW,Art's-Way Manufacturing Co. Inc. Common Stock,Industrials,Industrial Machinery/Components,15500130.0,,5201385.906040269,United States
ARVN,Arvinas Inc. Common Stock,Health Care,Biotechnology: Pharmaceutical Preparations,543359247.0,2018.0,65386190.97472924,United States
ARW,Arrow Electronics Inc. Common Stock,Technology,Electronic Components,10945684053.0,,50905422.99786066,United States
ARWR,Arrowhead Pharmaceuticals Inc. Common Stock,Health Care,Biotechnology: Pharmaceutical Preparations,9568577595.0,,141254467.0062002,United States
ARX,Accelerant Holdings Class A Common Shares,Finance,Specialty Insurers,4304677101.0,2025.0,217188552.01816347,Cayman Islands
ARXS,Arxis Inc. Class A Common Stock,Industrials,Military/Government/Technical,20748476189.0,2026.0,417474370.0,United States
AS,Amer Sports Inc. Ordinary Shares,Consumer Discretionary,Apparel,14649922256.0,2024.0,557667386.9813476,
ASA,ASA  Gold and Precious Metals Limited,Industrials,Precious Metals,1064598149.0,,18216943.001368925,United States
ASAN,Asana Inc. Class A Common Stock,Technology,Computer Software: Prepackaged Software,2310308481.0,2020.0,228970117.0465808,United States
ASB,Associated Banc-Corp Common Stock,Finance,Major Banks,5642827811.0,,188849659.00267735,United States
ASBH,American Savings Bank N.A. Common Stock,,,141001700.0,2026.0,8057240.0,
ASBP,Aspire-Lakewood Holdings Inc. Common Stock,Health Care,Biotechnology: Pharmaceutical Preparations,12791320.0,2022.0,1402557.0175438598,United States
ASC,Ardmore Shipping Corporation Common Stock,Consumer Discretionary,Marine Transportation,775249666.0,2013.0,40802614.0,
ASH,Ashland Inc. Common Stock,Consumer Discretionary,Specialty Chemicals,3195003425.0,,45793370.00143328,United States
ASIC,Ategrity Specialty Insurance Company Holdings Common Stock,Finance,Property-Casualty Insurers,1350101562.0,2025.0,47926928.0085197,
ASIX,AdvanSix Inc. Common Stock,Industrials,Major Chemicals,453079901.0,2016.0,27001185.99523242,United States
ASLE,AerSale Corporation Common Stock,Consumer Discretionary,Industrial Specialties,261065394.0,2019.0,47726763.07129799,United States
ASM,Avino Silver & Gold Mines Ltd. Common Shares (Canada),Basic Materials,Metal Mining,1068389655.0,,169855271.06518283,Canada
ASMB,Assembly Biosciences Inc. Common Stock,Health Care,Biotechnology: Pharmaceutical Preparations,515937503.0,2010.0,20360596.01420679,United States
ASML,ASML Holding N.V. New York Registry Shares,Technology,Industrial Machinery/Components,628103606121.0,1995.0,385417665.0002761,Netherlands
ASND,Ascendis Pharma A/S Ordinary Share,Health Care,Biotechnology: Pharmaceutical Preparations,15698541807.0,2015.0,65673283.99849398,Denmark
ASO,Academy Sports and Outdoors Inc. Common Stock,Consumer Discretionary,Other Specialty Stores,3059239305.0,2020.0,61578891.002415456,United States
ASPI,ASP Isotopes Inc. Common Stock,Industrials,Major Chemicals,497488938.0,2022.0,153309379.96918336,United States
ASPN,Aspen Aerogels Inc. Common Stock,Consumer Discretionary,RETAIL: Building Materials,425732462.0,2014.0,82988784.01559454,United States
ASPS,Altisource Portfolio Solutions S.A. Common Stock,Consumer Discretionary,Other Consumer Services,64409962.0,,11420206.028368795,Luxembourg
ASR,Grupo Aeroportuario del Sureste S.A. de C.V. Common Stock,Consumer Discretionary,Aerospace,7372200000.0,,30000000.0,Mexico
ASRV,AmeriServ Financial Inc. Common Stock,Finance,Major Banks,79802555.0,,16979267.021276597,United States
ASST,Strive Inc. Class A Common Stock,Finance,Finance: Consumer Services,2637465480.0,2023.0,93262570.01414429,United States
ASTC,Astrotech Corporation (DE) Common Stock,Industrials,Biotechnology: Laboratory Analytical Instruments,13046019.0,,2107595.9612277867,United States
ASTE,Astec Industries Inc. Common Stock,Industrials,Construction/Ag Equipment/Trucks,943349286.0,1986.0,23025367.00024408,United States
ASTH,Astrana Health Inc. Common Stock,Consumer Discretionary,Professional Services,1701429754.0,,49604366.00583091,United States
ASTI,Ascent Solar Technologies Inc. Common Stock,Technology,Semiconductors,27584171.0,,9816430.960854093,United States
ASTL,Algoma Steel Group Inc. Common Shares,Industrials,Steel/Iron Ore,465817696.0,,105388619.00452489,Canada
ASTS,AST SpaceMobile Inc. Class A Common Stock,Consumer Discretionary,Telecommunications Equipment,24404693549.0,2019.0,389167494.0041461,United States
ASUR,Asure Software Inc Common Stock,Technology,EDP Services,244607908.0,,28879327.9811098,United States
ASYS,Amtech Systems Inc. Common Stock,Technology,Industrial Machinery/Components,242662280.0,,17508101.01010101,United States
ATCH,AtlasClear Holdings Inc. Common Stock,Finance,Finance: Consumer Services,25918232.0,2024.0,150337772.62180975,
ATCX,Atlas Critical Minerals Corporation Common Stock,Basic Materials,Precious Metals,16139592.0,,5083336.062992127,Brazil
ATEC,Alphatec Holdings Inc. Common Stock,Health Care,Medical/Dental Instruments,1587757061.0,2006.0,154451075.97276264,United States
ATEN,A10 Networks Inc. Common Stock,Telecommunications,Computer Communications Equipment,1956813116.0,2014.0,72609021.00185528,United States
ATER,Aterian Inc. Common Stock,Consumer Discretionary,Home Furnishings,12388184.0,2019.0,17966909.354604784,United States
ATEX,Anterix Inc. Common Stock,Telecommunications,Telecommunications Equipment,1518189632.0,2015.0,19609785.99845001,United States
ATGL,Alpha Technology Group Limited Class A Ordinary Shares,Technology,EDP Services,82971000.0,2023.0,16462500.0,China
ATHR,Aether Holdings Inc. Common Stock,Technology,Computer Software: Prepackaged Software,41487020.0,2025.0,12238058.997050148,United States
ATI,ATI Inc. Common Stock,Industrials,Steel/Iron Ore,25006329134.0,,136170382.99934655,United States
ATKR,Atkore Inc. Common Stock,Miscellaneous,Industrial Machinery/Components,3190492799.0,2016.0,33772550.005292684,United States
ATLC,Atlanticus Holdings Corporation Common Stock,Finance,Finance: Consumer Services,1444035917.0,1995.0,15170037.997688834,United States
ATLO,Ames National Corporation Common Stock,Finance,Major Banks,286176778.0,,8857219.993809965,United States
ATLX,Atlas Lithium Corporation Common Stock,Industrials,Mining & Quarrying of Nonmetallic Minerals (No Fuels),86085442.0,,30099804.895104896,United States
ATMU,Atmus Filtration Technologies Inc. Common Stock,Consumer Discretionary,Auto Parts:O.E.M.,3607338249.0,2023.0,81595527.00746438,United States
ATNI,ATN International Inc. Common Stock,Telecommunications,Telecommunications Equipment,449315924.0,,15403357.010627355,United States
ATNM,Actinium Pharmaceuticals Inc. (Delaware) Common Stock,Health Care,Biotechnology: Pharmaceutical Preparations,37415309.0,,31441436.134453785,United States
ATO,Atmos Energy Corporation Common Stock,Utilities,Oil/Gas Transmission,27381215243.0,,168988553.0025304,United States
ATOM,Atomera Incorporated Common Stock,Technology,Semiconductors,155315687.0,2016.0,39024041.95979899,United States
ATOS,Atossa Therapeutics Inc. Common Stock,Health Care,Biotechnology: Pharmaceutical Preparations,23950315.0,2012.0,9979297.916666668,United States
ATPC,Agape ATP Corporation Common Stock,Health Care,Medical/Nursing Services,2341465.0,,1000626.0683760684,Malaysia
ATR,AptarGroup Inc. Common Stock,Industrials,Plastic Products,7979431690.0,,63581129.003984064,United States
ATRA,Atara Biotherapeutics Inc. Common Stock,Health Care,Biotechnology: Biological Products (No Diagnostic Substances),97466164.0,2014.0,10037709.989701338,United States
ATRC,AtriCure Inc. Common Stock,Health Care,Medical/Dental Instruments,3007215301.0,2005.0,50866293.99526388,United States
ATRO,Astronics Corporation Common Stock,Industrials,Military/Government/Technical,2793008616.0,,43009063.99753619,United States
ATS,ATS Corporation Common Shares,Industrials,Industrial Machinery/Components,1859633411.0,2023.0,97007481.01199792,Canada
ATTO,Attovia Therapeutics Inc. Common Stock,Health Care,Biotechnology: Biological Products (No Diagnostic Substances),1037653185.0,2026.0,45651261.98856137,United States
ATTT,Atlas Trinity Tech Limited Ordinary Shares,Consumer Discretionary,Consumer Electronics/Appliances,16155543.0,2024.0,5874742.909090909,Hong Kong
ATXG,Addentax Group Corp. Common Stock,Consumer Discretionary,Professional Services,4334944.0,,1177973.9130434785,China
ATYR,aTyr Pharma Inc. Common Stock,Health Care,Biotechnology: Biological Products (No Diagnostic Substances),36929916.0,2015.0,98087426.29482073,United States
AU,AngloGold Ashanti PLC Ordinary Shares,Basic Materials,Precious Metals,51770541044.0,,505769255.99843687,South Africa
AUB,Atlantic Union Bankshares Corporation Common Stock,Finance,Major Banks,5565496497.0,,142814895.9969207,United States
AUBN,Auburn National Bancorporation Inc. Common Stock,Finance,Major Banks,92333738.0,,3484292.0,United States
AUC,ATIF Holdings Limited Ordinary Shares,Consumer Discretionary,Professional Services,148038849.0,2019.0,22128378.026905827,United States
AUDC,AudioCodes Ltd. Common Stock,Utilities,Telecommunications Equipment,246646215.0,1999.0,24590848.95314058,Israel
AUGO,Aura Minerals Inc. Common Shares,Basic Materials,Metal Mining,7432941972.0,,83789222.99628001,United States
AUID,authID Inc. Common Stock,Technology,Computer Software: Prepackaged Software,8149493.0,,16720338.530980714,United States
AUNA,Auna SA Class A Ordinary Shares,Health Care,Medical/Nursing Services,380426640.0,2024.0,74012964.98054475,Peru
AUPH,Aurinia Pharmaceuticals Inc Ordinary Shares,Health Care,Biotechnology: Pharmaceutical Preparations,2256547809.0,,133051167.98349056,Canada
AUR,Aurora Innovation Inc. Class A Common Stock,Technology,EDP Services,13006967689.0,2021.0,2004155267.9506931,United States
AURA,Aura Biosciences Inc. Common Stock,Health Care,Biotechnology: Biological Products (No Diagnostic Substances),683414691.0,2021.0,103704808.95295905,United States
AURE,Aurelion Inc. Class A Ordinary Shares,Finance,Finance: Consumer Services,58280000.0,2023.0,37600000.0,Hong Kong
AUST,Austin Gold Corp. Common Shares,Basic Materials,Precious Metals,15336161.0,2022.0,13693000.892857142,
AUUD,Auddia Inc. Common Stock,Technology,EDP Services,6035172.0,2021.0,5803050.0,United States
AUXX,Gold X2 Mining Inc. Common Shares,,,607108848.0,2026.0,101184808.0,
AVA,Avista Corporation Common Stock,Utilities,Power Generation,3078754031.0,,83752830.0054407,United States
AVAH,Aveanna Healthcare Holdings Inc. Common Stock,Health Care,Medical/Nursing Services,3048529153.0,2021.0,218219695.99141017,United States
AVAT,Avalanche Treasury Corporation Class A Common Stock,Finance,Finance: Consumer Services,38517711.0,,43720443.8138479,United States
AVAV,AeroVironment Inc. Common Stock,Industrials,Aerospace,8303086293.0,2007.0,50820702.00146897,United States
AVBC,Avidia Bancorp Inc. Common Stock,Finance,Banks,443141090.0,2025.0,19970305.99369085,United States
AVBH,Avidbank Holdings Inc. Common stock,Finance,Commercial Banks,344551768.0,,10983480.012751035,United States
AVBP,ArriVent BioPharma Inc. Common Stock,Health Care,Biotechnology: Pharmaceutical Preparations,1398367194.0,2024.0,49307728.9844852,United States
AVD,American Vanguard Corporation Common Stock ($0.10 Par Value),Industrials,Agricultural Chemicals,64311378.0,1998.0,29500632.110091746,United States
AVEX,AEVEX Corp. Class A Common Stock,Industrials,Aerospace,1902215556.0,2026.0,114041700.0,
AVGO,Broadcom Inc. Common Stock,Technology,Semiconductors,1657881652115.0,2009.0,4773629865.001439,United States
AVIR,Atea Pharmaceuticals Inc. Common Stock,Health Care,Biotechnology: Pharmaceutical Preparations,421876717.0,2020.0,80204699.04942966,United States
AVLN,Avalyn Pharma Inc. Common Stock,Health Care,Biotechnology: Pharmaceutical Preparations,1482055366.0,2026.0,44333095.004486986,United States
AVNT,Avient Corporation Common Stock,Industrials,Major Chemicals,3721979339.0,,91719550.0,United States
AVNW,Aviat Networks Inc. Common Stock,Technology,Radio And Television Broadcasting And Communications Equipment,263455673.0,,12801539.01846453,United States
AVO,Mission Produce Inc. Common Stock,Consumer Staples,Farming/Seeds/Milling,1092472914.0,2020.0,87678404.01284109,United States
AVPT,AvePoint Inc. Class A Common Stock,Technology,Computer Software: Prepackaged Software,2860364560.0,2019.0,211565426.03550297,United States
AVR,Anteris Technologies Global Corp. Common Stock,Health Care,Industrial Specialties,820600351.0,2024.0,97458473.9904988,United States
AVT,Avnet Inc. Common Stock,Technology,Electronic Components,7642635804.0,,82072978.99484536,United States
AVTR,Avantor Inc. Common Stock,Industrials,Biotechnology: Laboratory Analytical Instruments,10727051202.0,2019.0,676358839.9747794,United States
AVTX,Avalo Therapeutics Inc. Common Stock,Health Care,Biotechnology: Pharmaceutical Preparations,895084516.0,2015.0,53629988.97543439,United States
AVX,Avax One Technology Ltd. Common Shares,Finance,Finance: Consumer Services,27407304.0,2021.0,7397382.995951417,Canada
AVXL,Anavex Life Sciences Corp. Common Stock,Health Care,Biotechnology: Biological Products (No Diagnostic Substances),223399389.0,,92696841.90871368,United States
AVY,Avery Dennison Corporation Common Stock,Consumer Discretionary,Containers/Packaging,12966593215.0,,75788142.00128587,United States
AWI,Armstrong World Industries Inc Common Stock,Industrials,Plastic Products,6757403249.0,,42262825.9991244,United States
AWK,American Water Works Company Inc. Common Stock,Utilities,Water Supply,27472295439.0,2008.0,198728988.9973958,United States
AWR,American States Water Company Common Stock,Utilities,Water Supply,3438786912.0,,39635626.00276625,United States
AWRE,Aware Inc. Common Stock,Technology,Computer Software: Prepackaged Software,26175164.0,1996.0,21812636.666666668,United States
AWX,Avalon Holdings Corporation Common Stock,Utilities,Environmental Services,10138521.0,1998.0,3899431.1538461535,United States
AX,Axos Financial Inc. Common Stock,Finance,Savings Institutions,5186699256.0,2018.0,56734842.00393787,United States
AXG,Solowin Holdings Class A Ordinary Share,Finance,Investment Bankers/Brokers/Service,382345577.0,2023.0,193103826.7676768,Hong Kong
AXGN,Axogen Inc. Common Stock,Health Care,Biotechnology: Electromedical & Electrotherapeutic Apparatus,2656939466.0,,58671512.99547312,United States
AXIL,AXIL Brands Inc. Common Stock,Consumer Discretionary,Package Goods/Cosmetics,41618354.0,2024.0,6822680.983606557,
AXON,Axon Enterprise Inc. Common Stock,Industrials,Ordnance And Accessories,36841167703.0,2001.0,81237415.00110254,United States
AXP,American Express Company Common Stock,Finance,Finance: Consumer Services,210136160735.0,,675309833.0012532,United States
AXR,AMREP Corporation Common Stock,Real Estate,Homebuilding,124068982.0,,5324849.012875536,United States
AXS,Axis Capital Holdings Limited Common Stock,Finance,Property-Casualty Insurers,7295172374.0,2003.0,72966317.00340068,Bermuda
AXSM,Axsome Therapeutics Inc. Common Stock,Health Care,Biotechnology: Pharmaceutical Preparations,11224161681.0,2015.0,52380817.999813326,United States
AXTA,Axalta Coating Systems Ltd. Common Shares,Consumer Discretionary,Paints/Coatings,6983472502.0,2014.0,214019996.99662885,United States
AXTI,AXT Inc Common Stock,Technology,Semiconductors,4442585113.0,1998.0,65573212.0,United States
AYA,Aya Gold & Silver Inc. Common Shares,Basic Materials,Precious Metals,4151122362.0,,144036168.00832754,Canada
AYI,Acuity Inc. Common Stock,Consumer Discretionary,Building Products,8966893748.0,,29935546.998731382,United States
AYTU,Aytu BioPharma Inc.  Common Stock,Health Care,Biotechnology: Pharmaceutical Preparations,21466416.0,,10733208.0,United States
AZ,A2Z Cust2Mate Solutions Corp. Common Shares,Industrials,Industrial Machinery/Components,248749539.0,,44026467.07964601,Canada
AZI,Autozi Internet Technology (Global) Ltd. Class A Ordinary Shares,Consumer Discretionary,Automotive Aftermarket,78293076.0,2024.0,66350064.40677966,China
AZIO,Azio AI Holdings Inc. Common Stock,Consumer Discretionary,Auto Parts:O.E.M.,21161185.0,,16467848.24902724,United States
AZN,AstraZeneca PLC Ordinary Shares,Health Care,Biotechnology: Pharmaceutical Preparations,257637595876.0,2026.0,1550725869.0020466,United Kingdom
AZO,AutoZone Inc. Common Stock,Consumer Discretionary,Auto & Home Supply Stores,46434370480.0,,16325354.999982422,United States
AZTA,Azenta Inc.,Technology,Industrial Machinery/Components,1473276257.0,,43808393.01219149,United States
AZTR,Azitra Inc Common Stock,Health Care,Biotechnology: Pharmaceutical Preparations,10787466.0,2023.0,60603741.57303371,
AZZ,AZZ Inc.,Industrials,Industrial Specialties,4016683624.0,,30051501.00254377,United States
B,Barrick Mining Corporation Common Shares,Basic Materials,Precious Metals,71908690266.0,,1645884418.9974823,Canada
BA,Boeing Company (The) Common Stock,Industrials,Aerospace,155702893940.0,,790370020.0,United States
BAC,Bank of America Corporation Common Stock,Finance,Major Banks,406838099876.0,,6992748365.0051565,United States
BAER,Bridger Aerospace Group Holdings Inc. Common Stock,Industrials,Aerospace,54337706.0,,58826140.52181444,United States
BAFN,BayFirst Financial Corp. Common Stock,Finance,Major Banks,243743848.0,,26962815.04424779,United States
BAH,Booz Allen Hamilton Holding Corporation Common Stock,Consumer Discretionary,Professional Services,9489281520.0,2010.0,120284973.00038028,United States
BAK,Braskem SA ADR,Industrials,Major Chemicals,713501011.0,,398603916.7597765,Brazil
BALL,Ball Corporation Common Stock,Industrials,Containers/Packaging,16080728938.0,,264703357.0041152,United States
BALY,Bally's Corporation Common Stock,Consumer Discretionary,Hotels/Resorts,523873638.0,2024.0,50469521.96531791,United States
BAM,Brookfield Asset Management Inc Class A Limited Voting Shares,Real Estate,Building operators,72546505358.0,2022.0,1597237018.0096872,
BANC,Banc of California Inc. Common Stock,Finance,Major Banks,2922084787.0,,157950529.02702704,United States
BAND,Bandwidth Inc. Class A Common Stock,Technology,Computer Software: Prepackaged Software,1625451602.0,2017.0,32180788.002375767,United States
BANF,BancFirst Corporation Common Stock,Finance,Major Banks,3661255243.0,1993.0,33598745.00321189,United States
BANL,CBL International Limited Class B Ordinary Shares,Energy,Oil Refining/Marketing,11985050.0,2023.0,2098957.9684763574,Malaysia
BANR,Banner Corporation Common Stock,Finance,Major Banks,2593341828.0,,36639471.99773947,United States
BANX,ArrowMark Financial Corp. Common Stock,Finance,Trusts Except Educational Religious and Charitable,148231805.0,,7102626.018207953,United States
BAOS,Baosheng Media Group Holdings Limited Ordinary shares,Consumer Discretionary,Business Services,9533756.0,2021.0,33369814.490724534,China
BAP,Credicorp Ltd. Common Stock,Finance,Commercial Banks,36239034435.0,,94382316.99916658,Peru
BARK,BARK Inc. Class A Common Stock,Consumer Discretionary,Other Specialty Stores,80759106.0,2020.0,9033457.046979869,United States
BATL,Battalion Oil Corporation Common Stock,Energy,Oil & Gas Production,70457051.0,,57282155.28455285,United States
BATRA,Atlanta Braves Holdings Inc. Series A Common Stock,Consumer Discretionary,Services-Misc. Amusement & Recreation,3585060405.0,,64167896.99301952,United States
BATRK,Atlanta Braves Holdings Inc. Series C Common Stock,Consumer Discretionary,Services-Misc. Amusement & Recreation,3248178946.0,,64167896.9972343,United States
BAX,Baxter International Inc. Common Stock,Health Care,Medical/Dental Instruments,11901247897.0,,516995999.0008688,United States
BB,BlackBerry Limited Common Stock,Technology,Computer Software: Prepackaged Software,4653327572.0,,586061407.0528967,Canada
BBAI,BigBear.ai Inc. Common Stock,Technology,Computer Software: Prepackaged Software,1361764360.0,2021.0,479494492.9577465,United States
BBAR,Banco BBVA Argentina S.A. ADS,Finance,Commercial Banks,2987982819.0,,204236693.02802455,Argentina
BBCP,Concrete Pumping Holdings Inc. Common Stock,Consumer Discretionary,Engineering & Construction,493855516.0,2017.0,50393420.0,United States
BBDC,Barings BDC Inc. Common Stock,Finance,Diversified Financial Services,936079543.0,,104706884.00447428,United States
BBGI,Beasley Broadcast Group Inc. Class A Common Stock,Consumer Discretionary,Broadcasting,31663515.0,2000.0,1852751.0239906376,United States
BBIO,BridgeBio Pharma Inc. Common Stock,Health Care,Biotechnology: Pharmaceutical Preparations,13158261875.0,2019.0,195487474.0008914,United States
BBLG,Bone Biologics Corp Common Stock,Health Care,Industrial Specialties,1377753.0,,2756057.2114422885,United States
BBNX,Beta Bionics Inc. Common Stock,Health Care,Medical/Dental Instruments,964129014.0,2025.0,44989688.00746617,United States
BBOT,BridgeBio Oncology Therapeutics Inc. Common Stock,Health Care,Biotechnology: Pharmaceutical Preparations,392052166.0,2024.0,80174267.07566462,United States
BBSI,Barrett Business Services Inc. Common Stock,Consumer Discretionary,Professional Services,806546790.0,1993.0,24235179.987980768,United States
BBT,Beacon Financial Corporation Common stock,Finance,Banks,2596622344.0,,83816085.99096191,United States
BBUC,Brookfield Business Corporation Class A Subordinate Voting Shares,Consumer Discretionary,Engineering & Construction,5313924000.0,,207900000.0,
BBVA,Banco Bilbao Vizcaya Argentaria S.A. Common Stock,Finance,Commercial Banks,164589567621.0,,5708968700.0,Spain
BBW,Build-A-Bear Workshop Inc. Common Stock,Consumer Discretionary,Recreational Games/Products/Toys,313773462.0,2004.0,12319334.982332155,United States
BBWI,Bath & Body Works Inc.,Consumer Discretionary,Other Specialty Stores,3466282930.0,,201645312.9726585,United States
BBY,Best Buy Co. Inc. Common Stock,Consumer Discretionary,Consumer Electronics/Video Chains,19831851123.0,,209727698.00126904,United States
BC,Brunswick Corporation Common Stock,Industrials,Industrial Machinery/Components,4395209541.0,,64797427.99646174,United States
BCAL,California BanCorp Common Stock,Finance,Major Banks,704096848.0,,32150541.00456621,United States
BCAT,BlackRock Capital Allocation Term Trust Common Shares of Beneficial Interest,Finance,Finance/Investors Services,1549574550.0,2020.0,108135000.0,United States
BCAX,Bicara Therapeutics Inc. Common Stock,Health Care,Biotechnology: Pharmaceutical Preparations,1494846579.0,2024.0,66172933.99734396,United States
BCBP,BCB Bancorp Inc. (NJ) Common Stock,Finance,Savings Institutions,157304833.0,2005.0,18101821.979286537,United States
BCC,Boise Cascade L.L.C. Common Stock,Consumer Discretionary,RETAIL: Building Materials,2635343741.0,2013.0,34891350.99960281,United States
BCDA,BioCardia Inc. Common Stock,Health Care,Biotechnology: Biological Products (No Diagnostic Substances),16804048.0,,15138781.981981982,United States
BCE,BCE Inc. Common Stock,Telecommunications,Telecommunications Equipment,20776675203.0,,932525817.010772,Canada
BCG,Binah Capital Group Inc. Common Stock,Finance,Finance: Consumer Services,21575948.0,,17060131.25642445,United States
BCH,Banco De Chile ADS,Finance,Commercial Banks,20905484954.0,,505085405.9917855,Chile
BCHT,Birchtech Corp. Common Stock,Industrials,Industrial Machinery/Components,43404844.0,2026.0,26305966.060606062,
BCIC,BCP Investment Corporation Common Stock,Finance,Finance: Consumer Services,87552420.0,2006.0,12383652.050919376,United States
BCML,BayCom Corp Common Stock,Finance,Major Banks,330988746.0,2018.0,10920116.991092049,United States
BCO,Brinks Company (The) Common Stock,Industrials,Integrated Freight & Logistics,4389167399.0,,41189633.99962463,United States
BCPC,Balchem Corporation Common Stock,Industrials,Major Chemicals,5284100761.0,,31878021.000241317,United States
BCRX,BioCryst Pharmaceuticals Inc. Common Stock,Health Care,Biotechnology: Biological Products (No Diagnostic Substances),2223155414.0,1994.0,255535105.05747128,United States
BCS,Barclays PLC Common Stock,Finance,Commercial Banks,86157282930.0,,3360268445.0078,United Kingdom
BCSF,Bain Capital Specialty Finance Inc. Common Stock,Finance,Finance/Investors Services,733014129.0,2018.0,64868506.99115044,United States
BCSS,Bain Capital GSS Investment Corp. Class A Ordinary Shares,,,0.0,2025.0,0.0,
BCTX,BriaCell Therapeutics Corp. Common Shares,Health Care,Biotechnology: Pharmaceutical Preparations,36713101.0,,8699786.966824645,Canada
BCX,BlackRock Resources Common Shares of Beneficial Interest,Finance,Finance/Investors Services,1059876545.0,2011.0,84858010.00800641,United States
BDC,Belden Inc Common Stock,Industrials,Telecommunications Equipment,4374412701.0,,39078191.00410935,United States
BDCI,BTC Development Corp. Class A Ordinary Shares,Finance,Blank Checks,0.0,2025.0,0.0,United States
BDJ,Blackrock Enhanced Equity Dividend Trust,Finance,Finance Companies,1696905926.0,2005.0,176945352.03336808,United States
BDL,Flanigan's Enterprises Inc. Common Stock,Consumer Discretionary,Restaurants,82115024.0,1972.0,1858646.989588049,United States
BDMD,Baird Medical Investment Holdings Ltd Ordinary Share,Health Care,Medical/Dental Instruments,43897114.0,,42208763.46153846,China
BDN,Brandywine Realty Trust Common Stock,Real Estate,Real Estate Investment Trusts,511510308.0,,174576896.92832765,United States
BDSX,Biodesix Inc. Common Stock,Health Care,Medical Specialities,303977710.0,2020.0,10551118.014578272,United States
BDTX,Black Diamond Therapeutics Inc. Common Stock,Health Care,Biotechnology: Biological Products (No Diagnostic Substances),110885732.0,2020.0,57453747.15025907,United States
BDX,Becton Dickinson and Company Common Stock,Health Care,Medical/Dental Instruments,49405517784.0,,272386800.0,United States
BE,Bloom Energy Corporation Class A Common Stock,Energy,Industrial Machinery/Components,82691497663.0,2018.0,294527346.00014246,United States
BEAM,Beam Therapeutics Inc. Common Stock,Health Care,Biotechnology: Biological Products (No Diagnostic Substances),2548106696.0,2020.0,103287665.01824076,United States
BEAT,Heartbeam Inc. Common Stock,Health Care,Medical/Dental Instruments,23649747.0,2021.0,56349170.836311646,United States
BEBE,TGE Value Creative Solutions Corp Class A Ordinary Shares,Consumer Discretionary,Diversified Commercial Services,129214800.0,2026.0,12870000.000000002,
BEEM,Beam Global Common Stock,Miscellaneous,Industrial Machinery/Components,30554975.0,,22633314.814814813,United States
BEEP,Mobile Infrastructure Corporation Common Stock,Finance,Real Estate,118944000.0,,41300000.0,United States
BELFA,Bel Fuse Inc. Class A Common Stock,,,2813093649.0,,14439450.0,United States
BELFB,Bel Fuse Inc. Class B Common Stock,,,3440487752.0,,14439450.00209846,United States
BEN,Franklin Templeton Inc. Common Stock,Finance,Investment Managers,16802103414.0,,508076910.0090717,United States
BENF,Beneficient Class A Common Stock,Finance,Finance: Consumer Services,9721649.0,,15455721.780604132,United States
BEPC,Brookfield Renewable Corporation Brookfield Renewable Corporation Class A Subordinate Voting Shares,Utilities,Electric Utilities: Central,11253822947.0,,376886233.9919625,United States
BESS,Bimergen Energy Corporation Common Stock,Utilities,Electric Utilities: Central,20157107.0,2026.0,7097572.887323944,
BETA,Beta Technologies Inc. Class A Common Stock,Industrials,Aerospace,5076521002.0,2025.0,233941060.0,United States
BETR,Better Home & Finance Holding Company Class A Common Stock,Finance,Finance: Consumer Services,234062493.0,2021.0,18998578.977272727,United Kingdom
BF/A,Brown Forman Corporation,,,,,,
BF/B,Brown Forman Corporation,,,,,,
BFAM,Bright Horizons Family Solutions Inc. Common Stock,Consumer Discretionary,Other Consumer Services,3262942680.0,2013.0,48635306.00685646,United States
BFC,Bank First Corporation Common Stock,Finance,Major Banks,1686120825.0,,11085607.001972388,United States
BFH,Bread Financial Holdings Inc. Common Stock,Consumer Discretionary,Business Services,4157348990.0,,38419267.99741244,United States
BFLY,Butterfly Network Inc. Class A Common Stock,Health Care,Medical Electronics,2119630057.0,2020.0,266285183.040201,United States
BFRG,Bullfrog AI Holdings Inc. Common Stock,Health Care,Biotechnology: Pharmaceutical Preparations,8677493.0,2023.0,18541651.709401708,United States
BFRI,Biofrontera Inc. Common Stock,Health Care,Biotechnology: Pharmaceutical Preparations,18416925.0,2021.0,14852358.870967742,United States
BFS,Saul Centers Inc. Common Stock,Real Estate,Real Estate Investment Trusts,749175331.0,1993.0,24717100.989772357,United States
BFST,Business First Bancshares Inc. Common Stock,Finance,Major Banks,1003512893.0,,32549883.00356796,United States
BG,Bunge Limited Common Shares,Consumer Staples,Packaged Foods,22921732565.0,,192119122.9989104,United States
BGC,BGC Group Inc. Class A Common Stock,Finance,Investment Bankers/Brokers/Service,5700843599.0,,475466522.01834863,United States
BGDE,Big Digital Energy Inc. Common Stock,Finance,Finance: Consumer Services,33646174.0,,5664339.057239057,Australia
BGIN,Bgin Blockchain Limited Class A Ordinary Shares,Finance,Finance: Consumer Services,208170131.0,2025.0,113135940.76086956,China
BGL,Blue Gold Limited Class A Ordinary Shares,Basic Materials,Metal Mining,9486615.0,,40837774.42961688,United Kingdom
BGLC,BioNexus Gene Lab Corp Common stock,Health Care,Medical Specialities,4326827.0,,2933442.0338983047,Malaysia
BGM,BGM Group Ltd. Class A Ordinary Shares,Health Care,Biotechnology: Pharmaceutical Preparations,103761450.0,2021.0,400623359.0733591,China
BGMS,Bio Green Med Solution Inc. Common Stock,Health Care,Biotechnology: Pharmaceutical Preparations,5816138.0,,6622794.352083808,United States
BGR,BlackRock Energy and Resources Trust,Finance,Trusts Except Educational Religious and Charitable,2384961152.0,2004.0,135586193.9738488,United States
BGS,B&G Foods Inc. Common Stock,Consumer Staples,Packaged Foods,247078040.0,,81275671.05263157,United States
BGSF,BGSF Inc. Common Stock,Consumer Discretionary,Professional Services,55184482.0,,10673981.044487428,United States
BGSI,Boyd Group Services Inc. Common Shares,,,2254751235.0,,27836435.0,Canada
BGT,BlackRock Floating Rate Income Trust,Finance,Trusts Except Educational Religious and Charitable,0.0,2004.0,0.0,United States
BGY,Blackrock Enhanced International Dividend Trust,Finance,Trusts Except Educational Religious and Charitable,0.0,2007.0,0.0,United States
BH,Biglari Holdings Inc. Class B Common Stock,Consumer Discretionary,Restaurants,821109292.0,2018.0,2326550.001416712,United States
BHB,Bar Harbor Bankshares Inc. Common Stock,Finance,Major Banks,676343667.0,1997.0,16766079.99504214,United States
BHC,Bausch Health Companies Inc. Common Stock,Health Care,Biotechnology: Pharmaceutical Preparations,2113046670.0,,373990561.06194687,Canada
BHE,Benchmark Electronics Inc. Common Stock,Technology,Electrical Products,2677831005.0,,35919932.997987926,United States
BHF,Brighthouse Financial Inc. Common Stock,Finance,Life Insurance,2841071212.0,,57511562.99595142,United States
BHM,Bluerock Homes Trust Inc. Class A Common Stock,Real Estate,Real Estate Investment Trusts,34486895.0,2022.0,4108027.992852889,
BHR,Braemar Hotels & Resorts Inc. Common Stock,Real Estate,Real Estate Investment Trusts,121562393.0,2013.0,68679318.07909605,United States
BHRB,Burke & Herbert Financial Services Corp. Common Stock,Finance,Major Banks,1421974605.0,,20187033.006814312,United States
BHST,BioHarvest Sciences Inc. Common Stock,,,36268547.0,,22667841.875,Canada
BHVN,Biohaven Ltd. Common Shares,Health Care,Biotechnology: Pharmaceutical Preparations,2097998118.0,2022.0,151043780.9935205,United States
BIAF,bioAffinity Technologies Inc. Common Stock,Health Care,Biotechnology: Commercial Physical & Biological Resarch,10207969.0,2022.0,1166625.0285714285,United States
BIDU,Baidu Inc. ADS,Technology,Computer Software: Programming Data Processing,30632946890.0,2005.0,340252659.0025547,China
BIIB,Biogen Inc. Common Stock,Health Care,Biotechnology: Biological Products (No Diagnostic Substances),32365513262.0,,147753998.0004565,United States
BILL,BILL Holdings Inc. Common Stock,Technology,Computer Software: Prepackaged Software,4056616520.0,2019.0,85276782.00546563,United States
BIO,Bio-Rad Laboratories Inc. Class A Common Stock,Industrials,Biotechnology: Laboratory Analytical Instruments,10224945502.0,1980.0,26738175.000653747,United States
BIO/B,Bio-Rad Laboratories Inc.,,,,,,
BIOA,BioAge Labs Inc. Common Stock,Health Care,Biotechnology: Pharmaceutical Preparations,371305994.0,2024.0,45896909.02348579,United States
BIOT,Instinct Bio Technical Company Holdings Inc. Ordinary Shares,Consumer Discretionary,Package Goods/Cosmetics,12924856.0,,28753850.945494995,Japan
BIOX,Bioceres Crop Solutions Corp. Ordinary Shares,Industrials,Agricultural Chemicals,23267992.0,,63228239.13043478,Argentina
BIPC,Brookfield Infrastructure Corporation Brookfield Infrastructure Corporation,Consumer Discretionary,Marine Transportation,4447013832.0,,123015597.01244812,Canada
BIRD,Smartbird Inc. Class A Common Stock,Consumer Discretionary,Apparel,28814431.0,2021.0,11809193.032786883,United States
BIRK,Birkenstock Holding plc Ordinary Shares,Consumer Discretionary,Shoe Manufacturing,5146983779.0,2023.0,165126204.01026627,
BIT,BlackRock Multi-Sector Income Trust Common Shares of Beneficial Interest,Finance,Trusts Except Educational Religious and Charitable,0.0,2013.0,0.0,United States
BIVI,BioVie Inc. Class A Common Stock,Health Care,Biotechnology: Pharmaceutical Preparations,15043043.0,,8451147.752808988,United States
BIYA,Baiya International Group Inc Class A Ordinary Shares,Consumer Discretionary,Diversified Commercial Services,13463387.0,2025.0,6380752.132701422,China
BJ,BJ's Wholesale Club Holdings Inc. Common Stock,Consumer Discretionary,Department/Specialty Retail Stores,11790213351.0,2018.0,126314691.9970002,United States
BJDX,Bluejay Diagnostics Inc. Common Stock,Health Care,Medical/Dental Instruments,3775503.0,2021.0,4468050.887573965,United States
BJRI,BJ's Restaurants Inc. Common Stock,Consumer Discretionary,Restaurants,1274936736.0,,21273764.99249124,United States
BKD,Brookdale Senior Living Inc. Common Stock,Health Care,Hospital/Nursing Management,2765503778.0,2005.0,238817251.98618308,United States
BKE,Buckle Inc. (The) Common Stock,Consumer Discretionary,Clothing/Shoe/Accessory Stores,2076981339.0,,51512434.00297619,United States
BKH,Black Hills Corporation Common Stock,Utilities,Electric Utilities: Central,5438374016.0,,76253140.99831745,United States
BKKT,Bakkt Inc. Class A Common Stock,Finance,Finance: Consumer Services,336218157.0,,45069458.04289544,United States
BKNG,Booking Holdings Inc. Common Stock,Consumer Discretionary,Transportation Services,128125402860.0,,751380500.0,United States
BKR,Baker Hughes Company Class A Common Stock,Consumer Discretionary,Oil and Gas Field Machinery,56150608826.0,,992674070.997967,United States
BKSY,BlackSky Technology Inc. Class A Common Stock,Technology,Radio And Television Broadcasting And Communications Equipment,931449495.0,2019.0,40924846.001757465,United States
BKT,BlackRock Income Trust Inc. (The),Finance,Investment Bankers/Brokers/Service,1456384591.0,,148762470.99080697,United States
BKTI,BK Technologies Corporation Common Stock,Technology,Radio And Television Broadcasting And Communications Equipment,272677600.0,,3769388.996405861,United States
BKU,BankUnited Inc. Common Stock,Finance,Savings Institutions,3187643143.0,2011.0,71232249.0055866,United States
BKV,BKV Corporation Common Stock,Energy,Oil & Gas Production,2494088146.0,2024.0,109437830.01316369,United States
BKYI,BIO-key International Inc. Common Stock,Technology,Computer Software: Prepackaged Software,3684222.0,,1436343.859649123,United States
BL,BlackLine Inc. Common Stock,Technology,Computer Software: Prepackaged Software,1656570195.0,2016.0,58125270.0,United States
BLBD,Blue Bird Corporation Common Stock,Consumer Discretionary,Construction/Ag Equipment/Trucks,1925586411.0,2014.0,31676039.003125515,United States
BLCO,Bausch + Lomb Corporation Common Shares,Health Care,Ophthalmic Goods,5989661175.0,2022.0,357165245.97495526,
BLDP,Ballard Power Systems Inc. Common Shares,Energy,Industrial Machinery/Components,765377739.0,,351090705.96330273,Canada
BLDR,Builders FirstSource Inc. Common Stock,Consumer Discretionary,RETAIL: Building Materials,6206163640.0,2005.0,107596457.00416088,United States
BLFS,BioLife Solutions Inc. Common Stock,Health Care,Biotechnology: Electromedical & Electrotherapeutic Apparatus,1802212042.0,,48906703.98914518,United States
BLIN,Bridgeline Digital Inc. Common Stock,Technology,Computer Software: Prepackaged Software,10968195.0,2007.0,12599879.379666856,United States
BLIV,BeLive Holdings Ordinary Share,Technology,EDP Services,24011212.0,2025.0,10864801.809954751,Singapore
BLK,BlackRock Inc. Common Stock,Finance,Investment Bankers/Brokers/Service,163226004216.0,1999.0,154869259.00034156,United States
BLKB,Blackbaud Inc. Common Stock,Technology,Computer Software: Prepackaged Software,1967206804.0,2004.0,45390097.00046147,United States
BLLN,BillionToOne Inc. Class A Common Stock,Health Care,Medical Specialities,5222189495.0,2025.0,47187037.9958435,United States
BLMN,Bloomin' Brands Inc. Common Stock,Consumer Discretionary,Restaurants,689248382.0,2012.0,85620917.01863353,United States
BLND,Blend Labs Inc. Class A Common Stock,Technology,Computer Software: Programming Data Processing,307467315.0,2021.0,236513319.2307692,United States
BLNE,Beeline Holdings Inc. Common Stock,Finance,Finance: Consumer Services,31690050.0,,32928148.379052367,United States
BLNK,Blink Charging Co. Common Stock,Miscellaneous,Industrial Machinery/Components,79237996.0,,144938715.93195537,United States
BLSH,Bullish Ordinary Shares,Finance,Finance: Consumer Services,5573075060.0,2025.0,159641221.9994271,Cayman Islands
BLSM,BlossomHill Therapeutics Inc. Common Stock,Health Care,Biotechnology: Pharmaceutical Preparations,811386399.0,2026.0,30253035.011185683,United States
BLW,Blackrock Limited Duration Income Trust,Consumer Discretionary,Other Consumer Services,433891724.0,2003.0,35711253.004115224,United States
BLX,Bladex Inc. Class E Common Stock,Finance,Commercial Banks,2047261140.0,1992.0,37598919.00826446,Panama
BLZE,Backblaze Inc. Class A Common Stock,Technology,Computer Software: Prepackaged Software,853601000.0,2021.0,61900000.00000001,United States
BMA,Banco Macro S.A.  ADR (representing Ten Class B Common Shares),Finance,Commercial Banks,4908599333.0,,63939029.99869741,Argentina
BMBL,Bumble Inc. Class A Common Stock,Technology,Computer Software: Programming Data Processing,390626209.0,2021.0,131968313.85135137,United States
BME,Blackrock Health Sciences Trust,Finance,Trusts Except Educational Religious and Charitable,593319301.0,2005.0,13333018.0,United States
BMEA,Biomea Fusion Inc. Common Stock,Health Care,Biotechnology: Pharmaceutical Preparations,129746095.0,2021.0,72483851.95530726,United States
BMEZ,BlackRock Health Sciences Term Trust Common Shares of Beneficial Interest,Finance,Trusts Except Educational Religious and Charitable,220661448.0,2020.0,13333018.006042296,United States
BMGL,Basel Medical Group Ltd Ordinary Shares,Health Care,Medical/Nursing Services,6747219.0,2025.0,1565480.0464037124,Singapore
BMHL,Bluemount Holdings Limited Class B Ordinary Shares,Finance,Finance: Consumer Services,141126413.0,2025.0,25520147.016274866,Hong Kong
BMI,Badger Meter Inc. Common Stock,Industrials,Industrial Machinery/Components,3699301414.0,1971.0,28986846.99890299,United States
BMM,Blue Moon Metals Inc. Common Shares,,,556822535.0,,104863000.9416196,Canada
BMN,BlackRock 2037 Municipal Target Term Trust Common Shares of Beneficial Interest,Finance,Trusts Except Educational Religious and Charitable,0.0,2022.0,0.0,
BMNR,BitMine Immersion Technologies Inc. Common Stock,Finance,Finance: Consumer Services,14411078553.0,2025.0,603226394.0142319,United States
BMO,Bank Of Montreal Common Stock,Finance,Commercial Banks,120800079868.0,,695092236.9986765,Canada
BMR,Beamr Imaging Ltd. Ordinary Share,Technology,Computer Software: Prepackaged Software,19722915.0,2023.0,15529854.330708662,Israel
BMRA,Biomerica Inc. Common Stock,Health Care,Biotechnology: In Vitro & In Vivo Diagnostic Substances,10829964.0,,4588967.79661017,United States
BMRC,Bank of Marin Bancorp Common Stock,Finance,Major Banks,459916643.0,,16194247.992957748,United States
BMRN,BioMarin Pharmaceutical Inc. Common Stock,Health Care,Biotechnology: Pharmaceutical Preparations,12597780236.0,1999.0,193573759.0043024,United States
BMY,Bristol-Myers Squibb Company Common Stock,Health Care,Biotechnology: Pharmaceutical Preparations,128364188983.0,,2042714655.9993637,United States
BN,Brookfield Corporation Class A Limited Voting Shares,Real Estate,Building operators,91143380041.0,1925.0,2450749664.990589,Canada
BNAI,Brand Engagement Network Inc. Common Stock,Technology,EDP Services,52672352.0,2021.0,7503184.045584046,United States
BNC,CEA Industries Inc. Common Stock,Consumer Staples,Farming/Seeds/Milling,223162267.0,,41173850.0,United States
BNED,Barnes & Noble Education Inc Common Stock,Consumer Discretionary,Other Specialty Stores,369528687.0,2015.0,34664980.018761724,United States
BNGO,Bionano Genomics Inc. Common Stock,Industrials,Biotechnology: Laboratory Analytical Instruments,20491980.0,2018.0,11777000.0,United States
BNKK,Bonk Inc. Common Stock,Consumer Discretionary,Package Goods/Cosmetics,11041297.0,2020.0,8000939.855072465,United States
BNL,Broadstone Net Lease Inc. Common Stock,Real Estate,Real Estate Investment Trusts,3688182903.0,2020.0,191892971.01977107,United States
BNS,Bank Nova Scotia Halifax Pfd 3 Ordinary Shares,Finance,Major Banks,115440690576.0,,1226787360.0,Canada
BNT,Brookfield Wealth Solutions Ltd. Class A Exchangeable Limited Voting Shares,Finance,Property-Casualty Insurers,12574131588.0,2021.0,338014290.0,
BNTC,Benitec Biopharma Inc. Common Stock,Health Care,Biotechnology: Pharmaceutical Preparations,396267767.0,2015.0,34882725.968309864,United States
BNY,The Bank of New York Mellon Corporation Common Stock,Finance,Major Banks,103824703809.0,,678504142.0010456,United States
BOBS,Bob's Discount Furniture Inc. Common Stock,Consumer Discretionary,Other Specialty Stores,1918486276.0,2026.0,130687076.02179836,
BOC,Boston Omaha Corporation Class A Common Stock,Finance,Real Estate,411830157.0,2022.0,30126565.98390637,United States
BODI,The Beachbody Company Inc. Class A Common Stock,Consumer Discretionary,Other Consumer Services,35869251.0,,7260981.983805668,United States
BOE,Blackrock Enhanced Global Dividend Trust Common Shares of Beneficial Interest,Finance,Trusts Except Educational Religious and Charitable,0.0,2005.0,0.0,United States
BOF,BranchOut Food Inc. Common Stock,Consumer Staples,Packaged Foods,59673121.0,2023.0,16259705.994550409,United States
BOH,Bank of Hawaii Corporation Common Stock,Finance,Major Banks,2942210534.0,,39450396.00429069,United States
BOKF,BOK Financial Corporation Common Stock,Finance,Major Banks,8083208648.0,,60766866.99744399,United States
BOLD,Boundless Bio Inc. Common Stock,Health Care,Biotechnology: Pharmaceutical Preparations,63694358.0,2024.0,22747985.0,United States
BOLT,Bolt Biotherapeutics Inc. Common Stock,Health Care,Biotechnology: Pharmaceutical Preparations,6443624.0,2021.0,1926344.9925261585,United States
BON,Bon Natural Life Limited Class A Ordinary Shares,Health Care, Medicinal Chemicals and Botanical Products ,9348132.0,2021.0,8128810.434782609,China
BOOM,DMC Global Inc. Common Stock,Industrials,Industrial Specialties,128380931.0,,20540948.96,United States
BOOT,Boot Barn Holdings Inc. Common Stock,Consumer Discretionary,Clothing/Shoe/Accessory Stores,3719887389.0,2014.0,30284844.00390784,United States
BORR,Borr Drilling Limited Common Shares,Energy,Oil & Gas Production,1341576687.0,2019.0,307701075.0,Bermuda
BOSC,B.O.S. Better Online Solutions Common Stock,Telecommunications,Computer Communications Equipment,33275103.0,,7049809.957627119,Israel
BOT,RoboStrategy Inc. Common Stock,,,0.0,,0.0,Puerto Rico
BOTJ,Bank of the James Financial Group Inc. Common Stock,Finance,Major Banks,124033127.0,,4543337.985347985,United States
BOW,Bowhead Specialty Holdings Inc. Common Stock,Finance,Property-Casualty Insurers,1111496989.0,2024.0,32943005.008891523,United States
BOX,Box Inc. Class A Common Stock,Technology,Computer Software: Prepackaged Software,4756750800.0,2015.0,137200773.0025959,United States
BOXL,Boxlight Corporation Class A Common Stock,Real Estate,Other Consumer Services,3335461.0,2017.0,734683.0396475771,United States
BP,BP p.l.c. Common Stock,Energy,Integrated oil Companies,118906398813.0,,2617930400.9907527,United Kingdom
BPOP,Popular Inc. Common Stock,Finance,Major Banks,10266425306.0,,63778501.00018637,United States
BPRN,Princeton Bancorp Inc. Common Stock (PA),Finance,Major Banks,295011603.0,,6813200.993071594,United States
BQ,Boqii Holding Limited Class A Ordinary Shares,Consumer Discretionary,Other Specialty Stores,6382487.0,2025.0,7879613.580246913,
BR,Broadridge Financial Solutions Inc. Common Stock,Consumer Discretionary,Business Services,18734921629.0,,114021797.9976873,United States
BRAG,Bragg Gaming Group Inc. Common Shares,Technology,Office Equipment/Supplies/Services,45973838.0,,31063404.05405405,Canada
BRAI,Braiin Limited Common Stock,Technology,EDP Services,1137607019.0,,206088228.07971016,Australia
BRBI,BRBI BR Partners S.A. ADSs,Finance,Finance: Consumer Services,556515661.0,,50136546.03603604,Brazil
BRBR,BellRing Brands Inc. Common Stock,Consumer Staples,Packaged Foods,1059294347.0,2022.0,116278193.9626784,United States
BRBS,Blue Ridge Bankshares Inc. Common Stock,Finance,Major Banks,354270969.0,,89688852.9113924,United States
BRC,Brady Corporation Common Stock,Consumer Discretionary,Miscellaneous manufacturing industries,3996751017.0,,46899213.99906126,United States
BRCB,Black Rock Coffee Bar Inc. Class A Common Stock,Consumer Discretionary,Restaurants,358520382.0,2025.0,50072679.05027933,United States
BRCC,BRC Inc. Class A Common Stock,Consumer Staples,Beverages (Production/Distribution),247534298.0,2022.0,25028746.00606673,United States
BRFH,Barfresh Food Group Inc. Common Stock,Consumer Staples,Packaged Foods,18102071.0,,16308172.07207207,United States
BRIA,BrilliA Inc Class A Ordinary Shares,Consumer Discretionary,Apparel,42568750.0,2024.0,30625000.000000004,
BRID,Bridgford Foods Corporation Common Stock,Consumer Staples,Specialty Foods,53281004.0,,9076832.02725724,United States
BRK/A,Berkshire Hathaway Inc.,,,1123653526520.0,,1470873.9999996077,
BRK/B,Berkshire Hathaway Inc.,,,1123453750113.0,,2206311370.999607,
BRKR,Bruker Corporation Common Stock,Industrials,Biotechnology: Laboratory Analytical Instruments,9606254874.0,,152359316.0031721,United States
BRLS,Borealis Foods Inc. Class A Common Shares,Consumer Staples,Packaged Foods,29833995.0,2021.0,21463305.755395684,Canada
BRLT,Brilliant Earth Group Inc. Class A Common Stock,Consumer Discretionary,Consumer Specialties,145606597.0,2021.0,101822795.10489511,United States
BRN,Barnwell Industries Inc. Common Stock,Energy,Oil & Gas Production,14867339.0,1965.0,14434309.708737863,United States
BRNX,BrenX Ltd. Ordinary Shares,Industrials,Building Products,4390120.0,,1695027.0270270272,Israel
BRO,Brown & Brown Inc. Common Stock,Finance,Specialty Insurers,21789826448.0,,334610357.00245696,United States
BROS,Dutch Bros Inc. Class A Common Stock,Consumer Discretionary,Restaurants,7015217715.0,2021.0,174681716.0109562,United States
BRR,ProCap Financial Inc. Common Stock,Finance,Finance: Consumer Services,303991338.0,2025.0,88369575.0,United States
BRSL,Brightstar Lottery PLC Trading under the Legal Name to begin at the market open on July 21 2025. Ordinary Shares,Consumer Discretionary,Services-Misc. Amusement & Recreation,1920645000.0,2015.0,184500000.0,United States
BRSP,BrightSpire Capital Inc. Class A Common Stock,Real Estate,Real Estate Investment Trusts,528871072.0,2018.0,126524179.90430623,United States
BRT,BRT Apartments Corp. (MD) Common Stock,Real Estate,Real Estate Investment Trusts,259723088.0,,18793276.989869755,United States
BRTM,B&R Technology Merger Corp. Class A Ordinary Shares,Finance,Blank Checks,0.0,2026.0,0.0,United States
BRTX,BioRestorative Therapies Inc. Common Stock (NV),Health Care,Managed Health Care,3666895.0,,1381128.0602636535,United States
BRUN,Boost Run Inc. Class A Common Stock,Technology,EDP Services,1325850516.0,,79487441.00719425,United States
BRVE,Braveheart Bio Inc. Common Stock,Health Care,Biotechnology: Pharmaceutical Preparations,2494979831.0,2026.0,90038969.00036088,United States
BRX,Brixmor Property Group Inc. Common Stock,Real Estate,Real Estate Investment Trusts,8607768464.0,2013.0,306872316.00713015,United States
BRZE,Braze Inc. Class A Common Stock,Technology,Computer Software: Prepackaged Software,2831659765.0,2021.0,113584426.99558765,United States
BSAC,Banco Santander - Chile ADS,Finance,Commercial Banks,16154544220.0,,471115317.0020414,Chile
BSBK,Bogota Financial Corp. Common Stock,Finance,Banks,116255561.0,2020.0,12761312.952799125,United States
BSEM,BioStem Technologies Inc. Common Stock,Health Care,Biotechnology: Biological Products (No Diagnostic Substances),77823694.0,,17849471.10091743,United States
BSET,Bassett Furniture Industries Incorporated Common Stock,Consumer Discretionary,Home Furnishings,151433125.0,,8658269.01086335,United States
BSIN,Big Sky Industrial Inc. Common Stock,Energy,Oil & Gas Production,82414682.0,,52493428.02547771,United States
BSP,Bending Spoons S.p.A. Ordinary Shares,Technology,Computer Software: Programming Data Processing,26533167015.0,2026.0,688279300.0,Italy
BSRR,Sierra Bancorp Common Stock,Finance,Major Banks,523332337.0,,12963397.002724797,United States
BST,BlackRock Science and Technology Trust Common Shares of Beneficial Interest,Finance,Finance Companies,1062911105.0,2014.0,22157829.997915365,United States
BSTZ,BlackRock Science and Technology Term Trust Common Shares of Beneficial Interest,Finance,Trusts Except Educational Religious and Charitable,634157095.0,2019.0,22157830.01397624,United States
BSVN,Bank7 Corp. Common stock,Finance,Major Banks,519730703.0,2018.0,9525855.993401758,United States
BSX,Boston Scientific Corporation Common Stock,Health Care,Medical/Dental Instruments,63113945857.0,,1449229525.9931114,United States
BSY,Bentley Systems Incorporated Class B Common Stock,Technology,Computer Software: Prepackaged Software,9488737643.0,2020.0,302092888.98439986,United States
BTBD,BT Brands Inc. Common Stock,Consumer Discretionary,Restaurants,10514031.0,2021.0,6184724.117647059,United States
BTBT,Bit Digital Inc. Ordinary Shares,Finance,Finance: Consumer Services,551769260.0,2018.0,360633503.2679738,United States
BTCS,BTCS Inc. Common Stock,Finance,Finance: Consumer Services,72935998.0,,52471941.00719425,United States
BTCT,BTC Digital Ltd. Ordinary Shares,Finance,Finance: Consumer Services,13688658.0,,11800567.241379311,China
BTDR,Bitdeer Technologies Group Class A Ordinary Shares,Finance,Finance: Consumer Services,3054832434.0,,271782245.0177936,Singapore
BTE,Baytex Energy Corp Common Shares,Energy,Oil & Gas Production,3438106800.0,2023.0,708888000.0,Canada
BTG,B2Gold Corp Common shares (Canada),Basic Materials,Precious Metals,7133782115.0,,1321070762.037037,Canada
BTGO,BitGo Holdings Inc. Class A Common Stock,Finance,Finance: Consumer Services,794608405.0,2026.0,117545622.04142012,United States
BTI,British American Tobacco  Industries p.l.c. Common Stock ADR,Health Care, Medicinal Chemicals and Botanical Products ,121021885751.0,1998.0,2160333554.9982147,United Kingdom
BTLN,Brightline Interactive Inc. Common Stock,Technology,EDP Services,14755192.0,2021.0,21698811.76470588,United States
BTMD,Biote Corp. Class A Common Stock,Health Care, Medicinal Chemicals and Botanical Products ,48502082.0,,35927468.14814815,United States
BTOC,Armlogi Holding Corp. Common Stock,Consumer Discretionary,Office Equipment/Supplies/Services,12733151.0,2024.0,45443079.94289793,United States
BTQ,BTQ Technologies Corp. Common Stock,,,397117828.0,,147080677.037037,Canada
BTSG,BrightSpring Health Services Inc. Common Stock,Health Care,Medical/Nursing Services,11199116041.0,2024.0,197864241.00706717,United States
BTT,BlackRock Municipal 2030 Target Term Trust,Finance,Investment Managers,0.0,2012.0,0.0,United States
BTTC,Black Titan Corporation Ordinary Shares,Health Care,Biotechnology: Biological Products (No Diagnostic Substances),5176740.0,,13698703.360677429,Malaysia
BTU,Peabody Energy Corporation Common Stock,Energy,Coal Mining,3320556000.0,2017.0,121900000.0,United States
BTX,BlackRock Technology and Private Equity Term Trust Common Shares of Beneficial Interest,,,2058500599.0,2021.0,235796173.99770904,United States
BTZ,BlackRock Credit Allocation Income Trust,Finance,Finance/Investors Services,1041340050.0,2006.0,108135000.0,United States
BUD,Anheuser-Busch Inbev SA Sponsored ADR (Belgium),Consumer Staples,Beverages (Production/Distribution),155344920664.0,,1972133054.005332,Belgium
BUDA,Buda Juice Inc. Common Stock,Consumer Staples,Beverages (Production/Distribution),96763328.0,2026.0,12566665.974025974,
BUI,BlackRock Utility Infrastructure & Power Opportunities Trust,Finance,Trusts Except Educational Religious and Charitable,0.0,2011.0,0.0,United States
BULL,Webull Corporation Class A Ordinary Shares,Finance,Investment Bankers/Brokers/Service,4167138463.0,,540484884.9546044,United States
BUR,Burford Capital Limited Ordinary Shares,Finance,Finance: Consumer Services,873058248.0,2020.0,218811590.9774436,
BURL,Burlington Stores Inc. Common Stock,Consumer Discretionary,Department/Specialty Retail Stores,15046751810.0,2013.0,62815194.9987476,United States
BURU,Nuburu Inc. Common Stock,Miscellaneous,Industrial Machinery/Components,8706604.0,,9262344.680851065,United States
BUSE,First Busey Corporation Class A Common Stock,Finance,Major Banks,2489695223.0,,82576955.986733,United States
BUUU,BUUU Group Limited Class A Ordinary Share,Consumer Discretionary,Services-Misc. Amusement & Recreation,767050000.0,2025.0,16675000.0,Hong Kong
BV,BrightView Holdings Inc. Common Stock,Consumer Staples,Farming/Seeds/Milling,1005636000.0,2018.0,92600000.0,United States
BVC,BitVentures Limited Ordinary Shares,Finance,Investment Managers,2273040000.0,2021.0,168000000.0,China
BVFL,BV Financial Inc. Common Stock,Finance,Savings Institutions,175680327.0,2023.0,8470604.00192864,United States
BVN,Buenaventura Mining Company Inc.,Basic Materials,Metal Mining,8815884154.0,1996.0,253986867.01238835,Peru
BVS,Bioventus Inc. Class A Common Stock,Health Care,Medical/Dental Instruments,1062080444.0,2021.0,84091879.96832937,United States
BW,Babcock & Wilcox Enterprises Inc. Common Stock,Industrials,Building Products,1090424283.0,2015.0,148965065.98360655,United States
BWA,BorgWarner Inc. Common Stock,Consumer Discretionary,Auto Parts:O.E.M.,12985766731.0,,203666353.99937263,United States
BWB,Bridgewater Bancshares Inc. Common Stock,Finance,Major Banks,582493062.0,2018.0,27883822.977501195,United States
BWEN,Broadwind Inc. Common Stock,Telecommunications,Metal Fabrications,100543835.0,,23657372.94117647,United States
BWFG,Bankwell Financial Group Inc. Common Stock,Finance,Major Banks,532687169.0,2014.0,7971971.9994013775,United States
BWIN,The Baldwin Insurance Group Inc. Class A Common Stock,Finance,Specialty Insurers,4456971771.0,2019.0,139498333.99061033,United States
BWLP,BW LPG Limited Common Shares,Consumer Discretionary,Transportation Services,4163631480.0,2024.0,159282000.0,
BWMN,Bowman Consulting Group Ltd. Common Stock,Consumer Discretionary,Professional Services,736065840.0,2021.0,17335512.01130476,United States
BWMX,Betterware de Mexico S.A.P.I. de C.V. Ordinary Shares,Consumer Discretionary,Catalog/Specialty Distribution,630576296.0,,39485052.974326864,Mexico
BWXT,BWX Technologies Inc. Common Stock,Industrials,Industrial Machinery/Components,13408876773.0,,91621980.0,United States
BX,Blackstone Inc. Common Stock,Finance,Investment Managers,94135895547.0,2007.0,750625114.0020732,United States
BXBL,BOXABL Inc. Common stock,Consumer Discretionary,Homebuilding,987707773.0,2025.0,241493343.0317849,United States
BXC,Bluelinx Holdings Inc. Common Stock,Consumer Discretionary,Wholesale Distributors,588180038.0,2004.0,7860216.998530001,United States
BXDC,Blackstone Digital Infrastructure Trust Inc. Common Stock,Finance,Real Estate,1966699144.0,2026.0,100649905.01535311,
BXMT,Blackstone Mortgage Trust Inc. Common Stock,Real Estate,Real Estate Investment Trusts,2275338479.0,,168543591.03703704,United States
BXP,BXP Inc. Common Stock,Real Estate,Real Estate Investment Trusts,10207163275.0,1997.0,159661555.99874863,United States
BY,Byline Bancorp Inc. Common Stock,Finance,Major Banks,1699461256.0,2017.0,45186419.99468227,United States
BYAH,Park Ha Biological Technology Co. Ltd. Class A Ordinary Shares,Consumer Discretionary,Package Goods/Cosmetics,7912967.0,2024.0,3425526.83982684,China
BYD,Boyd Gaming Corporation Common Stock,Consumer Discretionary,Hotels/Resorts,5394664490.0,1993.0,72655414.00673401,United States
BYFC,Broadway Financial Corporation Class A Common Stock,Finance,Savings Institutions,110414686.0,,9278545.042016806,United States
BYND,Beyond Meat Inc. Common Stock,Consumer Staples,Packaged Foods,201169402.0,2019.0,17193965.982905984,United States
BYRN,Byrna Technologies Inc. Common Stock,Miscellaneous,Industrial Machinery/Components,88469970.0,,23404753.96825397,United States
BYSI,BeyondSpring Inc. Ordinary Shares,Health Care,Biotechnology: Pharmaceutical Preparations,29145728.0,2017.0,41119819.41309255,United States
BZ,KANZHUN LIMITED American Depository Shares,Technology,Computer Software: Programming Data Processing,6868036633.0,2021.0,462805703.032345,China
BZAI,Blaize Holdings Inc. Common Stock,Technology,Semiconductors,89100670.0,2025.0,144832038.36150846,United States
BZFD,BuzzFeed Inc. Class A Common Stock,Consumer Discretionary,Telecommunications Equipment,91668206.0,2021.0,83334732.72727272,United States
BZH,Beazer Homes USA Inc. Common Stock,Consumer Discretionary,Homebuilding,889231835.0,1994.0,26679623.012301236,United States
C,Citigroup Inc. Common Stock,Finance,Major Banks,222595861104.0,,1677436782.9992466,United States
CAAP,Corporacion America Airports SA Common Shares,Consumer Discretionary,Aerospace,3952041972.0,2018.0,165219145.98662207,
CAAS,China Automotive Systems Inc. Ordinary Share,Consumer Discretionary,Auto Parts:O.E.M.,152362045.0,,30170701.980198026,China
CABA,Cabaletta Bio Inc. Common Stock,Health Care,Biotechnology: Biological Products (No Diagnostic Substances),437427248.0,2019.0,169545444.9612403,United States
CABO,Cable One Inc. Common Stock,Telecommunications,Cable & Other Pay Television Services,102754782.0,2015.0,5673925.013804528,United States
CABR,Caring Brands Inc. Common Stock,Consumer Discretionary,Package Goods/Cosmetics,13997105.0,,10368225.925925924,United States
CAC,Camden National Corporation Common Stock,Finance,Major Banks,971242377.0,,16897049.00835073,United States
CACC,Credit Acceptance Corporation Common Stock,Finance,Finance: Consumer Services,6128798238.0,1992.0,10380580.000338748,United States
CACI,CACI International Inc. Class A Common Stock,Technology,EDP Services,14033244095.0,,22099597.0,United States
CADL,Candel Therapeutics Inc. Common Stock,Health Care,Biotechnology: Biological Products (No Diagnostic Substances),867720527.0,2021.0,76518564.99118166,United States
CAE,CAE Inc. Common Shares,Miscellaneous,Industrial Machinery/Components,7790154832.0,,321508660.00825423,Canada
CAES,Cantor Equity Partners VII Inc. Class A Ordinary Shares,Finance,Blank Checks,0.0,2026.0,0.0,United States
CAG,ConAgra Brands Inc. Common Stock,Consumer Staples,Packaged Foods,7287426487.0,,480067621.0144928,United States
CAH,Cardinal Health Inc. Common Stock,Health Care,Other Pharmaceuticals,52641190276.0,,232575728.0021207,United States
CAI,Caris Life Sciences Inc. Common Stock,Health Care,Medical Specialities,8737843151.0,2025.0,282595185.996119,United States
CAKE,Cheesecake Factory Incorporated (The) Common Stock,Consumer Discretionary,Restaurants,4770551982.0,1992.0,49760634.00438093,United States
CAL,Caleres Inc. Common Stock,Consumer Discretionary,Shoe Manufacturing,416820122.0,,34504976.98675497,United States
CALC,CalciMedica Inc. Common Stock,Health Care,Biotechnology: Pharmaceutical Preparations,13451735.0,2023.0,6828291.878172589,United States
CALM,Cal-Maine Foods Inc. Common Stock,Consumer Staples,Farming/Seeds/Milling,3475998661.0,1996.0,46915895.00607369,United States
CALX,Calix Inc Common Stock,Consumer Discretionary,Telecommunications Equipment,2212554573.0,2010.0,62963988.9869095,United States
CALY,Callaway Golf Company Common Stock,Consumer Discretionary,Recreational Games/Products/Toys,2640170606.0,,178510521.02772143,United States
CAMP,CAMP4 Therapeutics Corporation Common Stock,Health Care,Biotechnology: Pharmaceutical Preparations,252895396.0,2024.0,62753199.99999999,United States
CAMT,Camtek Ltd. Ordinary Shares,Technology,Electronic Components,6712774615.0,2000.0,46548606.99674086,Israel
CANG,Cango Inc. Class A Ordinary Shares,Finance,Finance: Consumer Services,89017668.0,2025.0,41021966.8202765,China
CAPR,Capricor Therapeutics Inc. Common Stock,Health Care,Biotechnology: Pharmaceutical Preparations,547669276.0,,58138988.9596603,United States
CAPS,Capstone Holding Corp. Common Stock,Consumer Discretionary,RETAIL: Building Materials,3969375.0,,21750000.0,United States
CAR,Avis Budget Group Inc. Common Stock,Consumer Discretionary,Rental/Leasing Companies,4070939891.0,,35325754.0003471,United States
CARE,Carter Bankshares Inc. Common Stock,Finance,Major Banks,675334978.0,,22163931.01411224,United States
CARG,CarGurus Inc. Class A Common Stock,Technology,EDP Services,3006229883.0,2017.0,89073478.01481481,United States
CARL,Carlsmed Inc. Common Stock,Health Care,Medical/Dental Instruments,420189215.0,2025.0,27302743.01494477,United States
CARR,Carrier Global Corporation Common Stock,Industrials,Industrial Machinery/Components,44835039850.0,2020.0,824325056.9957713,United States
CARS,Cars.com Inc. Common Stock,Technology,EDP Services,607596304.0,2017.0,53532714.00881057,United States
CART,Maplebear Inc. Common Stock,Consumer Discretionary,Business Services,10517048044.0,2023.0,231500067.00418225,United States
CASH,Pathward Financial Inc. Common Stock,Finance,Major Banks,1609520088.0,1993.0,20773362.00309757,United States
CASS,Cass Information Systems Inc Common Stock,Consumer Discretionary,Business Services,710357085.0,,12806148.999459168,United States
CAST,FreeCast Inc. Class A Common Stock,Technology,EDP Services,67565108.0,,47581061.97183099,United States
CASY,Casey's General Stores Inc. Common Stock,Consumer Discretionary,Retail-Auto Dealers and Gas Stations,22451453444.0,1983.0,36960166.999753065,United States
CAT,Caterpillar Inc. Common Stock,Industrials,Construction/Ag Equipment/Trucks,367082576109.0,,459674889.0003381,United States
CATO,Cato Corporation (The) Class A Common Stock,Consumer Discretionary,Clothing/Shoe/Accessory Stores,47390439.0,,19911949.159663867,United States
CATX,Perspective Therapeutics Inc. Common Stock,Health Care,Biotechnology: Pharmaceutical Preparations,328756789.0,,114151662.84722222,United States
CATY,Cathay General Bancorp Common Stock,Finance,Major Banks,4137591116.0,,66713819.99355047,United States
CAVA,CAVA Group Inc. Common Stock,Consumer Discretionary,Restaurants,5981645400.0,2023.0,116806198.00820152,United States
CB,Chubb Limited  Common Stock,Finance,Property-Casualty Insurers,131904971792.0,,385799858.9997075,Switzerland
CBAN,Colony Bankcorp Inc. Common Stock,Finance,Major Banks,443942588.0,,21220965.009560227,United States
CBAT,CBAK Energy Technology Limited Ordinary Shares,Miscellaneous,Industrial Machinery/Components,93964586.0,,88645835.8490566,China
CBC,Central Bancompany Inc. Class A Common Stock,Finance,Major Banks,7585127562.0,,239505132.99652663,United States
CBFV,CB Financial Services Inc. Common Stock,Finance,Major Banks,189238188.0,,5081583.9957035445,United States
CBIO,Crescent Biopharma Inc. Common Stock,Health Care,Biotechnology: Pharmaceutical Preparations,622903874.0,2014.0,37143940.01192606,United States
CBK,Commercial Bancgroup Inc. Common Stock,Finance,Major Banks,450634770.0,2025.0,13701269.990878686,United States
CBL,CBL & Associates Properties Inc. Common Stock,Real Estate,Real Estate Investment Trusts,1666886320.0,2021.0,30942757.00761092,United States
CBLL,CeriBell Inc. Common Stock,Health Care,Biotechnology: Electromedical & Electrotherapeutic Apparatus,959452525.0,2024.0,38378101.0,United States
CBNA,Chain Bridge Bancorp Inc. Class A Common Stock,Finance,Major Banks,308011690.0,2024.0,6561817.000426076,
CBNK,Capital Bancorp Inc. Common Stock,Finance,Major Banks,587759652.0,2018.0,16290455.986696232,United States
CBOE,Cboe Global Markets Inc. Common Stock,Finance,Investment Bankers/Brokers/Service,29818706063.0,2010.0,111818750.00187495,
CBRE,CBRE Group Inc Common Stock Class A,Finance,Real Estate,40343630517.0,,289575297.997416,United States
CBRL,Cracker Barrel Old Country Store Inc Common Stock,Consumer Discretionary,Restaurants,978099890.0,1981.0,22351460.009140767,United States
CBRS,Cerebras Systems Inc. Class A Common Stock,Technology,Semiconductors,46120682920.0,2026.0,237564041.0013393,United States
CBSH,Commerce Bancshares Inc. Common Stock,Finance,Major Banks,8240178626.0,,143432177.99825934,United States
CBT,Cabot Corporation Common Stock,Industrials,Major Chemicals,4004500903.0,,51631007.00103146,United States
CBU,Community Financial System Inc. Common Stock,Finance,Major Banks,3280601677.0,,52615905.00400962,United States
CBUS,Cibus Inc. Class A Common Stock,Industrials,Agricultural Chemicals,124579211.0,2017.0,76428963.80368099,United States
CBZ,CBIZ Inc. Common Stock,Consumer Discretionary,Business Services,2962807793.0,,54263878.99267399,United States
CC,Chemours Company (The) Common Stock,Industrials,Major Chemicals,2173205488.0,2015.0,150498995.01385042,United States
CCAP,Crescent Capital BDC Inc. Common stock,Finance,Finance: Consumer Services,371775656.0,,36845952.031714566,United States
CCB,Coastal Financial Corporation Common Stock,Finance,Major Banks,703171042.0,2018.0,15286327.0,United States
CCBG,Capital City Bank Group Common Stock,Finance,Major Banks,858916376.0,,17113296.99143256,United States
CCC,CCC Intelligent Solutions Holdings Inc. Common Stock,Technology,Computer Software: Prepackaged Software,3887365046.0,,588994703.939394,United States
CCCC,C4 Therapeutics Inc. Common Stock,Health Care,Biotechnology: Biological Products (No Diagnostic Substances),420130839.0,2020.0,123025135.87115666,United States
CCCT,Columbus Circle Capital Corp III Class A Ordinary Shares,,,0.0,2026.0,0.0,United States
CCEC,Capital Clean Energy Carriers Corp. Common Share,Consumer Discretionary,Marine Transportation,1326375116.0,2007.0,60289778.0,Greece
CCEL,Cryo-Cell International Inc. Common Stock,Health Care,Misc Health and Biotechnology Services,34266263.0,2022.0,8062650.117647059,United States
CCEP,Coca-Cola Europacific Partners plc Ordinary Shares,Consumer Staples,Beverages (Production/Distribution),45616154868.0,,453982433.00159234,United Kingdom
CCG,Cheche Group Inc. Class A Ordinary Shares,Finance,Specialty Insurers,30315655.0,,2505426.0330578517,China
CCHH,CCH Holdings Ltd Class A Ordinary Shares,Consumer Discretionary,Restaurants,23382558.0,2025.0,19815727.11864407,Malaysia
CCI,Crown Castle Inc. Common Stock,Real Estate,Real Estate Investment Trusts,31373084072.0,,425455439.0018986,United States
CCJ,Cameco Corporation Common Stock,Basic Materials,Other Metals and Minerals,40417460358.0,1996.0,435532977.9956897,Canada
CCK,Crown Holdings Inc.,Industrials,Containers/Packaging,12024562096.0,,108760510.9985528,United States
CCL,Carnival Corporation Ltd. Common Shares,Consumer Discretionary,Marine Transportation,30365120968.0,1987.0,1369649118.9896257,United States
CCLD,CareCloud Inc. Common Stock,Technology,Computer Software: Prepackaged Software,94336367.0,2014.0,42493859.009009,United States
CCNE,CNB Financial Corporation Common Stock,Finance,Major Banks,1010368387.0,,29620884.98973908,United States
CCO,Clear Channel Outdoor Holdings Inc. Common Stock,Consumer Discretionary,Advertising,1211643351.0,2005.0,509093844.9579832,United States
CCOI,Cogent Communications Holdings Inc.,Consumer Discretionary,Telecommunications Equipment,471696929.0,,51215736.04777415,United States
CCS,Century Communities Inc. Common Stock,Consumer Discretionary,Homebuilding,1728435991.0,2014.0,28432900.0,United States
CCSI,Consensus Cloud Solutions Inc. Common Stock,Technology,Computer Software: Prepackaged Software,658780946.0,,18324922.00278164,United States
CCTG,CCSC Technology International Holdings Limited Class A Ordinary Shares,Consumer Discretionary,Building Products,6925895.0,2024.0,13580186.274509804,Hong Kong
CCU,Compania Cervecerias Unidas S.A. Common Stock,Consumer Staples,Beverages (Production/Distribution),2095081284.0,,184751435.978836,Chile
CCXI,Churchill Capital Corp XI Class A Ordinary Shares,Finance,Blank Checks,0.0,2026.0,0.0,United States
CCZ,Comcast Holdings ZONES,Telecommunications,Cable & Other Pay Television Services,229490327176.0,,3548636573.0013914,United States
CD,Chaince Digital Holdings Inc. Ordinary Shares,Finance,Finance: Consumer Services,320111058.0,2015.0,110003800.0,China
CDE,Coeur Mining Inc. Common Stock,Basic Materials,Precious Metals,20538141260.0,,1027934997.997998,United States
CDIO,Cardio Diagnostics Holdings Inc. Common stock,Health Care,Biotechnology: In Vitro & In Vivo Diagnostic Substances,6007722.0,2022.0,2959468.965517241,United States
CDLX,Cardlytics Inc. Common Stock,Technology,Computer Software: Programming Data Processing,22907105.0,2018.0,5888715.938303342,United States
CDNA,CareDx Inc. Common Stock,Health Care,Medical Specialities,2808133624.0,2014.0,51734222.99189388,United States
CDNL,Cardinal Infrastructure Group Inc. Class A Common Stock,Industrials,Military/Government/Technical,1507269623.0,2025.0,47473058.99212598,United States
CDNS,Cadence Design Systems Inc. Common Stock,Technology,Computer Software: Prepackaged Software,77319338680.0,,275393000.0,United States
CDP,COPT Defense Properties Common Shares of Beneficial Interest,Real Estate,Real Estate Investment Trusts,3917197219.0,,113410457.99073538,United States
CDRE,Cadre Holdings Inc. Common Stock,Health Care,Industrial Specialties,1117621157.0,2021.0,42820733.98467433,United States
CDRO,Codere Online Luxembourg S.A. Ordinary Shares,Consumer Discretionary,Services-Misc. Amusement & Recreation,438329981.0,,45469915.04149377,Luxembourg
CDT,CDT Equity Inc. Common Stock,Health Care,Biotechnology: Pharmaceutical Preparations,2594988.0,2022.0,13693868.073878627,United States
CDTG,CDT Environmental Technology Investment Holdings Limited ordinary shares,Industrials,Miscellaneous,3866880.0,2024.0,3021000.0,China
CDW,CDW Corporation Common Stock,Consumer Discretionary,Catalog/Specialty Distribution,18652599959.0,2013.0,125017425.99865952,United States
CDXS,Codexis Inc. Common Stock,Industrials,Major Chemicals,144547610.0,2010.0,109505765.15151514,United States
CDZI,CADIZ Inc. Common Stock,Utilities,Water Supply,285361743.0,,84677075.07418397,United States
CE,Celanese Corporation Common Stock,Industrials,Major Chemicals,5137347226.0,2005.0,109748925.99871822,United States
CECO,CECO Environmental Corp. Common Stock,Industrials,Pollution Control Equipment,4148501059.0,1998.0,58569830.00141183,United States
CEG,Constellation Energy Corporation Common Stock,Utilities,Electric Utilities: Central,93111979201.0,,354307378.99923897,United States
CELC,Celcuity Inc. Common Stock,Health Care,Medical Specialities,4154808308.0,2017.0,48931907.9967024,United States
CELH,Celsius Holdings Inc. Common Stock,Consumer Staples,Beverages (Production/Distribution),7171013232.0,,253035047.0007057,United States
CELU,Celularity Inc. Class A Common Stock,Health Care,Biotechnology: Pharmaceutical Preparations,36761370.0,2019.0,28945960.62992126,United States
CELZ,Creative Medical Technology Holdings Inc. Common Stock,Health Care,Biotechnology: Biological Products (No Diagnostic Substances),5784969.0,,6592557.264957265,United States
CENN,Cenntro Inc. Common Stock,Industrials,Auto Manufacturing,11348808.0,,2456451.948051948,New Zealand
CENT,Central Garden & Pet Company Common Stock,Consumer Discretionary,Consumer Specialties,2534374293.0,1993.0,62592597.99950605,United States
CENTA,Central Garden & Pet Company Class A Common Stock Nonvoting,Consumer Discretionary,Consumer Specialties,2186359448.0,,62592597.99599198,United States
CENX,Century Aluminum Company Common Stock,Industrials,Aluminum,4033976771.0,1996.0,98993294.99386504,United States
CEPF,Cantor Equity Partners IV Inc. Class A Ordinary Shares,Finance,Blank Checks,0.0,2025.0,0.0,United States
CEPL,Capstone Energy Plus Inc. Common Stock,Industrials,Industrial Machinery/Components,207083590.0,,32611588.976377957,United States
CEPO,Cantor Equity Partners I Inc. Class A Ordinary Shares,Finance,Blank Checks,0.0,2025.0,0.0,United States
CEPS,Cantor Equity Partners VI Inc. Class A Ordinary Shares,Finance,Blank Checks,0.0,2026.0,0.0,United States
CEPV,Cantor Equity Partners V Inc. Class A Ordinary Shares,,,0.0,2025.0,0.0,United States
CERS,Cerus Corporation Common Stock,Health Care,Medical/Dental Instruments,536056229.0,1997.0,201524898.12030077,United States
CERT,Certara Inc. Common Stock,Technology,Computer Software: Prepackaged Software,1308782732.0,2020.0,152538779.95337996,United States
CET,Central Securities Corporation Common Stock,Finance,Finance/Investors Services,13483223892.0,1951.0,242025200.0,United States
CETX,Cemtrex Inc. Common Stock,Technology,Electrical Products,3889779.0,,1721141.150442478,United States
CETY,Clean Energy Technologies Inc. Common Stock,Utilities,Oil/Gas Transmission,12287767.0,,12166105.940594058,United States
CEV,Eaton Vance California Municipal Income Trust Shares of Beneficial Interest,Finance,Finance/Investors Services,70476422.0,1999.0,7033575.0499002,United States
CEVA,CEVA Inc. Common Stock,Technology,Computer Software: Programming Data Processing,839835968.0,,28154072.008045595,United States
CF,CF Industries Holdings Inc. Common Stock,Industrials,Agricultural Chemicals,20252068557.0,2005.0,151338130.00298908,United States
CFBK,CF Bankshares Inc. Common Stock,Finance,Major Banks,223484361.0,,6415512.013779245,United States
CFFI,C&F Financial Corporation Common Stock,Finance,Major Banks,305691471.0,,3251691.0009573447,United States
CFFN,Capitol Federal Financial Inc. Common Stock,Finance,Savings Institutions,1109915839.0,,125698283.01245752,United States
CFG,Citizens Financial Group Inc. Common Stock,Finance,Major Banks,28383103743.0,2014.0,421176787.99525154,United States
CFR,Cullen/Frost Bankers Inc. Common Stock,Finance,Major Banks,9921432037.0,,62148784.99749437,United States
CG,The Carlyle Group Inc. Common Stock,Finance,Investment Managers,14313888496.0,2012.0,356332798.00846404,United States
CGAU,Centerra Gold Inc. Common Shares,Basic Materials,Precious Metals,4543409803.0,2021.0,199710321.010989,Canada
CGBD,Carlyle Secured Lending Inc. Common Stock,Finance,Finance: Consumer Services,800197277.0,2017.0,68804580.99742046,United States
CGC,Canopy Growth Corporation Common Shares,Health Care, Medicinal Chemicals and Botanical Products ,397274681.0,,423037675.4339261,Canada
CGCF,Cartesian Growth Corporation IV Class A Ordinary Shares,Finance,Blank Checks,0.0,2026.0,0.0,United States
CGEM,Cullinan Therapeutics Inc. Common Stock,Health Care,Biotechnology: Biological Products (No Diagnostic Substances),1374616264.0,2021.0,64354694.00749064,United States
CGEN,Compugen Ltd. Ordinary Shares,Health Care,Biotechnology: Biological Products (No Diagnostic Substances),232678205.0,2000.0,94584636.1788618,Israel
CGNT,Cognyte Software Ltd. Ordinary Shares,Technology,Computer Software: Prepackaged Software,637021284.0,,73900380.97447796,Israel
CGNX,Cognex Corporation Common Stock,Industrials,Industrial Machinery/Components,10236420786.0,1989.0,168223842.00493014,United States
CGON,CG Oncology Inc. Common stock,Health Care,Biotechnology: Biological Products (No Diagnostic Substances),6702985158.0,2024.0,88640375.006612,United States
CGTL,Creative Global Technology Holdings Limited Class A Ordinary Shares,Technology,Retail: Computer Software & Peripheral Equipment,6627728.0,2024.0,1719254.9935149157,China
CGTX,Cognition Therapeutics Inc. Common Stock,Health Care,Biotechnology: Biological Products (No Diagnostic Substances),100799371.0,2021.0,95093746.22641508,United States
CHAI,Core AI Holdings Inc. Common Shares,Telecommunications,Telecommunications Equipment,6958182.0,2020.0,25866847.58364312,Canada
CHCI,Comstock Holding Companies Inc. Class A Common Stock,Finance,Real Estate,208415167.0,2004.0,10281951.99802664,United States
CHCO,City Holding Company Common Stock,Finance,Major Banks,2010143299.0,,14045159.998602573,United States
CHCT,Community Healthcare Trust Incorporated Common Stock,Real Estate,Real Estate Investment Trusts,413188402.0,2015.0,28653842.024965327,United States
CHD,Church & Dwight Company Inc. Common Stock,Consumer Discretionary,Package Goods/Cosmetics,22546231360.0,,237203906.9963177,United States
CHDN,Churchill Downs Incorporated Common Stock,Consumer Discretionary,Services-Misc. Amusement & Recreation,5730753979.0,,69700242.99440525,United States
CHE,Chemed Corp,Health Care,Medical/Nursing Services,6613008167.0,,13069960.99966401,United States
CHEF,The Chefs' Warehouse Inc. Common Stock,Consumer Discretionary,Food Distributors,4494096503.0,2011.0,40796082.99745824,United States
CHGA,Change Agents Corporation Common Stock,Technology,EDP Services,2279640.0,,1120216.216216216,United States
CHGG,Chegg Inc. Common Stock,Real Estate,Other Consumer Services,82682166.0,2013.0,111027482.20760036,United States
CHH,Choice Hotels International Inc. Common Stock,Consumer Discretionary,Hotels/Resorts,4456499962.0,,45179440.00405515,United States
CHKP,Check Point Software Technologies Ltd. Ordinary Shares,Technology,Computer Software: Prepackaged Software,13909169370.0,1996.0,102100634.0013213,Israel
CHMG,Chemung Financial Corp Common Stock,Finance,Major Banks,398615198.0,,4821472.004838222,United States
CHMI,Cherry Hill Mortgage Investment Corporation Common Stock,Real Estate,Real Estate Investment Trusts,105669547.0,2013.0,36947394.055944055,
CHNR,China Natural Resources Inc. Common Stock,Basic Materials,Precious Metals,4710904.0,,1233220.942408377,Hong Kong
CHOW,ChowChow Cloud International Holdings Limited Ordinary Shares,Technology,Computer Software: Prepackaged Software,19711146.0,2025.0,35490000.0,
CHPT,ChargePoint Holdings Inc. Common Stock,Miscellaneous,Industrial Machinery/Components,266355214.0,2019.0,26850323.991935484,United States
CHR,Cheer Holding Inc. Class A Ordinary Share,Technology,EDP Services,3319954.0,2018.0,2062083.2298136645,China
CHRD,Chord Energy Corporation Common Stock,Energy,Oil & Gas Production,8000657737.0,,54697871.99699186,United States
CHRN,ChronoScale Holdings Corporation Common Stock,Industrials,Industrial Machinery/Components,2931681909.0,,145637452.0119225,United States
CHRS,Coherus Oncology Inc. Common Stock,Health Care,Biotechnology: Biological Products (No Diagnostic Substances),190036188.0,2014.0,154500965.85365853,United States
CHRW,C.H. Robinson Worldwide Inc. Common Stock,Industrials,Integrated Freight & Logistics,17974060506.0,1997.0,116851258.00286049,United States
CHSN,Chanson International Holding Class A Ordinary Shares,Consumer Staples,Packaged Foods,3932745.0,2023.0,3709786.812564852,China
CHT,Chunghwa Telecom Co. Ltd.,Telecommunications,Telecommunications Equipment,35467045581.0,,775744654.0026248,Taiwan
CHTR,Charter Communications Inc. Class A Common Stock New,Telecommunications,Cable & Other Pay Television Services,15281200108.0,,114577491.99970008,United States
CHWY,Chewy Inc. Class A Common Stock,Consumer Discretionary,Catalog/Specialty Distribution,8400279504.0,2019.0,401927248.99521536,United States
CHYM,Chime Financial Inc. Class A Common Stock,Finance,Finance: Consumer Services,11630134610.0,2025.0,378585111.0026042,United States
CI,The Cigna Group Common Stock,Health Care,Medical Specialities,72930374136.0,,264240486.0,United States
CIA,Citizens Inc. Class A Common Stock ($1.00 Par),Finance,Life Insurance,176238016.0,1994.0,50643108.04597701,United States
CIEN,Ciena Corporation Common Stock,Utilities,Telecommunications Equipment,48817584731.0,1997.0,141808524.99927378,United States
CIFR,Cipher Digital Inc. Common Stock,Finance,Finance: Consumer Services,7030620431.0,2020.0,415030722.0188901,United States
CIGI,Colliers International Group Inc. Subordinate Voting Shares,Finance,Real Estate,4536997228.0,,51103820.99571975,Canada
CIGL,Concorde International Group Ltd Class A Ordinary Shares,Consumer Discretionary,Diversified Commercial Services,96014853.0,2025.0,226985468.0851064,Singapore
CIIT,Tianci International Inc. Common Stock,Telecommunications,Computer Communications Equipment,2341086.0,,967390.9090909092,Hong Kong
CIM,Chimera Investment Corporation Common Stock,Real Estate,Real Estate Investment Trusts,920829998.0,2007.0,83711818.0,United States
CINF,Cincinnati Financial Corporation Common Stock,Finance,Property-Casualty Insurers,26075919846.0,,153478045.0029429,United States
CING,Cingulate Inc. Common Stock,Health Care,Biotechnology: Pharmaceutical Preparations,74890404.0,2021.0,14541826.019417474,United States
CINT,CI&T Inc Class A Common Shares,Technology,EDP Services,404713824.0,2021.0,128889752.86624204,
CION,CION Investment Corporation Common Stock,Finance,Finance/Investors Services,357211631.0,2021.0,49202703.99449036,United States
CIRC,Circle8 Group Inc. Common Stock,Industrials,Biotechnology: Laboratory Analytical Instruments,55132696.0,2024.0,114406922.5980494,United States
CISO,CISO Global Inc. Common Stock,Consumer Discretionary,Professional Services,11144680.0,,45525653.59477124,United States
CISS,C3is Inc. Common Stock,Consumer Discretionary,Marine Transportation,1979000.0,,1487969.92481203,Greece
CITR,CitroTech Inc. Common Stock,Industrials,Major Chemicals,114797183.0,,22553474.066797644,
CIVB,Civista Bancshares Inc. Common Stock,Finance,Major Banks,566227101.0,,20794238.00954829,United States
CIX,CompX International Inc. Common Stock,Consumer Discretionary,Industrial Machinery/Components,465708802.0,1998.0,12336657.006622516,United States
CJMB,Callan JMB Inc. Common Stock,Consumer Discretionary,Business Services,13345494.0,2025.0,5752368.103448276,United States
CKX,CKX Lands Inc. Common Stock,Energy,Oil & Gas Production,21783699.0,2003.0,2053129.0292177196,United States
CL,Colgate-Palmolive Company Common Stock,Consumer Discretionary,Package Goods/Cosmetics,69935972288.0,,797172828.9980623,United States
CLAR,Clarus Corporation Common Stock,Consumer Discretionary,Recreational Games/Products/Toys,137071595.0,,38288155.02793296,United States
CLB,Core Laboratories Inc. Common Stock,Energy,Oilfield Services/Equipment,523083779.0,2023.0,45884542.01754386,Netherlands
CLBK,Columbia Financial Inc. Common Stock,Finance,Savings Institutions,1201748267.0,2018.0,104047469.004329,United States
CLBT,Cellebrite DI Ltd. Ordinary Shares,Technology,Computer Software: Prepackaged Software,2970851329.0,,251341059.98307952,Israel
CLDI,Calidi Biotherapeutics Inc. Common Stock,Health Care,Biotechnology: Biological Products (No Diagnostic Substances),3281914.0,2021.0,2584184.251968504,
CLDT,Chatham Lodging Trust (REIT) Common Shares of Beneficial Interest,Real Estate,Real Estate Investment Trusts,596039859.0,2010.0,46565613.984375,United States
CLDX,Celldex Therapeutics Inc.,Health Care,Biotechnology: In Vitro & In Vivo Diagnostic Substances,3061081157.0,,78529531.9907645,United States
CLF,Cleveland-Cliffs Inc. Common Stock,Basic Materials,Metal Mining,7280091000.0,,570540047.0219436,United States
CLFD,Clearfield Inc. Common Stock,Utilities,Telecommunications Equipment,416212381.0,,13583954.993472584,United States
CLGN,CollPlant Biotechnologies Ltd Ordinary Shares,Health Care,Industrial Specialties,7865815.0,,1890820.9134615385,Israel
CLH,Clean Harbors Inc. Common Stock,Industrials,Environmental Services,16657016106.0,,52787247.99873237,United States
CLIK,Click Holdings Limited Class A Ordinary Share,Consumer Discretionary,Diversified Commercial Services,10361270.0,2024.0,8563033.05785124,Hong Kong
CLIR,ClearSign Technologies Corporation Common Stock (DE),Industrials,Industrial Machinery/Components,24574913.0,2012.0,6807455.12465374,United States
CLMB,Climb Global Solutions Inc. Common Stock,Technology,Retail: Computer Software & Peripheral Equipment,519512190.0,,18660639.00862069,United States
CLMT,Calumet Inc. Common Stock,Energy,Integrated oil Companies,5190390718.0,2006.0,87898234.00508045,United States
CLNE,Clean Energy Fuels Corp. Common Stock,Utilities,Natural Gas Distribution,383574326.0,2007.0,220445014.94252872,United States
CLNN,Clene Inc. Common Stock,Health Care,Biotechnology: Pharmaceutical Preparations,53321329.0,,12848513.012048192,United States
CLOV,Clover Health Investments Corp. Class A Common Stock,Health Care,Medical Specialities,2411449434.0,,531156262.9955947,United States
CLPR,Clipper Realty Inc. Common Stock,Real Estate,Real Estate Investment Trusts,55097300.0,2017.0,16157565.982404692,United States
CLPS,CLPS Incorporation Common Stock,Technology,Computer Software: Prepackaged Software,30040887.0,2018.0,29743452.475247525,China
CLPT,ClearPoint Neuro Inc. Common Stock,Health Care,Medical/Dental Instruments,419128079.0,,30504227.001455605,United States
CLRB,Cellectar Biosciences Inc.  Common Stock,Health Care,Biotechnology: Pharmaceutical Preparations,22685059.0,,9452107.916666668,United States
CLRO,ClearOne Inc. Common Stock,Utilities,Telecommunications Equipment,11049452.0,,2675412.10653753,United States
CLS,Celestica Inc. Common Stock,Technology,Electrical Products,37934226924.0,1998.0,114973107.00127296,Canada
CLSK,CleanSpark Inc. Common Stock,Finance,Finance: Consumer Services,3428507925.0,,256817073.03370783,United States
CLST,Catalyst Bancorp Inc. Common Stock,Finance,Savings Institutions,72567900.0,2021.0,4033790.994997221,United States
CLVT,Clarivate Plc Ordinary Shares,Technology,EDP Services,1215361606.0,2019.0,639664003.1578947,United Kingdom
CLW,Clearwater Paper Corporation Common Stock,Basic Materials,Paper,338683044.0,,16127764.0,United States
CLWT,Euro Tech Holdings Company Limited Common Stock,Consumer Discretionary,Professional and commerical equipment,11191311.0,1997.0,7411464.238410596,Hong Kong
CLX,Clorox Company (The) Common Stock,Consumer Discretionary,Specialty Chemicals,10279135425.0,,120931005.0,United States
CLYM,Climb Bio Inc. Common Stock,Health Care,Biotechnology: Pharmaceutical Preparations,807553745.0,2021.0,57436254.97866287,United States
CM,Canadian Imperial Bank of Commerce Common Stock,Finance,Commercial Banks,103307249382.0,,907956138.003164,Canada
CMBT,CMB.TECH NV Ordinary Shares,Consumer Discretionary,Marine Transportation,6449103775.0,2015.0,315977646.9867712,
CMC,Commercial Metals Company Common Stock,Industrials,Steel/Iron Ore,7422892879.0,,110624335.00745158,United States
CMCL,Caledonia Mining Corporation Plc Common Shares,Basic Materials,Precious Metals,469262367.0,,19335078.98640297,Canada
CMCO,Columbus McKinnon Corporation Common Stock,Industrials,Construction/Ag Equipment/Trucks,454323201.0,1996.0,28864244.027954254,United States
CMCSA,Comcast Corporation Class A Common Stock,Telecommunications,Cable & Other Pay Television Services,81299263887.0,,3548636572.9812307,United States
CMCT,Creative Media & Community Trust Corporation Common stock,Real Estate,Real Estate Investment Trusts,7604532.0,,2947493.023255814,United States
CMDB,Costamare Bulkers Holdings Limited Common Stock,Consumer Discretionary,Marine Transportation,584200204.0,2025.0,24180472.01986755,
CME,CME Group Inc. Class A Common Stock,Finance,Investment Bankers/Brokers/Service,97499917162.0,2002.0,359579262.9983404,United States
CMG,Chipotle Mexican Grill Inc. Common Stock,Consumer Discretionary,Restaurants,42404157180.0,2006.0,1265418000.0,United States
CMI,Cummins Inc. Common Stock,Industrials,Industrial Machinery/Components,72119671450.0,,137664487.0008399,United States
CMND,Clearmind Medicine Inc. Common Shares,Health Care,Biotechnology: Pharmaceutical Preparations,1840591.0,,2145210.955710956,Canada
CMP,Compass Minerals Intl Inc Common Stock,Industrials,Mining & Quarrying of Nonmetallic Minerals (No Fuels),1003342889.0,2003.0,41980874.0167364,United States
CMPR,Cimpress plc Ordinary Shares (Ireland),Consumer Discretionary,Publishing,1984969284.0,2005.0,24349476.005888127,Netherlands
CMPS,COMPASS Pathways Plc American Depository Shares,Health Care,Biotechnology: Pharmaceutical Preparations,2077152330.0,2020.0,138476822.0,United Kingdom
CMPX,Compass Therapeutics Inc. Common Stock,Health Care,Biotechnology: Biological Products (No Diagnostic Substances),333162643.0,,180087915.1351351,United States
CMRC,Commerce.com Inc. Series 1 Common Stock,Technology,Computer Software: Prepackaged Software,282549159.0,2020.0,82858990.9090909,United States
CMRE,Costamare Inc. Common Stock $0.0001 par value,Consumer Discretionary,Marine Transportation,1853449226.0,2010.0,120588759.01106052,Greece
CMS,CMS Energy Corporation Common Stock,Utilities,Power Generation,20758806403.0,,313577135.9969788,United States
CMT,Core Molding Technologies Inc Common Stock,Industrials,Plastic Products,209279654.0,1996.0,8849033.99577167,United States
CMTG,Claros Mortgage Trust Inc. Common Stock,Finance,Real Estate,205982941.0,2021.0,141084206.16438356,United States
CMTL,Comtech Telecommunications Corp. Common Stock,Technology,Radio And Television Broadcasting And Communications Equipment,45541375.0,,29961430.92105263,United States
CMTV,Community Bancorp. Common Stock,Finance,Major Banks,232941514.0,,5600901.995672036,United States
CNA,CNA Financial Corporation Common Stock,Finance,Property-Casualty Insurers,13042964730.0,,270600928.00829875,United States
CNC,Centene Corporation Common Stock,Health Care,Medical Specialities,33147064500.0,,493995000.00000006,United States
CNCK,Coincheck Group N.V. Ordinary Shares,Finance,Finance: Consumer Services,364416149.0,,191797973.1578948,Netherlands
CNDT,Conduent Incorporated Common Stock,Consumer Discretionary,Business Services,264385360.0,,155520800.0,United States
CNET,ZW Data Action Technologies Inc. Common Stock,Technology,Computer Software: Programming Data Processing,4603878.0,,3668428.685258965,China
CNEY,CN Energy Group Inc. Class A Ordinary Shares,Industrials,Major Chemicals,4324783.0,2021.0,8203306.145675265,China
CNH,CNH Industrial N.V. Common Shares,Industrials,Construction/Ag Equipment/Trucks,16771186731.0,2013.0,1237725958.00738,United Kingdom
CNI,Canadian National Railway Company Common Stock,Industrials,Railroads,72413467000.0,,604100000.0,Canada
CNK,Cinemark Holdings Inc Cinemark Holdings Inc. Common Stock,Consumer Discretionary,Movies/Entertainment,4001277235.0,2007.0,115911855.01158749,United States
CNL,Collective Mining Ltd. Common Shares,,,1195453493.0,,92742706.98215672,United States
CNM,Core & Main Inc. Class A Common Stock,Consumer Discretionary,Durable Goods,8172194745.0,2021.0,190494050.0,United States
CNMD,CONMED Corporation Common Stock,Health Care,Biotechnology: Electromedical & Electrotherapeutic Apparatus,1381651070.0,1987.0,29951247.99479731,United States
CNNE,Cannae Holdings Inc. Common Stock,Consumer Discretionary,Restaurants,663625673.0,2017.0,43374226.99346405,United States
CNO,CNO Financial Group Inc. Common Stock,Finance,Accident &Health Insurance,5141412586.0,,92521370.9915422,United States
CNOB,ConnectOne Bancorp Inc. Common Stock,Finance,Major Banks,1715191054.0,,54295379.99366888,United States
CNP,CenterPoint Energy Inc (Holding Co) Common Stock,Utilities,Electric Utilities: Central,25400254305.0,,658720287.9927386,United States
CNQ,Canadian Natural Resources Limited Common Stock,Energy,Oil & Gas Production,104724680800.0,,2068840000.0,Canada
CNR,Core Natural Resources Inc. Common Stock,Energy,Coal Mining,4632055503.0,2017.0,49636256.99742821,United States
CNS,Cohen & Steers Inc Common Stock,Finance,Investment Managers,3744516033.0,2004.0,51421532.999176055,United States
CNSP,CNS Pharmaceuticals Inc. Common Stock,Health Care,Biotechnology: Pharmaceutical Preparations,7482619.0,2019.0,1461449.0234375,United States
CNSY,Cerenome Inc. Common Stock,Health Care,Medical/Dental Instruments,15406939.0,,7589625.1231527105,United States
CNTB,Connect Biopharma Holdings Limited Ordinary Shares,Health Care,Biotechnology: Pharmaceutical Preparations,81236859.0,2021.0,62974309.30232558,China
CNTN,Canton Strategic Holdings Inc. Common Stock,Health Care,Biotechnology: Pharmaceutical Preparations,167330858.0,2022.0,79681360.95238096,United States
CNTX,Context Therapeutics Inc. Common Stock,Health Care,Biotechnology: Pharmaceutical Preparations,35226476.0,2021.0,91879175.79551382,United States
CNTY,Century Casinos Inc. Common Stock,Consumer Discretionary,Hotels/Resorts,32358346.0,,28137692.173913047,United States
CNVS,Cineverse Corp. Class A Common Stock,Consumer Discretionary,Consumer Electronics/Video Chains,50633054.0,,23771386.85446009,United States
CNX,CNX Resources Corporation Common Stock,Energy,Oil & Gas Production,4959070712.0,1999.0,147943636.99284008,United States
CNXC,Concentrix Corporation Common Stock,Technology,Computer Software: Prepackaged Software,1729260039.0,,61018350.0,United States
CNXN,PC Connection Inc. Common Stock,Consumer Discretionary,Catalog/Specialty Distribution,2182086040.0,,25238099.00532038,United States
CNXU,Conexeu Sciences Inc. Common Stock,Health Care,Industrial Specialties,149495499.0,,28206697.924528304,United States
COAG,Hemab Therapeutics Holdings Inc. Common Stock,Health Care,Biotechnology: Biological Products (No Diagnostic Substances),1925473463.0,2026.0,46712117.00630762,United States
COCH,Envoy Medical Inc. Class A Common Stock,Health Care,Industrial Specialties,52507764.0,2021.0,77194595.70714496,United States
COCO,The Vita Coco Company Inc. Common Stock,Consumer Staples,Beverages (Production/Distribution),3300961696.0,2021.0,58694198.00853485,United States
COCP,Cocrystal Pharma Inc. Common Stock,Health Care,Biotechnology: Pharmaceutical Preparations,21960048.0,,19263200.0,United States
CODA,Coda Octopus Group Inc. Common stock,Industrials,Industrial Machinery/Components,121631829.0,,11283101.020408165,United States
CODI,D/B/A Compass Diversified Holdings Shares of Beneficial Interest,Consumer Discretionary,Home Furnishings,833614503.0,2006.0,75235965.97472924,United States
CODX,Co-Diagnostics Inc. Common Stock,Health Care,Medical/Dental Instruments,6564534.0,2026.0,6981318.728065511,United States
COF,Capital One Financial Corporation Common Stock,Finance,Major Banks,123948476265.0,1994.0,613484835.9978223,United States
COFS,ChoiceOne Financial Services Inc. Common Stock,Finance,Major Banks,499663923.0,,14955519.99401377,United States
COGT,Cogent Biosciences Inc. Common Stock,Health Care,Biotechnology: Pharmaceutical Preparations,5759294153.0,2018.0,173524982.01265442,United States
COHN,Cohen & Company Inc.,Finance,Investment Bankers/Brokers/Service,32612597.0,,3228970.0,United States
COHR,Coherent Corp. Common Stock,Technology,Electronic Components,57962428171.0,,195832245.9997297,United States
COHU,Cohu Inc. Common Stock,Industrials,Electrical Products,2603613815.0,,47338433.0,United States
COIN,Coinbase Global Inc. Class A Common Stock,Finance,Finance: Consumer Services,45899709494.0,,263836922.9982181,United States
COKE,Coca-Cola Consolidated Inc. Common Stock,Consumer Staples,Beverages (Production/Distribution),13244297577.0,1972.0,66564293.99909534,United States
COLB,Columbia Banking System Inc. Common Stock,Finance,Major Banks,8471508415.0,1992.0,282902267.9913174,United States
COLD,Americold Realty Trust Inc. Common Stock,Real Estate,Real Estate Investment Trusts,4242240988.0,2018.0,285480551.0094213,United States
COLL,Collegium Pharmaceutical Inc. Common Stock,Health Care,Biotechnology: Pharmaceutical Preparations,728594619.0,2015.0,32555613.002680965,United States
COLM,Columbia Sportswear Company Common Stock,Consumer Discretionary,Apparel,2920571718.0,1998.0,51193194.00525855,United States
COMP,Compass Inc. Class A Common Stock,Finance,Real Estate,7938832625.0,2021.0,757522197.0419847,United States
CON,Concentra Group Holdings Parent Inc. Common Stock,Health Care,Medical Specialities,4530705160.0,2024.0,127517735.99774836,United States
COO,The Cooper Companies Inc. Common Stock,Health Care,Ophthalmic Goods,10225600935.0,,190155294.0027894,United States
COOK,Traeger Inc. Common Stock,Consumer Discretionary,Consumer Electronics/Appliances,139463484.0,2021.0,2798223.996789727,United States
COOT,Australian Oilseeds Holdings Limited Ordinary Shares,Consumer Staples,Packaged Foods,13915750.0,,30068604.14866033,Australia
COP,ConocoPhillips Common Stock,Energy,Integrated oil Companies,160006138828.0,,1201337478.999925,United States
COPR,Idaho Copper Corporation Common Stock,Basic Materials,Metal Mining,61969393.0,2026.0,18778603.93939394,
COR,Cencora Inc. Common Stock,Health Care,Other Pharmaceuticals,59043833123.0,,190827165.0011312,United States
CORT,Corcept Therapeutics Incorporated Common Stock,Health Care,Biotechnology: Pharmaceutical Preparations,12416181879.0,2004.0,108098396.99634336,United States
CORZ,Core Scientific Inc. Common Stock,Finance,Finance: Consumer Services,5507775159.0,,321340441.0151692,United States
COSM,Cosmos Health Inc. Common Stock,Health Care,Other Pharmaceuticals,29817787.0,,100633773.20283496,United States
COSO,CoastalSouth Bancshares Inc. Common Stock,Finance,Major Banks,325758654.0,2025.0,11954446.018348625,United States
COST,Costco Wholesale Corporation Common Stock,Consumer Discretionary,Department/Specialty Retail Stores,396439007260.0,,443478804.0003132,United States
COTY,Coty Inc. Class A Common Stock,Consumer Discretionary,Package Goods/Cosmetics,2166488701.0,2013.0,880686463.8211383,United States
COUR,Coursera Inc. Common Stock,Technology,Computer Software: Prepackaged Software,1361660000.0,2021.0,264400000.0,United States
COYA,Coya Therapeutics Inc. Common Stock,Health Care,Biotechnology: Pharmaceutical Preparations,111659361.0,2022.0,23457848.94957983,United States
CP,Canadian Pacific Kansas City Limited Common Shares,Industrials,Railroads,79215188776.0,,892263897.0038297,Canada
CPA,Copa Holdings S.A. Class A Common Stock,Consumer Discretionary,Air Freight/Delivery Services,5391207371.0,2005.0,41138553.002670735,Panama
CPAY,Corpay Inc. Common Stock,Consumer Discretionary,Business Services,26543549492.0,,65659599.00064315,United States
CPB,The Campbell's Company Common Stock,Consumer Staples,Packaged Foods,6316008227.0,,298206243.01227576,United States
CPBI,Central Plains Bancshares Inc. Common Stock,Finance,Savings Institutions,89536185.0,2023.0,4172236.0205032616,United States
CPF,Central Pacific Financial Corp New,Finance,Major Banks,961666585.0,,25747431.994645245,United States
CPHC,Canterbury Park Holding Corporation 'New' Common Stock,Consumer Discretionary,Services-Misc. Amusement & Recreation,81803287.0,,5183393.972804116,United States
CPHI,China Pharma Holdings Inc. Common Stock,Health Care,Biotechnology: Pharmaceutical Preparations,30588643.0,,43022001.40646976,China
CPIX,Cumberland Pharmaceuticals Inc. Common Stock,Health Care,Biotechnology: Pharmaceutical Preparations,107728539.0,2009.0,14983106.95410292,United States
CPK,Chesapeake Utilities Corporation Common Stock,Utilities,Oil & Gas Production,3154088572.0,,24106454.998471417,United States
CPNG,Coupang Inc. Class A Common Stock,Consumer Discretionary,Catalog/Specialty Distribution,25992019211.0,2021.0,1797511702.0055325,United States
CPOP,Pop Culture Group Co. Ltd Class A Ordinary Shares,Consumer Discretionary,Services-Misc. Amusement & Recreation,3751568.0,2021.0,1008486.0215053764,China
CPRI,Capri Holdings Limited Ordinary Shares,Consumer Discretionary,Apparel,1699091689.0,2011.0,113651617.99331103,Hong Kong
CPRT,Copart Inc. (DE) Common Stock,Consumer Discretionary,Retail-Auto Dealers and Gas Stations,27459568556.0,1994.0,925811481.9959542,United States
CPS,Cooper-Standard Holdings Inc. Common Stock,Consumer Discretionary,Auto Parts:O.E.M.,404427174.0,,17769207.996485062,United States
CPSH,CPS Technologies Corp. Common Stock,Consumer Discretionary,Building Materials,77745647.0,,19387941.895261846,United States
CPSS,Consumer Portfolio Services Inc. Common Stock,Finance,Finance: Consumer Services,207787443.0,1992.0,21554714.004149377,United States
CPT,Camden Property Trust Common Stock,Real Estate,Real Estate Investment Trusts,10147436596.0,1993.0,100539350.00495392,United States
CPZ,Calamos Long/Short Equity & Dynamic Income Trust Common Stock,Finance,Trusts Except Educational Religious and Charitable,250506795.0,2019.0,19632193.96551724,United States
CR,Crane Company Common Stock,Industrials,Metal Fabrications,11431176406.0,2023.0,57800355.99939323,United States
CRAI,CRA International Inc. Common Stock,Consumer Discretionary,Other Consumer Services,1044281198.0,1998.0,6276859.99879786,United States
CRBG,Corebridge Financial Inc. Common Stock,Finance,Life Insurance,15548545567.0,2022.0,445772521.98967886,United States
CRBP,Corbus Pharmaceuticals Holdings Inc. Common Stock,Health Care,Biotechnology: Pharmaceutical Preparations,140417787.0,,19341292.975206614,United States
CRBU,Caribou Biosciences Inc. Common Stock,Health Care,Biotechnology: Biological Products (No Diagnostic Substances),140441842.0,2021.0,107207512.97709922,United States
CRC,California Resources Corporation Common Stock,Energy,Oil & Gas Production,4833578577.0,2020.0,88819892.99889746,United States
CRCL,Circle Internet Group Inc. Class A Common Stock,Finance,Finance: Consumer Services,21602298714.0,2025.0,253875880.99659184,United States
CRCT,Cricut Inc. Class A Common Stock,Technology,Industrial Machinery/Components,1195927615.0,2021.0,209444415.9369527,United States
CRD/A,Crawford & Company,,,,,,
CRD/B,Crawford & Company,,,,,,
CRDF,Cardiff Oncology Inc. Common Stock,Health Care,Biotechnology: Biological Products (No Diagnostic Substances),101133824.0,,77795249.23076923,United States
CRDL,Cardiol Therapeutics Inc. Class A Common Shares,Health Care,Biotechnology: Biological Products (No Diagnostic Substances),224428428.0,,120660445.16129032,Canada
CRDO,Credo Technology Group Holding Ltd Ordinary Shares,Technology,Semiconductors,31622910204.0,2022.0,187951918.00297177,United States
CRE,Cre8 Enterprise Limited Class A Ordinary Shares,Consumer Discretionary,Publishing,5981535.0,2025.0,2013984.8484848484,Hong Kong
CREX,Creative Realities Inc. Common Stock,Technology,EDP Services,36386301.0,,13526505.94795539,United States
CRGO,Freightos Limited Ordinary shares,Industrials,Integrated Freight & Logistics,56760099.0,,52073485.32110091,Israel
CRGY,Crescent Energy Company Class A Common Stock,Energy,Oil & Gas Production,4661996151.0,2021.0,330403696.0311836,United States
CRH,CRH PLC Ordinary Shares,Industrials,Building Materials,58031728754.0,,669339431.9953864,Ireland
CRI,Carter's Inc. Common Stock,Consumer Discretionary,Apparel,1089955083.0,2003.0,36711185.01178848,United States
CRIS,Curis Inc. Common Stock,Health Care,Biotechnology: Biological Products (No Diagnostic Substances),2278184.0,,2090077.0642201835,United States
CRK,Comstock Resources Inc. Common Stock,Energy,Oil & Gas Production,3793577480.0,,293620547.9876161,United States
CRL,Charles River Laboratories International Inc. Common Stock,Health Care,Biotechnology: Commercial Physical & Biological Resarch,13446608076.0,2000.0,47738871.99914794,United States
CRM,Salesforce Inc. Common Stock,Technology,Computer Software: Prepackaged Software,199865550000.0,2004.0,823000000.0,United States
CRMD,CorMedix Inc. Common Stock,Health Care,Biotechnology: Pharmaceutical Preparations,607186284.0,,77944324.00513479,United States
CRML,Critical Metals Corp. Ordinary Shares,Basic Materials,Metal Mining,1009125733.0,,146888752.98398834,British Virgin Islands
CRMT,America's Car-Mart Inc Common Stock,Consumer Discretionary,Retail-Auto Dealers and Gas Stations,14842491.0,,8338478.08988764,United States
CRNC,Cerence Inc. Common Stock,Technology,Computer Software: Prepackaged Software,368626595.0,,45230257.055214725,United States
CRNT,Ceragon Networks Ltd. Ordinary Shares,Technology,Radio And Television Broadcasting And Communications Equipment,192601880.0,,91280511.84834124,Israel
CRON,Cronos Group Inc. Common Share,Health Care, Medicinal Chemicals and Botanical Products ,1241551352.0,,368412864.0949555,Canada
CROX,Crocs Inc. Common Stock,Consumer Discretionary,Shoe Manufacturing,5897244225.0,2006.0,47945075.0,United States
CRS,Carpenter Technology Corporation Common Stock,Industrials,Steel/Iron Ore,20155964378.0,,49558566.00034423,United States
CRSP,CRISPR Therapeutics AG Common Shares,Health Care,Biotechnology: Biological Products (No Diagnostic Substances),5542906333.0,2016.0,96692652.996075,Switzerland
CRSR,Corsair Gaming Inc. Common Stock,Technology,Computer peripheral equipment,1461470716.0,2020.0,108176958.99333829,United States
CRT,Cross Timbers Royalty Trust Common Stock,Energy,Oil & Gas Production,77880000.0,1992.0,6000000.0,United States
CRTO,Criteo S.A. Ordinary Shares,Consumer Discretionary,Advertising,828058747.0,2013.0,48997558.994082846,France
CRUS,Cirrus Logic Inc. Common Stock,Technology,Semiconductors,6032650818.0,1989.0,50117561.00357232,United States
CRVL,CorVel Corp. Common Stock,Finance,Specialty Insurers,3561670838.0,,50516570.9949649,United States
CRVO,CervoMed Inc. Common Stock,Health Care,Biotechnology: Pharmaceutical Preparations,38553695.0,,15119096.078431372,United States
CRVS,Corvus Pharmaceuticals Inc. Common Stock,Health Care,Biotechnology: Pharmaceutical Preparations,1055717847.0,2016.0,84120943.98406374,United States
CRWD,CrowdStrike Holdings Inc. Class A Common Stock,Technology,Computer Software: Prepackaged Software,251580790679.0,2019.0,1023934841.998372,United States
CRWS,Crown Crafts Inc Common Stock,Consumer Discretionary,Textiles,27546335.0,,10760287.109375,United States
CRWV,CoreWeave Inc. Class A Common Stock,Technology,Computer Software: Prepackaged Software,44056743768.0,2025.0,551536602.0030046,United States
CSAI,Cloudastructure Inc. Class A Common Stock,Technology,Computer Software: Programming Data Processing,2936393.0,,867472.082717873,United States
CSAN,Cosan S.A. ADS,Consumer Discretionary,Retail-Auto Dealers and Gas Stations,2776599652.0,2021.0,991642732.8571428,Brazil
CSBR,Champions Oncology Inc. Common Stock,Health Care,Biotechnology: Biological Products (No Diagnostic Substances),70706331.0,,13918569.094488189,United States
CSCO,Cisco Systems Inc. Common Stock (DE),Telecommunications,Computer Communications Equipment,434630776880.0,1990.0,3942586873.0043545,United States
CSGP,CoStar Group Inc. Common Stock,Finance,Real Estate,11870263340.0,1998.0,405197587.9842976,United States
CSHR,CoinShares PLC Ordinary Shares,Finance,Investment Bankers/Brokers/Service,679985878.0,,131780208.91472869,Jersey
CSIQ,Canadian Solar Inc. Common Shares (ON),Technology,Semiconductors,796846507.0,2006.0,67816724.0,Canada
CSL,Carlisle Companies Incorporated Common Stock,Industrials,Specialty Chemicals,12723216789.0,,39714132.999344505,United States
CSPI,CSP Inc. Common Stock,Technology,EDP Services,77419354.0,1982.0,10080645.052083334,United States
CSQ,Calamos Strategic Total Return Common Stock,Finance,Finance Companies,3250840746.0,2004.0,158887621.9941349,United States
CSQR,Csquare Inc. Common Stock,Technology,Computer Software: Programming Data Processing,2961085896.0,2026.0,166633984.01800787,
CSR,D/B/A Centerspace Common Stock,Real Estate,Real Estate Investment Trusts,954579543.0,,16794151.00281492,United States
CSTE,Caesarstone Ltd. Ordinary Shares,Industrials,Building Materials,97161581.0,2012.0,34577075.08896797,Israel
CSTL,Castle Biosciences Inc. Common Stock,Health Care,Medical Specialities,1123610867.0,2019.0,30549506.9874932,United States
CSTM,Constellium SE Ordinary Shares (France),Industrials,Metal Fabrications,3549471196.0,2013.0,135527727.98778158,Netherlands
CSV,Carriage Services Inc. Common Stock,Consumer Discretionary,Other Consumer Services,491080592.0,,15882295.989650711,United States
CSW,CSW Industrials Inc. Common Stock,Industrials,Home Furnishings,4703277957.0,,16293486.998545,United States
CSWC,Capital Southwest Corporation Common Stock,Consumer Discretionary,Textiles,1491998831.0,,62140725.98917118,United States
CSX,CSX Corporation Common Stock,Industrials,Railroads,88733548524.0,,1852474916.993737,United States
CTAS,Cintas Corporation Common Stock,Industrials,Garments and Clothing,79088339195.0,1983.0,399516766.9983835,United States
CTBI,Community Trust Bancorp Inc. Common Stock,Finance,Major Banks,1384216415.0,,18167953.99658748,United States
CTEV,Claritev Corporation Class A Common Stock,Consumer Discretionary,Business Services,537743001.0,2020.0,16947463.00031516,United States
CTGO,Contango Silver & Gold Inc. Common Stock,Basic Materials,Precious Metals,640389233.0,2021.0,33440691.01827677,United States
CTKB,Cytek Biosciences Inc. Common Stock,Industrials,Biotechnology: Laboratory Analytical Instruments,677212748.0,2021.0,129983252.975048,United States
CTM,Castellum Inc. Common Stock,Consumer Discretionary,Professional Services,58252578.0,2022.0,94781285.3888708,
CTMX,CytomX Therapeutics Inc. Common Stock,Health Care,Biotechnology: Pharmaceutical Preparations,614475981.0,2015.0,217899284.0425532,United States
CTNM,Contineum Therapeutics Inc. Class A Common Stock,Health Care,Biotechnology: Pharmaceutical Preparations,496975154.0,2024.0,37621132.02119606,United States
CTNT,Cheetah Net Supply Chain Service Inc Class A Common Stock,Consumer Discretionary,Motor Vehicles,142173.0,2023.0,3159400.0,United States
CTO,CTO Realty Growth Inc. Common Stock,Real Estate,Real Estate Investment Trusts,764703262.0,1992.0,37485454.01960785,United States
CTOR,Citius Oncology Inc. Common Stock,Health Care,Biotechnology: Pharmaceutical Preparations,94840828.0,2022.0,92981203.92156865,United States
CTOS,Custom Truck One Source Inc. Common Stock,Consumer Discretionary,Diversified Commercial Services,2072575424.0,2017.0,227505535.01646543,Cayman Islands
CTRE,CareTrust REIT Inc. Common Stock,Real Estate,Real Estate Investment Trusts,9019311406.0,2022.0,236293199.00445372,United States
CTRI,Centuri Holdings Inc. Common Stock,Utilities,Oil & Gas Production,1931423204.0,2024.0,100963053.00575012,United States
CTRM,Castor Maritime Inc. Common Shares,Consumer Discretionary,Marine Transportation,21353802.0,,9662353.846153846,Cyprus
CTRN,Citi Trends Inc. Common Stock,Consumer Discretionary,Clothing/Shoe/Accessory Stores,488274622.0,2005.0,8339447.002561913,United States
CTS,CTS Corporation Common Stock,Technology,Electrical Products,1643123460.0,,28556194.99478624,United States
CTSH,Cognizant Technology Solutions Corporation Class A Common Stock,Technology,EDP Services,27873487653.0,1998.0,450444209.0012928,United States
CTSO,Cytosorbents Corporation Common Stock,Health Care,Medical/Dental Instruments,18150342.0,,3151101.041666667,United States
CTVA,Corteva Inc. Common Stock,Consumer Staples,Farming/Seeds/Milling,54396489880.0,2019.0,667196000.0,United States
CTW,CTW Class A Ordinary Shares,Technology,EDP Services,145392000.0,2025.0,62400000.0,Japan
CTXR,Citius Pharmaceuticals Inc. Common Stock,Health Care,Biotechnology: Pharmaceutical Preparations,16139366.0,,27452570.16499405,United States
CUB,Lionheart Holdings Class A Ordinary Shares,Industrials,Industrial Machinery/Components,345324421.0,2024.0,31768575.988960445,United States
CUBE,CubeSmart Common Shares,Real Estate,Real Estate Investment Trusts,9049270948.0,,225162252.9982583,United States
CUBI,Customers Bancorp Inc Common Stock,Finance,Major Banks,2634460646.0,,33783798.99974352,United States
CUE,Cue Biopharma Inc. Common Stock,Health Care,Biotechnology: Pharmaceutical Preparations,274885426.0,2018.0,7264414.006342494,United States
CULP,Culp Inc. Common Stock,Consumer Discretionary,Textiles,46356579.0,,12735323.9010989,United States
CUPR,Cuprina Holdings (Cayman) Limited Class A Ordinary Shares,Health Care,Industrial Specialties,4638595.0,2025.0,2681268.786127168,Singapore
CURB,Curbline Properties Corp. Common Stock,Finance,Real Estate,3306192839.0,2024.0,115038025.01739736,United States
CURI,CuriosityStream Inc. Class A Common Stock,Consumer Discretionary,Movies/Entertainment,165849788.0,2020.0,59338027.906976745,United States
CURR,Currenc Group Inc. Ordinary Shares,Consumer Discretionary,Business Services,348073844.0,,112281885.16129032,Singapore
CURV,Torrid Holdings Inc. Common Stock,Consumer Discretionary,Clothing/Shoe/Accessory Stores,231349089.0,2021.0,99719434.91379312,United States
CURX,Curanex Pharmaceuticals Inc Common Stock,Health Care,Biotechnology: Pharmaceutical Preparations,7213909.0,2025.0,1568241.086956522,United States
CUZ,Cousins Properties Incorporated Common Stock,Real Estate,Real Estate Investment Trusts,4656592221.0,,164602058.00636268,United States
CV,CapsoVision Inc. Common Stock,Health Care,Biotechnology: Electromedical & Electrotherapeutic Apparatus,316796959.0,2025.0,50046912.95418641,United States
CVBF,CVB Financial Corporation Common Stock,Finance,Major Banks,4014501492.0,,175997434.98465586,United States
CVCO,Cavco Industries Inc. Common Stock When Issued,Consumer Discretionary,Homebuilding,4122903564.0,,7689401.999328584,United States
CVE,Cenovus Energy Inc Common Stock,Energy,Oil & Gas Production,61706250000.0,,1875000000.0,Canada
CVEO,Civeo Corporation (Canada) Common Shares,Consumer Discretionary,Hotels/Resorts,347111725.0,2014.0,10336858.99344848,
CVGI,Commercial Vehicle Group Inc. Common Stock,Consumer Discretionary,Auto Parts:O.E.M.,120679066.0,2004.0,40632682.15488216,United States
CVI,CVR Energy Inc. Common Stock,Energy,Integrated oil Companies,5442726630.0,2007.0,100530599.00258587,United States
CVKD,Cadrenal Therapeutics Inc. Common Stock,Health Care,Biotechnology: Pharmaceutical Preparations,3995703.0,2023.0,3567591.964285714,United States
CVLG,Covenant Logistics Group Inc. Class A Common Stock,Industrials,Trucking Freight/Courier Services,862844452.0,,25377778.0,United States
CVLT,Commvault Systems Inc. Common Stock,Technology,Computer Software: Prepackaged Software,6166536678.0,2006.0,41444564.00295719,United States
CVM,Cel-Sci Corporation Common Stock,Health Care,Biotechnology: Biological Products (No Diagnostic Substances),26207591.0,1997.0,17588987.248322148,United States
CVNA,Carvana Co. Class A Common Stock,Consumer Discretionary,Retail-Auto Dealers and Gas Stations,72454534617.0,2017.0,1100463770.0030377,United States
CVR,Chicago Rivet & Machine Co. Common Stock,Industrials,Industrial Machinery/Components,9893192.0,1930.0,966132.03125,United States
CVRX,CVRx Inc. Common Stock,Health Care,Medical/Dental Instruments,79924791.0,2021.0,26641597.0,United States
CVS,CVS Health Corporation Common Stock,Consumer Staples,Retail-Drug Stores and Proprietary Stores,115452655210.0,,1278970369.004099,United States
CVSA,Covista Inc. Common Shares,Real Estate,Other Consumer Services,4302847236.0,,34038819.99841785,United States
CVU,CPI Aerostructures Inc. Common Stock,Industrials,Military/Government/Technical,66646162.0,2022.0,13249733.996023856,United States
CVV,CVD Equipment Corporation Common Stock,Technology,Industrial Machinery/Components,31766998.0,,6951203.06345733,United States
CVX,Chevron Corporation Common Stock,Energy,Integrated oil Companies,418013928440.0,,1975771273.999149,United States
CW,Curtiss-Wright Corporation Common Stock,Technology,Industrial Machinery/Components,20958450248.0,,36934444.00035245,United States
CWBC,Community West Bancshares Common Stock,Finance,Major Banks,705679339.0,,27131078.008458283,United States
CWCO,Consolidated Water Co. Ltd. Ordinary Shares,Utilities,Water Supply,456046395.0,,16012864.992977528,Cayman Islands
CWD,CaliberCos Inc. Class A Common Stock,Finance,Real Estate,5035518.0,2023.0,10384652.505671272,United States
CWEN,Clearway Energy Inc. Class C Common Stock,Utilities,Electric Utilities: Central,5074768462.0,2015.0,163913710.0129199,United States
CWH,Camping World Holdings Inc. Class A Common Stock,Consumer Discretionary,Retail-Auto Dealers and Gas Stations,598077564.0,2016.0,103294916.06217615,United States
CWK,Cushman & Wakefield Ltd. Common Shares,Finance,Real Estate,2931574213.0,2018.0,234713708.00640512,United States
CWST,Casella Waste Systems Inc. Class A Common Stock,Utilities,Environmental Services,5645508481.0,1997.0,63640046.00383272,United States
CWT,California Water Service Group Common Stock,Utilities,Water Supply,2960856156.0,,61839101.00250626,United States
CX,Cemex S.A.B. de C.V. Sponsored ADR,Industrials,Building Materials,15447185212.0,,1515916115.0147204,Mexico
CXAI,CXApp Inc. Class A Common Stock,Technology,EDP Services,5913637.0,2021.0,2337405.928853756,United States
CXDO,Crexendo Inc. Common Stock,Telecommunications,Telecommunications Equipment,189879141.0,,33253790.017513134,United States
CXII,Churchill Capital Corp XII Class A Ordinary Shares,Finance,Blank Checks,0.0,2026.0,0.0,United States
CXM,Sprinklr Inc. Class A Common Stock,Technology,Computer Software: Prepackaged Software,1304802931.0,2021.0,232171340.0355872,United States
CXT,Crane NXT Co. Common Stock,Industrials,Metal Fabrications,2606951458.0,,57561303.99646721,United States
CXW,CoreCivic Inc. Common Stock,Real Estate,Real Estate Investment Trusts,3514674599.0,,98893488.99831176,United States
CYAB,Cyabra Inc. Common Stock,Technology,Computer Software: Prepackaged Software,5279121.0,,17597070.0,Israel
CYCU,Cycurion Inc. Common Stock,Technology,EDP Services,11046744.0,2025.0,3230042.1052631577,United States
CYD,China Yuchai International Limited Common Stock,Industrials,Industrial Machinery/Components,1295132475.0,1994.0,37518321.98725376,Singapore
CYH,Community Health Systems Inc. Common Stock,Health Care,Hospital/Nursing Management,411747322.0,2000.0,141009356.84931508,United States
CYN,Cyngn Inc. Common Stock,Technology,EDP Services,11185827.0,2021.0,15348280.735455545,United States
CYPH,Cypherpunk Technologies Inc. Common Stock,Health Care,Biotechnology: Pharmaceutical Preparations,330836653.0,,107764382.08469056,United States
CYRX,CryoPort Inc. Common Stock,Health Care,Biotechnology: Pharmaceutical Preparations,849891898.0,,50649100.0,United States
CYTK,Cytokinetics Incorporated Common Stock,Health Care,Biotechnology: Pharmaceutical Preparations,9720517387.0,2004.0,139023418.0062929,United States
CZFS,Citizens Financial Services Inc. Common Stock,Finance,Major Banks,392676562.0,,4809854.99755022,United States
CZNC,Citizens & Northern Corp Common Stock,Finance,Major Banks,465051101.0,,17934866.988044735,United States
CZR,Caesars Entertainment Inc. Common Stock,Consumer Discretionary,Hotels/Resorts,6044383437.0,,203720371.99191105,United States
CZWI,Citizens Community Bancorp Inc. Common Stock,Finance,Savings Institutions,207190460.0,2006.0,9650231.020027949,United States
D,Dominion Energy Inc. Common Stock,Utilities,Electric Utilities: Central,56544723261.0,,879525948.9967334,United States
DAC,Danaos Corporation Common Stock,Consumer Discretionary,Marine Transportation,2956244340.0,2006.0,18203475.0,Greece
DAIC,CID HoldCo Inc. Common Stock,Technology,EDP Services,10401801.0,,1962603.962264151,United States
DAIO,Data I/O Corporation Common Stock,Industrials,Electrical Products,29419624.0,1981.0,10395626.855123674,United States
DAKT,Daktronics Inc. Common Stock,Consumer Discretionary,Miscellaneous manufacturing industries,838735816.0,1994.0,48092650.0,United States
DAL,Delta Air Lines Inc. Common Stock,Consumer Discretionary,Air Freight/Delivery Services,52234997273.0,,657623030.001259,United States
DAN,Dana Incorporated Common Stock,Consumer Discretionary,Auto Parts:O.E.M.,3281088710.0,,107576679.01639344,United States
DAR,Darling Ingredients Inc. Common Stock,Consumer Staples,Packaged Foods,10492315885.0,1997.0,157802916.0024064,United States
DARE,Dare Bioscience Inc. Common Stock,Health Care,Biotechnology: Pharmaceutical Preparations,14708540.0,2014.0,19669082.64241776,United States
DASH,DoorDash Inc. Class A Common Stock,Consumer Discretionary,Business Services,84302446623.0,,433297937.0014392,United States
DAVE,Dave Inc. Class A Common Stock,Finance,Finance: Consumer Services,4547210690.0,,12755506.998793794,United States
DB,Deutsche Bank AG Common Stock,Finance,Major Banks,73468670000.0,,1881400000.0,Germany
DBD,Diebold Nixdorf Incorporated Common stock,Miscellaneous,Office Equipment/Supplies/Services,2155268872.0,2023.0,33946587.99810994,United States
DBGI,Digital Brands Group Inc. Common Stock,Consumer Discretionary,Clothing/Shoe/Accessory Stores,4126110.0,2025.0,933509.0497737556,United States
DBI,Designer Brands Inc. Class A Common Stock,Consumer Discretionary,Clothing/Shoe/Accessory Stores,310830296.0,,51123403.94736842,United States
DBRG,DigitalBridge Group Inc.,Real Estate,Real Estate Investment Trusts,2983049921.0,2014.0,187495281.01822752,United States
DBX,Dropbox Inc. Class A Common Stock,Technology,Computer Software: Prepackaged Software,8488926209.0,2018.0,225709285.0039883,United States
DC,Dakota Gold Corp. Common Stock,Basic Materials,Metal Mining,815771785.0,2022.0,134172990.95394737,United States
DCBO,Docebo Inc. Common Shares,Technology,Computer Software: Prepackaged Software,592255882.0,,24947594.01853412,Canada
DCGO,DocGo Inc. Common Stock,Health Care,Medical/Nursing Services,36910174.0,2020.0,98928367.72983114,United States
DCH,Dauch Corporation Common Stock,Consumer Discretionary,Auto Parts:O.E.M.,1451764118.0,,237604601.96399343,United States
DCI,Donaldson Company Inc. Common Stock,Industrials,Pollution Control Equipment,9974146369.0,,115911056.00232424,United States
DCO,Ducommun Incorporated Common Stock,Industrials,Military/Government/Technical,2515019190.0,,15099778.998559078,United States
DCOM,Dime Commercial Bancshares Inc. Common Stock,Finance,Major Banks,1790991493.0,,44156594.99506904,United States
DCOY,Decoy Therapeutics Inc. Common Stock,Health Care,Biotechnology: Pharmaceutical Preparations,1854174.0,2015.0,655185.1590106006,United States
DCTH,Delcath Systems Inc. Common Stock,Health Care,Medical/Dental Instruments,563855419.0,,34698795.015384614,United States
DCX,Digital Currency X Technology Inc. Class A Ordinary Shares,Industrials,Auto Manufacturing,154729119.0,,351577184.730743,Cayman Islands
DD,DuPont de Nemours Inc. Common Stock,Industrials,Major Chemicals,17347620569.0,2017.0,135042975.00389224,United States
DDC,DDC Enterprise Limited Class A Ordinary Shares,Consumer Staples,Packaged Foods,13593172.0,2023.0,58591258.62068965,
DDD,3D Systems Corporation Common Stock,Technology,Computer Software: Prepackaged Software,588160476.0,,166147027.11864406,United States
DDI,DoubleDown Interactive Co. Ltd. American Depository Shares,Technology,EDP Services,631806360.0,2021.0,49553440.0,South Korea
DDOG,Datadog Inc. Class A Common Stock,Technology,Computer Software: Prepackaged Software,84741705664.0,2019.0,359075024.0,United States
DDS,Dillard's Inc. Common Stock,Consumer Discretionary,Department/Specialty Retail Stores,9906792991.0,,15619450.999590073,United States
DDT,Dillard's Capital Trust I,Consumer Discretionary,Department/Specialty Retail Stores,409696638.0,,15619451.008200563,United States
DE,Deere & Company Common Stock,Industrials,Industrial Machinery/Components,184863271230.0,,269625412.00064176,United States
DEA,Easterly Government Properties Inc. Common Stock,Real Estate,Real Estate Investment Trusts,1105432973.0,2015.0,47321616.99486302,United States
DEC,Diversified Energy Company Common Stock,,,1066144882.0,2025.0,76756291.00071993,United States
DECK,Deckers Outdoor Corporation Common Stock,Consumer Discretionary,Shoe Manufacturing,10873578034.0,1993.0,136414226.9978673,United States
DEFT,Defi Technologies Inc. Common Stock,Finance,Finance: Consumer Services,187371409.0,,388093224.93786246,Canada
DEI,Douglas Emmett Inc. Common Stock,Real Estate,Real Estate Investment Trusts,1723423397.0,2006.0,167485266.95821187,United States
DELL,Dell Technologies Inc. Class C Common Stock,Technology,Computer Manufacturing,374112222100.0,2018.0,635812750.0,United States
DEO,Diageo plc Common Stock,Consumer Staples,Beverages (Production/Distribution),48272683317.0,,556649945.9986162,United Kingdom
DERM,Journey Medical Corporation Common Stock,Health Care,Biotechnology: Pharmaceutical Preparations,207731547.0,2021.0,28224394.97282609,United States
DETX,Liberty Defense Holdings Ltd. Common Shares,Industrials,Industrial Machinery/Components,13068561.0,,5681983.043478262,United States
DFDV,DeFi Development Corp. Common Stock,Finance,Finance: Consumer Services,163103950.0,2023.0,32620790.0,United States
DFH,Dream Finders Homes Inc. Class A Common Stock,Consumer Discretionary,Homebuilding,1060166232.0,2022.0,90535118.01878735,United States
DFIN,Donnelley Financial Solutions Inc. Common Stock,Consumer Discretionary,Other Consumer Services,1180590092.0,2016.0,24585383.00708038,United States
DFLI,Dragonfly Energy Holdings Corp. Common Stock (NV),Miscellaneous,Industrial Machinery/Components,13217296.0,2021.0,14978803.26382593,United States
DFNS,T3 Defense Inc. Common Stock,Consumer Discretionary,Professional Services,22381532.0,2020.0,2840295.9390862943,United States
DFSC,DEFSEC Technologies Inc. Common Stock,Technology,Computer Software: Prepackaged Software,8079956.0,,6569069.918699187,Canada
DFTX,Definium Therapeutics Inc. Common Shares,Health Care, Medicinal Chemicals and Botanical Products ,5197313626.0,,134366950.0,United States
DG,Dollar General Corporation Common Stock,Consumer Discretionary,Department/Specialty Retail Stores,27566067911.0,2009.0,220616790.0040016,United States
DGICA,Donegal Group Inc. Class A Common Stock,Finance,Property-Casualty Insurers,700440851.0,,37119281.98198198,United States
DGICB,Donegal Group Inc. Class B Common Stock,Finance,Property-Casualty Insurers,775792994.0,1986.0,37119282.00956938,United States
DGII,Digi International Inc. Common Stock,Telecommunications,Computer Communications Equipment,2757310617.0,1989.0,37948122.99752271,United States
DGNX,Diginex Limited Ordinary Shares,Technology,EDP Services,70683483.0,2025.0,50130129.787234046,Hong Kong
DGX,Quest Diagnostics Incorporated Common Stock,Health Care,Medical Specialities,27311887932.0,,110373360.0,United States
DGXX,Digi Power X Inc. Subordinate Voting Shares,Finance,Finance: Consumer Services,389350483.0,,101393354.94791669,Canada
DH,Definitive Healthcare Corp. Class A Common Stock,Technology,Computer Software: Prepackaged Software,138910298.0,2021.0,144970045.91943225,United States
DHC,Diversified Healthcare Trust Common Shares of Beneficial Interest,Real Estate,Real Estate Investment Trusts,1968508672.0,,242128987.94587943,United States
DHI,D.R. Horton Inc. Common Stock,Consumer Discretionary,Homebuilding,39264463861.0,,279701266.9967232,United States
DHR,Danaher Corporation Common Stock,Industrials,Industrial Machinery/Components,149384536475.0,,702986054.0,United States
DHT,DHT Holdings Inc.,Consumer Discretionary,Marine Transportation,3674970156.0,2005.0,161041636.98510078,Jersey
DHX,DHI Group Inc. Common Stock,Consumer Discretionary,Business Services,216686708.0,2007.0,43424189.97995992,United States
DIBS,1stdibs.com Inc. Common Stock,Consumer Discretionary,Catalog/Specialty Distribution,140175772.0,2021.0,33615293.04556355,United States
DIN,Dine Brands Global Inc. Common Stock,Consumer Discretionary,Restaurants,353443468.0,,12659150.0,United States
DINO,HF Sinclair Corporation Common Stock,Energy,Natural Gas Distribution,20733152470.0,1960.0,177783848.99674153,United States
DIOD,Diodes Incorporated Common Stock,Technology,Semiconductors,4181034297.0,,46051705.00055072,United States
DIS,Walt Disney Company (The) Common Stock,Consumer Discretionary,Services-Misc. Amusement & Recreation,181906465126.0,,1726686902.0028477,United States
DIT,AMCON Distributing Company Common Stock,Consumer Discretionary,Food Distributors,63227094.0,1999.0,976028.002469898,United States
DJCO,Daily Journal Corp. (S.C.) Common Stock,Consumer Discretionary,Newspapers/Magazines,918267213.0,,1377952.00030012,United States
DJT,Trump Media & Technology Group Corp. Common Stock,Technology,Computer Software: Programming Data Processing,2412530258.0,2024.0,277941273.96313363,United States
DK,Delek US Holdings Inc. Common Stock,Energy,Integrated oil Companies,4993483790.0,2017.0,61232174.00367872,United States
DKI,DarkIris Inc. Class A Ordinary Shares,Technology,Computer Software: Prepackaged Software,5567579.0,2025.0,2077454.8507462689,Hong Kong
DKNG,DraftKings Inc. Class A Common Stock,Consumer Discretionary,Services-Misc. Amusement & Recreation,11155322459.0,2019.0,496454048.0195817,United States
DKS,Dick's Sporting Goods Inc Common Stock,Consumer Discretionary,Other Specialty Stores,11019778820.0,2002.0,88926556.00387347,United States
DLB,Dolby Laboratories Common Stock,Miscellaneous,Multi-Sector Companies,5383145649.0,2005.0,93668795.00609012,United States
DLHC,DLH Holdings Corp.,Consumer Discretionary,Professional Services,56232976.0,,14493035.051546391,United States
DLO,DLocal Limited Class A Common Shares,Consumer Discretionary,Business Services,4235222888.0,2021.0,294931955.9888579,Uruguay
DLPN,Dolphin Entertainment Inc. Common Stock,Consumer Discretionary,Other Consumer Services,13937340.0,,13025551.401869155,United States
DLR,Digital Realty Trust Inc. Common Stock,Real Estate,Real Estate Investment Trusts,68182865790.0,2004.0,370036176.00130254,United States
DLTH,Duluth Holdings Inc. Class B Common Stock,Consumer Discretionary,Clothing/Shoe/Accessory Stores,159240954.0,2015.0,38005000.95465393,United States
DLTR,Dollar Tree Inc. Common Stock,Consumer Discretionary,Department/Specialty Retail Stores,21464906206.0,1995.0,187630299.0034965,United States
DLX,Deluxe Corporation Common Stock,Consumer Discretionary,Publishing,1096882457.0,,45856290.0083612,United States
DLXY,Delixy Holdings Limited Class A Ordinary Shares,Energy,Oil Refining/Marketing,13812480.0,2025.0,16350000.0,Singapore
DMAC,DiaMedica Therapeutics Inc. Common Stock,Health Care,Biotechnology: Pharmaceutical Preparations,369391024.0,2018.0,53925696.93430657,United States
DMC,Del Monte Corporation Ordinary Shares,Consumer Staples,Farming/Seeds/Milling,1455403750.0,,47146218.011013925,Cayman Islands
DMRA,Damora Therapeutics Inc. Ordinary Shares,Health Care,Biotechnology: Pharmaceutical Preparations,1406335123.0,2020.0,61735519.00790167,Denmark
DMRC,Digimarc Corporation Common Stock,Technology,EDP Services,119793504.0,,22475329.080675423,United States
DNA,Ginkgo Bioworks Holdings Inc. Class A Common Stock,Health Care,Biotechnology: Biological Products (No Diagnostic Substances),504427772.0,2021.0,64340277.04081633,United States
DNLI,Denali Therapeutics Inc. Common Stock,Health Care,Biotechnology: Biological Products (No Diagnostic Substances),3217728222.0,2017.0,159847402.98062593,United States
DNMX,Dynamix Corporation III Class A Ordinary Shares,Finance,Blank Checks,0.0,2025.0,0.0,United States
DNN,Denison Mines Corp Ordinary Shares (Canada),Basic Materials,Other Metals and Minerals,2616074607.0,,905216126.9896194,Canada
DNOW,DNOW Inc. Common Stock,Consumer Discretionary,Oil and Gas Field Machinery,2883534961.0,2014.0,180785890.9717869,United States
DNTH,Dianthus Therapeutics Inc. Common Stock,Health Care,Biotechnology: Pharmaceutical Preparations,5656084303.0,2018.0,55934377.996439874,United States
DNUT,Krispy Kreme Inc. Common Stock,Consumer Staples,Food Chains,529175000.0,2021.0,173500000.0,United States
DOC,Healthpeak Properties Inc. Common Stock,Real Estate,Real Estate Investment Trusts,14135308830.0,,689527260.0,United States
DOCN,DigitalOcean Holdings Inc. Common Stock,Technology,Computer Software: Programming Data Processing,15635728559.0,2021.0,117579550.0,United States
DOCS,Doximity Inc. Class A Common Stock,Technology,EDP Services,4735995689.0,2021.0,178245980.01505458,United States
DOCU,DocuSign Inc. Common Stock,Technology,Computer Software: Prepackaged Software,13202789209.0,1989.0,186902451.99603623,United States
DOGZ,Dogness (International) Corporation Class A Common Stock,Consumer Discretionary,Miscellaneous manufacturing industries,15506179.0,2017.0,17620657.954545453,China
DOLE,Dole plc Ordinary Shares,Consumer Staples,Farming/Seeds/Milling,1241188724.0,2021.0,94458807.00152206,Ireland
DOMH,Dominari Holdings Inc. Common Stock,Finance,Investment Bankers/Brokers/Service,59154496.0,,24243645.901639342,United States
DOMO,Domo Inc. Class B Common Stock,Technology,Computer Software: Prepackaged Software,181559581.0,2018.0,47036160.88082901,United States
DOO,BRP Inc. Common Subordinate Voting Shares,Consumer Discretionary,Industrial Specialties,4186483770.0,,71150302.00543848,Canada
DORM,Dorman Products Inc. Common Stock,Consumer Discretionary,Auto Parts:O.E.M.,3653662088.0,,29675617.99870045,United States
DOUG,Douglas Elliman Inc. Common Stock,Finance,Real Estate,156331614.0,2021.0,90890473.25581396,United States
DOV,Dover Corporation Common Stock,Industrials,Industrial Machinery/Components,25486885779.0,,134680225.0,United States
DOW,Dow Inc. Common Stock,Industrials,Major Chemicals,21301827567.0,2019.0,722340710.9867752,United States
DOX,Amdocs Limited Ordinary Shares,Technology,EDP Services,6532026605.0,,107949539.00181788,Guernsey
DOYU,DouYu International Holdings Limited ADS,Technology,Computer Software: Programming Data Processing,140331694.0,2019.0,30178858.92473118,China
DPC,DPC Holdings PLC Ordinary Shares,Telecommunications,Metal Fabrications,6035477846.0,2026.0,149393015.990099,
DPRO,Draganfly Inc. Common Shares,Industrials,Aerospace,212750000.0,,37000000.0,Canada
DPU,Top KingWin Ltd Class A Ordinary Shares,Consumer Discretionary,Business Services,4839464.0,2023.0,3005878.260869565,China
DPZ,Domino's Pizza Inc Common Stock,Consumer Discretionary,Food Distributors,9846778423.0,2004.0,33081735.000839915,United States
DRCT,Direct Digital Holdings Inc. Class A Common Stock,Consumer Discretionary,Advertising,1364636.0,2022.0,802727.0588235294,United States
DRH,Diamondrock Hospitality Company Common Stock,Real Estate,Real Estate Investment Trusts,2506419592.0,2005.0,204605680.97959185,United States
DRI,Darden Restaurants Inc. Common Stock,Consumer Discretionary,Restaurants,23584479311.0,,114077968.99970976,United States
DRIO,DarioHealth Corp. Common Stock,Health Care,Medical/Dental Instruments,68498372.0,,9799480.972818311,Israel
DRK,DarkHorse Technologies Inc. Common Shares,,,25156918.0,,8704815.916955017,Canada
DRMA,Dermata Therapeutics Inc. Common Stock,Health Care,Biotechnology: Pharmaceutical Preparations,4665686.0,2021.0,4022143.103448276,United States
DRS,Leonardo DRS Inc. Common Stock,Industrials,Industrial Machinery/Components,9890999546.0,,266891515.0026983,Israel
DRTS,Alpha Tau Medical Ltd. Ordinary Shares,Health Care,Medical/Dental Instruments,1432486605.0,,92478153.97030342,Israel
DRUG,Bright Minds Biosciences Inc. Common Stock,Health Care,Biotechnology: Pharmaceutical Preparations,607132955.0,,9864061.00731113,Canada
DRVN,Driven Brands Holdings Inc. Common Stock,Consumer Discretionary,Automotive Aftermarket,2022652544.0,2021.0,164979815.98694944,United States
DSGN,Design Therapeutics Inc. Common Stock,Health Care,Biotechnology: Pharmaceutical Preparations,801670949.0,2021.0,62581650.97580016,United States
DSGR,Distribution Solutions Group Inc. Common Stock,Consumer Discretionary,Industrial Specialties,1611538902.0,,46255421.98622273,United States
DSGX,Descartes Systems Group Inc. (The) Common Stock,Technology,Computer Software: Prepackaged Software,6812231275.0,,85548552.99510235,Canada
DSP,Viant Technology Inc. Class A Common Stock,Technology,Computer Software: Programming Data Processing,666077877.0,2021.0,66474838.0239521,United States
DSS,DSS Inc. Common Stock,Consumer Discretionary,Containers/Packaging,7229609.0,,10042518.405334074,United States
DSWL,Deswell Industries Inc. Common Shares,Industrials,Plastic Products,50991617.0,1995.0,15885238.940809969,Macau
DSX,Diana Shipping inc. common stock,Consumer Discretionary,Marine Transportation,381950062.0,2005.0,124413700.9771987,Greece
DSY,Big Tree Cloud Holdings Limited Class A Ordinary Shares,Consumer Discretionary,Containers/Packaging,16679071.0,,4751872.07977208,China
DT,Dynatrace Inc. Common Stock,Technology,Computer Software: Prepackaged Software,16134988806.0,2019.0,289002127.99570125,United States
DTCX,Datacentrex Inc. Common Stock,Technology,EDP Services,85505923.0,,40143625.82159624,United States
DTE,DTE Energy Company Common Stock,Utilities,Electric Utilities: Central,27143007720.0,,208088068.99724013,United States
DTI,Drilling Tools International Corporation Common Stock,Consumer Discretionary,Oil and Gas Field Machinery,86441449.0,2021.0,35282224.08163265,United States
DTIL,Precision BioSciences Inc. Common Stock,Health Care,Biotechnology: Biological Products (No Diagnostic Substances),184102365.0,2019.0,27601553.97301349,United States
DTM,DT Midstream Inc. Common Stock,Utilities,Natural Gas Distribution,12843725766.0,2021.0,102015295.99682286,United States
DTSS,Datasea Intelligent Technology Ltd. Class A Ordinary Shares,Technology,Computer Software: Prepackaged Software,17598355.0,,14424881.147540985,China
DTST,Data Storage Corporation Common Stock,Technology,EDP Services,6873183.0,,2337737.832046529,United States
DUK,Duke Energy Corporation (Holding Company) Common Stock,Utilities,Power Generation,92425897958.0,,779702192.998144,United States
DUKR,DUKE Robotics Corp. Common Stock,Industrials,Aerospace,18328982.0,,3425977.943925234,Israel
DUO,Fangdd Network Group Ltd. Class A Ordinary Shares,Finance,Real Estate,20006626.0,2019.0,38548412.33140655,China
DUOL,Duolingo Inc. Class A Common Stock,Technology,Computer Software: Prepackaged Software,6882260170.0,2021.0,46786269.00067981,United States
DUOT,Duos Technologies Group Inc. Common Stock,Technology,Computer Software: Prepackaged Software,267516242.0,,31472499.05882353,United States
DV,DoubleVerify Holdings Inc. Common Stock,Technology,Computer Software: Programming Data Processing,2087672829.0,2021.0,154986846.99331847,United States
DVA,DaVita Inc. Common Stock,Health Care,Misc Health and Biotechnology Services,11681142000.0,,63800000.0,United States
DVLT,Datavault AI Inc. Common Stock,Consumer Discretionary,Business Services,156610247.0,2018.0,949728605.215282,United States
DVN,Devon Energy Corporation Common Stock,Energy,Oil & Gas Production,53592000000.0,1985.0,1100000000.0,United States
DWSN,Dawson Geophysical Company Common Stock,Energy,Oil & Gas Production,100930759.0,,31055618.153846152,United States
DWTX,Dogwood Therapeutics Inc. Common Stock,Health Care,Biotechnology: Pharmaceutical Preparations,58467191.0,2020.0,33992552.906976745,United States
DX,Dynex Capital Inc. Common Stock,Real Estate,Real Estate Investment Trusts,3049971410.0,,248166917.0056957,United States
DXC,DXC Technology Company Common Stock,Technology,EDP Services,1827868202.0,,159778688.98601398,United States
DXCM,DexCom Inc. Common Stock,Health Care,Medical/Dental Instruments,33181332066.0,2005.0,377360764.9948823,United States
DXLG,Destination XL Group Inc. Common Stock,Consumer Discretionary,Clothing/Shoe/Accessory Stores,35878447.0,,55453550.23183925,United States
DXPE,DXP Enterprises Inc. Common Stock,Industrials,Industrial Machinery/Components,2857327633.0,,15517148.001520583,United States
DXR,Daxor Corporation Common Stock,Health Care,Medical/Dental Instruments,67898545.0,,5838223.989681857,United States
DXST,Decent Holding Inc Class A Ordinary Shares,Industrials,Miscellaneous,4628576.0,2025.0,1815127.843137255,China
DXYZ,Destiny Tech100 Inc. Common Stock,,,0.0,2024.0,0.0,
DY,Dycom Industries Inc. Common Stock,Industrials,Water Sewer Pipeline Comm & Power Line Construction,8610651614.0,,30160957.00024519,United States
DYAI,Dyadic International Inc. Common Stock,Health Care,Biotechnology: Biological Products (No Diagnostic Substances),16974991.0,,40063703.09181024,United States
DYN,Dyne Therapeutics Inc. Common Stock,Health Care,Biotechnology: Pharmaceutical Preparations,3372640544.0,2020.0,186746431.00775197,United States
DYNC,Dynamix Corporation Class A Ordinary Shares,,,0.0,2024.0,0.0,United States
DYOR,Insight Digital Partners II Class A Ordinary Shares,Finance,Blank Checks,0.0,2025.0,0.0,United States
E,ENI S.p.A. Common Stock,Energy,Oil & Gas Production,87228328960.0,,1573382556.998557,Italy
EAF,GrafTech International Ltd. Common Stock,Energy,Industrial Machinery/Components,208737312.0,2018.0,26092164.0,United States
EARN,Ellington Credit Company Common Shares of Beneficial Interest,Real Estate,Real Estate Investment Trusts,160002171.0,2013.0,37559195.07042254,United States
EAT,Brinker International Inc. Common Stock,Consumer Discretionary,Restaurants,8334625396.0,,41765010.00200441,United States
EBAY,eBay Inc. Common Stock,Consumer Discretionary,Business Services,50240500000.0,1998.0,445000000.0,United States
EBC,Eastern Bankshares Inc. Common Stock,Finance,Savings Institutions,4924423946.0,2020.0,228511552.01856148,United States
EBF,Ennis Inc. Common Stock,Consumer Discretionary,Office Equipment/Supplies/Services,541130038.0,,25298271.99625993,United States
EBMT,Eagle Bancorp Montana Inc. Common Stock,Finance,Major Banks,174681902.0,2010.0,7965431.007751938,United States
EBON,Ebang International Holdings Inc. Class A Ordinary Shares,Finance,Investment Bankers/Brokers/Service,13349634.0,2020.0,6543938.235294118,China
EBS,Emergent BioSolutions Inc. Common Stock,Health Care,Biotechnology: Pharmaceutical Preparations,359938819.0,2006.0,51273336.03988604,United States
ECAT,BlackRock ESG Capital Allocation Term Trust Common Shares of Beneficial Interest,Finance,Finance/Investors Services,1544167800.0,2021.0,108135000.0,United States
ECBK,ECB Bancorp Inc. Common Stock,Finance,Banks,181351005.0,2022.0,8737701.99951819,United States
ECC,Eagle Point Credit Company Common Share of Beneficial Interest,Finance,Trusts Except Educational Religious and Charitable,222631463.0,2014.0,60662523.97820164,United States
ECG,Everus Construction Group Inc. Common Stock,Consumer Discretionary,Homebuilding,5787575172.0,2024.0,51063835.99788248,United States
ECHO,EchoStar  Corporation Common Stock,Consumer Discretionary,Telecommunications Equipment,27329365809.0,,290490708.00382656,United States
ECL,Ecolab Inc. Common Stock,Consumer Discretionary,Package Goods/Cosmetics,76159674863.0,,280328602.9998528,United States
ECO,Okeanis Eco Tankers Corp. Common Stock,Consumer Discretionary,Marine Transportation,3369553727.0,,39044655.00579374,
ECOR,electroCore Inc. Common Stock,Health Care,Biotechnology: Electromedical & Electrotherapeutic Apparatus,102600771.0,2018.0,9015884.97363796,United States
ECPG,Encore Capital Group Inc Common Stock,Finance,Finance Companies,2124754286.0,,21209366.00119784,United States
ECVT,Ecovyst Inc. Common Stock,Industrials,Major Chemicals,1164743755.0,2017.0,109468398.02631578,United States
ECX,ECARX Holdings Inc. Class A Ordinary shares,Technology,EDP Services,402018283.0,,381059983.8862559,China
ED,Consolidated Edison Inc. Common Stock,Utilities,Power Generation,39601250022.0,,369828633.003362,United States
EDBL,Edible Garden AG Incorporated Common Stock,Consumer Staples,Farming/Seeds/Milling,2732113.0,2022.0,1951509.285714286,United States
EDHL,Everbright Digital Holding Limited Ordinary Shares,Consumer Discretionary,Advertising,31107416.0,2025.0,5959275.095785441,Hong Kong
EDIT,Editas Medicine Inc. Common Stock,Health Care,Biotechnology: Biological Products (No Diagnostic Substances),417737695.0,2016.0,153580034.92647058,United States
EDRY,EuroDry Ltd. Common Shares,Consumer Discretionary,Marine Transportation,205964563.0,,2866590.995128741,Greece
EDSA,Edesa Biotech Inc. Common Shares,Health Care,Biotechnology: Pharmaceutical Preparations,55905413.0,,13503722.946859904,United States
EDTK,Skillful Craftsman Education Technology Limited Ordinary Share,Real Estate,Other Consumer Services,16361446.0,2020.0,16199451.485148516,China
EDU,New Oriental Education & Technology Group Inc. Sponsored ADR representing 10 Ordinary Share (Cayman Islands),Real Estate,Other Consumer Services,8838954788.0,2006.0,159145746.99315807,China
EDUC,Educational Development Corporation Common Stock,Consumer Discretionary,Consumer Specialties,11082453.0,,8524963.846153846,United States
EDVA,Endovia Health Sciences Inc. Common Stock,Consumer Staples,Beverages (Production/Distribution),1977557.0,2021.0,7434424.812030075,
EE,Excelerate Energy Inc. Class A Common Stock,Utilities,Oil/Gas Transmission,4155053127.0,2022.0,113402104.99454148,United States
EEFT,Euronet Worldwide Inc. Common Stock,Finance,Investment Bankers/Brokers/Service,2538207957.0,1997.0,37403595.00442087,United States
EEIQ,EpicQuest Education Group International Limited Common Stock,Real Estate,Other Consumer Services,5944309.0,2021.0,1646622.9916897507,United States
EFC,Ellington Financial Inc. Common Stock,Finance,Real Estate,1621403316.0,2010.0,128887386.00953896,United States
EFOI,Energy Focus Inc. Common Stock,Consumer Discretionary,Building Products,16623669.0,,6369221.83908046,United States
EFOR,Everforth Inc. Common Stock,Consumer Discretionary,Professional Services,1350130000.0,,41000000.0,United States
EFSC,Enterprise Financial Services Corporation Common Stock,Finance,Major Banks,2249003193.0,,36192520.00321854,United States
EFSI,Eagle Financial Services Inc Common Stock,Finance,Major Banks,248339012.0,,5411614.992373066,United States
EFT,Eaton Vance Floating Rate Income Trust Common Shares of Beneficial Interest,Finance,Finance Companies,307194782.0,2004.0,29090414.96212121,United States
EFX,Equifax Inc. Common Stock,Finance,Finance: Consumer Services,18935040688.0,,117484895.99801452,United States
EFXT,Enerflex Ltd Common Shares,Industrials,Industrial Machinery/Components,2780282646.0,2022.0,122102883.00395258,Canada
EG,Everest Group Ltd. Common Stock,Finance,Property-Casualty Insurers,14574840048.0,,38342733.999789536,Bermuda
EGAN,eGain Corporation Common Stock,Technology,Computer Software: Prepackaged Software,142372780.0,1999.0,26171466.911764704,United States
EGBN,Eagle Bancorp Inc. Common Stock,Finance,Major Banks,859952878.0,,30483972.98830202,United States
EGG,Enigmatig Limited Class A Ordinary Shares,Consumer Discretionary,Professional Services,74068232.0,2025.0,27845200.0,
EGHT,8x8 Inc Common Stock,Technology,EDP Services,261428257.0,,144435501.10497236,United States
EGO,Eldorado Gold Corporation Ordinary Shares,Basic Materials,Precious Metals,11077348993.0,,261319863.0101439,Canada
EGP,EastGroup Properties Inc. Common Stock,Real Estate,Real Estate Investment Trusts,10842313907.0,,53773317.00143828,United States
EGY,VAALCO Energy Inc.  Common Stock,Energy,Oil & Gas Production,656396695.0,,105191778.0448718,United States
EH,EHang Holdings Limited ADS,Industrials,Aerospace,350405572.0,2019.0,75845361.90476191,China
EHC,Encompass Health Corporation Common Stock,Health Care,Hospital/Nursing Management,12148177706.0,,98653384.001949,United States
EHGO,Eshallgo Inc. Class A Ordinary Shares,Consumer Discretionary,Diversified Commercial Services,5007280.0,2024.0,5536576.735957541,China
EHLD,Euroholdings Ltd. Common Stock,Consumer Discretionary,Marine Transportation,37919524.0,,2816614.968654366,Greece
EHTH,eHealth Inc. Common Stock,Finance,Specialty Insurers,27314244.0,2006.0,32032653.922833357,United States
EIC,Eagle Point Income Company Common Shares of Beneficial Interest,Finance,Finance/Investors Services,85785080.0,2019.0,8908107.995846312,United States
EIG,Employers Holdings Inc Common Stock,Finance,Property-Casualty Insurers,886530576.0,2007.0,17960505.99675851,United States
EIKN,Eikon Therapeutics Inc. Common Stock,Health Care,Biotechnology: Biological Products (No Diagnostic Substances),465819258.0,2026.0,54165030.0,United States
EIX,Edison International Common Stock,Utilities,Electric Utilities: Central,21357175835.0,,384813979.009009,United States
EJH,E-Home Household Service Holdings Limited Ordinary Shares,Consumer Discretionary,Other Consumer Services,3968191.0,2021.0,3200154.0322580645,China
EL,Estee Lauder Companies Inc. (The) Common Stock,Consumer Discretionary,Package Goods/Cosmetics,33958413499.0,1995.0,361798567.0040486,United States
ELA,Envela Corporation Common Stock,Consumer Discretionary,Consumer Specialties,354920717.0,,25963476.00585223,United States
ELAB,PMGC Holdings Inc. Common Stock,Health Care,Biotechnology: Pharmaceutical Preparations,3821213.0,2023.0,809579.0254237289,United States
ELAN,Elanco Animal Health Incorporated Common Stock,Health Care,Biotechnology: Pharmaceutical Preparations,11361400414.0,2018.0,499621829.991205,United States
ELBM,Electra Battery Materials Corporation Common Stock,Miscellaneous,Industrial Machinery/Components,58772116.0,,106800138.10648736,Canada
ELDN,Eledon Pharmaceuticals Inc. Common Stock,Health Care,Biotechnology: Pharmaceutical Preparations,215342053.0,2014.0,81261152.0754717,United States
ELE,Elemental Royalty Corporation Common Stock,Basic Materials,Precious Metals,1386439688.0,,64306107.97773656,Canada
ELF,e.l.f. Beauty Inc. Common Stock,Consumer Discretionary,Package Goods/Cosmetics,5506626187.0,2016.0,59007996.00300043,United States
ELLO,Ellomay Capital Ltd Ordinary Shares (Israel),Utilities,Electric Utilities: Central,286691184.0,,13783230.0,Israel
ELMD,Electromed Inc. Common Stock,Health Care,Biotechnology: Electromedical & Electrotherapeutic Apparatus,220448395.0,2011.0,8366162.998102467,United States
ELME,Elme Communities Common Stock,Real Estate,Real Estate Investment Trusts,146615507.0,2000.0,88857883.03030303,United States
ELMT,The Elmet Group Co. Common Stock,Industrials,Metal Fabrications,669195171.0,2026.0,30459497.997269005,United States
ELOG,Eastern International Ltd. Ordinary Shares,Industrials,Integrated Freight & Logistics,6962643.0,2025.0,12831999.63140435,China
ELOX,Eloxx Pharmaceuticals Inc. Common Stock,Health Care,Biotechnology: Biological Products (No Diagnostic Substances),70839855.0,,4036458.974358974,United States
ELPW,Elong Power Holding Limited Class A Ordinary Shares,Miscellaneous,Industrial Machinery/Components,2330223.0,,932089.2,China
ELS,Equity Lifestyle Properties Inc. Common Stock,Real Estate,Real Estate Investment Trusts,11857348221.0,,194064619.00163665,United States
ELTK,Eltek Ltd. Ordinary Shares,Technology,Electrical Products,57588917.0,1997.0,6719826.954492415,Israel
ELTX,Elicio Therapeutics Inc. Common Stock,Health Care,Biotechnology: Pharmaceutical Preparations,49015710.0,2021.0,26281882.03753351,United States
ELUT,Elutia Inc. Class A Common Stock,Health Care,Biotechnology: Biological Products (No Diagnostic Substances),37645846.0,2020.0,44289230.5882353,United States
ELV,Elevance Health Inc. Common Stock,Health Care,Medical Specialities,89840272075.0,,216869289.99903443,United States
ELVA,Electrovaya Inc. Common Shares,Miscellaneous,Industrial Machinery/Components,324492842.0,,49998897.07241911,Canada
ELVN,Enliven Therapeutics Inc. Common Stock,Health Care,Biotechnology: Pharmaceutical Preparations,3681123033.0,2020.0,73270761.0071656,United States
ELVR,Elevra Lithium Limited American Depository Shares,Industrials,Mining & Quarrying of Nonmetallic Minerals (No Fuels),762364842.0,,16937677.005109977,Australia
ELWT,Elauwit Connection Inc. Common Stock,Consumer Discretionary,Telecommunications Equipment,47530135.0,2025.0,6619795.961002786,United States
EMA,Emera Incorporated Common Shares,Utilities,Electric Utilities: Central,15169536000.0,2025.0,307200000.0,Canada
EMAT,Evolution Metals & Technologies Corp. Common Stock,Miscellaneous,Industrial Machinery/Components,2499638597.0,,621800646.0199006,United States
EMBC,Embecta Corp. Common Stock,Health Care,Medical/Dental Instruments,294063319.0,,56659599.03660886,United States
EMBJ,Embraer S.A. Common Stock,Industrials,Aerospace,13470553934.0,,180691534.99664652,Brazil
EME,EMCOR Group Inc. Common Stock,Industrials,Engineering & Construction,32167586403.0,,44109900.99964348,United States
EML,Eastern Company (The) Common Stock,Consumer Discretionary,Industrial Machinery/Components,148392980.0,,6017557.98864558,United States
EMN,Eastman Chemical Company Common Stock,Industrials,Major Chemicals,7576360367.0,,114377420.99939616,United States
EMPD,Empery Digital Inc. Common stock,Industrials,Auto Manufacturing,88827951.0,2021.0,28110111.075949367,United States
EMR,Emerson Electric Company Common Stock,Technology,Consumer Electronics/Appliances,82219720000.0,,557800000.0,United States
ENB,Enbridge Inc Common Stock,Energy,Natural Gas Distribution,106475296151.0,,2184108638.994872,Canada
ENGN,enGene Therapeutics Inc. Common Stock,Health Care,Biotechnology: Biological Products (No Diagnostic Substances),128001164.0,,67016316.2303665,Canada
ENGS,Energys Group Limited Ordinary Shares,Industrials,Engineering & Construction,144651351.0,2025.0,54176535.95505618,United Kingdom
ENHA,Enhanced Group Inc. Class A Common Stock,Consumer Discretionary,Services-Misc. Amusement & Recreation,577249051.0,,395376062.3287671,Singapore
ENLT,Enlight Renewable Energy Ltd. Ordinary Shares,Utilities,Electric Utilities: Central,10426232366.0,2023.0,139444059.99732515,Israel
ENLV,Enlivex Ltd. Ordinary Shares,Health Care,Biotechnology: Pharmaceutical Preparations,12715428.0,2014.0,17485462.046204623,Israel
ENOV,Enovis Corporation Common Stock,Health Care,Industrial Specialties,1026516993.0,,57669493.98876404,United States
ENPH,Enphase Energy Inc. Common Stock,Technology,Semiconductors,4759850221.0,2012.0,132144648.00111048,United States
ENR,Energizer Holdings Inc. Common Stock,Miscellaneous,Industrial Machinery/Components,1489519105.0,2015.0,68483637.01149425,United States
ENS,EnerSys Common Stock,Miscellaneous,Industrial Machinery/Components,6335938552.0,2004.0,36065223.9981785,United States
ENSC,Ensysce Biosciences Inc. Common Stock,Health Care,Biotechnology: Pharmaceutical Preparations,8804199.0,,19456793.370165747,United States
ENSG,The Ensign Group Inc. Common Stock,Health Care,Hospital/Nursing Management,10194763355.0,2007.0,58282433.99839927,United States
ENTA,Enanta Pharmaceuticals Inc. Common Stock,Health Care,Biotechnology: Pharmaceutical Preparations,364650033.0,2013.0,29125401.996805117,United States
ENTG,Entegris Inc. Common Stock,Industrials,Plastic Products,20577576000.0,2000.0,152800000.0,United States
ENTX,Entera Bio Ltd. Ordinary Shares,Health Care,Biotechnology: Biological Products (No Diagnostic Substances),526717841.0,2018.0,173834270.9570957,Israel
ENVA,Enova International Inc. Common Stock,Finance,Finance: Consumer Services,4458302311.0,2014.0,24898370.99854797,United States
ENVB,Enveric Biosciences Inc. Common Stock,Health Care,Biotechnology: Pharmaceutical Preparations,7116656.0,,4475884.27672956,United States
ENVX,Enovix Corporation Common Stock,Miscellaneous,Industrial Machinery/Components,645178693.0,2021.0,219448535.0340136,United States
EOCN,Eocene Ltd. Ordinary Shares,Health Care,Biotechnology: Pharmaceutical Preparations,3624646.0,2014.0,1041564.9425287356,Israel
EOG,EOG Resources Inc. Common Stock,Energy,Oil & Gas Production,76303259233.0,,524529176.0019248,United States
EOLS,Evolus Inc. Common Stock,Health Care,Biotechnology: Pharmaceutical Preparations,529064024.0,2018.0,66050439.95006242,United States
EONR,EON Resources Inc. Class A Common Stock,Energy,Oil & Gas Production,28431988.0,2022.0,49968344.46397188,
EOSE,Eos Energy Enterprises Inc. Class A Common Stock,Miscellaneous,Industrial Machinery/Components,1449387621.0,,364167743.9698492,United States
EOT,Eaton Vance Municipal Income Trust EATON VANCE NATIONAL MUNICIPAL OPPORTUNITIES TRUST,Finance,Investment Bankers/Brokers/Service,250623733.0,2009.0,15624921.009975065,United States
EP,Empire Petroleum Corporation Common Stock,Energy,Oil & Gas Production,102745432.0,2022.0,41597340.890688255,United States
EPAC,Enerpac Tool Group Corp. Common Stock,Technology,Industrial Machinery/Components,1820500198.0,,51137646.01123595,United States
EPAM,EPAM Systems Inc. Common Stock,Technology,EDP Services,6040835475.0,2012.0,51586980.99914603,United States
EPC,Edgewell Personal Care Company Common Stock,Consumer Discretionary,Package Goods/Cosmetics,1256383823.0,,46088915.003668375,United States
EPD,Enterprise Products Partners L.P. Common Stock,Utilities,Natural Gas Distribution,83031897148.0,,2159477168.9987,United States
EPM,Evolution Petroleum Corporation Inc. Common Stock,Energy,Oil & Gas Production,132654921.0,,35949843.0894309,United States
EPOW,E-Power Inc. Class A Ordinary Shares,Miscellaneous,Industrial Machinery/Components,15479259.0,2021.0,58170834.27282976,China
EPR,EPR Properties Common Stock,Real Estate,Real Estate Investment Trusts,4378965982.0,1997.0,76608922.00839749,United States
EPRT,Essential Properties Realty Trust Inc. Common Stock,Real Estate,Real Estate Investment Trusts,5796116507.0,2018.0,216273003.9925373,United States
EPRX,Eupraxia Pharmaceuticals Inc. Common Stock,Health Care,Pharmaceuticals and Biotechnology,552297576.0,,65906631.98090692,Canada
EPSM,Epsium Enterprise Limited Class A Ordinary Shares,Consumer Staples,Beverages (Production/Distribution),17335064.0,2025.0,13438034.108527131,Macau
EPSN,Epsilon Energy Ltd. Common Share,Energy,Oil & Gas Production,179885647.0,,30283778.956228957,United States
EQ,Equillium Inc. Common Stock,Health Care,Biotechnology: Pharmaceutical Preparations,119841275.0,2018.0,63408082.010582015,United States
EQBK,Equity Bancshares Inc. Class A Common Stock,Finance,Major Banks,1010885334.0,,20592489.99796293,United States
EQH,Equitable Holdings Inc. Common Stock,Finance,Specialty Insurers,14754819884.0,2018.0,273035156.9948186,United States
EQIX,Equinix Inc. Common Stock REIT,Real Estate,Real Estate Investment Trusts,101231229535.0,2000.0,98671686.00015596,United States
EQNR,Equinor ASA,Energy,Integrated oil Companies,110837014760.0,,2500271030.002256,Norway
EQPT,EquipmentShare.com Inc Class A Common Stock,Consumer Discretionary,Diversified Commercial Services,4654516440.0,2026.0,253375962.98312464,United States
EQS,Equus Total Return Inc. Common Stock,Finance,Finance/Investors Services,13141264.0,,13966695.71686683,United States
EQT,EQT Corporation Common Stock,Energy,Oil & Gas Production,31494730600.0,,625516000.0,United States
EQX,Equinox Gold Corp. Common Shares,Basic Materials,Precious Metals,14266359025.0,,1167459822.0130932,Canada
ERAS,Erasca Inc. Common Stock,Health Care,Biotechnology: Pharmaceutical Preparations,5365349617.0,2021.0,349762035.0065189,United States
ERIE,Erie Indemnity Company Class A Common Stock,Finance,Specialty Insurers,11288146329.0,,46189068.00196408,United States
ERII,Energy Recovery Inc. Common Stock,Technology,Industrial Machinery/Components,359866369.0,2008.0,51044875.03546099,United States
ERNA,Ernexa Therapeutics Inc. Common Stock,Health Care,Biotechnology: Pharmaceutical Preparations,6137865.0,,1632410.9042553192,United States
ERO,Ero Copper Corp. Common Shares,Basic Materials,Metal Mining,3470370775.0,2021.0,104277967.99879809,Canada
EROC,ERock Inc. Class A Common Stock,Energy,Industrial Machinery/Components,2830261032.0,2026.0,219400080.0,
EROK,EagleRock Land LLC Class A shares representing limited liability company interests,Energy,Oil & Gas Production,3131480962.0,2026.0,131519570.01259977,
ES,Eversource Energy (D/B/A) Common Stock,Utilities,Electric Utilities: Central,25986791278.0,,376674753.9933324,United States
ESAB,ESAB Corporation Common Stock,Industrials,Industrial Machinery/Components,4144727893.0,2022.0,62167810.00449977,United States
ESCA,Escalade Incorporated Common Stock,Consumer Discretionary,Recreational Games/Products/Toys,268025461.0,,13766074.011299437,United States
ESE,ESCO Technologies Inc. Common Stock,Telecommunications,Telecommunications Equipment,6739594479.0,,25907566.99853925,United States
ESEA,Euroseas Ltd. Common Stock (Marshall Islands),Consumer Discretionary,Marine Transportation,529826104.0,,7055880.996137967,Greece
ESI,Element Solutions Inc. Common Stock,Industrials,Major Chemicals,8080790708.0,2014.0,243690913.9927624,United States
ESLA,Estrella Immunopharma Inc. Common Stock,Health Care,Biotechnology: Biological Products (No Diagnostic Substances),22879876.0,2021.0,43497863.11787072,United States
ESLT,Elbit Systems Ltd. Ordinary Shares,Industrials,Military/Government/Technical,34814726886.0,,46508932.99935877,Israel
ESNT,Essent Group Ltd. Common Shares,Finance,Property-Casualty Insurers,6066663278.0,2013.0,89876493.00740741,Bermuda
ESOA,Energy Services of America Corporation Common Stock,Industrials,Water Sewer Pipeline Comm & Power Line Construction,203011889.0,,18659180.974264704,United States
ESP,Espey Mfg. & Electronics Corp. Common Stock,Technology,Industrial Machinery/Components,195034522.0,1960.0,2995921.996927804,United States
ESQ,Esquire Financial Holdings Inc. Common Stock,Finance,Commercial Banks,1496852734.0,2017.0,12104583.001779072,United States
ESRT,Empire State Realty Trust Inc. Class A Common Stock,Real Estate,Real Estate Investment Trusts,716209075.0,2013.0,172165643.02884614,United States
ESS,Essex Property Trust Inc. Common Stock,Real Estate,Real Estate Investment Trusts,17403893281.0,1994.0,64268438.99926145,United States
ESTA,Establishment Labs Holdings Inc. Common Shares,Health Care,Industrial Specialties,2073019538.0,2018.0,29801891.000575043,Costa Rica
ESTC,Elastic N.V. Ordinary Shares,Technology,Computer Software: Prepackaged Software,9341074182.0,2018.0,104991280.0044959,United States
ETD,Ethan Allen Interiors Inc. Common Stock,Consumer Discretionary,Home Furnishings,541097739.0,,25202502.98090359,United States
ETN,Eaton Corporation PLC Ordinary Shares,Technology,Industrial Machinery/Components,159034264000.0,,388400000.0,Ireland
ETO,Eaton Vance Tax-Advantage Global Dividend Opp Common Stock,Finance,Investment Managers,498691039.0,2004.0,16388137.988826817,United States
ETON,Eton Pharmaceuticals Inc. Common Stock,Health Care,Biotechnology: Pharmaceutical Preparations,1631239514.0,2018.0,28583134.992114943,United States
ETOR,eToro Group Ltd. Class A Common Shares,Finance,Investment Bankers/Brokers/Service,2249659081.0,2025.0,80546333.01109917,Israel
ETR,Entergy Corporation Common Stock,Utilities,Electric Utilities: Central,48207700058.0,,466631497.99632174,United States
ETS,Elite Express Holding Inc. Class A Common Stock,Industrials,Trucking Freight/Courier Services,107176678.0,2025.0,48716671.81818181,United States
ETSS,Energy Transition Special Opportunities Class A Ordinary Shares,Finance,Blank Checks,0.0,2026.0,0.0,
ETSY,Etsy Inc. Common Stock,Consumer Discretionary,Business Services,6639491650.0,2025.0,91781747.99557644,United States
ETX,Eaton Vance Municipal Income 2028 Term Trust Common Shares of Beneficial Interest,Finance,Investment Managers,193207969.0,2013.0,10884956.0,
EU,enCore Energy Corp. Common Shares,Basic Materials,Other Metals and Minerals,188705107.0,,194280970.8637908,United States
EUDA,EUDA Health Holdings Limited Ordinary Shares,Health Care,Medical/Nursing Services,52161142.0,2021.0,2994325.0287026404,Singapore
EVC,Entravision Communications Corporation Common Stock,Industrials,Broadcasting,717080130.0,2000.0,92288305.01930502,United States
EVCM,EverCommerce Inc. Common Stock,Technology,Computer Software: Prepackaged Software,1356789089.0,2021.0,176665245.9635417,United States
EVER,EverQuote Inc. Class A Common Stock,Technology,Computer Software: Programming Data Processing,806637900.0,2018.0,35239750.98296199,United States
EVEX,Eve Holding Inc. Common Stock,Industrials,Aerospace,717881846.0,2022.0,348486333.0097087,United States
EVF,Eaton Vance Senior Income Trust Common Stock,Finance,Investment Bankers/Brokers/Service,85238850.0,1998.0,17538858.02469136,United States
EVGN,Evogene Ltd Ordinary Shares,Industrials,Agricultural Chemicals,7952848.0,,15801406.715676537,Israel
EVGO,EVgo Inc. Class A Common Stock,Consumer Discretionary,Automotive Aftermarket,462338108.0,,314515719.72789115,United States
EVH,Evolent Health Inc Class A Common Stock,Consumer Discretionary,Other Consumer Services,414927759.0,2015.0,113059334.8773842,United States
EVI,EVI Industries Inc.  Common Stock,Consumer Discretionary,Other Consumer Services,227434875.0,1999.0,12878531.993204985,United States
EVLV,Evolv Technologies Holdings Inc. Class A Common Stock,Technology,Computer peripheral equipment,912875776.0,2020.0,181126146.03174603,United States
EVMN,Evommune Inc. Common Stock,Health Care,Biotechnology: Pharmaceutical Preparations,340057099.0,2025.0,36292113.020277485,United States
EVN,Eaton Vance Municipal Income Trust Common Stock,Finance,Investment Managers,407778436.0,1999.0,39667163.03501946,United States
EVR,Evercore Inc. Class A Common Stock,Finance,Investment Managers,10099397081.0,2006.0,38457778.00159933,United States
EVRG,Evergy Inc. Common Stock,Utilities,Power Generation,18639050184.0,,230567171.99406236,United States
EVTC,Evertec Inc. Common Stock,Technology,EDP Services,1686216735.0,2013.0,59752541.99149539,Puerto Rico
EVTL,Vertical Aerospace Ltd. Ordinary Shares,Industrials,Aerospace,103755424.0,2021.0,171723641.17841774,
EW,Edwards Lifesciences Corporation Common Stock,Health Care,Industrial Specialties,50867300000.0,,576400000.0,United States
EWBC,East West Bancorp Inc. Common Stock,Finance,Major Banks,17234721366.0,,137011855.99809206,United States
EWTX,Edgewise Therapeutics Inc. Common Stock,Health Care,Biotechnology: Pharmaceutical Preparations,5097877815.0,2021.0,108604128.994461,United States
EXC,Exelon Corporation Common Stock,Utilities,Power Generation,44015309153.0,,1032253967.0028144,United States
EXE,Expand Energy Corporation Common Stock,Energy,Oil & Gas Production,20448729682.0,,231503788.9958112,United States
EXEL,Exelixis Inc. Common Stock,Health Care,Biotechnology: Biological Products (No Diagnostic Substances),14492751165.0,2000.0,247781691.99863225,United States
EXFY,Expensify Inc. Class A Common Stock,Technology,Computer Software: Prepackaged Software,213376794.0,2021.0,91186664.10256413,United States
EXK,Endeavour Silver Corporation Ordinary Shares (Canada),Basic Materials,Precious Metals,3011019716.0,,296068801.96656835,Canada
EXLS,ExlService Holdings Inc. Common Stock,Consumer Discretionary,Business Services,5379211465.0,2006.0,151612499.01352876,United States
EXOD,Exodus Movement Inc. Class A Common Stock,Finance,Finance: Consumer Services,193602884.0,,30203258.03432137,United States
EXOZ,eXoZymes Inc. Common Stock,Health Care,Biotechnology: Biological Products (No Diagnostic Substances),57451612.0,2024.0,9281358.966074312,United States
EXP,Eagle Materials Inc Common Stock,Industrials,Building Materials,5452232266.0,,30675325.002813097,United States
EXPD,Expeditors International of Washington Inc. Common Stock,Industrials,Integrated Freight & Logistics,24578626808.0,,129990622.0012693,United States
EXPE,Expedia Group Inc. Common Stock,Consumer Discretionary,Transportation Services,32579805784.0,,114495890.99982429,United States
EXPO,Exponent Inc. Common Stock,Consumer Discretionary,Professional Services,3242167468.0,,47546084.0005866,United States
EXR,Extra Space Storage Inc Common Stock,Real Estate,Real Estate Investment Trusts,29372806649.0,2004.0,211269558.0018701,United States
EXTR,Extreme Networks Inc. Common Stock,Telecommunications,Computer Communications Equipment,2911246468.0,1999.0,130490652.98072614,United States
EXYN,Exyn Technologies Inc. Common Stock,Technology,Computer Software: Prepackaged Software,20918907.0,2026.0,7953957.034220532,United States
EYE,National Vision Holdings Inc. Common Stock,Health Care,Ophthalmic Goods,1333899310.0,2017.0,79069312.98162419,United States
EYPT,EyePoint Inc. Common Stock,Industrials,Biotechnology: Laboratory Analytical Instruments,343986431.0,,86212138.09523809,United States
EZGO,EZGO Technologies Ltd. Ordinary Shares,Consumer Discretionary,Motor Vehicles,4465975.0,2021.0,5305898.776286088,China
EZPW,EZCORP Inc. Class A Non Voting Common Stock,Consumer Discretionary,Other Specialty Stores,1944068448.0,1991.0,61443376.99115044,United States
EZRA,Reliance Global Group Inc. Common Stock,Finance,Specialty Insurers,4451830.0,,1679935.849056604,United States
F,Ford Motor Company Common Stock,Industrials,Auto Manufacturing,53306880274.0,,3916743591.036003,United States
FA,First Advantage Corporation Common Stock,Technology,EDP Services,3617132732.0,2021.0,171753690.97815767,United States
FABC,Fabric.AI Inc. Common Stock,Consumer Discretionary,Telecommunications Equipment,16038274.0,,7003613.100436681,United States
FAC,Factorial Energy Inc. Class A Common Stock,Miscellaneous,Industrial Machinery/Components,604681334.0,2025.0,107023244.9557522,United States
FAF,First American Corporation (New) Common Stock,Finance,Specialty Insurers,7347116000.0,,102100000.0,United States
FAMI,Farmmi Inc. Class A Ordinary Shares,Consumer Staples,Packaged Foods,4092025.0,2018.0,32018974.96087637,China
FANG,Diamondback Energy Inc. Common Stock,Energy,Oil & Gas Production,55147996080.0,2012.0,280024353.000914,United States
FAST,Fastenal Company Common Stock,Consumer Discretionary,RETAIL: Building Materials,56433930640.0,1987.0,1147497572.9971533,United States
FATE,Fate Therapeutics Inc. Common Stock,Health Care,Biotechnology: Biological Products (No Diagnostic Substances),301947695.0,2013.0,119820513.88888888,United States
FATN,FatPipe Inc. Common Stock,Technology,Computer Software: Prepackaged Software,79543275.0,2025.0,14128468.028419184,United States
FBDT,First Breach Inc. Common Stock,Industrials,Ordnance And Accessories,49138833.0,,55776200.90805902,United States
FBGL,FBS Global Limited Ordinary Shares,Consumer Discretionary,Homebuilding,5215582.0,2025.0,13373287.179487178,Singapore
FBIN,Fortune Brands Innovations Inc. Common Stock,Basic Materials,Forest Products,4745016211.0,,119371477.0062893,United States
FBIO,Fortress Biotech Inc. Common Stock,Health Care,Biotechnology: Pharmaceutical Preparations,83710992.0,,33350992.82868526,United States
FBIZ,First Business Financial Services Inc. Common Stock,Finance,Major Banks,598251197.0,,8368320.002797594,United States
FBK,FB Financial Corporation Common Stock,Finance,Major Banks,2673830383.0,2016.0,49978138.0,United States
FBLA,FB Bancorp Inc. Common Stock,Finance,Banks,256606184.0,2024.0,15948177.998756992,United States
FBLG,FibroBiologics Inc. Common Stock,Health Care,Biotechnology: Pharmaceutical Preparations,9887417.0,,6658193.265993265,United States
FBNC,First Bancorp Common Stock,Finance,Major Banks,2594577399.0,1987.0,41374221.001435176,United States
FBP,First BanCorp. New Common Stock,Finance,Major Banks,4201430735.0,,152668267.9869186,Puerto Rico
FBRT,Franklin BSP Realty Trust Inc. Common Stock,Real Estate,Real Estate Investment Trusts,631145162.0,2021.0,83045416.05263159,United States
FBYD,Falcon's Beyond Global Inc. Class A Common Stock,Consumer Discretionary,Services-Misc. Amusement & Recreation,833051034.0,,121259248.03493448,United States
FC,Franklin Covey Company Common Stock,Consumer Discretionary,Other Consumer Services,197868655.0,,11293873.002283106,United States
FCAP,First Capital Inc. Common Stock,Finance,Savings Institutions,205995454.0,,3344625.0040591005,United States
FCBC,First Community Bankshares Inc. (VA) Common Stock,Finance,Major Banks,884436087.0,,18910328.992944192,United States
FCBM,First Carolina Financial Services Inc. Common Stock,Finance,Major Banks,404516453.0,2026.0,31068851.996927805,
FCCO,First Community Corporation Common Stock,Finance,Major Banks,317710908.0,,9399731.00591716,United States
FCEL,FuelCell Energy Inc. Common Stock,Energy,Industrial Machinery/Components,1415988811.0,,79954195.99096555,United States
FCF,First Commonwealth Financial Corporation Common Stock,Finance,Major Banks,2137332814.0,,101055925.01182032,United States
FCFS,FirstCash Holdings Inc. Common Stock,Consumer Discretionary,Other Specialty Stores,9497123046.0,1991.0,43371800.0,United States
FCHL,Fitness Champs Holdings Limited Common Stock,Consumer Discretionary,Services-Misc. Amusement & Recreation,1358304.0,2025.0,1318741.7475728155,Singapore
FCN,FTI Consulting Inc. Common Stock,Consumer Discretionary,Professional Services,3893232075.0,1999.0,27611575.0,United States
FCNCA,First Citizens BancShares Inc. Class A Common Stock,Finance,Major Banks,23947964410.0,,11293120.000188628,United States
FCPT,Four Corners Property Trust Inc. Common Stock,Real Estate,Real Estate Investment Trusts,2490372852.0,2015.0,109756405.99382988,United States
FCUV,Focus Universal Inc. Common Stock,Industrials,Industrial Machinery/Components,5180113.0,,982011.943127962,United States
FCX,Freeport-McMoRan Inc. Common Stock,Basic Materials,Metal Mining,101741841505.0,,1436017523.0063517,United States
FDBC,Fidelity D & D Bancorp Inc. Common Stock,Finance,Major Banks,314821134.0,,5808508.007380074,United States
FDMT,4D Molecular Therapeutics Inc. Common Stock,Health Care,Biotechnology: Biological Products (No Diagnostic Substances),810985017.0,2020.0,55244210.96730246,United States
FDS,FactSet Research Systems Inc. Common Stock,Technology,Computer Software: Programming Data Processing,9917451666.0,2000.0,35565543.001613766,United States
FDSB,Fifth District Bancorp Inc. Common Stock,Finance,Savings Institutions,96702603.0,2024.0,5235657.985923119,United States
FDUS,Fidus Investment Corporation Common Stock,Finance,Finance/Investors Services,742766903.0,2011.0,37954363.97547266,United States
FDX,FedEx Corporation Common Stock,Consumer Discretionary,Air Freight/Delivery Services,72392752658.0,,236670435.00065383,United States
FDXF,FedEx Freight Holding Company Inc. Common Stock,Consumer Discretionary,Air Freight/Delivery Services,18296533935.0,2026.0,149518132.9982839,United States
FE,FirstEnergy Corp. Common Stock,Utilities,Electric Utilities: Central,26461204090.0,,578639931.9921278,United States
FEAM,5E Advanced Materials Inc. Common Stock,Industrials,Mining & Quarrying of Nonmetallic Minerals (No Fuels),85521359.0,,41515222.81553398,United States
FEBO,Fenbo Holdings Limited Class A Ordinary Shares,Consumer Discretionary,Home Furnishings,7424044.0,2023.0,11062500.372522725,Hong Kong
FEIM,Frequency Electronics Inc. Common Stock,Industrials,Electrical Products,944926916.0,,11273286.99594369,United States
FELE,Franklin Electric Co. Inc. Common Stock,Consumer Discretionary,Metal Fabrications,4253142837.0,,44211464.002079,United States
FEMY,Femasys Inc. Common Stock,Health Care,Medical/Dental Instruments,21356319.0,2021.0,8375027.05882353,United States
FENC,Fennec Pharmaceuticals Inc. Common Stock,Health Care,Biotechnology: Biological Products (No Diagnostic Substances),377666520.0,,35034000.0,United States
FER,Ferrovial N.V. Ordinary Shares,Industrials,Military/Government/Technical,39318366147.0,,719457752.0036597,Netherlands
FERG,Ferguson Enterprises Inc. Common Stock,Miscellaneous,Miscellaneous,41449179144.0,2021.0,193452716.99803975,United Kingdom
FET,Forum Energy Technologies Inc. Common Stock,Consumer Discretionary,Oil and Gas Field Machinery,944088401.0,2012.0,11472699.00352412,United States
FF,FutureFuel Corp.  Common shares,Industrials,Major Chemicals,240370983.0,,43863318.06569343,United States
FFAI,Faraday Future Intelligent Electric Inc. Class A Common Stock,Industrials,Auto Manufacturing,10569700.0,2020.0,5971581.920903955,United States
FFBC,First Financial Bancorp. Common Stock,Finance,Major Banks,3371077508.0,,104968939.99688618,United States
FFIN,First Financial Bankshares Inc. Common Stock,Finance,Major Banks,4706875330.0,,143327507.00365406,United States
FFIV,F5 Inc. Common Stock,Telecommunications,Computer Communications Equipment,24611305841.0,1999.0,56627182.00036814,United States
FG,F&G Annuities & Life Inc. Common Stock,Finance,Life Insurance,3071740003.0,2022.0,130935208.9940324,United States
FGBI,First Guaranty Bancshares Inc. Common Stock,Finance,Savings Institutions,143559336.0,,16539094.00921659,United States
FGI,FGI Industries Ltd. Ordinary Shares,Industrials,Industrial Specialties,19119583.0,2022.0,1931271.01010101,United States
FGL,Founder Group Limited Class A Ordinary Shares,Consumer Discretionary,Engineering & Construction,308277.0,2024.0,75558.08823529411,Malaysia
FGNX,FG Nexus Inc. Common Stock,Finance,Property-Casualty Insurers,37096609.0,2014.0,5095688.049450549,United States
FHB,First Hawaiian Inc. Common Stock,Finance,Major Banks,3140577164.0,2016.0,121680634.01782256,United States
FHI,Federated Hermes Inc. Common Stock,Finance,Investment Managers,4207853437.0,,74660280.9971611,United States
FHN,First Horizon Corporation Common Stock,Finance,Major Banks,11375389564.0,,473777158.0174927,United States
FHTX,Foghorn Therapeutics Inc. Common Stock,Health Care,Biotechnology: Pharmaceutical Preparations,249418323.0,2020.0,59385315.0,United States
FIBK,First Interstate BancSystem Inc. Common Stock (DE),Finance,Major Banks,3541519196.0,2010.0,95304606.99677072,United States
FICO,Fair Isaac Corporation Common Stock,Consumer Discretionary,Business Services,20869794701.0,,21597635.00051744,United States
FIEE,FiEE Inc Common Stock,Utilities,Telecommunications Equipment,32152814.0,,8528597.877984084,United States
FIG,Figma Inc. Class A Common Stock,Technology,Computer Software: Prepackaged Software,12413799802.0,2025.0,533009866.9815372,United States
FIGR,Figure Technology Solutions Inc. Class A Common Stock,Finance,Finance: Consumer Services,7563778065.0,2025.0,224377871.99644023,U.S. Virgin Islands
FIGS,FIGS Inc. Class A Common Stock,Consumer Discretionary,Apparel,2169791561.0,2021.0,166140242.03675345,United States
FINS,Angel Oak Financial Strategies Income Term Trust Common Shares of Beneficial Interest,Finance,Finance/Investors Services,307017316.0,2019.0,25062638.04081633,
FINW,FinWise Bancorp Common Stock,Finance,Major Banks,176310036.0,2021.0,13882680.0,United States
FIP,FTAI Infrastructure Inc. Common Stock,Industrials,Railroads,329727046.0,,118181736.91756272,United States
FIRY,Firy Inc. Class A Common Stock,Technology,EDP Services,171043025.0,2020.0,16622257.045675414,United States
FIS,Fidelity National Information Services Inc. Common Stock,Consumer Discretionary,Business Services,18787166556.0,,515705916.99149054,United States
FISI,Financial Institutions Inc. Common Stock,Finance,Major Banks,802442979.0,1999.0,19706359.99508841,United States
FISN,Deep Fission Inc. Common Stock,Utilities,Electric Utilities: Central,478316217.0,2026.0,58905938.0541872,United States
FISV,Fiserv Inc. Common Stock,Consumer Discretionary,Business Services,26216099345.0,1986.0,531766720.9939149,United States
FITB,Fifth Third Bancorp Common Stock,Finance,Major Banks,48310166884.0,,906892563.9947436,United States
FIVE,Five Below Inc. Common Stock,Consumer Discretionary,Department/Specialty Retail Stores,13036795488.0,2012.0,55054035.0,United States
FIVN,Five9 Inc. Common Stock,Technology,EDP Services,2577961820.0,2014.0,74723531.01449275,United States
FIX,Comfort Systems USA Inc. Common Stock,Industrials,Engineering & Construction,55394466073.0,1997.0,35194329.000101656,United States
FIZZ,National Beverage Corp. Common Stock,Consumer Staples,Beverages (Production/Distribution),2963860461.0,,93615301.9898926,United States
FJET,Starfighters Space Inc. Common Stock,Consumer Discretionary,Air Freight/Delivery Services,101742635.0,2025.0,54996018.91891892,United States
FKWL,Franklin Wireless Corp. Common Stock,Utilities,Telecommunications Equipment,28871486.0,,11784280.0,United States
FLD,Fold Holdings Inc. Class A Common Stock,Finance,Finance: Consumer Services,28350567.0,2025.0,54741392.16064877,United States
FLEX,Flex Ltd. Ordinary Shares,Technology,Electrical Products,40272312662.0,1994.0,369402978.004036,Singapore
FLG,Flagstar Bank N.A. Common Stock,Finance,Banks,5255075304.0,,415092836.0189573,United States
FLGT,Fulgent Genetics Inc. Common Stock,Health Care,Medical Specialities,601209152.0,2016.0,27515292.99771167,United States
FLL,Full House Resorts Inc. Common Stock,Consumer Discretionary,Hotels/Resorts,68341955.0,,36644479.892761394,United States
FLNA,Filana Therapeutics Inc. Common Stock,Health Care,Biotechnology: Pharmaceutical Preparations,34781685.0,,48307895.833333336,United States
FLNC,Fluence Energy Inc. Class A Common Stock,Miscellaneous,Industrial Machinery/Components,1414008187.0,2021.0,184596369.06005225,United States
FLNG,FLEX LNG Ltd. Ordinary Shares,Consumer Discretionary,Marine Transportation,1759084068.0,2019.0,54092376.014760144,
FLNT,Fluent Inc. Common Stock,Consumer Discretionary,Advertising,111573014.0,,31607086.118980173,United States
FLO,Flowers Foods Inc. Common Stock,Consumer Staples,Packaged Foods,1291429676.0,,212057418.0623974,United States
FLOC,Flowco Holdings Inc. Class A Common Stock,Consumer Discretionary,Oil and Gas Field Machinery,1842302319.0,2025.0,90353228.00392348,United States
FLR,Fluor Corporation Common Stock,Industrials,Military/Government/Technical,7350409042.0,,133741066.99417758,United States
FLS,Flowserve Corporation Common Stock,Industrials,Fluid Controls,9373296397.0,,127112779.99728778,United States
FLUT,Flutter Entertainment plc Ordinary Shares,Technology,Computer Software: Programming Data Processing,16204253045.0,2024.0,175181114.0,Ireland
FLUX,Flux Power Holdings Inc. Common Stock,Miscellaneous,Industrial Machinery/Components,11989200.0,,21621641.11812444,United States
FLWS,1-800-FLOWERS.COM Inc. Common Stock,Consumer Discretionary,Other Specialty Stores,166881250.0,1999.0,64185096.15384615,United States
FLXS,Flexsteel Industries Inc. Common Stock,Consumer Discretionary,Home Furnishings,325129740.0,,4091741.001761893,United States
FLY,Firefly Aerospace Inc. Common Stock,Industrials,Military/Government/Technical,3636028889.0,2025.0,167404644.9815838,United States
FLYE,Fly-E Group Inc. Common Stock,Industrials,Aerospace,2644465.0,2024.0,1632385.8024691355,United States
FLYW,Flywire Corporation Voting Common Stock,Consumer Discretionary,Business Services,2157167860.0,2021.0,121667673.99887197,United States
FLYX,flyExclusive Inc. Class A Common Stock,Consumer Discretionary,Transportation Services,126581368.0,2023.0,102081748.38709678,
FMAO,Farmers & Merchants Bancorp Inc. Common Stock,Finance,Savings Institutions,491288689.0,,13773162.01289599,United States
FMBH,First Mid Bancshares Inc. Common Stock,Finance,Major Banks,1333021810.0,,26601911.993614048,United States
FMC,FMC Corporation Common Stock,Industrials,Major Chemicals,1277313758.0,,125226839.01960786,United States
FMFC,Kandal M Venture Limited Class A Ordinary Shares,Consumer Discretionary,Apparel,4409100.0,2025.0,21300000.0,Cambodia
FMNB,Farmers National Banc Corp. Common Stock,Finance,Major Banks,927224502.0,,59247572.01277955,United States
FMST,Foremost Clean Energy Ltd. Common Shares,Basic Materials,Other Metals and Minerals,23435937.0,,30084643.132220797,Canada
FMX,Fomento Economico Mexicano S.A.B. de C.V. Common Stock,Consumer Staples,Beverages (Production/Distribution),41014641933.0,,340681468.003987,Mexico
FN,Fabrinet Ordinary Shares,Utilities,Telecommunications Equipment,13650216395.0,2010.0,35834864.000315025,Cayman Islands
FNB,F.N.B. Corporation Common Stock,Finance,Major Banks,6368137535.0,,353000972.0066519,United States
FND,Floor & Decor Holdings Inc. Common Stock,Consumer Discretionary,RETAIL: Building Materials,5048689241.0,2017.0,106489965.00738242,United States
FNF,Fidelity National Financial Inc. Common Stock,Finance,Specialty Insurers,11551065059.0,2014.0,268192827.002554,United States
FNGR,FingerMotion Inc. Common Stock,Technology,Computer Software: Prepackaged Software,10701619.0,,75204631.06113844,United States
FNKO,Funko Inc. Class A Common Stock,Consumer Discretionary,Recreational Games/Products/Toys,300137306.0,2017.0,55995766.04477612,United States
FNLC,First Bancorp Inc  (ME) Common Stock,Finance,Major Banks,395897311.0,,11282340.011399258,United States
FNRN,First Northern Community Bancorp Common stock,Finance,Savings Institutions,281343399.0,,16395302.972027972,United States
FNUC,Frontier Nuclear and Minerals Inc. Common Shares,Basic Materials,Other Metals and Minerals,51335636.0,2021.0,35899046.15384615,Canada
FNV,Franco-Nevada Corporation,Basic Materials,Precious Metals,51420157746.0,,192873810.0,Canada
FNWB,First Northwest Bancorp Common Stock,Finance,Banks,94735685.0,2015.0,9511614.959839355,United States
FNWD,Finward Bancorp Common Stock,Finance,Savings Institutions,185409156.0,,4333002.009815377,United States
FOA,Finance of America Companies Inc. Class A Common Stock,Finance,Finance: Consumer Services,250084561.0,2021.0,17306890.034602076,United States
FOFO,Hang Feng Technology Innovation Co. Ltd. Ordinary Shares,Consumer Discretionary,Professional Services,13855073.0,2025.0,7571078.142076503,Hong Kong
FOR,Forestar Group Inc Common Stock,Finance,Real Estate,1333090594.0,2017.0,51017627.0187524,United States
FORM,FormFactor Inc. FormFactor Inc. Common Stock,Technology,Semiconductors,8712804459.0,2003.0,78120724.99775845,United States
FORR,Forrester Research Inc. Common Stock,Industrials,Diversified Commercial Services,214188750.0,1996.0,19039000.0,United States
FOSL,Fossil Group Inc. Common Stock,Consumer Discretionary,Consumer Specialties,332947233.0,1993.0,59138052.04262877,United States
FOUR,Shift4 Payments Inc. Class A Common Stock,Consumer Discretionary,Business Services,3265000962.0,2020.0,78960120.0,United States
FOX,Fox Corporation Class B Common Stock,Industrials,Broadcasting,24520158206.0,,419650148.998802,United States
FOXA,Fox Corporation Class A Common Stock,Industrials,Broadcasting,27268866682.0,,419650148.9996922,United States
FOXF,Fox Factory Holding Corp. Common Stock,Consumer Discretionary,Motor Vehicles,814560799.0,2013.0,42031000.98039216,United States
FOXX,Foxx Development Holdings Inc. Common Stock,Telecommunications,Computer Communications Equipment,17250920.0,,7041191.8367346935,United States
FPH,Five Point Holdings LLC Class A Common Shares,Finance,Real Estate,729046744.0,2017.0,147879664.09736308,United States
FPI,Farmland Partners Inc. Common Stock,Real Estate,Real Estate Investment Trusts,477756406.0,2014.0,43630722.00913242,United States
FPS,Forgent Power Solutions Inc. Class A Common Stock,Energy,Industrial Machinery/Components,11586563515.0,2026.0,304428888.9910667,United States
FR,First Industrial Realty Trust Inc. Common Stock,Real Estate,Real Estate Investment Trusts,8269900371.0,1994.0,132572945.99230522,United States
FRAF,Franklin Financial Services Corporation Common Stock,Finance,Major Banks,284103607.0,,4499581.992397846,United States
FRBA,First Bank Common Stock,Finance,Major Banks,447141029.0,2013.0,25134402.9792018,United States
FRBT,Forbright Inc. Class A Common Stock,Finance,Major Banks,956400919.0,2026.0,50764379.989384286,United States
FRD,Friedman Industries Inc. Common Stock,Industrials,Steel/Iron Ore,301350408.0,,7212791.000478698,United States
FRGT,Freight Technologies Inc. Ordinary Shares,Industrials,Integrated Freight & Logistics,558794.0,2017.0,572124.5008702774,United States
FRHC,Freedom Holding Corp. Common Stock,Finance,Investment Bankers/Brokers/Service,10506466467.0,,63787666.00084998,Kazakhstan
FRME,First Merchants Corporation Common Stock,Finance,Major Banks,2568578201.0,,62801423.00733496,United States
FRMEP,First Merchants Corporation Depository Shares,Finance,Major Banks,1585735931.0,,62801423.00990099,United States
FRMI,Fermi Inc. Common Stock,Real Estate,Real Estate Investment Trusts,3170313373.0,2025.0,640467348.080808,United States
FRMM,Forum Markets Incorporated Common Stock,Finance,Finance: Consumer Services,63288956.0,2017.0,13198948.070907196,United States
FRNM,Freenome Inc. Common stock,Health Care,Medical Specialities,1750308600.0,,107446813.99631676,United States
FRO,Frontline Plc Ordinary Shares,Consumer Discretionary,Marine Transportation,12028314693.0,,222622889.0061077,Bermuda
FROG,JFrog Ltd. Ordinary Shares,Technology,Computer Software: Prepackaged Software,11587857208.0,2020.0,123301311.00234091,United States
FRPH,FRP Holdings Inc. Common Stock,Finance,Real Estate,408155879.0,,19198300.98777046,United States
FRPT,Freshpet Inc. Common Stock,Consumer Staples,Packaged Foods,2958935616.0,2014.0,48058073.9970765,United States
FRSH,Freshworks Inc. Class A Common Stock,Technology,Computer Software: Prepackaged Software,3318912220.0,2021.0,260920772.0125786,United States
FRST,Primis Financial Corp. Common Stock,Finance,Major Banks,392569310.0,2006.0,24799072.01516109,United States
FRT,Federal Realty Investment Trust Common Stock,Real Estate,Real Estate Investment Trusts,9710729504.0,,86889132.99928418,United States
FRTT,Fort Technology Inc. Common Shares,Industrials,Agricultural Chemicals,13983584.0,,15042581.755593805,Canada
FRVO,Fervo Energy Company Class A common stock,Utilities,Electric Utilities: Central,4910754895.0,2026.0,294763198.97959185,United States
FSBC,Five Star Bancorp Common Stock,Finance,Major Banks,1097032012.0,2021.0,24536614.00134198,United States
FSBW,FS Bancorp Inc. Common Stock,Finance,Banks,348607642.0,2012.0,7862147.99278304,United States
FSCO,FS Credit Opportunities Corp. Common Stock,Finance,Trusts Except Educational Religious and Charitable,1057236947.0,2022.0,198355900.0,United States
FSEA,First Seacoast Bancorp Inc. Common Stock,Finance,Savings Institutions,80774977.0,2019.0,4704424.98543972,United States
FSI,Flexible Solutions International Inc. Common Stock (CDA),Industrials,Major Chemicals,74974563.0,2002.0,12772497.955706984,Canada
FSK,FS KKR Capital Corp. Common Stock,Finance,Investment Managers,3244234887.0,2014.0,276340279.9829642,United States
FSLR,First Solar Inc. Common Stock,Technology,Semiconductors,21618622554.0,2006.0,107469787.9996023,United States
FSLY,Fastly Inc. Class A Common Stock,Technology,Computer Software: Prepackaged Software,3914001000.0,,159300000.0,United States
FSM,Fortuna Mining Corp. Common Shares,Basic Materials,Precious Metals,3630324053.0,,304557386.9966443,Canada
FSP,Franklin Street Properties Corp. Common Stock,Real Estate,Real Estate Investment Trusts,32784490.0,,104011706.85279188,United States
FSS,Federal Signal Corporation Common Stock,Industrials,Auto Manufacturing,6945314500.0,,61041611.00369133,United States
FSTR,L.B. Foster Company Common Stock,Industrials,Metal Fabrications,392387160.0,,10519763.002680968,United States
FSUN,FirstSun Capital Bancorp Common Stock,Finance,Major Banks,1837504815.0,,46583973.00038028,United States
FSV,FirstService Corporation Common Shares,Finance,Real Estate,5788428014.0,,43669770.00377216,Canada
FT,Franklin Universal Trust Common Stock,Finance,Trusts Except Educational Religious and Charitable,186227335.0,,25131894.06207827,United States
FTAI,FTAI Aviation Ltd. Common Stock,Industrials,Misc Corporate Leasing Services,20035072241.0,,102707090.99810325,United States
FTCI,FTC Solar Inc. Common Stock,Technology,Semiconductors,35190573.0,2021.0,16521395.774647888,United States
FTDR,Frontdoor Inc. Common Stock,Consumer Discretionary,Diversified Commercial Services,5477018622.0,,68893316.0,United States
FTEK,Fuel Tech Inc. Common Stock,Industrials,Pollution Control Equipment,55565884.0,,31216788.764044944,United States
FTF,Franklin Limited Duration Income Trust Common Shares of Beneficial Interest,Finance,Finance/Investors Services,227482256.0,2003.0,40405374.06749556,United States
FTFT,Future FinTech Group Inc. Common Stock,Consumer Discretionary,Business Services,58640625.0,,9375000.0,China
FTH,Faeth Therapeutics Inc. Common Stock,Health Care,Biotechnology: Pharmaceutical Preparations,907774130.0,2021.0,25840424.99288357,United States
FTHM,Fathom Holdings Inc. Common Stock,Finance,Real Estate,17962221.0,2020.0,34207238.62121501,United States
FTI,TechnipFMC plc Ordinary Share,Consumer Discretionary,Oil and Gas Field Machinery,28526037583.0,,392164387.9983503,
FTK,Flotek Industries Inc. Common Stock,Industrials,Major Chemicals,1108345127.0,,36220428.986928105,United States
FTLF,FitLife Brands Inc. Common Stock,Health Care, Medicinal Chemicals and Botanical Products ,89543872.0,,9391072.05034085,United States
FTNT,Fortinet Inc. Common Stock,Technology,Computer peripheral equipment,126624302235.0,2009.0,733713653.0015064,United States
FTRE,Fortrea Holdings Inc. Common Stock,Health Care,Medical Specialities,1928628000.0,,95100000.0,United States
FTS,Fortis Inc. Common Shares,Utilities,Electric Utilities: Central,27833832000.0,2016.0,510900000.0,United States
FTV,Fortive Corporation Common Stock,Industrials,Industrial Machinery/Components,16632079054.0,2016.0,302017052.00653714,United States
FTW,Presidio Production Company Class A Common Stock,Energy,Oil & Gas Production,321089604.0,,31325815.024390243,
FUBO,FuboTV Inc. Class A Common Stock,Consumer Discretionary,Movies/Entertainment,1081048271.0,2020.0,109196795.05050504,United States
FUFU,BitFuFu Inc. Class A Ordinary Shares,Finance,Finance: Consumer Services,213316605.0,,166653597.65625,Singapore
FUL,H. B. Fuller Company Common Stock,Industrials,Home Furnishings,2711423389.0,,53787411.009720296,United States
FULC,Fulcrum Therapeutics Inc. Common Stock,Health Care,Biotechnology: Pharmaceutical Preparations,287640659.0,2019.0,76297257.02917773,United States
FULT,Fulton Financial Corporation Common Stock,Finance,Major Banks,4465491629.0,,190914563.01838392,United States
FUN,Six Flags Entertainment Corporation Common Stock New,Consumer Discretionary,Services-Misc. Amusement & Recreation,1279977063.0,,102316311.99040768,United States
FUNC,First United Corporation Common Stock,Finance,Major Banks,281968095.0,,6453836.003662165,United States
FUND,Sprott Focus Trust Inc. Common Stock,Finance,Investment Managers,299595261.0,,29633556.97329377,United States
FURY,Fury Gold Mines Limited Common Shares,Basic Materials,Precious Metals,108166206.0,2020.0,190132195.46493235,
FUSB,First US Bancshares Inc. Common Stock,Finance,Major Banks,90552463.0,,5504708.996960486,United States
FUSE,Fusemachines Inc. Common stock,Technology,EDP Services,16202784.0,,28985302.325581398,United States
FVCB,FVCBankcorp Inc. Common Stock,Finance,Major Banks,327140479.0,,18034205.016538035,United States
FVR,FrontView REIT Inc. Common Stock,Real Estate,Real Estate Investment Trusts,431403011.0,2024.0,24455953.004535142,United States
FVRR,Fiverr International Ltd. Ordinary Shares no par value,Consumer Discretionary,Business Services,314209363.0,2019.0,35950728.03203661,
FWDI,Forward Industries Inc. Common Stock,Finance,Finance: Consumer Services,457850675.0,,73846883.06451613,United States
FWONA,Liberty Media Corporation Series A Liberty Formula One Common Stock,Industrials,Broadcasting,21535858862.0,,250708485.0058207,United States
FWONK,Liberty Media Corporation Series C Liberty Formula One Common Stock,Industrials,Broadcasting,23609218032.0,,250708484.9952214,United States
FWRD,Forward Air Corporation Common Stock,Industrials,Integrated Freight & Logistics,520563083.0,,33780861.97274497,United States
FWRG,First Watch Restaurant Group Inc. Common Stock,Consumer Discretionary,Restaurants,623604156.0,2021.0,61712435.03216229,United States
FXHO,UTime Limited Class A Ordinary Shares,Technology,Consumer Electronics/Appliances,302703333.0,2021.0,26276330.989583336,China
FXNC,First National Corporation Common Stock,Finance,Major Banks,279145957.0,,9042628.9925494,United States
G,Genpact Limited Common Stock,Consumer Discretionary,Professional Services,5872802525.0,2007.0,168034407.0100143,Bermuda
GAB,Gabelli Equity Trust Inc. (The) Common Stock,Finance,Investment Managers,1577798434.0,1986.0,293817213.03538173,United States
GABC,German American Bancorp Inc. Common Stock,Finance,Major Banks,1848501566.0,,37578808.009758085,United States
GAIA,Gaia Inc. Class A Common Stock,Consumer Discretionary,Movies/Entertainment,32545015.0,1999.0,25425792.96875,United States
GAIN,Gladstone Investment Corporation Business Development Company,Finance,Finance: Consumer Services,641930108.0,2005.0,39821966.99751861,United States
GALT,Galectin Therapeutics Inc. Common Stock,Health Care,Biotechnology: Pharmaceutical Preparations,374152179.0,,100849643.93530998,United States
GAM,General American Investors Inc. Common Stock,Finance,Investment Managers,1558894162.0,,23975609.996924024,United States
GAME,GameSquare Holdings Inc. Common Stock,Consumer Discretionary,Services-Misc. Amusement & Recreation,41931464.0,,12783982.92682927,United States
GANX,Gain Therapeutics Inc. Common Stock,Health Care,Biotechnology: Pharmaceutical Preparations,77685642.0,2021.0,43643619.1011236,United States
GAP,Gap Inc. (The) Common Stock,Consumer Discretionary,Clothing/Shoe/Accessory Stores,7331007759.0,,351270136.990896,United States
GASS,StealthGas Inc. Common Stock,Consumer Discretionary,Marine Transportation,359957440.0,2005.0,37185685.95041323,Greece
GATX,GATX Corporation Common Stock,Consumer Discretionary,Transportation Services,6364237000.0,,35300000.0,United States
GAU,Galiano Gold Inc.,Industrials,Mining & Quarrying of Nonmetallic Minerals (No Fuels),541494951.0,,261591763.768116,Canada
GAUZ,Gauzy Ltd. Ordinary Shares,Miscellaneous,Industrial Machinery/Components,8401982.0,2024.0,1149381.9425444596,Israel
GBCI,Glacier Bancorp Inc. Common Stock,Finance,Major Banks,5823078538.0,,130211952.9964222,United States
GBDC,Golub Capital BDC Inc. Common Stock,Finance,Finance: Consumer Services,3305364728.0,2010.0,259651589.00235665,United States
GBFH,GBank Financial Holdings Inc. Common Stock,Finance,Major Banks,279006304.0,,14516457.023933403,United States
GBLI,Global Indemnity Group LLC Class A Common Stock,Finance,Property-Casualty Insurers,402763291.0,,14640613.99491094,United States
GBR,New Concept Energy Inc Common Stock,Energy,Oil & Gas Production,3730916.0,1993.0,5131933.975240716,United States
GBTG,Global Business Travel Group Inc. Class A Common Stock,Consumer Discretionary,Transportation Services,4941652771.0,2020.0,522373443.02325577,United States
GBX,Greenbrier Companies Inc. (The) Common Stock,Industrials,Railroads,1319887005.0,1994.0,30939686.00562588,United States
GCBC,Greene County Bancorp Inc. Common Stock,Finance,Banks,605937011.0,,17025484.99578533,United States
GCDT,Green Circle Decarbonize Technology Limited Class A Ordinary Shares,Industrials,Industrial Machinery/Components,5284970.0,2026.0,13551205.128205128,
GCGR,General Catalyst Global Resilience Merger Corp. Class A Ordinary Shares,,,0.0,2026.0,0.0,United States
GCL,GCL Global Holdings Ltd Ordinary Shares,Technology,Computer Software: Prepackaged Software,77768934.0,,130135431.72690764,Singapore
GCMG,GCM Grosvenor Inc. Class A Common Stock,Finance,Investment Managers,2622101853.0,,202792100.0,United States
GCO,Genesco Inc. Common Stock,Consumer Discretionary,Clothing/Shoe/Accessory Stores,359986457.0,,10820151.998797717,United States
GCT,GigaCloud Technology Inc Class A Ordinary Shares,Consumer Discretionary,Catalog/Specialty Distribution,1897999097.0,2022.0,35710237.0084666,United States
GCTK,GlucoTrack Inc. Common Stock,Health Care,Medical/Dental Instruments,1899583.0,,798144.1176470589,United States
GCTS,GCT Semiconductor Holding Inc. Common Stock,Technology,Semiconductors,189457636.0,2021.0,91969726.21359225,United States
GD,General Dynamics Corporation Common Stock,Industrials,Marine Transportation,96304833560.0,,270557194.9992977,United States
GDC,GD Culture Group Limited Common Stock,Industrials,Steel/Iron Ore,5661000.0,2015.0,4162500.0,United States
GDDY,GoDaddy Inc. Class A Common Stock,Technology,EDP Services,12430472148.0,2015.0,126647704.0040754,United States
GDEV,GDEV Inc. Ordinary Shares,Technology,EDP Services,208186109.0,,18150489.014821272,Cyprus
GDHG,Golden Heaven Group Holdings Ltd. Class A Ordinary Shares,Consumer Discretionary,Services-Misc. Amusement & Recreation,74659626.0,2023.0,65490900.00000001,China
GDOT,Green Dot Corporation Class A Common Stock $0.001 par value,Finance,Finance: Consumer Services,751064659.0,2010.0,56985178.98330805,United States
GDRX,GoodRx Holdings Inc. Class A Common Stock,Technology,EDP Services,1159894319.0,2020.0,341145387.9411765,United States
GDS,GDS Holdings Limited ADS,Technology,Computer Software: Programming Data Processing,6271819287.0,2016.0,200377613.0031949,China
GDTC,CytoMed Therapeutics Limited Ordinary Shares,Health Care,Biotechnology: Pharmaceutical Preparations,10479993.0,2023.0,11828434.53724605,Singapore
GDV,Gabelli Dividend & Income Trust Common Shares of Beneficial Interest,Finance,Investment Managers,2621779433.0,2003.0,90188490.9872721,United States
GDYN,Grid Dynamics Holdings Inc. Class A Common Stock,Technology,Computer Software: Prepackaged Software,655505198.0,2018.0,81126880.94059406,United States
GE,GE Aerospace Common Stock,Technology,Consumer Electronics/Appliances,325244720950.0,,1037562512.999649,United States
GECC,Great Elm Capital Corp. Common Stock,Finance,Finance: Consumer Services,75560240.0,,13889749.999999998,United States
GEF,Greif Inc. Class A Common Stock,,,3836125792.0,,46168321.00132386,United States
GEG,Great Elm Group Inc. Common Stock,Technology,Computer Software: Prepackaged Software,66854014.0,,31094890.232558142,United States
GEHC,GE HealthCare Technologies Inc. Common Stock,Health Care,Medical Electronics,29108920510.0,,451686251.9978277,United States
GELS,Gelteq Limited Ordinary Shares,Health Care,Biotechnology: Pharmaceutical Preparations,6209201.0,2024.0,10711059.168535449,Australia
GEMI,Gemini Space Station Inc. Class A Common Stock,Finance,Finance: Consumer Services,574359255.0,2025.0,129652202.03160273,United States
GEN,Gen Digital Inc. Common Stock,Technology,Computer Software: Prepackaged Software,18083314237.0,,598587032.0092684,United States
GENB,Generate Biomedicines Inc. Common Stock,Health Care,Biotechnology: Pharmaceutical Preparations,2197393704.0,2026.0,128352435.9813084,United States
GENC,Gencor Industries Inc. Common Stock,Industrials,Construction/Ag Equipment/Trucks,249620665.0,,14657701.996476805,United States
GENI,Genius Sports Limited Ordinary Shares,Consumer Discretionary,Services-Misc. Amusement & Recreation,1734222681.0,2021.0,267626956.9444444,Guernsey
GENK,GEN Restaurant Group Inc. Class A Common Stock,Consumer Discretionary,Restaurants,55380558.0,2023.0,32964617.85714286,United States
GEO,Geo Group Inc (The) REIT,Consumer Discretionary,Homebuilding,4230253430.0,,131619584.00746731,United States
GEOS,Geospace Technologies Corporation Common Stock (Texas),Industrials,Industrial Machinery/Components,65066083.0,,12935602.982107354,United States
GERN,Geron Corporation Common Stock,Health Care,Biotechnology: Pharmaceutical Preparations,848064900.0,1996.0,642473409.090909,United States
GETY,Getty Images Holdings Inc. Class A Common Stock,Consumer Discretionary,Business Services,96609553.0,2022.0,414811305.2812366,United States
GEV,GE Vernova Inc. Common Stock,Technology,Consumer Electronics/Appliances,246339919074.0,2024.0,266333580.99964324,United States
GEVO,Gevo Inc. Common Stock,Industrials,Major Chemicals,393106995.0,2011.0,247237103.7735849,United States
GFAI,Guardforce AI Co. Limited Ordinary Shares,Consumer Discretionary,Diversified Commercial Services,10162023.0,,31393336.42261353,Singapore
GFF,Griffon Corporation Common Stock,Industrials,Building Products,4213314482.0,,45294715.99655988,United States
GFL,GFL Environmental Inc. Subordinate voting shares no par value,Utilities,Environmental Services,19413743920.0,2020.0,449080359.0099468,Canada
GFR,Greenfire Resources Ltd. Common Shares,Energy,Oil & Gas Production,835354003.0,,125428528.97897898,Canada
GFS,GlobalFoundries Inc. Ordinary Shares,Technology,Semiconductors,25552068762.0,2021.0,557418603.0104711,United States
GFUZ,General Fusion Group Ltd. Common Shares,Utilities,Electric Utilities: Central,496950998.0,2025.0,63548720.971867,United States
GGB,Gerdau S.A. Common Stock,Industrials,Steel/Iron Ore,10087892050.0,,1978018049.019608,Brazil
GGG,Graco Inc. Common Stock,Industrials,Fluid Controls,12404043380.0,,161953823.99791095,United States
GGN,GAMCO Global Gold Natural Resources & Income Trust,Finance,Finance/Investors Services,0.0,2005.0,0.0,United States
GGR,Gogoro Inc. Ordinary Shares,Industrials,Auto Manufacturing,40479426.0,,14773513.13868613,Taiwan
GGT,Gabelli Multi-Media Trust Inc. (The) Common Stock,Finance,Trusts Except Educational Religious and Charitable,109316931.0,,27535750.88161209,United States
GGZ,Gabelli Global Small and Mid Cap Value Trust (The) Common Shares of Beneficial Interest,Finance,Investment Managers,136984058.0,2014.0,8871967.020938983,
GH,Guardant Health Inc. Common Stock,Health Care,Medical Specialities,24571318727.0,2018.0,134196170.0,United States
GHC,Graham Holdings Company Common Stock,Real Estate,Other Consumer Services,4802027208.0,,4234927.999576686,United States
GHM,Graham Corporation Common Stock,Industrials,Industrial Machinery/Components,981450699.0,1978.0,11737032.994498923,United States
GHRS,GH Research PLC Ordinary Shares,Health Care,Biotechnology: Pharmaceutical Preparations,1968962037.0,2021.0,68557173.99025069,Ireland
GHXI,Gores Holdings XI Inc. Class A Ordinary Shares,,,0.0,2026.0,0.0,United States
GIB,CGI Inc. Common Stock,Consumer Discretionary,Professional Services,16498858308.0,,231888380.99789172,Canada
GIBO,GIBO Holdings Limited Class A Ordinary Shares,Technology,Computer Software: Prepackaged Software,83454748.0,,2604704.993757803,Hong Kong
GIC,Global Industrial Company Common Stock,Industrials,Industrial Machinery/Components,1540339143.0,,38108340.99455715,United States
GIFT,Giftify Inc. Common Stock,Consumer Discretionary,Catalog/Specialty Distribution,23214118.0,,35425176.25515031,United States
GIGM,GigaMedia Limited Ordinary Shares,Technology,Computer Software: Programming Data Processing,15384711.0,,11052234.913793104,Taiwan
GIII,G-III Apparel Group LTD. Common Stock,Consumer Discretionary,Apparel,1186392976.0,1989.0,42876507.98698951,United States
GIL,Gildan Activewear Inc. Class A Sub. Vot. Common Stock,Consumer Discretionary,Apparel,8568826807.0,2000.0,185191848.00086448,Canada
GILD,Gilead Sciences Inc. Common Stock,Health Care,Biotechnology: Biological Products (No Diagnostic Substances),187096833338.0,1992.0,1239955155.0003314,United States
GILT,Gilat Satellite Networks Ltd. Ordinary Shares,Technology,Radio And Television Broadcasting And Communications Equipment,750935933.0,,75470948.04020101,Israel
GIPR,Generation Income Properties Inc. Common Stock,Real Estate,Real Estate Investment Trusts,1335263.0,,3038141.069397042,United States
GIS,General Mills Inc. Common Stock,Consumer Staples,Packaged Foods,19599516444.0,,534629472.01309335,United States
GITS,Global Interactive Technologies Inc. Common Stock,Technology,Computer Software: Programming Data Processing,9036674.0,2023.0,4203104.186046512,South Korea
GIW,GigCapital8 Corp. Class A Ordinary Shares,Finance,Blank Checks,0.0,2025.0,0.0,United States
GIX,GigCapital9 Corp. Class A Ordinary Share,Finance,Blank Checks,0.0,2026.0,0.0,United States
GIXI,Gix Internet Ltd. Ordinary Shares,Technology,Computer Software: Prepackaged Software,13433772.0,,2492351.020408164,Israel
GJO,Synthetic Fixed-Income Securities Inc. on behalf of STRATS(SM) Trust for Wal-Mart Stores Inc. Securities Series 2004-5,Finance,Finance: Consumer Services,0.0,,0.0,United States
GJP,Synthetic Fixed-Income Securities Inc. on behalf of STRATS (SM) Trust for Dominion Resources Inc. Securities Series 2005-6 Floating Rate Structured Repackaged Asset-Backed Trust Securities (STRATS) Certificates,Finance,Finance: Consumer Services,0.0,,0.0,United States
GJR,Synthetic Fixed-Income Securities Inc. STRATS Trust for Procter&Gamble Securities Series 2006-1,Finance,Finance: Consumer Services,0.0,,0.0,United States
GJS,Goldman Sachs Group Securities STRATS Trust for Goldman Sachs Group Securities Series 2006-2,Finance,Finance: Consumer Services,7225763072.0,,312039033.01866424,United States
GJT,Synthetic Fixed-Income Securities Inc. Floating Rate Structured Repackaged Asset-Backed Trust Securities Certificates Series 2006-3,Finance,Finance: Consumer Services,0.0,,0.0,United States
GKOS,Glaukos Corporation Common Stock,Health Care,Medical/Dental Instruments,9521187111.0,2015.0,58983937.00284971,United States
GL,Globe Life Inc. Common Stock,Finance,Life Insurance,13238085740.0,,76849446.99872287,United States
GLAD,Gladstone Capital Corporation Common Stock,Consumer Discretionary,Textiles,443953806.0,2001.0,22593069.00763359,United States
GLAS,Glass House Brands Inc. Subordinate Voting Shares,Health Care, Medicinal Chemicals and Botanical Products ,703103892.0,,87997983.97997497,
GLBE,Global-E Online Ltd. Ordinary Shares,Technology,Computer Software: Prepackaged Software,6431270893.0,2021.0,167568287.98853567,Israel
GLBS,Globus Maritime Limited Common Stock,Consumer Discretionary,Marine Transportation,84818443.0,,21582301.017811704,Greece
GLDG,GoldMining Inc. Common Shares,Basic Materials,Precious Metals,218388322.0,,214106198.03921568,
GLE,Global Engine Group Holding Limited Class A Ordinary Shares,Technology,EDP Services,11677230.0,2024.0,18300000.0,Hong Kong
GLIBA,Liberty Capital Corporation Series A GCI Group Common Stock,Telecommunications,Cable & Other Pay Television Services,972085654.0,,39904994.00656815,United States
GLIBK,Liberty Capital Corporation Series C GCI Group Common Stock,Telecommunications,Cable & Other Pay Television Services,967696105.0,,39904994.02061856,United States
GLND,Greenland Energy Company Common Stock,Energy,Oil & Gas Production,52913535.0,,43730194.21487603,United States
GLNG,Golar Lng Ltd,Consumer Discretionary,Marine Transportation,5159718922.0,,101589268.0055129,Bermuda
GLOB,Globant S.A. Common Shares,Technology,EDP Services,1629164648.0,2014.0,43179556.0031805,United States
GLOO,Gloo Holdings Inc. Class A Common Stock,Technology,EDP Services,449417411.0,2025.0,91531040.93686354,United States
GLPI,Gaming and Leisure Properties Inc. Common Stock,Real Estate,Real Estate Investment Trusts,11668802925.0,,290920043.0067315,United States
GLRE,Greenlight Capital Re Ltd. Class A Ordinary Shares,Finance,Property-Casualty Insurers,491252227.0,2007.0,32641343.98671096,Cayman Islands
GLSI,Greenwich LifeSciences Inc. Common Stock,Health Care,Biotechnology: Pharmaceutical Preparations,269932245.0,2020.0,14678207.993474714,United States
GLU,Gabelli Global Utility Common Shares of Beneficial Ownership,Finance,Finance/Investors Services,110544232.0,2004.0,5968911.015118791,United States
GLUE,Monte Rosa Therapeutics Inc. Common Stock,Health Care,Biotechnology: Biological Products (No Diagnostic Substances),1074948853.0,2021.0,85313401.03174603,United States
GLW,Corning Incorporated Common Stock,Industrials,Telecommunications Equipment,127313195322.0,,861388331.0013531,United States
GLXG,Galaxy Payroll Group Limited Class A Ordinary Shares,Industrials,Diversified Commercial Services,5826189.0,2024.0,5961515.399570245,Hong Kong
GLXY,Galaxy Digital Inc. Class A Common Stock,Finance,Investment Bankers/Brokers/Service,8709008925.0,,390889089.9910233,United States
GM,General Motors Company Common Stock,Industrials,Auto Manufacturing,76004852481.0,2010.0,877451540.9951512,United States
GMAB,Genmab A/S ADS,Health Care,Biotechnology: Pharmaceutical Preparations,4436946841.0,2019.0,128476816.01274072,Denmark
GME,GameStop Corporation Common Stock,Consumer Discretionary,Electronics Distribution,11487487542.0,2002.0,504500989.9868248,United States
GMED,Globus Medical Inc. Class A Common Stock,Health Care,Medical/Dental Instruments,9956863542.0,2012.0,134261913.99676377,United States
GMEX,GMEX ROBOTICS CORPORATION Class A Ordinary Shares,Consumer Discretionary,Recreational Games/Products/Toys,371725.0,2023.0,904440.389294404,Australia
GMHS,Gamehaus Holdings Inc. Class A Ordinary Shares,Technology,EDP Services,41436439.0,,56801150.102810144,China
GMM,Global Mofy AI Limited Class A Ordinary Shares,Technology,Computer Software: Programming Data Processing,19502014.0,2023.0,9751007.0,China
GMRS,GMR Solutions Inc. Class A Common Stock,Consumer Discretionary,Transportation Services,683914861.0,2026.0,54021710.97946288,
GMTL,Guardian Metal Resources PLC ADS,Basic Materials,Metal Mining,425028007.0,2026.0,39759401.96445276,
GNE,Genie Energy Ltd. Class B Common Stock Stock,Utilities,Power Generation,430852229.0,2011.0,26319623.0299328,United States
GNK,Genco Shipping & Trading Limited Ordinary Shares New (Marshall Islands),Consumer Discretionary,Marine Transportation,1224783601.0,,43586605.0177936,United States
GNL,Global Net Lease Inc. Common Stock,Real Estate,Real Estate Investment Trusts,2056415749.0,2015.0,231317857.0303712,United States
GNLN,Greenlane Holdings Inc. Class A Common Stock,Consumer Discretionary,Durable Goods,1743305.0,2019.0,694543.8247011952,United States
GNLX,Genelux Corporation Common Stock,Health Care,Biotechnology: Pharmaceutical Preparations,114470698.0,2023.0,45245335.17786562,United States
GNPX,Genprex Inc. Common Stock,Health Care,Biotechnology: Pharmaceutical Preparations,2836193.0,2018.0,819708.9595375722,United States
GNRC,Generac Holdlings Inc. Common Stock,Consumer Discretionary,Metal Fabrications,12227888190.0,2010.0,59006360.99985524,United States
GNS,Genius Group Limited Ordinary Shares,Technology,Computer Software: Prepackaged Software,28638568.0,2022.0,191947506.70241287,Singapore
GNSS,Genasys Inc. Common Stock,Consumer Staples,Consumer Electronics/Appliances,69223854.0,,45542009.21052632,United States
GNT,GAMCO Natural Resources Gold & Income Trust,Finance,Finance/Investors Services,166094197.0,2011.0,18475439.04338153,United States
GNTX,Gentex Corporation Common Stock,Consumer Discretionary,Auto Parts:O.E.M.,4731947614.0,,210683330.98842385,United States
GNW,Genworth Financial Inc Common Stock,Finance,Life Insurance,3865416109.0,2004.0,377851037.0478984,United States
GO,Grocery Outlet Holding Corp. Common Stock,Consumer Staples,Food Chains,1151361797.0,2019.0,99084491.99655768,United States
GOAI,Eva Live Inc. Common Stock,Technology,Computer Software: Programming Data Processing,84387635.0,,39994139.81042654,United States
GOGO,Gogo Inc. Common Stock,Consumer Discretionary,Telecommunications Equipment,341479812.0,2013.0,135507861.9047619,United States
GOLD,Gold.com Inc. Common Stock,Industrials,Other Specialty Stores,1366483414.0,,29154756.00597397,United States
GOLF,Acushnet Holdings Corp. Common Stock,Consumer Discretionary,Recreational Games/Products/Toys,4762931338.0,2016.0,58405043.99754752,United States
GOOD,Gladstone Commercial Corporation Real Estate Investment Trust,Real Estate,Real Estate,617195638.0,2003.0,48407501.01960784,United States
GOOG,Alphabet Inc. Class C Capital Stock,Technology,Computer Software: Programming Data Processing,4203206400000.0,2004.0,12230000000.0,United States
GOOGL,Alphabet Inc. Class A Common Stock,Technology,Computer Software: Programming Data Processing,4247845900000.0,2004.0,12230000000.0,United States
GOOS,Canada Goose Holdings Inc. Subordinate Voting Shares,Consumer Discretionary,Apparel,728556282.0,2017.0,97661700.0,
GORO,Goldgroup Mining Inc. Common Shares,Basic Materials,Precious Metals,476112613.0,2026.0,135644619.0883191,Canada
GOSS,Gossamer Bio Inc. Common Stock,Health Care,Biotechnology: Pharmaceutical Preparations,72960373.0,2019.0,6110584.003350084,United States
GOVX,GeoVax Labs Inc. Common Stock,Health Care,Biotechnology: Pharmaceutical Preparations,3482953.0,,9093872.062663184,United States
GP,GreenPower Motor Company Inc. Common Shares,Consumer Discretionary,Construction/Ag Equipment/Trucks,6726608.0,,8791802.378774017,Canada
GPC,Genuine Parts Company Common Stock,Consumer Discretionary,Automotive Aftermarket,18043085127.0,,137859757.99969438,United States
GPGI,GPGI Inc. Class A Common Stock,Finance,Finance: Consumer Services,3577243612.0,,289890082.0097245,United States
GPI,Group 1 Automotive Inc. Common Stock,Consumer Discretionary,Retail-Auto Dealers and Gas Stations,3039571264.0,1997.0,11922225.000980586,United States
GPK,Graphic Packaging Holding Company,Consumer Discretionary,Containers/Packaging,2913344278.0,,296071572.9674797,United States
GPMT,Granite Point Mortgage Trust Inc. Common Stock,Real Estate,Real Estate Investment Trusts,43860331.0,2017.0,48198165.93406593,United States
GPN,Global Payments Inc. Common Stock,Consumer Discretionary,Business Services,22598410506.0,,264618390.0,United States
GPOR,Gulfport Energy Corporation Common Shares,Energy,Oil & Gas Production,2853999134.0,2021.0,17683866.001611006,United States
GPRE,Green Plains Inc. Common Stock,Industrials,Major Chemicals,1057738500.0,,70095328.03180915,United States
GPRK,Geopark Ltd Common Shares,Energy,Oil & Gas Production,723587646.0,2014.0,64895753.0044843,Bermuda
GPRO,GoPro Inc. Class A Common Stock,Consumer Discretionary,Industrial Machinery/Components,247235908.0,2014.0,184504408.95522383,United States
GPUS,Hyperscale Data Inc. Common Stock,Technology,Industrial Machinery/Components,32135415.0,1997.0,176957131.0572687,United States
GRAB,Grab Holdings Limited Class A Ordinary Shares,Consumer Discretionary,Business Services,11522353810.0,,4100481782.9181495,Singapore
GRAL,GRAIL Inc. Common Stock,Health Care,Medical Specialities,3571065408.0,,44666233.99624766,United States
GRAN,Grande Group Limited Class A Ordinary Shares,Finance,Finance: Consumer Services,26151563.0,2025.0,24906250.476190478,Hong Kong
GRBK,Green Brick Partners Inc. Common Stock,Consumer Discretionary,Homebuilding,2873114493.0,2021.0,43010696.002994016,United States
GRC,Gorman-Rupp Company (The) Common Stock,Industrials,Fluid Controls,1904178520.0,1971.0,26410242.995839115,United States
GRCE,Grace Therapeutics Inc. Common Stock,Health Care,Biotechnology: Pharmaceutical Preparations,44806531.0,,21035930.04694836,Canada
GRDN,Guardian Pharmacy Services Inc. Class A Common Stock,Consumer Staples,Retail-Drug Stores and Proprietary Stores,2853570795.0,2024.0,63342303.99556049,United States
GRDX,GridAI Technologies Corp. Common Stock,Health Care,Biotechnology: Pharmaceutical Preparations,21535991.0,2016.0,7131122.847682119,United States
GRI,GRI Bio Inc. Common Stock,Health Care,Biotechnology: Pharmaceutical Preparations,4022452.0,2021.0,2186115.217391304,United States
GRML,Greenland Mines Ltd. Common Stock,Health Care,Biotechnology: Biological Products (No Diagnostic Substances),17434407.0,2022.0,5850472.147651007,United States
GRMN,Garmin Ltd. Common Stock (Switzerland),Industrials,Industrial Machinery/Components,53101945788.0,2000.0,192852536.00145268,Switzerland
GRND,Grindr Inc. Common Stock,Technology,Computer Software: Programming Data Processing,2685528687.0,2021.0,173820626.99029127,Singapore
GRNQ,Greenpro Capital Corp. Common Stock,Consumer Discretionary,Professional Services,18109732.0,,1812785.985985986,China
GRNT,Granite Ridge Resources Inc. Common Stock,Energy,Oil & Gas Production,651587195.0,2022.0,131900241.902834,United States
GRO,Brazil Potash Corp. Common Shares,Industrials,Mining & Quarrying of Nonmetallic Minerals (No Fuels),148670916.0,2024.0,61946215.0,
GROV,Grove Collaborative Holdings Inc. Class A Common Stock,Consumer Discretionary,Catalog/Specialty Distribution,44836098.0,2021.0,42701045.71428571,
GROW,U.S. Global Investors Inc. Class A Common Stock,Finance,Investment Managers,36648624.0,,12298195.973154362,United States
GROY,Gold Royalty Corp. Common Shares,Basic Materials,Precious Metals,782443191.0,2021.0,230809200.88495573,Canada
GRPN,Groupon Inc. Common Stock,Consumer Discretionary,Advertising,764914218.0,2011.0,40665296.01275917,United States
GRRR,Gorilla Technology Group Inc. Ordinary shares,Technology,Computer Software: Prepackaged Software,360569587.0,,27757473.979984604,Taiwan
GRSD,Grandstand Limited Ordinary Shares,Consumer Discretionary,Services-Misc. Amusement & Recreation,59314251.0,2021.0,35097189.940828405,Jersey
GRVY,GRAVITY Co. Ltd. American Depository Shares,Technology,EDP Services,489897450.0,2005.0,6948900.0,South Korea
GRWG,GrowGeneration Corp. Common Stock,Consumer Discretionary,RETAIL: Building Materials,88675276.0,,58920449.16943522,United States
GRX,The Gabelli Healthcare & Wellness Trust Common Shares of Beneficial Interest,Finance,Finance/Investors Services,165118119.0,,17092972.98136646,United States
GS,Goldman Sachs Group Inc. (The) Common Stock,Finance,Investment Bankers/Brokers/Service,277040859570.0,1999.0,291171408.00025225,United States
GSAT,Globalstar Inc. Common Stock,Consumer Discretionary,Telecommunications Equipment,10691570943.0,2025.0,129563390.00242366,United States
GSBC,Great Southern Bancorp Inc. Common Stock,Finance,Major Banks,865153081.0,1989.0,10897507.003400931,United States
GSBD,Goldman Sachs BDC Inc. Common Stock,Finance,Investment Managers,1124564979.0,2015.0,112569066.96696696,United States
GSHD,Goosehead Insurance Inc. Class A Common Stock,Finance,Specialty Insurers,1894063214.0,2018.0,35515905.00656291,United States
GSIT,GSI Technology Common Stock,Technology,Semiconductors,200618120.0,2007.0,38432590.03831418,United States
GSIW,Garden Stage Limited Class A Ordinary Shares,Finance,Investment Bankers/Brokers/Service,152759881.0,2023.0,10712399.001409529,Hong Kong
GSL,Global Ship Lease Inc New Class A Common Shares,Consumer Discretionary,Marine Transportation,1656908596.0,,35918244.0060698,United Kingdom
GSM,Ferroglobe PLC Ordinary Shares,Basic Materials,Metal Mining,796025802.0,,186860516.9014085,United Kingdom
GSUN,Golden Sun Technology Group Limited Class A Ordinary Shares,Real Estate,Other Consumer Services,2429995.0,2022.0,10028869.170449857,China
GT,The Goodyear Tire & Rubber Company Common Stock,Consumer Discretionary,Automotive Aftermarket,1482678496.0,,287898737.0873786,United States
GTBP,GT Biopharma Inc. Common Stock,Health Care,Biotechnology: Pharmaceutical Preparations,13514799.0,,1804379.038718291,United States
GTE,Gran Tierra Energy Inc. Common Stock,Energy,Oil & Gas Production,362295593.0,,35380429.00390625,Canada
GTEC,Greenland Technologies Holding Corporation Class A Ordinary Shares,Industrials,Industrial Machinery/Components,28667760.0,2018.0,26544222.22222222,China
GTEN,Gores Holdings X Inc. Class A ordinary shares,,,0.0,2025.0,0.0,United States
GTES,Gates Industrial Corporation Ltd. Common Shares,Industrials,Industrial Machinery/Components,6523705651.0,2018.0,253151170.00388047,United Kingdom
GTIM,Good Times Restaurants Inc. Common Stock,Consumer Discretionary,Restaurants,16153581.0,,10557896.078431372,United States
GTLB,GitLab Inc. Class A Common Stock,Technology,Computer Software: Prepackaged Software,8374982000.0,2021.0,166600000.0,United States
GTM,ZoomInfo Technologies Inc Common Stock,Technology,Computer Software: Prepackaged Software,1170262385.0,2020.0,291110046.0199005,United States
GTN,Gray Media Inc. Common Stock,Industrials,Broadcasting,476817693.0,,102984382.937365,United States
GTX,Garrett Motion Inc. Common Stock,Consumer Discretionary,Auto Parts:O.E.M.,4897317052.0,,186493414.01370904,Switzerland
GTY,Getty Realty Corporation Common Stock,Finance,Real Estate,1853026354.0,,61932698.9973262,United States
GURE,Gulf Resources Inc. (NV) Common Stock,Industrials,Major Chemicals,6164192.0,,1813531.0385407472,China
GUT,Gabelli Utility Trust (The) Common Stock,Finance,Trusts Except Educational Religious and Charitable,447000087.0,,73399029.06403941,United States
GUTS,Fractyl Health Inc. Common Stock,Health Care,Medical/Dental Instruments,94043454.0,2024.0,159179847.66418415,United States
GVA,Granite Construction Incorporated Common Stock,Industrials,Military/Government/Technical,5042984487.0,,43764509.99739651,United States
GVH,Globavend Holdings Limited Ordinary Shares,Industrials,Integrated Freight & Logistics,5939763.0,2023.0,4304176.086956522,Australia
GWAV,Greenwave Technology Solutions Inc. Common Stock,Industrials,Metal Fabrications,4496765.0,,1545280.0687285222,United States
GWH,ESS Tech Inc. Common Stock,Miscellaneous,Industrial Machinery/Components,14631599.0,,40274150.83952656,United States
GWRE,Guidewire Software Inc. Common Stock,Technology,Computer Software: Prepackaged Software,11887297152.0,2012.0,81992669.00262105,United States
GWRS,Global Water Resources Inc. Common Stock,Utilities,Water Supply,254065763.0,2016.0,29925295.995288573,United States
GWW,W.W. Grainger Inc. Common Stock,Industrials,Office Equipment/Supplies/Services,59470120379.0,,47100942.000300966,United States
GXAI,Gaxos.ai Inc. Common Stock,Technology,Computer Software: Prepackaged Software,6896628.0,2023.0,11052288.461538462,United States
GXO,GXO Logistics Inc. Common Stock,Consumer Discretionary,Transportation Services,5342007690.0,2021.0,114684579.00386432,United States
GYGY,Game Your Game Inc. Common Stock,Technology,Computer Software: Prepackaged Software,12607392.0,,14392000.0,United States
GYRE,Gyre Therapeutics Inc. Common Stock,Health Care,Biotechnology: Pharmaceutical Preparations,800640716.0,2006.0,111509849.02506964,United States
GYRO,Gyrodyne LLC Common Stock,Real Estate,Building operators,11106505.0,,2199307.920792079,United States
H,Hyatt Hotels Corporation Class A Common Stock,Consumer Discretionary,Hotels/Resorts,14583349851.0,2009.0,94201601.0012273,United States
HAE,Haemonetics Corporation Common Stock,Health Care,Medical/Dental Instruments,4895482688.0,1991.0,45497051.00371748,United States
HAFC,Hanmi Financial Corporation Common Stock,Finance,Major Banks,955595489.0,,29649255.01085945,United States
HAFN,Hafnia Limited Common Shares,Consumer Discretionary,Transportation Services,4857874285.0,2024.0,499781305.0411522,
HAIN,Hain Celestial Group Inc. (The) Common Stock,Consumer Staples,Packaged Foods,52089699.0,,91002269.39203356,United States
HAL,Halliburton Company Common Stock,Energy,Oilfield Services/Equipment,28351426389.0,,833130366.9997061,United States
HALO,Halozyme Therapeutics Inc. Common Stock,Health Care,Biotechnology: Biological Products (No Diagnostic Substances),12448460640.0,,113498000.0,United States
HAO,Haoxi Health Technology Limited Class A Ordinary Shares,Consumer Discretionary,Advertising,1072749.0,2024.0,366125.9385665529,China
HAPN,Happen Inc. Common Stock,Finance,Finance: Consumer Services,1864984618.0,,115407463.98514852,United States
HAS,Hasbro Inc. Common Stock,Consumer Discretionary,Recreational Games/Products/Toys,12519106891.0,,141044467.0009013,United States
HASI,HA Sustainable Infrastructure Capital Inc. Common Stock,Finance,Finance/Investors Services,4777473472.0,2013.0,128495789.99462076,United States
HAWK,HawkEye 360 Inc. Common Stock,Technology,EDP Services,1692844739.0,2026.0,97965552.02546296,United States
HAYW,Hayward Holdings Inc. Common Stock,Industrials,Industrial Machinery/Components,2734221412.0,2021.0,212119582.0015516,United States
HBAN,Huntington Bancshares Incorporated Common Stock,Finance,Major Banks,32084187437.0,,2020414826.007557,United States
HBB,Hamilton Beach Brands Holding Company Class A Common Stock,Consumer Discretionary,Home Furnishings,418325372.0,2017.0,13442332.005141389,United States
HBCP,Home Bancorp Inc. Common Stock,Finance,Banks,539933450.0,2008.0,7870750.000000001,United States
HBIO,Harvard Bioscience Inc. Common Stock,Industrials,Biotechnology: Laboratory Analytical Instruments,36555009.0,2000.0,4552304.981320051,United States
HBM,Hudbay Minerals Inc. Ordinary Shares (Canada),Basic Materials,Metal Mining,11743187454.0,,444144759.9848714,Canada
HBNB,Hotel101 Global Holdings Corp. Class A Ordinary Shares,Consumer Discretionary,Hotels/Resorts,1212287759.0,,234032385.9073359,Singapore
HBNC,Horizon Bancorp Inc. Common Stock,Finance,Major Banks,1002245011.0,,51344519.00614754,United States
HBT,HBT Financial Inc. Common Stock,Finance,Major Banks,1312071281.0,2019.0,36365612.00110865,United States
HCA,HCA Healthcare Inc. Common Stock,Health Care,Hospital/Nursing Management,92887803560.0,2011.0,216501500.0,United States
HCAI,Huachen AI Parking Management Technology Holding Co. Ltd. Class A Ordinary Shares,Consumer Discretionary,Miscellaneous manufacturing industries,4930619.0,2025.0,8163276.490066226,China
HCAT,Health Catalyst Inc Common Stock,Technology,Computer Software: Programming Data Processing,135461486.0,2019.0,75256381.1111111,United States
HCC,Warrior Met Coal Inc. Common Stock,Energy,Coal Mining,4847231587.0,2017.0,52802087.0043573,United States
HCI,HCI Group Inc. Common Stock,Finance,Property-Casualty Insurers,2335894834.0,,12438867.000372758,United States
HCIC,Hennessy Capital Investment Corp. VIII Class A Ordinary Shares,,,0.0,2026.0,0.0,United States
HCKT,Hackett Group Inc (The). Common Stock,Consumer Discretionary,Professional Services,268183471.0,,24877873.005565863,United States
HCSG,Healthcare Services Group Inc. Common Stock,Health Care,Hospital/Nursing Management,1474906021.0,1983.0,68632202.00093067,United States
HCTI,Healthcare Triangle Inc. Common Stock,Technology,EDP Services,10633266.0,2021.0,14974321.926489228,United States
HCWB,HCW Biologics Inc. Common Stock,Health Care,Biotechnology: Pharmaceutical Preparations,3580832.0,2021.0,1836324.1025641025,United States
HCWC,Healthy Choice Wellness Corp. Class A Common Stock,Consumer Staples,Food Chains,10507068.0,2024.0,927366.9902912622,
HD,Home Depot Inc. (The) Common Stock,Consumer Discretionary,RETAIL: Building Materials,301811088761.0,,997689625.9991404,United States
HDB,HDFC Bank Limited Common Stock,Finance,Commercial Banks,116271242104.0,2001.0,5131122775.992939,India
HDRN,Hadron Energy Inc. Common Stock,Utilities,Electric Utilities: Central,118688078.0,2024.0,71498842.1686747,United States
HDSN,Hudson Technologies Inc. Common Stock,Consumer Discretionary,Industrial Specialties,216756017.0,,42088546.99029126,United States
HE,Hawaiian Electric Industries Inc. Common Stock,Utilities,Electric Utilities: Central,1742825560.0,,172728003.9643211,United States
HEI,Heico Corporation Common Stock,Industrials,Aerospace,41435275434.0,2000.0,139757404.99865082,United States
HEI/A,Heico Corporation,,,,,,
HELE,Helen of Troy Limited Common Stock,Consumer Discretionary,Home Furnishings,641463360.0,,23292061.00217865,Bermuda
HELP,Cybin Inc. Common Stock,Health Care,Biotechnology: Pharmaceutical Preparations,869016774.0,,61984078.03138374,Canada
HESM,Hess Midstream LP Class A Representing Limited Partner Interests,Energy,Oil & Gas Production,5145586819.0,2017.0,128350880.99276626,United States
HFBL,Home Federal Bancorp Inc. of Louisiana Common Stock,Finance,Savings Institutions,74667586.0,2010.0,3053888.9979550103,United States
HFFG,HF Foods Group Inc. Common Stock,Consumer Discretionary,Food Distributors,89520534.0,2017.0,55602816.14906832,United States
HFWA,Heritage Financial Corporation Common Stock,Finance,Banks,1149318024.0,,40915557.99216803,United States
HG,Hamilton Insurance Group Ltd. Class B Common Shares,Finance,Property-Casualty Insurers,2924857406.0,2023.0,83210737.01280227,Bermuda
HGBL,Heritage Global Inc. Common Stock,Consumer Discretionary,Business Services,46763251.0,,34639445.18518519,United States
HGTY,Hagerty Inc. Class A Common Stock,Finance,Specialty Insurers,4766046558.0,2021.0,343622679.0194665,United States
HGV,Hilton Grand Vacations Inc. Common Stock,Consumer Discretionary,Hotels/Resorts,2887451987.0,2016.0,77724145.00672948,United States
HHH,Howard Hughes Holdings Inc. Common Stock,Real Estate,Real Estate Investment Trusts,3675232555.0,,59721035.99285018,United States
HHS,Harte Hanks Inc. Common Stock,Consumer Discretionary,Advertising,34587674.0,,7454240.086206897,United States
HIFS,Hingham Institution for Savings Common Stock,Finance,Banks,657662724.0,,2147400.0,United States
HIG,The Hartford Insurance Group Inc. Common Stock,Finance,Property-Casualty Insurers,36063898346.0,,270872001.99789697,United States
HIHO,Highway Holdings Limited Common Stock,Industrials,Metal Fabrications,4147352.0,,4626675.591253905,Hong Kong
HII,Huntington Ingalls Industries Inc. Common Stock,Industrials,Marine Transportation,10920590290.0,,39404598.00101032,United States
HIMS,Hims & Hers Health Inc. Class A Common Stock,Health Care,Medical/Nursing Services,6507111089.0,2019.0,233313413.0154177,United States
HIND,Vyome Holdings Inc. Common Stock,Health Care,Biotechnology: Pharmaceutical Preparations,13756315.0,2016.0,7018528.0612244895,United States
HIPO,Hippo Holdings Inc. Common Stock,Finance,Property-Casualty Insurers,844460192.0,2021.0,26389381.0,United States
HIT,Health In Tech Inc. Class A Common Stock,Finance,Specialty Insurers,52976146.0,2024.0,65402649.382716045,United States
HITI,High Tide Inc. Common Shares,Consumer Discretionary,Other Specialty Stores,236227927.0,,89142613.96226415,Canada
HIVE,HIVE Digital Technologies Ltd. Common Shares,Finance,Finance: Consumer Services,853002521.0,,274277337.9421222,Canada
HIW,Highwoods Properties Inc. Common Stock,Real Estate,Real Estate Investment Trusts,3396328237.0,1994.0,110306211.0100682,United States
HKIT,Hitek Global Inc. Class A Ordinary Share,Technology,Computer Software: Prepackaged Software,22389731.0,2023.0,8991859.839357428,China
HKPD,Cellyan Biotechnology Co. Ltd Class A Ordinary Shares,Health Care,Other Pharmaceuticals,5931545.0,2025.0,48499959.11692559,Hong Kong
HL,Hecla Mining Company Common Stock,Industrials,Mining & Quarrying of Nonmetallic Minerals (No Fuels),12736729452.0,,671768431.0126582,United States
HLF,Herbalife Ltd. Common Shares,Health Care,Other Pharmaceuticals,1225151512.0,2004.0,104803379.98289137,Cayman Islands
HLI,Houlihan Lokey Inc. Class A Common Stock,Finance,Investment Managers,9271143090.0,2015.0,69886500.0,United States
HLIO,Helios Technologies Inc. Common Stock,Industrials,Metal Fabrications,2240309730.0,2021.0,32950576.996617157,United States
HLIT,Harmonic Inc. Common Stock,Technology,Radio And Television Broadcasting And Communications Equipment,1198640231.0,1995.0,109066445.04094632,United States
HLLY,Holley Inc. Common Stock,Consumer Discretionary,Auto Parts:O.E.M.,321270479.0,2020.0,121234143.01886792,United States
HLMN,Hillman Solutions Corp. Common Stock,Consumer Discretionary,Industrial Machinery/Components,1396833093.0,2020.0,194544999.02506965,United States
HLNE,Hamilton Lane Incorporated Class A Common Stock,Finance,Investment Managers,4866269335.0,2017.0,55110637.99546999,United States
HLP,Hongli Group Inc. Class A Ordinary Shares,Industrials,Industrial Machinery/Components,150972275.0,2023.0,74738750.0,China
HLSQ,Tessera Defense and Homeland Security Inc. Common Stock,Health Care,Biotechnology: Biological Products (No Diagnostic Substances),1859130.0,2019.0,2730000.0,
HLT,Hilton Worldwide Holdings Inc. Common Stock,Consumer Discretionary,Hotels/Resorts,68091137871.0,2016.0,225064909.99867785,United States
HMC,Honda Motor Company Ltd. Common Stock,Industrials,Auto Manufacturing,42208547259.0,,1297526813.987089,Japan
HMH,HMH Holding Inc. Class A Common Stock,Consumer Discretionary,Oil and Gas Field Machinery,839584033.0,2026.0,43934276.97540555,United States
HMN,Horace Mann Educators Corporation Common Stock,Finance,Property-Casualty Insurers,1966731182.0,1991.0,40501053.99505766,United States
HMR,Heidmar Maritime Holdings Corp. Common Stock,Consumer Discretionary,Marine Transportation,102646075.0,,58991997.12643679,Greece
HMY,Harmony Gold Mining Company Limited,Basic Materials,Precious Metals,12682659126.0,,634767724.024024,South Africa
HNGE,Hinge Health Inc. Class A Common Stock,Technology,EDP Services,7643375178.0,2025.0,80694416.99746622,United States
HNI,HNI Corporation Common Stock,Consumer Discretionary,Office Equipment/Supplies/Services,3345626430.0,,72181800.0,United States
HNNA,Hennessy Advisors Inc. Common Stock,Finance,Investment Managers,81099247.0,,7904410.038986355,United States
HNRG,Hallador Energy Company Common Stock,Utilities,Electric Utilities: Central,715164726.0,,47143357.02043507,United States
HNST,The Honest Company Inc. Common Stock,Consumer Discretionary,Catalog/Specialty Distribution,570752896.0,2021.0,107284378.9473684,United States
HNVR,Hanover Bancorp Inc. Common Stock,Finance,Major Banks,188097604.0,2022.0,7055424.0060015,United States
HODO,House of Doge Inc. Common Stock,Finance,Finance: Consumer Services,15334313.0,2025.0,89152982.55813955,United States
HOFT,Hooker Furnishings Corporation Common Stock,Consumer Discretionary,Home Furnishings,139586632.0,,10692197.012638835,United States
HOG,Harley-Davidson Inc. Common Stock,Consumer Discretionary,Motor Vehicles,2757921436.0,,104072507.01886792,United States
HOLO,MicroCloud Hologram Inc. Ordinary Shares,Technology,Computer Software: Programming Data Processing,37576270.0,2021.0,22912359.756097563,United States
HOMB,Home BancShares Inc. Common Stock,Finance,Major Banks,5953476989.0,2006.0,200049630.0067204,United States
HON,Honeywell International Inc. Common Stock,Industrials,Aerospace,65444942665.0,,316940010.0004843,United States
HONA,Honeywell Aerospace Inc. Common Stock,Industrials,Aerospace,52972308929.0,,316952724.99850416,United States
HOOD,Robinhood Markets Inc. Class A Common Stock,Finance,Investment Bankers/Brokers/Service,98728224398.0,2021.0,899082272.9988161,United States
HOPE,Hope Bancorp Inc. Common Stock,Finance,Major Banks,1780721194.0,,127741836.01147775,United States
HOS,Hornbeck Offshore Services Inc. Common Stock,Energy,Oilfield Services/Equipment,1906189316.0,,222166586.94638693,United States
HOUR,Hour Loop Inc. Common Stock,Consumer Discretionary,Catalog/Specialty Distribution,61247687.0,2022.0,35199820.11494253,United States
HOV,Hovnanian Enterprises Inc. Class A Common Stock,Consumer Discretionary,Homebuilding,694446383.0,1983.0,5959890.001716443,United States
HOVNP,Hovnanian Enterprises Inc Dep Shr Srs A Pfd,Consumer Discretionary,Homebuilding,114727883.0,,5959890.025974026,United States
HOVR,New Horizon Aircraft Ltd. Class A Ordinary Share,Industrials,Aerospace,112096981.0,2023.0,67123940.71856287,United States
HOWL,Werewolf Therapeutics Inc. Common Stock,Health Care,Biotechnology: Pharmaceutical Preparations,46800901.0,2021.0,48599066.45898235,United States
HP,Helmerich & Payne Inc. Common Stock,Energy,Oil & Gas Production,4143468660.0,,99938945.00723588,United States
HPAI,Helport AI Limited Ordinary Shares,Technology,Computer Software: Prepackaged Software,11290308.0,,37646908.96965655,Singapore
HPE,Hewlett Packard Enterprise Company Common Stock,Technology,Retail: Computer Software & Peripheral Equipment,81028450110.0,2015.0,1327464778.9973788,United States
HPK,HighPeak Energy Inc. Common Stock,Energy,Oil & Gas Production,1054616385.0,,126452803.95683454,United States
HPP,Hudson Pacific Properties Inc. Common Stock,Finance,Real Estate,629517396.0,2010.0,54268741.03448276,United States
HPQ,HP Inc. Common Stock,Technology,Computer Manufacturing,31256074986.0,,901790969.013272,United States
HQ,Horizon Quantum Holdings Ltd. Class A Ordinary Shares,Technology,EDP Services,729162801.0,,53972080.01480385,Singapore
HQH,abrdn Healthcare Investors Shares of Beneficial Interest,Finance,Finance Companies,1024518231.0,1987.0,47343726.01663586,United States
HQI,HireQuest Inc. Common Stock (DE),Consumer Discretionary,Professional Services,233937000.0,,13900000.000000002,United States
HQL,abrdn Life Sciences Investors Shares of Beneficial Interest,Finance,Investment Managers,502550477.0,1992.0,25679636.024527337,United States
HQY,HealthEquity Inc. Common Stock,Consumer Discretionary,Business Services,7817422625.0,2014.0,82715296.00042324,United States
HR,Healthcare Realty Trust Incorporated Common Stock,Real Estate,Real Estate Investment Trusts,6306043584.0,,342719760.0,United States
HRB,H&R Block Inc. Common Stock,Consumer Discretionary,Other Consumer Services,5523545965.0,,123265922.00401697,United States
HRI,Herc Holdings Inc. Common Stock,Industrials,Misc Corporate Leasing Services,4638947169.0,2016.0,33431443.99682906,United States
HRL,Hormel Foods Corporation Common Stock,Consumer Staples,Meat/Poultry/Fish,11425282608.0,,550350800.0,United States
HRMY,Harmony Biosciences Holdings Inc. Common Stock,Health Care,Biotechnology: Pharmaceutical Preparations,2489023437.0,2020.0,58236393.00421151,United States
HROW,Harrow Inc. Common Stock,Health Care,Biotechnology: Pharmaceutical Preparations,1241972471.0,,37487850.01509206,United States
HRTG,Heritage Insurance Holdings Inc. Common Stock,Finance,Property-Casualty Insurers,1053122175.0,2014.0,29732416.007905137,United States
HRTX,Heron Therapeutics Inc. Common Stock,Health Care,Biotechnology: Pharmaceutical Preparations,59936373.0,,189852305.98669624,United States
HRZN,Horizon Technology Finance Corporation Common Stock,Finance,Finance: Consumer Services,316400050.0,2010.0,67033908.89830509,United States
HSBC,HSBC Holdings plc. Common Stock,Finance,Savings Institutions,353084516634.0,,3433338357.001167,United Kingdom
HSCS,HeartSciences Inc. Common Stock,Health Care,Industrial Specialties,23232832.0,2022.0,4800171.900826447,United States
HSDT,Solana Company Class A Common Stock (DE),Health Care,Biotechnology: Electromedical & Electrotherapeutic Apparatus,138450430.0,,60458703.05676856,United States
HSHP,Himalaya Shipping Ltd. Common Shares,Consumer Discretionary,Marine Transportation,903677500.0,2023.0,46750000.00000001,
HSIC,Henry Schein Inc. Common Stock,Health Care,Medical Specialities,9477413932.0,1995.0,111446542.00376292,United States
HSLV,Highlander Silver Corp. Common Shares,,,1103096926.0,,203523418.0811808,
HST,Host Hotels & Resorts Inc. Common Stock,Real Estate,Real Estate Investment Trusts,15004224338.0,,685124398.9954338,United States
HSTM,HealthStream Inc. Common Stock,Technology,Computer Software: Programming Data Processing,893093942.0,2000.0,30595887.016101405,United States
HSY,The Hershey Company Common Stock,Consumer Staples,Specialty Foods,33821815843.0,,200925657.00112876,United States
HTB,HomeTrust Bancshares Inc. Common Stock,Finance,Savings Institutions,787250369.0,,16693180.004240884,United States
HTCO,High-Trend International Group Class A Ordinary Shares,Consumer Discretionary,Marine Transportation,14186180.0,,6755323.80952381,Singapore
HTCR,Heartcore Enterprises Inc. Common Stock,Technology,EDP Services,3103392.0,2022.0,1515328.125,Japan
HTFL,Heartflow Inc. Common Stock,Health Care,Medical/Dental Instruments,4310291290.0,2025.0,86953626.99213234,United States
HTGC,Hercules Capital Inc. Common Stock,Finance,Investment Managers,3324032640.0,2012.0,187164000.0,United States
HTH,Hilltop Holdings Inc.,Finance,Major Banks,2214120017.0,,57286416.99870634,United States
HTLD,Heartland Express Inc. Common Stock,Industrials,Trucking Freight/Courier Services,921804723.0,1986.0,77332610.98993288,United States
HTLM,HomesToLife Ltd Ordinary Shares,Consumer Discretionary,Other Specialty Stores,159643750.0,2024.0,89687500.0,Singapore
HTO,H2O America Common Stock,Utilities,Water Supply,2640327196.0,,41856803.99492708,United States
HTOO,Fusion Fuel Green PLC Class A Ordinary Shares,Technology,Industrial Machinery/Components,16235119.0,,7516258.796296296,Ireland
HTZ,Hertz Global Holdings Inc Common Stock,Consumer Discretionary,Rental/Leasing Companies,662999591.0,,356451393.0107527,United States
HUBB,Hubbell Inc Common Stock,Technology,Electrical Products,23416980444.0,2015.0,52832570.99925546,United States
HUBC,Hub Cyber Security Ltd. Ordinary Shares,Telecommunications,Computer Communications Equipment,6905843.0,,1337046.0793804452,Israel
HUBG,Hub Group Inc. Class A Common Stock,Industrials,Integrated Freight & Logistics,2041304164.0,1996.0,61153510.00599161,United States
HUBS,HubSpot Inc. Common Stock,Technology,Computer Software: Prepackaged Software,11448282426.0,2014.0,49866201.00182942,United States
HUDI,Huadi International Group Co. Ltd. Ordinary Shares,Industrials,Steel/Iron Ore,11452482.0,2021.0,14319182.295573894,China
HUHU,HUHUTECH International Group Inc. Ordinary Shares,Telecommunications,Metal Fabrications,107328683.0,2024.0,25493748.93111639,China
HUM,Humana Inc. Common Stock,Health Care,Medical Specialities,46173280032.0,,120080307.9995839,United States
HUMA,Humacyte Inc. Common Stock,Health Care,Biotechnology: Biological Products (No Diagnostic Substances),159761690.0,2020.0,277798104.67744744,United States
HUN,Huntsman Corporation Common Stock,Industrials,Major Chemicals,1599452978.0,2005.0,175378616.00877196,United States
HURA,TuHURA Biosciences Inc. Common Stock,Health Care,Biotechnology: Pharmaceutical Preparations,133188630.0,,63726617.22488039,United States
HURC,Hurco Companies Inc. Common Stock,Industrials,Industrial Machinery/Components,147660142.0,,6476322.01754386,United States
HURN,Huron Consulting Group Inc. Common Stock,Consumer Discretionary,Professional Services,2504881736.0,2004.0,15910072.00203252,United States
HUT,Hut 8 Corp. Common Stock,Finance,Finance: Consumer Services,11215378993.0,,123259467.99648312,United States
HVII,Hennessy Capital Investment Corp. VII Ordinary Shares,,,,2025.0,,United States
HVMC,Highview Merger Corp. Class A Ordinary Share,,,0.0,2025.0,0.0,United States
HVT,Haverty Furniture Companies Inc. Common Stock,Consumer Discretionary,Other Specialty Stores,424926309.0,,15593626.018348625,United States
HVT/A,Haverty Furniture Companies Inc.,,,,,,
HWBK,Hawthorn Bancshares Inc. Common Stock,Finance,Major Banks,263881927.0,,6900678.007322175,United States
HWC,Hancock Whitney Corporation Common Stock,Finance,Major Banks,5992662433.0,,80223058.00535475,United States
HWH,HWH International Inc. Common Stock,Health Care,Other Pharmaceuticals,63911760.0,2022.0,29726400.0,United States
HWKN,Hawkins Inc. Common Stock,Consumer Discretionary,Specialty Chemicals,2536326716.0,,20875117.004115228,United States
HWM,Howmet Aerospace Inc. Common Stock,Industrials,Metal Fabrications,90033403838.0,,398801398.99893695,United States
HXHX,Haoxin Holdings Limited Class A Ordinary Shares,Industrials,Trucking Freight/Courier Services,6180928.0,2025.0,14720000.0,China
HXL,Hexcel Corporation Common Stock,Industrials,Major Chemicals,6657888714.0,,75623451.99909131,United States
HY,Hyster-Yale Inc. Class A common stock,Industrials,Construction/Ag Equipment/Trucks,596902583.0,,17930386.993091017,United States
HYFM,Hydrofarm Holdings Group Inc. Common Stock,Consumer Discretionary,Consumer Specialties,4578357.0,2020.0,4819323.157894737,United States
HYFT,MindWalk Holdings Corp. Common Stock,Health Care,Biotechnology: Pharmaceutical Preparations,61716285.0,,47111667.938931294,Canada
HYLN,Hyliion Holdings Corp. Class A Common Stock,Consumer Discretionary,Construction/Ag Equipment/Trucks,728676649.0,2019.0,178597217.89215687,United States
HYMC,Hycroft Mining Holding Corporation Class A Common Stock,Basic Materials,Precious Metals,2004337958.0,2018.0,93181680.98558807,United States
HYNE,Hoyne Bancorp Inc. Common Stock,Finance,Banks,135380803.0,2025.0,8096937.9784689,United States
HYPD,Hyperion DeFi Inc. Common Stock,Health Care,Biotechnology: Pharmaceutical Preparations,53921836.0,2018.0,15539434.005763687,United States
HYPR,Hyperfine Inc. Class A Common Stock,Health Care,Biotechnology: Electromedical & Electrotherapeutic Apparatus,81954411.0,2021.0,106048668.47826086,United States
HZO,MarineMax Inc.  (FL) Common Stock,Consumer Discretionary,Auto & Home Supply Stores,1155578551.0,1998.0,22086746.00535168,United States
IA,Innovative Solutions and Support Inc. Common Stock,Technology,EDP Services,329344783.0,,17899172.989130437,United States
IAG,Iamgold Corporation Ordinary Shares,Basic Materials,Precious Metals,11511360000.0,,571000000.0,Canada
IART,Integra LifeSciences Holdings Corporation Common Stock,Health Care,Medical/Dental Instruments,1174364841.0,,77772506.02649006,United States
IAUX,i-80 Gold Corp. Common Shares,Basic Materials,Precious Metals,1515327945.0,2022.0,865901682.8571428,Canada
IBCP,Independent Bank Corporation Common Stock,Finance,Major Banks,804058465.0,,22199295.002760906,United States
IBEX,IBEX Limited Common Shares,Technology,EDP Services,543361703.0,2020.0,13278633.99315738,Bermuda
IBG,Innovation Beverage Group Limited Ordinary Shares,Consumer Staples,Beverages (Production/Distribution),1870357.0,2024.0,1815880.582524272,Australia
IBIO,iBio Inc. Common Stock,Health Care,Biotechnology: Pharmaceutical Preparations,80384070.0,,64307256.0,United States
IBKR,Interactive Brokers Group Inc. Class A Common Stock,Finance,Investment Bankers/Brokers/Service,40043048753.0,2019.0,453078171.0002263,United States
IBM,International Business Machines Corporation Common Stock,Technology,Computer Manufacturing,223992451223.0,,942134390.0021032,United States
IBN,ICICI Bank Limited Common Stock,Finance,Commercial Banks,100885986111.0,,3580056284.989354,India
IBO,Impact BioMedical Inc. Common Stock,Health Care,Biotechnology: Pharmaceutical Preparations,61609051.0,2024.0,107821230.31151555,
IBOC,International Bancshares Corporation Common Stock,Finance,Major Banks,4385745567.0,,62191513.996029496,United States
IBP,Installed Building Products Inc. Common Stock,Consumer Discretionary,Homebuilding,5290585182.0,2014.0,26579177.000753578,United States
IBRX,ImmunityBio Inc. Common Stock,Health Care,Biotechnology: Biological Products (No Diagnostic Substances),8966214870.0,2015.0,1059836273.0496452,United States
IBTA,Ibotta Inc. Class A Common Stock,Consumer Discretionary,Advertising,969648346.0,2024.0,23169614.002389487,United States
ICCC,ImmuCell Corporation Common Stock,Health Care,Biotechnology: In Vitro & In Vivo Diagnostic Substances,90640326.0,1987.0,9082196.993987976,United States
ICCM,IceCure Medical Ltd. Ordinary Shares,Health Care,Medical/Dental Instruments,6818486.0,,3426374.8743718592,Israel
ICE,Intercontinental Exchange Inc. Common Stock,Finance,Investment Bankers/Brokers/Service,86061774857.0,2005.0,561394486.9993477,United States
ICFI,ICF International Inc. Common Stock,Consumer Discretionary,Professional Services,1554509065.0,2006.0,17933883.998615596,United States
ICHR,Ichor Holdings Ordinary Shares,Technology,Semiconductors,1983388697.0,2016.0,37454229.00575961,United States
ICL,ICL Group Ltd. Ordinary Shares,Industrials,Agricultural Chemicals,7137420191.0,2014.0,1290672728.933092,Israel
ICLR,ICON plc Ordinary Shares,Health Care,Biotechnology: Commercial Physical & Biological Resarch,12991943706.0,1998.0,76567325.0,Ireland
ICMB,Investcorp Credit Management BDC Inc. Common Stock,Finance,Finance: Consumer Services,12702019.0,2014.0,14432472.44631292,United States
ICON,Icon Energy Corp. Common stock,Consumer Discretionary,Marine Transportation,4060059.0,2024.0,3759313.888888889,Greece
ICU,SeaStar Medical Holding Corporation Common Stock,Health Care,Medical/Dental Instruments,15411604.0,2021.0,4406840.901292463,United States
ICUI,ICU Medical Inc. Common Stock,Health Care,Medical/Dental Instruments,3823826181.0,1992.0,25007038.00274672,United States
IDA,IDACORP Inc. Common Stock,Utilities,Electric Utilities: Central,7706873809.0,,57842042.99759831,United States
IDAI,T Stamp Inc. Class A Common Stock,Technology,Computer Software: Prepackaged Software,16410337.0,,5639291.065292096,United States
IDCC,InterDigital Inc. Common Stock,Miscellaneous,Multi-Sector Companies,8307985894.0,,25806007.001304597,United States
IDN,Intellicheck Inc. Common Stock,Technology,Computer Software: Prepackaged Software,48032181.0,1999.0,20266743.03797468,United States
IDR,Idaho Strategic Resources Inc. Common Stock,Basic Materials,Precious Metals,460066762.0,2022.0,15826170.003439972,United States
IDT,IDT Corporation Class B Common Stock,Telecommunications,Telecommunications Equipment,1717174482.0,,24868565.995655324,United States
IDXX,IDEXX Laboratories Inc. Common Stock,Health Care,Biotechnology: In Vitro & In Vivo Diagnostic Substances,39901059632.0,1991.0,78781116.00063181,United States
IDYA,IDEAYA Biosciences Inc. Common Stock,Health Care,Biotechnology: Pharmaceutical Preparations,3725458977.0,2019.0,96489483.993784,United States
IE,Ivanhoe Electric Inc. Common Stock,Basic Materials,Metal Mining,1512915655.0,2022.0,159590258.96624473,Canada
IEP,Icahn Enterprises L.P. Common Stock,Energy,Integrated oil Companies,4997733104.0,,710915093.029872,United States
IESC,IES Holdings Inc. Common Stock,Industrials,Engineering & Construction,12638417498.0,,39848712.00025223,United States
IEX,IDEX Corporation Common Stock,Industrials,Fluid Controls,16357707723.0,1989.0,73719895.99801704,United States
IFBD,Infobird Co. Ltd Ordinary Shares,Technology,Computer Software: Prepackaged Software,8106688.0,2021.0,8188573.737373738,China
IFF,International Flavors & Fragrances Inc. Common Stock,Industrials,Major Chemicals,21664783358.0,,255149962.99611357,United States
IFRX,InflaRx N.V. Common Stock,Health Care,Biotechnology: Pharmaceutical Preparations,303578535.0,2017.0,147368220.8737864,Germany
IFS,Intercorp Financial Services Inc. Common Shares,Finance,Commercial Banks,6077393660.0,2019.0,110397704.99545868,
IGC,IGC Pharma Inc. Common Stock,Health Care,Biotechnology: Pharmaceutical Preparations,27541500.0,,103384009.009009,United States
IGI,Western Asset Investment Grade Opportunity Trust Inc. Common Stock,Finance,Investment Managers,0.0,2009.0,0.0,United States
IGIC,International General Insurance Holdings Ltd. Ordinary Share,Finance,Property-Casualty Insurers,1093333352.0,2018.0,42842215.987460814,Jordan
IHRT,iHeartMedia Inc. Class A Common Stock,Consumer Discretionary,Broadcasting,324888879.0,,133699127.16049382,United States
IHS,IHS Holding Limited Ordinary Shares,Telecommunications,Telecommunications Equipment,2835154326.0,2021.0,335521222.0118343,Cayman Islands
IHT,InnSuites Hospitality Trust Shares of Beneficial Interest,Real Estate,Real Estate Investment Trusts,13540081.0,1999.0,9402834.027777778,United States
III,Information Services Group Inc. Common Stock,Consumer Discretionary,Professional Services,255623079.0,,48413461.93181818,United States
IIIN,Insteel Industries Inc. Common Stock,Industrials,Steel/Iron Ore,582296070.0,,19358247.007978726,United States
IIIV,i3 Verticals Inc. Class A Common Stock,Technology,Computer Software: Prepackaged Software,396146235.0,2018.0,26322008.970099665,United States
IIM,Invesco Value Municipal Income Trust Common Stock,Finance,Investment Managers,568116059.0,,47068439.02236951,United States
IIPR,Innovative Industrial Properties Inc. Common Stock,Finance,Real Estate,1555851224.0,2016.0,27571348.998759527,United States
IKT,Inhibikase Therapeutics Inc. Common Stock,Health Care,Biotechnology: Biological Products (No Diagnostic Substances),320932570.0,2020.0,139535900.0,United States
ILAG,Intelligent Living Application Group Inc. Ordinary Shares,Consumer Discretionary,Office Equipment/Supplies/Services,6151712.0,2022.0,2076947.905060941,Hong Kong
ILLR,Triller Group Inc. Common Stock,Finance,Investment Managers,11454495.0,2019.0,20487381.50599177,United States
ILMN,Illumina Inc. Common Stock,Health Care,Medical Specialities,37022180000.0,2000.0,151000000.0,United States
ILPT,Industrial Logistics Properties Trust Common Shares of Beneficial Interest,Real Estate,Real Estate Investment Trusts,517280578.0,2018.0,66745881.03225806,United States
IMA,ImageneBio Inc. Common Stock,Health Care,Biotechnology: Biological Products (No Diagnostic Substances),56984309.0,2021.0,11351455.97609562,United States
IMAX,Imax Corporation Common Stock,Consumer Discretionary,Industrial Machinery/Components,2842466769.0,,54842114.00733166,Canada
IMC,IMC Rare Earths Ltd Ordinary Shares,Basic Materials,Metal Mining,709425000.0,2026.0,105100000.0,
IMCC,IM Cannabis Corp. Common Shares,Health Care, Medicinal Chemicals and Botanical Products ,1050824.0,,603921.8390804598,Canada
IMDX,Insight Molecular Diagnostics Inc. Common Stock,Health Care,Biotechnology: In Vitro & In Vivo Diagnostic Substances,129260922.0,,32724284.05063291,United States
IMKTA,Ingles Markets Incorporated Class A Common Stock,Consumer Staples,Food Chains,1575583489.0,1987.0,18994375.99758891,United States
IMMR,Immersion Corporation Common Stock,Technology,Computer peripheral equipment,249709428.0,1999.0,33206040.95744681,United States
IMMX,Immix Biopharma Inc. Common Stock,Health Care,Biotechnology: Pharmaceutical Preparations,909980074.0,2021.0,71539313.99371068,United States
IMNM,Immunome Inc. Common Stock,Health Care,Biotechnology: Pharmaceutical Preparations,2717912662.0,2020.0,113577629.00125366,United States
IMNN,Imunon Inc. Common Stock,Health Care,Biotechnology: Pharmaceutical Preparations,7743736.0,,5611402.898550725,United States
IMO,Imperial Oil Limited Common Stock,Energy,Integrated oil Companies,63002496040.0,1929.0,483593000.0,Canada
IMPP,Imperial Petroleum Inc. Common Shares,Consumer Discretionary,Marine Transportation,261787080.0,,45213658.03108808,Greece
IMRX,Immuneering Corporation Class A Common Stock,Health Care,Biotechnology: Pharmaceutical Preparations,288550413.0,2021.0,64697402.01793722,United States
IMSR,Terrestrial Energy Inc. Common Stock,Industrials,Metal Fabrications,464526089.0,2024.0,105935254.04789054,United States
IMTE,Integrated Media Technology Limited Ordinary Shares,Consumer Staples,Consumer Electronics/Appliances,1783185.0,,3446434.0935446466,Australia
IMTX,Immatics N.V. Ordinary Shares,Health Care,Biotechnology: Biological Products (No Diagnostic Substances),1319751382.0,,149631675.9637188,Germany
IMUX,Immunic Inc. Common Stock,Health Care,Biotechnology: Pharmaceutical Preparations,141220233.0,2014.0,13644466.95652174,United States
IMVT,Immunovant Inc. Common Stock,Health Care,Biotechnology: Biological Products (No Diagnostic Substances),7776708477.0,2019.0,206552681.99203187,United States
IMXI,International Money Express Inc. Common Stock,Consumer Discretionary,Business Services,381270733.0,2017.0,30211627.02060222,United States
INAB,IN8bio Inc. Common Stock,Health Care,Biotechnology: Biological Products (No Diagnostic Substances),10548470.0,2021.0,9858383.177570092,United States
INBK,First Internet Bancorp Common Stock,Finance,Major Banks,241395985.0,,8733573.986975398,United States
INBS,Intelligent Bio Solutions Inc. Common Stock,Health Care,Medical/Dental Instruments,6633606.0,2020.0,3316803.0,United States
INBX,Inhibrx Biosciences Inc. Common Stock,Health Care,Biotechnology: Biological Products (No Diagnostic Substances),1541380532.0,,14717660.001909671,United States
INCR,Intercure Ltd. Ordinary Shares,Health Care,Biotechnology: Pharmaceutical Preparations,62900725.0,,11845710.922787195,Israel
INCY,Incyte Corp. Common Stock,Health Care,Biotechnology: Commercial Physical & Biological Resarch,25868286345.0,,202697746.0037612,United States
INDB,Independent Bank Corp. Common Stock,Finance,Major Banks,3904161140.0,,47369099.00509585,United States
INDI,indie Semiconductor Inc. Class A Common Stock,Technology,Semiconductors,725561804.0,,231808883.06709263,United States
INDO,Indonesia Energy Corporation Limited Ordinary Shares,Energy,Oil & Gas Production,44467968.0,2019.0,15386840.138408303,
INDP,Indaptus Therapeutics Inc. Common Stock,Health Care,Biotechnology: Pharmaceutical Preparations,523642333.0,,133242323.91857506,United States
INDV,Indivior Pharmaceuticals Inc. Common Stock,Health Care,Biotechnology: Pharmaceutical Preparations,4212559724.0,,118031933.98711124,United Kingdom
INEO,INNEOVA Holdings Limited Class A Ordinary Shares,Consumer Discretionary,Motor Vehicles,8892226.0,2024.0,16170623.749772685,Singapore
INFQ,Infleqtion Inc. Common Stock,Technology,EDP Services,3123448741.0,2026.0,225357052.02020204,
INFU,InfuSystems Holdings Inc. Common Stock,Health Care,Medical/Dental Instruments,248566419.0,,19917181.009615384,United States
ING,ING Group N.V. Common Stock,Finance,Commercial Banks,107157999441.0,1997.0,2902437688.0010834,Netherlands
INGM,Ingram Micro Holding Corporation Common Stock,Technology,Retail: Computer Software & Peripheral Equipment,6269390551.0,2024.0,230661904.0103017,United States
INGN,Inogen Inc Common Stock,Health Care,Industrial Specialties,136141669.0,2014.0,26538337.03703704,United States
INGR,Ingredion Incorporated Common Stock,Consumer Staples,Packaged Foods,6243964561.0,,63063979.002120994,United States
INHD,Inno Holdings Inc. Common Stock,Industrials,Steel/Iron Ore,8973268.0,2023.0,2520580.8988764044,United States
INIO,INNIO N.V. Ordinary Shares,Consumer Discretionary,Metal Fabrications,15720000000.0,2026.0,750000000.0,Germany
INKT,MiNK Therapeutics Inc. Common Stock,Health Care,Biotechnology: Biological Products (No Diagnostic Substances),59756153.0,2021.0,5103001.964133219,United States
INLF,INLIF LIMITED Class A Ordinary Shares,Industrials,Industrial Machinery/Components,3287248.0,2025.0,1090297.8441127697,China
INLX,Intellinetics Inc. Common Stock,Technology,Computer Software: Prepackaged Software,24048218.0,2022.0,4494994.018691589,
INM,InMed Pharmaceuticals Inc. Common Shares,Health Care,Biotechnology: Pharmaceutical Preparations,7636292.0,,5493735.251798562,Canada
INMB,INmune Bio Inc. Common stock,Health Care,Biotechnology: Biological Products (No Diagnostic Substances),60503260.0,2019.0,27753788.990825687,United States
INMD,InMode Ltd. Ordinary Shares,Health Care,Biotechnology: Electromedical & Electrotherapeutic Apparatus,835770425.0,2019.0,57480772.0082531,Israel
INN,Summit Hotel Properties Inc. Common Stock,Real Estate,Real Estate Investment Trusts,616921808.0,2011.0,107853462.93706296,United States
INNV,InnovAge Holding Corp. Common Stock,Health Care,Medical/Nursing Services,1460030248.0,2021.0,136451425.04672897,United States
INO,Inovio Pharmaceuticals Inc. Common Stock,Health Care,Biotechnology: Pharmaceutical Preparations,125110997.0,,103397518.1818182,United States
INOD,Innodata Inc. Common Stock,Technology,EDP Services,1959123454.0,1993.0,34382651.000351004,United States
INR,Infinity Natural Resources Inc. Class A Common Stock,Energy,Oil & Gas Production,820049796.0,2025.0,63422258.00464037,United States
INSE,Inspired Entertainment Inc. Common Stock,Technology,Computer Software: Prepackaged Software,126256602.0,2014.0,26358372.025052197,United States
INSG,Inseego Corp. Common Stock,Telecommunications,Telecommunications Equipment,66996015.0,,16420591.911764706,United States
INSM,Insmed Incorporated Common Stock,Health Care,Biotechnology: Pharmaceutical Preparations,27074938742.0,,218381503.00048396,United States
INSP,Inspire Medical Systems Inc. Common Stock,Health Care,Medical/Dental Instruments,2102940678.0,2018.0,28910375.0068738,United States
INSW,International Seaways Inc. Common Stock,Consumer Discretionary,Marine Transportation,5474695805.0,2016.0,49531311.001538046,United States
INTA,Intapp Inc. Common Stock,Technology,Computer Software: Prepackaged Software,2807194020.0,2021.0,76511147.99672936,United States
INTC,Intel Corporation Common Stock,Technology,Semiconductors,575015562797.0,,5285069511.001839,United States
INTG,Intergroup Corporation (The) Common Stock,Real Estate,Building operators,79226698.0,,2148811.9880661787,United States
INTJ,Intelligent Group Limited Class A Ordinary Shares,Consumer Discretionary,Professional Services,4089745.0,2024.0,1537498.120300752,Hong Kong
INTR,Inter & Co. Inc. Class A Common Shares,Finance,Commercial Banks,2405203063.0,,441321662.9357798,Brazil
INTS,Intensity Therapeutics Inc. Common stock,Health Care,Biotechnology: Biological Products (No Diagnostic Substances),12667731.0,2023.0,3264879.12371134,United States
INTT,inTest Corporation Common Stock,Industrials,Electrical Products,136466363.0,1997.0,12825785.9962406,United States
INTU,Intuit Inc. Common Stock,Technology,Computer Software: Prepackaged Software,83679608680.0,1993.0,267236000.0,United States
INTZ,Intrusion Inc. Common Stock,Telecommunications,Computer Communications Equipment,18652242.0,,24506953.09420576,United States
INUV,Inuvo Inc.,Consumer Discretionary,Advertising,9560186.0,,16483079.310344828,United States
INV,Innventure Inc. Common Stock,Finance,Blank Checks,57824290.0,,84612657.30172665,United States
INVA,Innoviva Inc. Common Stock,Health Care,Biotechnology: Pharmaceutical Preparations,1520767459.0,2004.0,72245484.9881235,United States
INVE,Identiv Inc. Common Stock,Technology,Computer peripheral equipment,62043528.0,,24235753.125,United States
INVH,Invitation Homes Inc. Common Stock,Finance,Real Estate,16035420586.0,2017.0,590623226.0036833,United States
INVX,Innovex International Inc. Common Stock,Consumer Discretionary,Oil and Gas Field Machinery,2040028074.0,,69935827.01405554,United States
INVZ,Innoviz Technologies Ltd. Ordinary shares,Consumer Discretionary,Auto Parts:O.E.M.,114035622.0,,354698668.7402799,Israel
IOND,Ionic Digital Inc. Class A Common Stock,Finance,Finance: Consumer Services,3817925449.0,,44996175.00294638,United States
IONQ,IonQ Inc. Common Stock,Technology,EDP Services,15369633347.0,2021.0,381002314.0059494,United States
IONS,Ionis Pharmaceuticals Inc. Common Stock,Health Care,Biotechnology: Pharmaceutical Preparations,7769117054.0,,166184322.0106952,United States
IOR,Income Opportunity Realty Investors Inc. Common Stock,Real Estate,Real Estate Investment Trusts,75223886.0,1987.0,4066177.979340429,United States
IOSP,Innospec Inc. Common Stock,Industrials,Major Chemicals,2295120959.0,,24631046.99506332,United States
IOT,Samsara Inc. Class A Common Stock,Technology,EDP Services,23424208360.0,2021.0,585605209.0,United States
IOTR,iOThree Limited Ordinary Shares,Consumer Discretionary,Telecommunications Equipment,10552053.0,2025.0,6064398.275862069,Singapore
IOVA,Iovance Biotherapeutics Inc. Common Stock,Health Care,Biotechnology: Biological Products (No Diagnostic Substances),4538773749.0,,452971432.0359282,United States
IP,International Paper Company Common Stock,Basic Materials,Paper,18826209767.0,,529569894.99296767,United States
IPAR,Interparfums Inc. Common Stock,Consumer Discretionary,Package Goods/Cosmetics,3546534988.0,,32025781.00054181,United States
IPDN,Professional Diversity Network Inc. Common Stock,Technology,Computer Software: Programming Data Processing,2290390.0,2013.0,665811.046511628,United States
IPGP,IPG Photonics Corporation Common Stock,Technology,Semiconductors,3237729109.0,2006.0,42534539.004203886,United States
IPHA,Innate Pharma S.A. ADS,Health Care,Biotechnology: Biological Products (No Diagnostic Substances),213347663.0,2019.0,111700347.12041885,France
IPI,Intrepid Potash Inc Common Stock,Industrials,Mining & Quarrying of Nonmetallic Minerals (No Fuels),531134923.0,2008.0,13456674.005573854,United States
IPM,Intelligent Protection Management Corp. Common Stock,Technology,Computer Software: Programming Data Processing,16625741.0,,9035728.804347826,United States
IPSC,Century Therapeutics Inc. Common Stock,Health Care,Biotechnology: Biological Products (No Diagnostic Substances),340421603.0,2021.0,181075320.74468085,United States
IPST,IP Strategy Holdings Inc. Common Stock,Consumer Staples,Beverages (Production/Distribution),2063713.0,2024.0,721577.9720279721,United States
IPVV,InterPrivate Investment Partners V Inc. Class A Ordinary Shares,Finance,Blank Checks,0.0,2026.0,0.0,United States
IPW,iPower Inc. Common Stock,Consumer Discretionary,RETAIL: Building Materials,1722119.0,2021.0,956732.7777777778,United States
IPWR,Ideal Power Inc. Common Stock,Technology,Semiconductors,64916887.0,2013.0,16434654.93670886,United States
IQI,Invesco Quality Municipal Income Trust Common Stock,Finance,Finance Companies,518261211.0,,52883797.04081632,United States
IQST,iQSTEL Inc. Common Stock,Telecommunications,Telecommunications Equipment,11025018.0,,10915859.405940594,United States
IQV,IQVIA Holdings Inc. Common Stock,Health Care,Biotechnology: Commercial Physical & Biological Resarch,44349824000.0,2013.0,164600000.0,United States
IR,Ingersoll Rand Inc. Common Stock,Industrials,Industrial Machinery/Components,28188158517.0,2017.0,387999429.0020647,United States
IRD,Opus Genetics Inc. Common Stock,Health Care,Biotechnology: Pharmaceutical Preparations,439273945.0,,83195822.91666666,United States
IRDM,Iridium Communications Inc Common Stock,Consumer Discretionary,Telecommunications Equipment,5030998985.0,,105960383.00336984,United States
IREN,IREN Limited Ordinary Shares,Finance,Finance: Consumer Services,17133670015.0,2021.0,394058647.99908006,Australia
IRIX,IRIDEX Corporation Common Stock,Health Care,Biotechnology: Electromedical & Electrotherapeutic Apparatus,11447053.0,1996.0,17564911.769218966,United States
IRM,Iron Mountain Incorporated (Delaware)Common Stock REIT,Real Estate,Real Estate Investment Trusts,33938120568.0,,297702812.0,United States
IRMD,iRadimed Corporation Common Stock,Health Care,Medical/Dental Instruments,1057995635.0,2014.0,12786990.995890742,United States
IRON,Disc Medicine Inc. Common Stock,Health Care,Biotechnology: Pharmaceutical Preparations,2656016948.0,,38392844.0011564,United States
IRT,Independence Realty Trust Inc. Common Stock,Real Estate,Real Estate Investment Trusts,3547955733.0,2013.0,235744566.97674415,United States
IRTC,iRhythm Holdings Inc. Common Stock,Health Care,Medical/Dental Instruments,3683615585.0,2016.0,32963002.997762863,United States
IRWD,Ironwood Pharmaceuticals Inc. Class A Common Stock,Health Care,Biotechnology: Pharmaceutical Preparations,698964976.0,2010.0,165239947.04491726,United States
ISBA,Isabella Bank Corporation Common stock,Finance,Major Banks,294169343.0,,7628873.003112033,United States
ISOU,IsoEnergy Ltd. Common Shares,,,680467374.0,2025.0,65241358.96452541,
ISPC,iSpecimen Inc. Common Stock,Health Care,Biotechnology: Commercial Physical & Biological Resarch,3400097.0,2021.0,2518590.3703703703,United States
ISPR,Ispire Technology Inc. Common Stock,Health Care, Medicinal Chemicals and Botanical Products ,75080812.0,2023.0,57754470.76923077,United States
ISRG,Intuitive Surgical Inc. Common Stock,Health Care,Industrial Specialties,135496258695.0,2000.0,353278038.00125146,United States
ISTR,Investar Holding Corporation Common Stock,Finance,Major Banks,417030577.0,2014.0,13777025.99933928,United States
IT,Gartner Inc. Common Stock,Consumer Discretionary,Other Consumer Services,11859377693.0,1993.0,63148976.00106496,United States
ITG,ITG Inc. Class A Common Stock,Industrials,Water Sewer Pipeline Comm & Power Line Construction,1543274232.0,2026.0,124157218.98632342,United States
ITGR,Integer Holdings Corporation Common Stock,Health Care,Biotechnology: Electromedical & Electrotherapeutic Apparatus,4294215424.0,,33992048.001266524,United States
ITIC,Investors Title Company Common Stock,Finance,Specialty Insurers,558846816.0,,1887996.0,United States
ITOC,iTonic Holdings Ltd Class A Ordinary Shares,Health Care,Biotechnology: Electromedical & Electrotherapeutic Apparatus,34705325.0,2024.0,117050000.0,China
ITP,IT Tech Packaging Inc. Common Stock,Consumer Discretionary,Containers/Packaging,2799294.0,,16965418.18181818,China
ITRG,Integra Resources Corp. Common Shares,Basic Materials,Precious Metals,563987135.0,,202873070.1438849,
ITRI,Itron Inc. Common Stock,Industrials,Electrical Products,4001233489.0,1993.0,43786752.99846794,United States
ITRN,Ituran Location and Control Ltd. Ordinary Shares,Technology,Electronic Components,1048988473.0,2005.0,19893579.992414188,Israel
ITT,ITT Inc. Common Stock,Industrials,Fluid Controls,18131214000.0,2011.0,89400000.0,United States
ITW,Illinois Tool Works Inc. Common Stock,Industrials,Industrial Machinery/Components,76186848000.0,,284800000.0,United States
IVA,Inventiva S.A. American Depository Shares,Health Care,Biotechnology: Pharmaceutical Preparations,886050758.0,2020.0,236280202.13333333,France
IVDA,Iveda Solutions Inc. Common Stock,Technology,Computer Software: Prepackaged Software,3734426.0,,12519027.824337916,United States
IVF,INVO Fertility Inc. Common Stock,Health Care,Medical/Dental Instruments,2328724.0,,2506969.5338572506,United States
IVR,INVESCO MORTGAGE CAPITAL INC Common Stock,Real Estate,Real Estate Investment Trusts,703968327.0,2009.0,107640416.97247706,United States
IVT,InvenTrust Properties Corp. Common Stock,Real Estate,Real Estate Investment Trusts,2397836753.0,2021.0,77978430.99186991,United States
IVVD,Invivyd Inc. Common Stock,Health Care,Biotechnology: Biological Products (No Diagnostic Substances),219948976.0,2021.0,294758745.6445993,United States
IVZ,Invesco Ltd Common Stock,Finance,Investment Managers,13342123352.0,,441499780.0132363,United States
IXHL,Incannex Healthcare Inc. Common Stock,Health Care,Biotechnology: Pharmaceutical Preparations,42952749.0,,11964554.038997214,Australia
IZEA,IZEA Worldwide Inc. Common Stock,Consumer Discretionary,Advertising,45978995.0,,17416285.984848484,United States
IZM,ICZOOM Group Inc. Class A Ordinary Shares,Consumer Discretionary,Consumer Electronics/Video Chains,2932419.0,2023.0,2403622.131147541,China
J,Jacobs Solutions Inc. Common Stock,Industrials,Military/Government/Technical,16872286162.0,2022.0,117038611.00166482,United States
JACK,Jack In The Box Inc. Common Stock,Consumer Discretionary,Restaurants,254126123.0,,19179330.03773585,United States
JAGU,Jaguar Uranium Corp. Class A Common Shares,Basic Materials,Metal Mining,31906168.0,2026.0,20193777.215189874,Canada
JAGX,Jaguar Health Inc. Common Stock,Health Care,Biotechnology: Pharmaceutical Preparations,18366519.0,2015.0,6678734.181818182,United States
JAKK,JAKKS Pacific Inc. Common Stock,Consumer Discretionary,Recreational Games/Products/Toys,278457142.0,1996.0,11445012.001644062,United States
JAN,Janus Living Inc. Class A-1 Common Stock,Real Estate,Real Estate Investment Trusts,9380090158.0,2026.0,310290775.98412174,
JANX,Janux Therapeutics Inc. Common Stock,Health Care,Biotechnology: Pharmaceutical Preparations,1030765993.0,2021.0,61136773.01304864,United States
JAZZ,Jazz Pharmaceuticals plc Common Stock (Ireland),Health Care,Biotechnology: Pharmaceutical Preparations,15828770456.0,2007.0,64914577.00131234,Ireland
JBDI,JBDI Holdings Limited Ordinary Shares,,,11322293.0,2024.0,9514531.93277311,Singapore
JBGS,JBG SMITH Properties Common Shares,Real Estate,Real Estate Investment Trusts,852142676.0,2017.0,74618447.9859895,United States
JBHT,J.B. Hunt Transport Services Inc. Common Stock,Industrials,Trucking Freight/Courier Services,22239057555.0,,93914938.9991554,United States
JBI,Janus International Group Inc. Common Stock,Industrials,Building Products,604410550.0,2021.0,136435790.0677201,United States
JBIO,Jade Biosciences Inc. Common Stock,Health Care,Biotechnology: Pharmaceutical Preparations,1090059213.0,2021.0,63597386.98949825,United States
JBL,Jabil Inc. Common Stock,Technology,Electrical Products,31010691119.0,1993.0,104787089.00114888,United States
JBLU,JetBlue Airways Corporation Common Stock,Consumer Discretionary,Air Freight/Delivery Services,1679039205.0,2002.0,377312180.8988764,United States
JBS,JBS N.V. Class A Common Shares,Consumer Staples,Meat/Poultry/Fish,12915405995.0,2025.0,1070929186.981758,
JBSS,John B. Sanfilippo & Son Inc. Common Stock,Consumer Staples,Specialty Foods,788959163.0,1991.0,11693480.998962505,United States
JBTM,JBT Marel Corporation Common Stock,Industrials,Industrial Machinery/Components,5721494147.0,,51876817.000634685,United States
JCAP,Jefferson Capital Inc. Common Stock,Finance,Finance Companies,1175500722.0,2025.0,57425536.003908165,United States
JCI,Johnson Controls International plc Ordinary Share,Industrials,Industrial Machinery/Components,85445891758.0,,605741469.9985821,Switzerland
JCSE,JE Cleantech Holdings Limited Ordinary Shares,Consumer Discretionary,Miscellaneous manufacturing industries,7774026.0,2022.0,5252720.27027027,Singapore
JCTC,Jewett-Cameron Trading Company Common Shares,Consumer Discretionary,RETAIL: Building Materials,10349132.0,,3520112.925170068,United States
JDZG,JIADE LIMITED Class A Ordinary Shares,Real Estate,Other Consumer Services,22323395.0,2024.0,5431482.9683698295,China
JEF,Jefferies Financial Group Inc. Common Stock,Finance,Investment Bankers/Brokers/Service,9274462570.0,,193742689.99373305,United States
JELD,JELD-WEN Holding Inc. Common Stock,Basic Materials,Forest Products,163982792.0,2017.0,86763382.01058201,United States
JEM,707 Cayman Holdings Limited Ordinary Shares,Consumer Discretionary,Clothing/Shoe/Accessory Stores,2563025.0,2025.0,670948.9528795811,China
JHI,John Hancock Investors Trust Common Stock,Finance,Trusts Except Educational Religious and Charitable,108869610.0,,8744546.987951808,United States
JHS,John Hancock Income Securities Trust Common Stock,Finance,Finance Companies,122405608.0,,11646584.966698382,United States
JHX,James Hardie Industries plc. Ordinary Shares,Industrials,Building Materials,15041337664.0,2025.0,580522487.9969124,Ireland
JILL,J. Jill Inc. Common Stock,Consumer Discretionary,Apparel,358643635.0,2017.0,14862976.999585578,United States
JJSF,J & J Snack Foods Corp. Common Stock,Consumer Staples,Specialty Foods,1473231607.0,1986.0,18681608.001521684,United States
JKHY,Jack Henry & Associates Inc. Common Stock,Technology,EDP Services,10952290496.0,1985.0,70112608.00204852,United States
JL,J-Long Group Limited Class A Ordinary Shares,Consumer Discretionary,Clothing/Shoe/Accessory Stores,15900796.0,2024.0,3565200.8968609865,Hong Kong
JLHL,Julong Holding Limited Class A Ordinary Shares,Consumer Discretionary,Military/Government/Technical,116895044.0,2025.0,21448631.926605504,China
JLL,Jones Lang LaSalle Incorporated Common Stock,Finance,Real Estate,15497234679.0,,46007703.00142501,United States
JMKE,Jersey Mike's Subs Inc. Class A Common Stock,Consumer Discretionary,Restaurants,6394071057.0,2026.0,317638900.0,
JMSB,John Marshall Bancorp Inc. Common Stock,Finance,Major Banks,326272538.0,,14112133.996539792,United States
JNJ,Johnson & Johnson Common Stock,Health Care,Biotechnology: Pharmaceutical Preparations,651202798881.0,,2409898596.9987416,United States
JOB,GEE Group Inc. Common Stock,Consumer Discretionary,Diversified Commercial Services,25270258.0,1968.0,109870686.95652172,United States
JOBY,Joby Aviation Inc. Common Stock,Industrials,Aerospace,6152082815.0,2020.0,993874445.072698,United States
JOE,St. Joe Company (The) Common Stock,Real Estate,Homebuilding,3637286514.0,,56930450.99389576,United States
JOUT,Johnson Outdoors Inc. Class A Common Stock,Consumer Discretionary,Recreational Games/Products/Toys,463934991.0,,10479670.002258863,United States
JPM,JP Morgan Chase & Co. Common Stock,Finance,Major Banks,928531019775.0,,2658186194.998712,United States
JRSH,Jerash Holdings (US) Inc. Common Stock,Consumer Discretionary,Apparel,71373663.0,2018.0,12699940.035587188,United States
JRVR,James River Group Holdings Inc. Common Stock,Finance,Property-Casualty Insurers,175245924.0,2014.0,46239030.07915568,Bermuda
JSPR,Jasper Therapeutics Inc. Common Stock,Health Care,Biotechnology: Biological Products (No Diagnostic Substances),21099399.0,2020.0,33274560.79482732,United States
JTAI,Jet.AI Inc. Common Stock,Consumer Discretionary,Transportation Services,4944954.0,2021.0,3557520.8633093527,United States
JUNS,Jupiter Neurosciences Inc. Common Stock,Health Care,Biotechnology: Pharmaceutical Preparations,3968748.0,2024.0,1318520.9302325582,United States
JVA,Coffee Holding Co. Inc. Common Stock,Consumer Staples,Packaged Foods,23976116.0,2005.0,5708599.047619048,United States
JWEL,Jowell Global Ltd. Ordinary Shares,Consumer Discretionary,Other Consumer Services,5251250.0,2021.0,2376131.221719457,China
JXG,JX Luxventure Group Inc. Common Stock,Industrials,Office Equipment/Supplies/Services,90810874.0,2013.0,12059877.025232404,China
JXN,Jackson Financial Inc. Class A Common Stock,Finance,Life Insurance,8762744899.0,2021.0,67728744.00216417,United States
JYD,Jayud Global Logistics Limited Class A Ordinary Shares,Industrials,Integrated Freight & Logistics,7460711.0,2023.0,8298899.888765295,China
JYNT,The Joint Corp. Common Stock,Miscellaneous,Multi-Sector Companies,119226788.0,2014.0,14143153.973902728,United States
JZXN,Jiuzi Holdings Inc. Ordinary Shares,Consumer Discretionary,Retail-Auto Dealers and Gas Stations,59239673.0,2021.0,51512759.13043479,China
KAI,Kadant Inc Common Stock,Industrials,Industrial Machinery/Components,3154451333.0,1992.0,11809116.999850256,United States
KALA,KALA BIO Inc. Common Stock,Health Care,Biotechnology: Pharmaceutical Preparations,10919243.0,2017.0,19339785.68898335,United States
KALU,Kaiser Aluminum Corporation Common Stock,Industrials,Metal Fabrications,2535417187.0,,16349091.997678615,United States
KAPA,Kairos Pharma Ltd. Common Stock,Health Care,Biotechnology: Pharmaceutical Preparations,6127543.0,2024.0,3385382.8729281765,
KARD,Kardigan Inc. Common Stock,Health Care,Biotechnology: Pharmaceutical Preparations,1560576736.0,2026.0,93503698.981426,United States
KARO,Karooooo Ltd. Ordinary Shares,Technology,Computer Software: Prepackaged Software,2122678643.0,2021.0,30893300.000000004,Singapore
KAZR,Skyline Builders Group Holding Limited Class A Ordinary Shares,Consumer Discretionary,Engineering & Construction,33731137.0,2025.0,17942094.14893617,Hong Kong
KB,KB Financial Group Inc,Finance,Commercial Banks,46551858070.0,,358587721.9996919,South Korea
KBDC,Kayne Anderson BDC Inc. Common Stock,,,874340604.0,2024.0,66037809.96978852,United States
KBH,KB Home Common Stock,Consumer Discretionary,Homebuilding,2975974197.0,1986.0,61309727.997527815,United States
KBON,Karbon Capital Partners Corp. Class A Ordinary Shares,Finance,Blank Checks,0.0,2026.0,0.0,United States
KBR,KBR Inc. Common Stock,Industrials,Military/Government/Technical,4626686609.0,2006.0,126067755.01362395,United States
KBSX,FST Corp. Ordinary Shares,Consumer Discretionary,Recreational Games/Products/Toys,49242603.0,,44766002.72727273,Taiwan
KD,Kyndryl Holdings Inc. Common Stock,Technology,EDP Services,2820746506.0,2021.0,217818263.01158303,United States
KDK,Kodiak AI Inc. Common Stock,Technology,EDP Services,768367591.0,,200618169.97389036,United States
KDP,Keurig Dr Pepper Inc. Common Stock,Consumer Staples,Beverages (Production/Distribution),42770762374.0,,1360826037.9891822,United States
KE,Kimball Electronics Inc. Common Stock,Technology,Electrical Products,600133555.0,,23966995.00798722,United States
KEEL,Keel Infrastructure Corp. Common Stock,Finance,Finance: Consumer Services,2229439295.0,,617573211.9113574,Canada
KELYA,Kelly Services Inc. Class A Common Stock,Consumer Discretionary,Professional Services,563352115.0,,34731942.97163995,United States
KELYB,Kelly Services Inc. Class B Common Stock,Consumer Discretionary,Professional Services,794666856.0,,34731943.00699301,United States
KEN,Kenon Holdings Ltd. Ordinary Shares,Utilities,Electric Utilities: Central,3452181301.0,2015.0,52108396.996226415,Singapore
KEP,Korea Electric Power Corporation Common Stock,Utilities,Electric Utilities: Central,14534066703.0,1994.0,1283928153.975265,South Korea
KEQU,Kewaunee Scientific Corporation Common Stock,Industrials,Medical Specialities,104550980.0,,2895346.995292163,United States
KEX,Kirby Corporation Common Stock,Consumer Discretionary,Marine Transportation,7306992000.0,,52800000.00000001,United States
KEY,KeyCorp Common Stock,Finance,Major Banks,22356343206.0,,1067128553.9856802,United States
KEYS,Keysight Technologies Inc. Common Stock,Industrials,Industrial Machinery/Components,56425918283.0,2014.0,170244745.00060344,United States
KFFB,Kentucky First Federal Bancorp Common Stock,Finance,Savings Institutions,44800401.0,2005.0,8086714.981949459,United States
KFRC,Kforce Inc. Common Stock,Consumer Discretionary,Professional Services,924104400.0,1995.0,17909000.0,United States
KFY,Korn Ferry Common Stock,Consumer Discretionary,Diversified Commercial Services,4207578589.0,1999.0,54558850.99844398,United States
KG,Kestrel Group Ltd.,Finance,Property-Casualty Insurers,48352505.0,2008.0,7824029.935275082,Bermuda
KGC,Kinross Gold Corporation Common Stock,Basic Materials,Precious Metals,34019909000.0,2001.0,1194100000.0,Canada
KGEI,Kolibri Global Energy Inc. Common stock,Energy,Oil & Gas Production,239687127.0,,35774198.059701495,United States
KGS,Kodiak Gas Services Inc. Common Stock,Utilities,Natural Gas Distribution,5892342927.0,2023.0,101104031.00549074,United States
KHC,The Kraft Heinz Company Common Stock,Consumer Staples,Packaged Foods,29325421535.0,,1185823757.9862516,United States
KIDS,OrthoPediatrics Corp. Common Stock,Health Care,Medical/Dental Instruments,568671183.0,2017.0,26109788.016528923,United States
KIDZ,KIDZ AI Inc. Class B Common Stock,Real Estate,Other Consumer Services,2668099.0,,860677.0967741936,United States
KIM,Kimco Realty Corporation (HC) Common Stock,Real Estate,Real Estate Investment Trusts,15139716149.0,,670789373.0172796,United States
KINS,Kingstone Companies Inc. Common Stock,Finance,Property-Casualty Insurers,288654092.0,,14476132.99899699,United States
KITT,Nauticus Robotics Inc. Common stock,Industrials,Industrial Machinery/Components,4657273.0,2021.0,7471960.532648805,United States
KKR,KKR & Co. Inc. Common Stock,Finance,Investment Managers,88138839662.0,,897635600.998065,United States
KLAC,KLA Corporation Common Stock,Technology,Electronic Components,220780275391.0,1980.0,1306546782.997988,United States
KLAR,Klarna Group plc Ordinary Shares,Finance,Finance: Consumer Services,9836684316.0,2025.0,705644498.9956958,
KLC,KinderCare Learning Companies Inc. Common Stock,Consumer Discretionary,Other Consumer Services,279700198.0,2024.0,118517033.05084749,United States
KLIC,Kulicke and Soffa Industries Inc. Common Stock,Technology,Semiconductors,4286801101.0,,52329115.002441406,Singapore
KLRA,Kailera Therapeutics Inc. Common Stock,Health Care,Biotechnology: Pharmaceutical Preparations,1674996294.0,2026.0,129643676.00619195,United States
KLRS,Kalaris Therapeutics Inc. Common Stock,Health Care,Biotechnology: Biological Products (No Diagnostic Substances),75223740.0,2020.0,23804981.012658227,United States
KLTR,Kaltura Inc. Common Stock,Technology,Computer Software: Prepackaged Software,216622737.0,2021.0,152551223.23943663,United States
KLXE,KLX Energy Services Holdings Inc. Common Stock,Energy,Oilfield Services/Equipment,32015954.0,,21273059.136212625,United States
KMB,Kimberly-Clark Corporation Common Stock,Consumer Discretionary,Containers/Packaging,32655935741.0,,332579037.99775946,United States
KMDA,Kamada Ltd. Ordinary Shares,Health Care,Biotechnology: Pharmaceutical Preparations,500348344.0,2013.0,57710304.959630914,Israel
KMI,Kinder Morgan Inc. Common Stock,Utilities,Natural Gas Distribution,69721173407.0,2011.0,2226802089.013095,United States
KMPR,Kemper Corporation,Finance,Property-Casualty Insurers,1584443611.0,,58923153.997768685,United States
KMRK,K-Tech Solutions Company Limited Class A Ordinary Shares,Consumer Discretionary,Recreational Games/Products/Toys,20045000.0,2025.0,21100000.0,Hong Kong
KMT,Kennametal Inc. Common Stock,Industrials,Industrial Machinery/Components,2279478525.0,,76390030.99865952,United States
KMTS,Kestra Medical Technologies Ltd. Common Stock,Health Care,Medical/Dental Instruments,1450329708.0,2025.0,59561794.989733055,United States
KMX,CarMax Inc,Consumer Discretionary,Retail-Auto Dealers and Gas Stations,8284769784.0,,141911095.991778,United States
KN,Knowles Corporation Common Stock,Consumer Staples,Consumer Electronics/Appliances,3026087850.0,2014.0,85410325.99491955,United States
KNDI,Kandi Technologies Group Inc. Ordinary Shares,Industrials,Auto Manufacturing,55037662.0,,100415365.8091589,China
KNF,Knife Riv Holding Co. Common Stock,Industrials,Mining & Quarrying of Nonmetallic Minerals (No Fuels),3093038756.0,2023.0,56763420.0036704,United States
KNRX,KNOREX LTD. Class A Ordinary Shares,Technology,Computer Software: Programming Data Processing,9860131.0,2025.0,30423113.236655354,
KNSA,Kiniksa Pharmaceuticals International plc Class A Ordinary Shares,Health Care,Biotechnology: Pharmaceutical Preparations,6189644951.0,2018.0,78024012.99634439,United States
KNSL,Kinsale Capital Group Inc. Common Stock,Finance,Property-Casualty Insurers,8189527140.0,,22778424.99930465,United States
KNTK,Kinetik Holdings Inc. Class A Common Stock,Utilities,Natural Gas Distribution,8716511645.0,2022.0,162379129.0052161,United States
KNX,Knight-Swift Transportation Holdings Inc.,Industrials,Trucking Freight/Courier Services,10850942520.0,2017.0,162756000.0,United States
KO,Coca-Cola Company (The) Common Stock,Consumer Staples,Beverages (Production/Distribution),378882486339.0,,4302549243.004769,United States
KOD,Kodiak Sciences Inc Common Stock,Health Care,Biotechnology: Biological Products (No Diagnostic Substances),2064604662.0,2018.0,62849456.98630137,United States
KODK,Eastman Kodak Company Common New,Consumer Discretionary,Industrial Machinery/Components,953546000.0,,97900000.0,United States
KOP,Koppers Holdings Inc. Common Stock,Basic Materials,Forest Products,873336210.0,2006.0,18911567.994802944,United States
KOPN,Kopin Corporation Common Stock,Technology,Semiconductors,879177464.0,1992.0,185872613.95348835,United States
KOS,Kosmos Energy Ltd. Common Shares (DE),Energy,Oil & Gas Production,1691184929.0,2011.0,595487651.0563381,Bermuda
KOSS,Koss Corporation Common Stock,Consumer Staples,Consumer Electronics/Appliances,33416526.0,,9466437.960339945,United States
KPET,KPET Ultra Paceline Corporation Class A Ordinary Shares,,,0.0,2026.0,0.0,
KPLT,Katapult Holdings Inc. Common Stock,Consumer Discretionary,Diversified Commercial Services,779762815.0,2019.0,84849054.95103374,United States
KPRX,Kiora Pharmaceuticals Inc.  Common Stock,Health Care,Biotechnology: Pharmaceutical Preparations,11813113.0,,4424386.891385768,United States
KPTI,Karyopharm Therapeutics Inc. Common Stock,Health Care,Biotechnology: Pharmaceutical Preparations,40599813.0,2013.0,22681459.776536312,United States
KR,Kroger Company (The) Common Stock,Consumer Staples,Food Chains,37218322382.0,,612647282.0082304,United States
KRC,Kilroy Realty Corporation Common Stock,Real Estate,Real Estate Investment Trusts,4003355367.0,1997.0,116308988.00116213,United States
KREF,KKR Real Estate Finance Trust Inc. Common Stock,Real Estate,Real Estate Investment Trusts,399501605.0,2017.0,58577947.94721408,United States
KRG,Kite Realty Group Trust Common Stock,Real Estate,Real Estate Investment Trusts,5088812098.0,2004.0,200346932.992126,United States
KRMD,KORU Medical Systems Inc. Common Stock (DE),Health Care,Medical/Dental Instruments,148673524.0,,46171901.86335404,United States
KRMN,Karman Holdings Inc. Common Stock,Industrials,Military/Government/Technical,4671813207.0,2025.0,132533708.0,United States
KRNT,Kornit Digital Ltd. Ordinary Shares,Industrials,Industrial Machinery/Components,660825293.0,2015.0,42966534.00520156,Israel
KRNY,Kearny Financial Corp Common Stock,Finance,Savings Institutions,626568536.0,2005.0,64929381.96891192,United States
KRO,Kronos Worldwide Inc Common Stock,Basic Materials,Major Chemicals,946101582.0,,115097516.05839416,United States
KROS,Keros Therapeutics Inc. Common Stock,Health Care,Biotechnology: Pharmaceutical Preparations,225236856.0,2020.0,19827188.028169014,United States
KRRO,Korro Bio Inc. Common Stock,Health Care,Biotechnology: Pharmaceutical Preparations,173762623.0,2019.0,14725646.016949153,United States
KRSA,Korsana Biosciences Inc. Common Stock,Health Care,Biotechnology: Pharmaceutical Preparations,22550722.0,,668763.9976275208,United States
KRT,Karat Packaging Inc. Common Stock,Industrials,Plastic Products,1004160104.0,2021.0,19931721.00039698,United States
KRUS,Kura Sushi USA Inc. Class A Common Stock,Consumer Discretionary,Restaurants,419412339.0,2019.0,12149836.008111238,United States
KRYS,Krystal Biotech Inc. Common Stock,Health Care,Biotechnology: Biological Products (No Diagnostic Substances),10026605695.0,2017.0,29598836.0,United States
KSCP,Knightscope Inc. Class A Common Stock,Telecommunications,Telecommunications Equipment,27397294.0,2022.0,23618356.896551725,United States
KSPI,Joint Stock Company Kaspi.kz American Depository Shares,,,18446759495.0,2024.0,189333465.0005132,Kazakhstan
KSS,Kohl's Corporation Common Stock,Consumer Discretionary,Department/Specialty Retail Stores,1893386632.0,1992.0,113376445.02994011,United States
KT,KT Corporation Common Stock,Telecommunications,Telecommunications Equipment,9393063654.0,,482190125.9753593,South Korea
KTB,Kontoor Brands Inc. Common Stock,Industrials,Garments and Clothing,3581451719.0,2019.0,54653620.00610408,United States
KTCC,Key Tronic Corporation Common Stock,Technology,Electrical Products,25790764.0,1983.0,10859269.05263158,United States
KTF,DWS Municipal Income Trust,Finance,Finance Companies,334177935.0,1988.0,39500937.943262406,United States
KTOS,Kratos Defense & Security Solutions Inc. Common Stock,Industrials,Military/Government/Technical,8946798445.0,,187721327.0037768,United States
KTTA,Pasithea Therapeutics Corp. Common Stock,Health Care,Biotechnology: Pharmaceutical Preparations,16931101.0,2021.0,33414448.391553182,United States
KULR,KULR Technology Group Inc. Common Stock,Technology,Electrical Products,111535576.0,,46280321.991701245,United States
KURA,Kura Oncology Inc. Common Stock,Health Care,Biotechnology: Pharmaceutical Preparations,1042618455.0,,88960619.02730376,United States
KUST,Kustom Entertainment Inc. Common Stock,Technology,Radio And Television Broadcasting And Communications Equipment,3969185.0,,6506860.655737705,United States
KVHI,KVH Industries Inc. Common Stock,Consumer Discretionary,Telecommunications Equipment,130433517.0,1996.0,18140962.03059805,United States
KVUE,Kenvue Inc. Common Stock,Consumer Discretionary,Package Goods/Cosmetics,34324221855.0,2023.0,1920773466.983772,United States
KVYO,Klaviyo Inc. Series A Common Stock,Technology,Computer Software: Prepackaged Software,4518624425.0,2023.0,284727436.9880277,United States
KWR,Quaker Houghton Common Stock,Industrials,Major Chemicals,2680099587.0,,17207702.003210273,United States
KWY,Kingsway Corporation Common Stock,Finance,Property-Casualty Insurers,279762770.0,,28931000.0,Canada
KXIN,Kaixin Holdings Ordinary Shares,Consumer Discretionary,Retail-Auto Dealers and Gas Stations,70059297.0,2017.0,40033884.0,China
KYIV,Kyivstar Group Ltd. Common Shares,Telecommunications,Telecommunications Equipment,3079148927.0,,231863624.02108437,United Arab Emirates
KYMR,Kymera Therapeutics Inc. Common Stock,Health Care,Biotechnology: Biological Products (No Diagnostic Substances),9851685221.0,2020.0,83150618.00303848,United States
KYNB,Kyntra Bio Inc. Common Stock,Health Care,Biotechnology: Pharmaceutical Preparations,28748780.0,2014.0,4049123.943661972,United States
KYTX,Kyverna Therapeutics Inc. Common Stock,Health Care,Biotechnology: Biological Products (No Diagnostic Substances),435377846.0,2024.0,61843444.03409091,United States
L,Loews Corporation Common Stock,Finance,Property-Casualty Insurers,22151787739.0,,204427719.9981543,United States
LAB,Standard BioTools Inc. Common Stock,Industrials,Biotechnology: Laboratory Analytical Instruments,286582530.0,2011.0,392578808.2191781,United States
LABT,Lakewood-Amedex Biotherapeutics Inc. Common Stock,Health Care,Biotechnology: Pharmaceutical Preparations,4407620.0,,2369688.1720430106,United States
LAC,Lithium Americas Corp. Common Shares,Basic Materials,Metal Mining,1049194105.0,2023.0,363042942.9065744,Canada
LAD,Lithia Motors Inc. Common Stock,Consumer Discretionary,Retail-Auto Dealers and Gas Stations,7071528755.0,,21983116.00037304,United States
LADR,Ladder Capital Corp Class A Common Stock,Real Estate,Real Estate Investment Trusts,1210294991.0,2014.0,126865303.0398323,United States
LAES,SEALSQ Corp Ordinary Shares,Technology,Semiconductors,512380198.0,,222773999.1304348,Switzerland
LAKE,Lakeland Industries Inc. Common Stock,Health Care,Industrial Specialties,104130163.0,1986.0,9931346.018121123,United States
LAMR,Lamar Advertising Company Class A Common Stock,Real Estate,Real Estate Investment Trusts,14908509108.0,1996.0,101549683.99972752,United States
LAND,Gladstone Land Corporation Common Stock,Real Estate,Real Estate Investment Trusts,411954272.0,1993.0,43136572.98429319,United States
LANV,Lanvin Group Holdings Limited Ordinary Shares,Consumer Discretionary,Apparel,135643587.0,2022.0,125595913.88888888,Cayman Islands
LAR,Lithium Argentina AG Common Shares,Basic Materials,Metal Mining,946857000.0,2023.0,164100000.0,Canada
LARK,Landmark Bancorp Inc. Common Stock,Finance,Major Banks,199548467.0,,6100533.995719963,United States
LASE,Laser Photonics Corporation Common Stock,Miscellaneous,Industrial Machinery/Components,53851473.0,2022.0,60677716.05633804,United States
LASR,nLIGHT Inc. Common Stock,Technology,Semiconductors,2217034271.0,2018.0,57690197.00754619,United States
LAUR,Laureate Education Inc. Common Stock,Real Estate,Other Consumer Services,4942447037.0,2017.0,137749360.00557414,United States
LAW,CS Disco Inc. Common Stock,Technology,Computer Software: Prepackaged Software,273312211.0,2021.0,64919765.08313539,United States
LAZ,Lazard Inc. Common Stock,Finance,Investment Managers,3514067626.0,2005.0,97450571.9911259,Bermuda
LB,LandBridge Company LLC Class A Shares Representing Limited Liability Company Interests,Energy,Oil & Gas Production,6623949453.0,2024.0,77085411.99813801,
LBGJ,Li Bang International Corporation Class A Ordinary Shares,Industrials,Industrial Machinery/Components,1333217.0,2024.0,687225.2577319588,China
LBRT,Liberty Energy Inc. Class A common stock,Energy,Oilfield Services/Equipment,3118587960.0,2018.0,163191416.01255888,United States
LBRX,LB Pharmaceuticals Inc Common Stock,Health Care,Biotechnology: Pharmaceutical Preparations,1359401635.0,2025.0,32259175.01186521,United States
LBTYA,Liberty Global Ltd. Class A Common Shares,Telecommunications,Cable & Other Pay Television Services,3509791054.0,,341087565.9863946,United Kingdom
LBTYB,Liberty Global Ltd. Class B Common Shares,Telecommunications,Cable & Other Pay Television Services,4255067386.0,,341087566.01202404,United Kingdom
LBTYK,Liberty Global Ltd. Class C Common Shares,Telecommunications,Cable & Other Pay Television Services,3376766903.0,,341087565.9595959,United Kingdom
LCFY,Locafy Limited Ordinary Share,Technology,Computer Software: Programming Data Processing,4299797.0,2022.0,1829700.8510638296,Australia
LCID,Lucid Group Inc. Common Stock,Industrials,Auto Manufacturing,1686620353.0,,394070175.9345794,United States
LCII,LCI Industries,Consumer Discretionary,Auto Parts:O.E.M.,2102702240.0,1995.0,24311506.99502833,United States
LCLN,Lincoln International Inc. Class A Common Stock,Finance,Investment Managers,2684936420.0,2026.0,103625489.00038595,
LCNB,LCNB Corporation Common Stock,Finance,Major Banks,272983020.0,,14254987.989556136,United States
LCTX,Lineage Cell Therapeutics Inc. Common Stock,Health Care,Biotechnology: Biological Products (No Diagnostic Substances),260494688.0,,252907464.0776699,United States
LCUT,Lifetime Brands Inc. Common Stock,Consumer Discretionary,Industrial Machinery/Components,192646446.0,1991.0,22988836.038186155,United States
LDI,loanDepot Inc. Class A Common Stock,Finance,Finance: Consumer Services,243708502.0,2021.0,338155268.488969,United States
LDOS,Leidos Holdings Inc. Common Stock,Technology,EDP Services,16434459691.0,,125492209.00274892,United States
LE,Lands' End Inc. Common Stock,Consumer Discretionary,Clothing/Shoe/Accessory Stores,303123020.0,,29544153.996101364,United States
LEA,Lear Corporation Common Stock,Consumer Discretionary,Auto Parts:O.E.M.,6053135038.0,,49324763.99934811,United States
LECO,Lincoln Electric Holdings Inc. Common Shares,Industrials,Industrial Machinery/Components,14007979549.0,,54505757.0,United States
LEDS,SemiLEDS Corporation Common Stock,Technology,Semiconductors,17374146.0,2010.0,8273402.857142856,Taiwan
LEE,Lee Enterprises Incorporated Common Stock,Consumer Discretionary,Newspapers/Magazines,160725637.0,,22292043.9667129,United States
LEGH,Legacy Housing Corporation Common Stock (TX),Consumer Discretionary,Homebuilding,657323452.0,2018.0,23781601.0130246,United States
LEGO,Legato Merger Corp. IV Ordinary Shares,Industrials,Military/Government/Technical,303070360.0,2026.0,30307036.0,
LEN,Lennar Corporation Class A Common Stock,Consumer Discretionary,Homebuilding,19199342817.0,,240895141.9949812,United States
LENZ,LENZ Therapeutics Inc. Common Stock,Health Care,Biotechnology: Biological Products (No Diagnostic Substances),129766017.0,2021.0,31420343.099273607,United States
LEO,BNY Mellon Strategic Municipals Inc. Common Stock,Finance,Trusts Except Educational Religious and Charitable,365024404.0,1987.0,62290853.92491467,United States
LESL,Leslie's Inc. Common Stock,Consumer Discretionary,Other Specialty Stores,4277212.0,2020.0,9365474.052988833,United States
LEU,Centrus Energy Corp. Class A Common Stock,Industrials,Mining & Quarrying of Nonmetallic Minerals (No Fuels),2957126114.0,2014.0,19733908.001334667,United States
LEVI,Levi Strauss & Co Class A Common Stock,Consumer Discretionary,Apparel,7639283656.0,2019.0,384850562.0151133,United States
LEXX,Lexaria Bioscience Corp. Common Stock,Health Care,Biotechnology: Pharmaceutical Preparations,6930342.0,,2106486.930091185,Canada
LFCR,Lifecore Biomedical Inc. Common Stock,Health Care,Biotechnology: Pharmaceutical Preparations,168824648.0,,37853060.089686096,United States
LFMD,LifeMD Inc. Common Stock,Health Care,Medical/Nursing Services,154242678.0,,48200836.875,United States
LFST,LifeStance Health Group Inc. Common Stock,Health Care,Medical/Nursing Services,4818963794.0,2021.0,382154147.0261697,United States
LFT,Lument Finance Trust Inc. Common Stock,Real Estate,Real Estate Investment Trusts,34483387.0,2013.0,5248612.937595129,United States
LFTO,Liftoff Mobile Inc. Common Stock,Technology,EDP Services,2949755200.0,2026.0,169331526.9804822,United States
LFUS,Littelfuse Inc. Common Stock,Energy,Electrical Products,10206232494.0,,25398746.998805497,United States
LFVN,Lifevantage Corporation Common Stock (Delaware),Health Care,Biotechnology: Pharmaceutical Preparations,77669558.0,,12527348.064516127,United States
LFWD,Lifeward Ltd. Ordinary Shares,Health Care,Industrial Specialties,19710831.0,2014.0,2832015.9482758623,Israel
LGCL,Lucas GC Limited Class A Ordinary Shares,Technology,Computer Software: Programming Data Processing,1112550.0,2024.0,342323.07692307694,China
LGCY,Legacy Education Inc. Common Stock,Real Estate,Other Consumer Services,131834236.0,2024.0,12652038.003838772,
LGIH,LGI Homes Inc. Common Stock,Consumer Discretionary,Homebuilding,1142187603.0,2013.0,23248271.9926725,United States
LGL,LGL Group Inc. (The) Common Stock,Technology,Industrial Machinery/Components,86273939.0,1946.0,12613148.976608189,United States
LGN,Legence Corp. Class A Common stock,Consumer Discretionary,Engineering & Construction,5910648001.0,2025.0,108075479.99634305,United States
LGND,Ligand Pharmaceuticals Incorporated Common Stock,Health Care,Biotechnology: Pharmaceutical Preparations,5675667882.0,,19935608.99894626,United States
LGO,Largo Inc. Common Shares,Industrials,Mining & Quarrying of Nonmetallic Minerals (No Fuels),70316761.0,,103133999.70665886,Canada
LGPS,LogProstyle Inc. Common Shares,Consumer Discretionary,Homebuilding,20045629.0,2025.0,23610870.435806837,
LGVN,Longeveron Inc. Class A Common Stock,Health Care,Biotechnology: Pharmaceutical Preparations,8640019.0,2021.0,3188198.89298893,United States
LH,Labcorp Holdings Inc. Common Stock,Health Care,Medical Specialities,26173403000.0,,81100000.0,United States
LHAI,Linkhome Holdings Inc. Common stock,Finance,Real Estate,20497200.0,2025.0,16530000.0,United States
LHSW,Lianhe Sowell International Group Ltd Class A Ordinary Shares,Technology,Computer Software: Prepackaged Software,5540332.0,2025.0,10906165.35433071,China
LHX,L3Harris Technologies Inc. Common Stock,Industrials,Industrial Machinery/Components,46639312723.0,,186214615.99856263,United States
LICN,Lichen International Limited Class A Ordinary Shares,Consumer Discretionary,Professional Services,17094298.0,2023.0,16436825.0,China
LIDR,AEye Inc. Class A Common Stock,Consumer Discretionary,Auto Parts:O.E.M.,56473324.0,2021.0,46672168.59504133,United States
LIEN,Chicago Atlantic BDC Inc. Common Stock,Finance,Finance: Consumer Services,233226430.0,2022.0,22820590.01956947,United States
LIF,Life360 Inc. Common Stock,Technology,EDP Services,3283658871.0,2024.0,81480369.00744417,United States
LIFE,Ethos Technologies Inc. Class A Common Stock,Finance,Specialty Insurers,2320844126.0,2026.0,63759454.01098901,United States
LII,Lennox International Inc. Common Stock,Industrials,Industrial Machinery/Components,12410047179.0,1999.0,34560675.0,United States
LILA,Liberty Latin America Ltd. Class A Common Stock,Telecommunications,Cable & Other Pay Television Services,1671027000.0,,195900000.0,United States
LILAK,Liberty Latin America Ltd. Class C Common Stock,Telecommunications,Cable & Other Pay Television Services,1678863000.0,,195900000.0,United States
LIME,Neutron Holdings Inc. Common Stock,Technology,Computer Software: Prepackaged Software,1952125068.0,2026.0,64984190.01331558,United States
LIMN,Liminatus Pharma Inc. Class A Common Stock,Health Care,Biotechnology: Biological Products (No Diagnostic Substances),4553475.0,,1343207.9646017698,United States
LIN,Linde plc Ordinary Shares,Basic Materials,Major Chemicals,211350185132.0,,460980162.9994765,United States
LINC,Lincoln Educational Services Corporation Common Stock,Real Estate,Other Consumer Services,805725567.0,2005.0,31721479.01574803,United States
LIND,Lindblad Expeditions Holdings Inc. Common Stock,Consumer Discretionary,Transportation Services,1818977779.0,2013.0,65619688.997114,United States
LINE,Lineage Inc. Common Stock,Real Estate,Real Estate Investment Trusts,8639317855.0,2024.0,227710011.99261996,United States
LINK,Interlink Electronics Inc. Common Stock,Technology,Computer peripheral equipment,80027318.0,,15753409.05511811,United States
LION,Lionsgate Studios Corp Common Shares,Consumer Discretionary,Movies/Entertainment,3374326771.0,2025.0,297559679.98236334,Canada
LIQT,LiqTech International Inc. Common Stock,Technology,Industrial Machinery/Components,22730716.0,,32947841.716190755,Denmark
LITE,Lumentum Holdings Inc. Common Stock,Telecommunications,Telecommunications Equipment,80156817000.0,,89700000.0,United States
LITS,Lite Strategy Inc. Common Stock,Health Care,Biotechnology: Pharmaceutical Preparations,33157954.0,2003.0,31882648.07692308,United States
LIVE,Live Ventures Incorporated Common Stock,Consumer Discretionary,Other Specialty Stores,24204649.0,,3071655.9644670053,United States
LIVN,LivaNova PLC Ordinary Shares,Health Care,Biotechnology: Electromedical & Electrotherapeutic Apparatus,4285723910.0,,55093507.00604191,United Kingdom
LKFN,Lakeland Financial Corporation Common Stock,Finance,Major Banks,1482272999.0,,24857839.996645983,United States
LKQ,LKQ Corporation Common Stock,Consumer Discretionary,Motor Vehicles,6029039709.0,2003.0,253002085.98405373,United States
LLY,Eli Lilly and Company Common Stock,Health Care,Biotechnology: Pharmaceutical Preparations,1084857535989.0,,941357065.000347,United States
LLYVA,Liberty Live Holdings Inc. Series A Liberty Live Group Common Stock,Consumer Discretionary,Services-Misc. Amusement & Recreation,8684387441.0,,92005376.00381397,United States
LLYVK,Liberty Live Holdings Inc. Series C Liberty Live Group Common Stock,Consumer Discretionary,Services-Misc. Amusement & Recreation,8988925235.0,,92005375.99795292,United States
LMAT,LeMaitre Vascular Inc. Common Stock,Health Care,Medical/Dental Instruments,1817419854.0,2006.0,22869257.00264251,United States
LMB,Limbach Holdings Inc. Common Stock,Consumer Discretionary,Engineering & Construction,596845900.0,,11924993.006993009,United States
LMND,Lemonade Inc. Common Stock,Finance,Property-Casualty Insurers,3759927557.0,2020.0,77396615.00617538,United States
LMNR,Limoneira Co Common Stock,Consumer Staples,Farming/Seeds/Milling,232814970.0,,18132007.0093458,United States
LMRI,Lumexa Imaging Holdings Inc. Common Stock,Health Care,Medical Specialities,1106783724.0,2025.0,96074976.04166669,United States
LMT,Lockheed Martin Corporation Common Stock,Industrials,Military/Government/Technical,124186196282.0,,230790753.00042745,United States
LNAI,Lunai Bioworks Inc. Common Stock,Health Care,Biotechnology: Pharmaceutical Preparations,10314600.0,,4533890.10989011,United States
LNC,Lincoln National Corporation Common Stock,Finance,Life Insurance,8096307839.0,,191447335.98959565,United States
LND,Brasilagro Brazilian Agric Real Estate Co Sponsored ADR (Brazil),Consumer Staples,Farming/Seeds/Milling,368633564.0,,102683444.01114206,Brazil
LNG,Cheniere Energy Inc. Common Stock,Utilities,Oil/Gas Transmission,55733242536.0,2001.0,206534157.99888825,United States
LNKS,Linkers Industries Limited Class A Ordinary Shares,Technology,Electrical Products,1638745.0,2024.0,1606612.7450980393,Malaysia
LNN,Lindsay Corporation Common Stock,Industrials,Industrial Machinery/Components,1192505144.0,,10168885.000426369,United States
LNSR,LENSAR Inc. Common Stock,Health Care,Medical/Dental Instruments,87106783.0,,12285865.02115656,United States
LNT,Alliant Energy Corporation Common Stock,Utilities,Power Generation,17278732341.0,,259284698.99459785,United States
LNTH,Lantheus Holdings Inc. Common Stock,Health Care,Biotechnology: In Vitro & In Vivo Diagnostic Substances,6579454795.0,2015.0,65272368.99801587,United States
LNZA,LanzaTech Global Inc. Common Stock,Industrials,Major Chemicals,79189436.0,2021.0,13089162.975206612,United States
LOAN,Manhattan Bridge Capital Inc,Real Estate,Real Estate Investment Trusts,44559485.0,,11425508.974358974,United States
LOAR,Loar Holdings Inc. Common Stock,Industrials,Military/Government/Technical,6022294916.0,2024.0,93688471.00186685,United States
LOB,Live Oak Bancshares Inc. Common Stock,Finance,Major Banks,1770348465.0,2022.0,46283620.0,United States
LOBO,LOBO TECHNOLOGIES LTD. Class A Ordinary Shares,Consumer Discretionary,Motor Vehicles,7452499.0,2024.0,13841937.221396731,China
LOCL,Local Bounti Corporation Common Stock,Consumer Staples,Farming/Seeds/Milling,25718131.0,2021.0,23380119.09090909,United States
LOCO,El Pollo Loco Holdings Inc. Common Stock,Consumer Discretionary,Restaurants,435799658.0,2014.0,30432937.011173185,United States
LODE,Comstock Inc. Common Stock,Industrials,Major Chemicals,199861714.0,,75993047.14828898,United States
LOGI,Logitech International S.A. Ordinary Shares,Technology,Computer peripheral equipment,14682531563.0,1997.0,143188331.99726936,United States
LOMA,Loma Negra Compania Industrial Argentina Sociedad Anonima ADS,Industrials,Building Materials,1114452817.0,2017.0,116696630.05235602,Argentina
LONA,LeonaBio Inc. Common Stock,Health Care,Biotechnology: Biological Products (No Diagnostic Substances),65480558.0,2020.0,9421663.021582734,United States
LOOP,Loop Industries Inc. Common Stock,Industrials,Major Chemicals,25806090.0,,48380371.20359955,Canada
LOPE,Grand Canyon Education Inc. Common Stock,Real Estate,Other Consumer Services,3972572289.0,2008.0,26065036.99888459,United States
LOVE,The Lovesac Company Common Stock,Consumer Discretionary,Other Specialty Stores,206976264.0,2018.0,14423433.031358885,United States
LOW,Lowe's Companies Inc. Common Stock,Consumer Discretionary,RETAIL: Building Materials,108951079950.0,,561054019.0020083,United States
LPA,Logistic Properties of the Americas Ordinary Shares,Finance,Real Estate,97699048.0,2024.0,31617814.886731397,
LPCN,Lipocine Inc. Common Stock,Health Care,Biotechnology: Pharmaceutical Preparations,18302242.0,,8244253.153153152,United States
LPG,Dorian LPG Ltd. Common Stock,Consumer Discretionary,Marine Transportation,2494658129.0,2014.0,42782680.99811353,United States
LPL,LG Display Co Ltd AMERICAN DEPOSITORY SHARES,Technology,Industrial Machinery/Components,2980000000.0,2004.0,1000000000.0,South Korea
LPLA,LPL Financial Holdings Inc. Common Stock,Finance,Investment Bankers/Brokers/Service,25980231163.0,2010.0,78742290.00121234,United States
LPTH,LightPath Technologies Inc. Class A Common Stock,Technology,Semiconductors,708066508.0,1996.0,70036252.02769536,United States
LPX,Louisiana-Pacific Corporation Common Stock,Basic Materials,Forest Products,4602358846.0,,69923409.99696141,United States
LQDA,Liquidia Corporation Common Stock,Health Care,Biotechnology: Pharmaceutical Preparations,6121513055.0,2018.0,89508890.99283521,United States
LQDT,Liquidity Services Inc. Common Stock,Consumer Discretionary,Business Services,1352899265.0,2006.0,31331617.99444187,United States
LRCX,Lam Research Corporation Common Stock,Technology,Industrial Machinery/Components,336993258510.0,1984.0,1251321000.0,United States
LRHC,La Rosa Holdings Corp. Common Stock,Finance,Real Estate,1570440.0,2023.0,552971.8309859155,United States
LRMR,Larimar Therapeutics Inc. Common Stock,Health Care,Biotechnology: Pharmaceutical Preparations,394755161.0,2014.0,103882937.10526316,United States
LRN,Stride Inc. Common Stock,Real Estate,Other Consumer Services,3364269453.0,,41559845.003088325,United States
LSAK,Lesaka Technologies Inc. Common Stock,Finance,Investment Bankers/Brokers/Service,363894159.0,,85824094.10377358,South Africa
LSBK,Lake Shore Bancorp Inc. Common Stock,Finance,Savings Institutions,142624790.0,2006.0,7853787.995594714,United States
LSCC,Lattice Semiconductor Corporation Common Stock,Technology,Semiconductors,15414545420.0,,142030271.99852574,United States
LSE,Leishen Energy Holding Co. Ltd. Class A Ordinary Shares,Consumer Discretionary,Oil and Gas Field Machinery,90828375.0,2024.0,17025000.0,China
LSF,Laird Superfood Inc. Common Stock,Consumer Staples,Packaged Foods,42421030.0,2020.0,11192883.905013192,
LSPD,Lightspeed Commerce Inc. Subordinate Voting Shares,Technology,Computer Software: Prepackaged Software,1263821147.0,,133314466.98312236,Canada
LSTA,Lisata Therapeutics Inc. Common Stock,Health Care,Biotechnology: Pharmaceutical Preparations,15679030.0,,9010936.781609196,United States
LSTR,Landstar System Inc. Common Stock,Industrials,Trucking Freight/Courier Services,5807965345.0,1993.0,33936925.00292159,United States
LTBR,Lightbridge Corporation Common Stock,Basic Materials,Major Chemicals,255464181.0,,37458091.05571848,United States
LTC,LTC Properties Inc. Common Stock,Real Estate,Real Estate Investment Trusts,2344891991.0,,53905563.01149426,United States
LTGO,Latigo Biotherapeutics Inc. Common Stock,Health Care,Biotechnology: Pharmaceutical Preparations,1586543374.0,2026.0,66299347.01211868,United States
LTGR,Long Table Growth Corp. Class A Ordinary Shares,Finance,Blank Checks,0.0,2026.0,0.0,United States
LTH,Life Time Group Holdings Inc. Common Stock,Consumer Discretionary,Hotels/Resorts,9132889815.0,2021.0,223461948.00587228,United States
LTRN,Lantern Pharma Inc. Common Stock,Health Care,Biotechnology: Pharmaceutical Preparations,21860890.0,2020.0,12784146.198830407,United States
LTRX,Lantronix Inc. Common Stock,Telecommunications,Computer Communications Equipment,271824916.0,2000.0,46705312.027491406,United States
LUCD,Lucid Diagnostics Inc. Common Stock,Health Care,Medical/Dental Instruments,158611594.0,2021.0,203243969.7590979,United States
LUCK,Lucky Strike Entertainment Corporation Class A Common Stock,Consumer Discretionary,Services-Misc. Amusement & Recreation,748440830.0,2021.0,136328020.03642988,United States
LUCY,Innovative Eyewear Inc. Common Stock,Health Care,Ophthalmic Goods,7731919.0,2022.0,8609196.08061463,United States
LUD,Luda Technology Group Limited Ordinary Shares,Industrials,Steel/Iron Ore,97793900.0,2025.0,22690000.000000004,Hong Kong
LULU,lululemon athletica inc. Common Stock,Consumer Discretionary,Apparel,10494994021.0,2007.0,105594064.00040244,Canada
LUMN,Lumen Technologies Inc. Common Stock,Telecommunications,Telecommunications Equipment,6683766218.0,,1031445404.0123456,United States
LUNG,Pulmonx Corporation Common Stock,Health Care,Medical/Dental Instruments,85037573.0,2020.0,42948269.19191919,United States
LUNR,Intuitive Machines Inc. Class A Common Stock,Industrials,Industrial Machinery/Components,3385786966.0,2021.0,228924068.0189317,United States
LUV,Southwest Airlines Company Common Stock,Consumer Discretionary,Air Freight/Delivery Services,19734658828.0,,489208200.9915716,United States
LVLU,Lulu's Fashion Lounge Holdings Inc. Common Stock,Consumer Discretionary,Catalog/Specialty Distribution,29519801.0,2021.0,2871575.972762646,United States
LVO,LiveOne Inc. Common Stock,Consumer Discretionary,Restaurants,43877725.0,,13711789.0625,United States
LVS,Las Vegas Sands Corp. Common Stock,Consumer Discretionary,Hotels/Resorts,26342007153.0,2004.0,647701183.9931153,United States
LVWR,LiveWire Group Inc. Common Stock,Consumer Discretionary,Motor Vehicles,291685689.0,2022.0,205412457.04225352,United States
LW,Lamb Weston Holdings Inc. Common Stock,Consumer Staples,Packaged Foods,6387367771.0,2016.0,137481010.99870858,United States
LWAY,Lifeway Foods Inc. Common Stock,Consumer Staples,Packaged Foods,359389511.0,,15106746.99453552,United States
LWLG,Lightwave Logic Inc. Common Stock,Industrials,Containers/Packaging,773919620.0,,154167254.98007968,United States
LXEO,Lexeo Therapeutics Inc. Common Stock,Health Care,Biotechnology: Biological Products (No Diagnostic Substances),342953346.0,2023.0,82046255.02392346,United States
LXFR,Luxfer Holdings PLC Ordinary Shares,Basic Materials,Major Chemicals,460794130.0,2012.0,26759240.998838563,United Kingdom
LXP,LXP Industrial Trust Common Stock (Maryland REIT),Real Estate,Real Estate Investment Trusts,3588728660.0,,58957264.00525711,United States
LXRX,Lexicon Pharmaceuticals Inc. Common Stock,Health Care,Biotechnology: Pharmaceutical Preparations,905485326.0,,444955934.1523341,United States
LXU,LSB Industries Inc. Common Stock,Basic Materials,Major Chemicals,811411870.0,2003.0,71997503.9929015,United States
LYB,LyondellBasell Industries NV Ordinary Shares Class A (Netherlands),Industrials,Major Chemicals,20755188416.0,,323037952.0,Netherlands
LYEL,Lyell Immunopharma Inc. Common Stock,Health Care,Biotechnology: Pharmaceutical Preparations,264655523.0,2021.0,24505141.01851852,United States
LYFT,Lyft Inc. Class A Common Stock,Consumer Discretionary,Business Services,5867373860.0,2019.0,378540249.0322581,United States
LYNX,Lyntris Inc. Common Stock,Industrials,Industrial Machinery/Components,1558359721.0,2026.0,115949384.0029762,
LYTS,LSI Industries Inc. Common Stock,Consumer Discretionary,Building Products,756405121.0,1985.0,37261336.009852216,United States
LYV,Live Nation Entertainment Inc. Common Stock,Consumer Discretionary,Services-Misc. Amusement & Recreation,39666603992.0,,235633859.99762383,United States
LZ,LegalZoom.com Inc. Common Stock,Technology,EDP Services,1039577409.0,2021.0,171264812.02635914,United States
LZB,La-Z-Boy Incorporated Common Stock,Consumer Discretionary,Home Furnishings,1184760966.0,,40052770.99391481,United States
LZM,Lifezone Metals Limited Ordinary Shares,Basic Materials,Metal Mining,346171044.0,,89914556.88311689,Isle of Man
LZMH,LZ Technology Holdings Limited Class B Ordinary Shares,Technology,EDP Services,10819093.0,2025.0,8978500.414937759,China
M,Macy's Inc Common Stock,Consumer Discretionary,Department/Specialty Retail Stores,5651862619.0,,261176645.97966728,United States
MA,Mastercard Incorporated Common Stock,Consumer Discretionary,Business Services,495585103356.0,2006.0,876009939.9996464,United States
MAA,Mid-America Apartment Communities Inc. Common Stock,Real Estate,Real Estate Investment Trusts,14058380530.0,1994.0,116021957.00255838,United States
MAAS,Maase Inc. Class A Ordinary Shares,Finance,Investment Managers,7163244364.0,2019.0,442175578.0246914,China
MAC,Macerich Company (The) Common Stock,Real Estate,Real Estate Investment Trusts,6394263906.0,1994.0,283559374.98891354,United States
MAGN,Magnera Corporation Common Stock,Basic Materials,Paper,418860000.0,2000.0,35800000.0,United States
MAIA,MAIA Biotechnology Inc. Common Stock,Health Care,Biotechnology: Pharmaceutical Preparations,85167888.0,2022.0,60834205.71428572,
MAIN,Main Street Capital Corporation Common Stock,Finance,Finance/Investors Services,5332787531.0,2007.0,93508461.00298087,United States
MAIR,Madison Air Solutions Corporation Class A Common Stock,Industrials,Pollution Control Equipment,11900860357.0,2026.0,501722612.0151771,
MAKO,Mako Mining Corp Common Stock,Basic Materials,Precious Metals,919862045.0,,87605909.04761904,Canada
MAMA,Mama's Creations Inc. Common Stock,Consumer Staples,Specialty Foods,618103319.0,,47147469.03127384,United States
MAMO,Massimo Group Common Stock,Consumer Discretionary,Industrial Specialties,39558903.0,2024.0,41640950.52631579,United States
MAN,ManpowerGroup Common Stock,Consumer Discretionary,Professional Services,2681976222.0,,46505570.001734,United States
MANE,Veradermics Incorporated Common Stock,Health Care,Biotechnology: Pharmaceutical Preparations,4540665180.0,2026.0,41780135.99558336,
MANH,Manhattan Associates Inc. Common Stock,Technology,Computer Software: Prepackaged Software,12291854197.0,1998.0,58304971.99981026,United States
MANU,Manchester United Ltd. Class A Ordinary Shares,Consumer Discretionary,Services-Misc. Amusement & Recreation,3438231448.0,2012.0,172428858.97693077,United Kingdom
MAR,Marriott International Class A Common Stock,Consumer Discretionary,Hotels/Resorts,87095940192.0,,260766288.0,United States
MARA,MARA Holdings Inc. Common Stock,Finance,Finance: Consumer Services,4496523817.0,,386299296.9931271,United States
MAS,Masco Corporation Common Stock,Industrials,Industrial Specialties,13454098349.0,,197187430.0014656,United States
MASK,3 E Network Technology Group Ltd Class A Ordinary Shares,Technology,EDP Services,3437769.0,2025.0,3619085.1668596696,China
MASS,908 Devices Inc. Common Stock,Industrials,Industrial Machinery/Components,453844081.0,2020.0,41333705.00910746,United States
MAT,Mattel Inc. Common Stock,Consumer Discretionary,Recreational Games/Products/Toys,3802667000.0,,285700000.0,United States
MATH,Metalpha Technology Holding Limited Ordinary Shares,Finance,Finance: Consumer Services,46877208.0,2017.0,47537986.00547612,China
MATV,Mativ Holdings Inc. Common Stock,Basic Materials,Paper,670007790.0,,55190098.02306425,United States
MATW,Matthews International Corporation Class A Common Stock,Telecommunications,Metal Fabrications,628945436.0,1994.0,31213173.002481397,United States
MATX,Matson Inc. Common Stock,Consumer Discretionary,Marine Transportation,7019836766.0,,29903458.002129927,United States
MAX,MediaAlpha Inc. Class A Common Stock,Consumer Discretionary,Business Services,647560247.0,2020.0,61263977.95648061,United States
MAYS,J. W. Mays Inc. Common Stock,Real Estate,Building operators,80872489.0,,2015780.003340005,United States
MAZE,Maze Therapeutics Inc. Common Stock,Health Care,Biotechnology: Biological Products (No Diagnostic Substances),1302072498.0,2025.0,55549168.00341297,United States
MB,MasterBeef Group Ordinary Shares,Consumer Discretionary,Restaurants,68791550.0,2025.0,17155000.0,Hong Kong
MBAI,MBody AI Ltd. Ordinary Share,Health Care,Medical Electronics,96961120.0,2015.0,15293552.050473187,Israel
MBBC,Marathon Bancorp Inc. Common Stock,Finance,Banks,44910354.0,,2950745.9921156373,United States
MBC,MasterBrand Inc. Common Stock,Consumer Discretionary,Home Furnishings,1332862710.0,2022.0,203490490.07633588,United States
MBGL,Mobility Global Inc. Common Stock,Consumer Discretionary,Business Services,5911167466.0,2026.0,294821320.0,United States
MBI,MBIA Inc. Common Stock,Finance,Property-Casualty Insurers,230594327.0,1987.0,51016444.02654868,United States
MBIN,Merchants Bancorp Common Stock,Finance,Major Banks,2378214143.0,2017.0,45938075.00482905,United States
MBIO,Mustang Bio Inc. Common Stock,Health Care,Biotechnology: Pharmaceutical Preparations,3712978.0,,7577506.12244898,United States
MBLY,Mobileye Global Inc. Class A Common Stock,Technology,Computer Software: Prepackaged Software,6835508288.0,2022.0,850187598.0099503,Israel
MBOT,Microbot Medical Inc. Common Stock,Health Care,Medical/Dental Instruments,95374017.0,,67164800.70422536,Israel
MBRX,Moleculin Biotech Inc. Common Stock,Health Care,Biotechnology: Pharmaceutical Preparations,15192356.0,2016.0,19477379.487179488,United States
MBUU,Malibu Boats Inc. Class A Common Stock,Industrials,Marine Transportation,464875646.0,2014.0,19677276.021164022,United States
MBWM,Mercantile Bank Corporation Common Stock,Finance,Major Banks,1043724393.0,1998.0,17285928.999668762,United States
MBX,MBX Biosciences Inc. Common Stock,Health Care,Biotechnology: Pharmaceutical Preparations,3076948533.0,2024.0,48160095.99311316,United States
MC,Moelis & Company Class A Common Stock,Finance,Investment Managers,4659357618.0,2014.0,78269067.99932806,United States
MCB,Metropolitan Bank Holding Corp. Common Stock,Finance,Major Banks,1102534398.0,2017.0,12397778.005172608,United States
MCBS,MetroCity Bankshares Inc. Common Stock,Finance,Major Banks,1003313643.0,2019.0,28781229.00172117,United States
MCD,McDonald's Corporation Common Stock,Consumer Discretionary,Restaurants,175834767623.0,,707641531.0004829,United States
MCFT,MasterCraft Boat Holdings Inc. Common Stock,Industrials,Marine Transportation,489951538.0,2015.0,24339370.98857427,United States
MCHB,Mechanics Bancorp Class A Common Stock,Finance,Major Banks,3399415101.0,2012.0,220312060.985094,United States
MCHP,Microchip Technology Incorporated Common Stock,Technology,Semiconductors,38455875497.0,1993.0,543008691.0053657,United States
MCHX,Marchex Inc. Class B Common Stock,Technology,Computer Software: Prepackaged Software,60299530.0,2004.0,44337889.70588235,United States
MCI,Barings Corporate Investors Common Stock,Finance,Trusts Except Educational Religious and Charitable,384567427.0,,20261719.020021077,United States
MCK,McKesson Corporation Common Stock,Health Care,Other Pharmaceuticals,102549385584.0,,116590363.00010233,United States
MCO,Moody's Corporation Common Stock,Finance,Finance: Consumer Services,79997616000.0,,173200000.0,United States
MCRB,Seres Therapeutics Inc. Common Stock,Health Care,Biotechnology: Pharmaceutical Preparations,41183602.0,2015.0,10044780.975609755,United States
MCRI,Monarch Casino & Resort Inc. Common Stock,Consumer Discretionary,Hotels/Resorts,2197480300.0,1993.0,17922521.001549628,United States
MCRP,Micropolis AI Robotics Ordinary Shares,Consumer Discretionary,Auto Parts:O.E.M.,27914246.0,2025.0,34888446.44419447,
MCS,Marcus Corporation (The) Common Stock,Consumer Discretionary,Movies/Entertainment,862375487.0,,30832158.991776902,United States
MCY,Mercury General Corporation Common Stock,Finance,Property-Casualty Insurers,5568772559.0,,55388627.00417744,United States
MD,Pediatrix Medical Group Inc. Common Stock,Health Care,Hospital/Nursing Management,2071145878.0,,81253271.00823852,United States
MDA,MDA Space Ltd. Common Shares,Consumer Discretionary,Electronic Components,4222372819.0,2026.0,138848168.99046367,
MDAI,Spectral AI Inc. Class A Common Stock,Health Care,Medical/Dental Instruments,51174036.0,2021.0,32184928.30188679,United States
MDB,MongoDB Inc. Class A Common Stock,Technology,Computer Software: Prepackaged Software,31692475676.0,2017.0,80556340.9994408,United States
MDBH,MDB Capital Holdings LLC Class A common,Finance,Finance: Consumer Services,14192110.0,2023.0,5438631.921824104,United States
MDCX,Medicus Pharma Ltd. Common Stock,Health Care,Biotechnology: Pharmaceutical Preparations,10264668.0,,60168042.20398593,Canada
MDGL,Madrigal Pharmaceuticals Inc. Common Stock,Health Care,Biotechnology: Pharmaceutical Preparations,12346844934.0,2007.0,23104125.9992515,United States
MDIA,Mediaco Holding Inc. Class A Common Stock,Consumer Discretionary,Broadcasting,94942440.0,,84019858.40707965,United States
MDLN,Medline Inc. Class A Common Stock,Health Care,Medical/Dental Instruments,42228404643.0,2025.0,1314707491.9987547,United States
MDLZ,Mondelez International Inc. Class A Common Stock,Consumer Staples,Packaged Foods,79182151856.0,,1276308056.9954867,United States
MDRR,Medalist Diversified Inc. Common Stock,Real Estate,Real Estate Investment Trusts,19069735.0,2018.0,1628499.9999999998,United States
MDT,Medtronic plc. Ordinary Shares,Health Care,Biotechnology: Electromedical & Electrotherapeutic Apparatus,118665622055.0,,1279137889.9967663,United States
MDU,MDU Resources Group Inc. Common Stock (Holding Company),Industrials,Mining & Quarrying of Nonmetallic Minerals (No Fuels),3937741816.0,,210349455.982906,United States
MDWD,MediWound Ltd. Ordinary Shares,Health Care, Medicinal Chemicals and Botanical Products ,172352211.0,2014.0,12910277.97752809,Israel
MDXG,MiMedx Group Inc Common Stock,Health Care,Medical/Dental Instruments,683616595.0,,145760468.01705757,United States
MDXH,MDxHealth SA Ordinary Shares,Health Care,Medical Specialities,64091855.0,2021.0,95417381.27140091,Belgium
MEC,Mayville Engineering Company Inc. Common Stock,Industrials,Industrial Specialties,444725773.0,2019.0,25500331.0206422,United States
MED,MEDIFAST INC Common Stock,Consumer Staples,Packaged Foods,133721208.0,,11180703.010033444,United States
MEDP,Medpace Holdings Inc. Common Stock,Health Care,Biotechnology: Commercial Physical & Biological Resarch,17170691923.0,2016.0,27911655.00016256,United States
MEDS,DataMeds AI Inc. Common Stock,Health Care,Other Pharmaceuticals,14837017.0,2025.0,3197632.974137931,United States
MEGL,Magic Empire Global Limited Class A Ordinary Shares,Finance,Finance: Consumer Services,72871736.0,2022.0,65064049.99999999,Hong Kong
MEI,Methode Electronics Inc. Common Stock,Technology,Electrical Products,481921117.0,,35645053.03254438,United States
MELI,MercadoLibre Inc. Common Stock,Consumer Discretionary,Business Services,92532309978.0,2007.0,50696801.99976989,Argentina
MENS,Jyong Biotech Ltd. Ordinary Shares,Health Care,Biotechnology: Pharmaceutical Preparations,158137547.0,2025.0,76027666.82692307,Taiwan
MEOH,Methanex Corporation Common Stock,Industrials,Major Chemicals,4721540971.0,,77364263.00180238,Canada
MERC,Mercer International Inc. Common Stock,Basic Materials,Paper,25761732.0,,67018033.29864724,Canada
MET,MetLife Inc. Common Stock,Finance,Life Insurance,61863678843.0,2000.0,635476926.9953775,United States
META,Meta Platforms Inc. Class A Common Stock,Technology,Computer Software: Programming Data Processing,1738188972380.0,2012.0,2547506225.0003667,United States
METC,Ramaco Resources Inc. Class A Common Stock,Energy,Coal Mining,624732918.0,2017.0,63683274.00611621,United States
METCB,Ramaco Resources Inc. Class B Common Stock,Energy,Coal Mining,322874199.0,,63683273.96449704,United States
MF,MindForge Inc. Class A Ordinary Shares,Technology,Computer Software: Programming Data Processing,24830188.0,2024.0,1816400.0,China
MFA,MFA Financial Inc.,Real Estate,Real Estate Investment Trusts,859247473.0,,101087938.0,United States
MFC,Manulife Financial Corporation Common Stock,Finance,Life Insurance,73514627142.0,,1668890514.006811,Canada
MFG,Mizuho Financial Group Inc. Sponosred ADR (Japan),Finance,Major Banks,137813119678.0,,12449242970.009031,Japan
MFI,mF International Limited Class A Ordinary Shares,Technology,EDP Services,470404547.0,2024.0,50176485.013333336,Hong Kong
MFIC,MidCap Financial Investment Corporation Common Stock,Finance,Finance/Investors Services,760299356.0,2004.0,82372627.95232935,United States
MFIN,Medallion Financial Corp. Common Stock,Finance,Finance: Consumer Services,272767758.0,,22960248.989898987,United States
MFP,Midera Food Processing Inc. Common Stock,Industrials,Industrial Machinery/Components,2034918170.0,,45230454.989997774,United States
MG,Mistras Group Inc Common Stock,Consumer Discretionary,Military/Government/Technical,631901877.0,2009.0,31849892.99395161,United States
MGA,Magna International Inc. Common Stock,Consumer Discretionary,Auto Parts:O.E.M.,17206750708.0,,265454346.00431967,Canada
MGEE,MGE Energy Inc,Energy,Electric Utilities: Central,2833800900.0,,37784012.0,United States
MGIH,Millennium Group International Holdings Limited Ordinary Shares,Consumer Discretionary,Publishing,17550000.0,2023.0,11250000.0,Hong Kong
MGLD,The Marygold Companies Inc. Common Stock,Finance,Finance: Consumer Services,40456595.0,2022.0,42811211.64021164,
MGM,MGM Resorts International Common Stock,Consumer Discretionary,Hotels/Resorts,9896359608.0,,258323142.9913861,United States
MGN,Megan Holdings Limited Class A Ordinary Shares,Consumer Staples,Farming/Seeds/Milling,3441000.0,2025.0,925000.0,Malaysia
MGNI,Magnite Inc. Common Stock,Technology,Computer Software: Programming Data Processing,3675961144.0,,143424157.00351152,United States
MGNX,MacroGenics Inc. Common Stock,Health Care,Biotechnology: Pharmaceutical Preparations,263081772.0,2013.0,63700186.92493947,United States
MGPI,MGP Ingredients Inc.,Consumer Staples,Beverages (Production/Distribution),308148554.0,,21414076.025017373,United States
MGRC,McGrath RentCorp Common Stock,Consumer Discretionary,Diversified Commercial Services,2725415478.0,1984.0,24425663.004122604,United States
MGRT,Mega Fortune Company Limited Ordinary Shares,Technology,EDP Services,1622500000.0,2025.0,13750000.0,Hong Kong
MGRX,Mangoceuticals Inc. Common Stock,Health Care,Misc Health and Biotechnology Services,9597503.0,2023.0,21567422.47191011,United States
MGTX,MeiraGTx Holdings plc Ordinary Shares,Health Care,Biotechnology: Biological Products (No Diagnostic Substances),1253361098.0,2018.0,96042996.01532568,United States
MGX,Metagenomi Therapeutics Inc. Common Stock,Health Care,Biotechnology: Biological Products (No Diagnostic Substances),42688129.0,2024.0,37777105.30973452,United States
MGY,Magnolia Oil & Gas Corporation Class A Common Stock,Energy,Oil & Gas Production,6882402349.0,2017.0,268006322.00155765,United States
MGYR,Magyar Bancorp Inc. Common Stock,Finance,Savings Institutions,127945691.0,2006.0,6455382.996972755,United States
MH,McGraw Hill Inc. Common Stock,Consumer Discretionary,Publishing,2498493111.0,2025.0,191308814.01225117,
MHH,Mastech Digital Inc Common Stock,Consumer Discretionary,Professional Services,89253477.0,,12012581.022880215,United States
MHK,Mohawk Industries Inc. Common Stock,Consumer Discretionary,Home Furnishings,8696900437.0,,67738145.00350495,United States
MHO,M/I Homes Inc. Common Stock,Consumer Discretionary,Homebuilding,3568952656.0,1993.0,25283031.000283368,United States
MI,NFT Limited Class A Ordinary Share,Finance,Finance: Consumer Services,1098067.0,2023.0,510728.8372093024,
MIAX,Miami International Holdings Inc. Common Stock,Finance,Investment Bankers/Brokers/Service,3737035619.0,2025.0,99230898.00849707,United States
MICC,The Magnum Ice Cream Company N.V. Ordinary Shares,Consumer Staples,Specialty Foods,11590076859.0,2025.0,612259738.985737,
MIDD,Middleby Corporation (The) Common Stock,Industrials,Industrial Machinery/Components,5035056338.0,,45222349.00305371,United States
MIMI,Mint Incorporation Limited Class A Ordinary Shares,Consumer Discretionary,Business Services,13834527.0,2025.0,15892621.481906949,Hong Kong
MIND,MIND Technology Inc. Common Stock (DE),Industrials,Industrial Machinery/Components,37810469.0,1994.0,9089055.048076922,United States
MINE,Mayfair Gold Corp. Common Shares,Energy,Oil & Gas Production,199401333.0,2026.0,67138495.95959595,
MIR,Mirion Technologies Inc. Class A Common Stock,Industrials,Industrial Machinery/Components,4044371387.0,2020.0,249037646.98275864,United States
MIRA,MIRA Pharmaceuticals Inc. Common Stock,Health Care,Biotechnology: Pharmaceutical Preparations,31907371.0,2023.0,42022087.44896615,United States
MIRM,Mirum Pharmaceuticals Inc. Common Stock,Health Care,Biotechnology: Pharmaceutical Preparations,6416600300.0,2019.0,64932202.99534508,United States
MIST,Milestone Pharmaceuticals Inc. Common Shares,Health Care,Biotechnology: Pharmaceutical Preparations,114488342.0,2019.0,124497979.55632883,Canada
MITK,Mitek Systems Inc. Common Stock,Technology,Computer peripheral equipment,780617070.0,,45122373.98843931,United States
MITQ,Moving iMage Technologies Inc. Common Stock,Consumer Discretionary,Industrial Machinery/Components,6065048.0,2021.0,9941071.955417143,United States
MITT,TPG Mortgage Investment Trust Inc. Common Stock,Real Estate,Real Estate Investment Trusts,203224205.0,2011.0,31803474.96087637,United States
MKC,McCormick & Company Incorporated Common Stock,Consumer Staples,Packaged Foods,13361922134.0,,268851551.9919517,United States
MKDW,MKDWELL Tech Inc. Ordinary Share,Technology,Consumer Electronics/Appliances,250674580.0,,34198442.01909959,Taiwan
MKL,Markel Group Inc. Common Stock,Finance,Property-Casualty Insurers,22119048620.0,1986.0,12389958.000044812,United States
MKSI,MKS Inc. Common Stock,Industrials,Industrial Machinery/Components,16243765958.0,1999.0,67617557.99858469,United States
MKTW,MarketWise Inc. Class A Common Stock,Technology,Computer Software: Prepackaged Software,280628088.0,,15774484.991568295,United States
MKTX,MarketAxess Holdings Inc. Common Stock,Finance,Investment Bankers/Brokers/Service,5747702958.0,2004.0,35192890.999265246,United States
MKZR,MacKenzie Realty Capital Inc. Common Stock,Real Estate,Real Estate Investment Trusts,3912310.0,,2774687.9432624117,United States
MLAB,Mesa Laboratories Inc. Common Stock,Industrials,Industrial Machinery/Components,711458785.0,,5595869.002674217,United States
MLCI,Mount Logan Capital Inc. Common Stock,Finance,Investment Managers,35804058.0,,11188768.125,United States
MLEC,Moolec Science SA Ordinary Shares,Finance,Blank Checks,4523715.0,,726117.9775280899,Luxembourg
MLGO,MicroAlgo Inc. Class A Ordinary Shares,Technology,EDP Services,42909240.0,2021.0,12437460.869565217,United States
MLI,Mueller Industries Inc. Common Stock,Industrials,Metal Fabrications,13343873138.0,,221181387.999337,United States
MLKN,MillerKnoll Inc. Common Stock,Consumer Discretionary,Office Equipment/Supplies/Services,1453704282.0,,68733062.9787234,United States
MLM,Martin Marietta Materials Inc. Common Stock,Industrials,Mining & Quarrying of Nonmetallic Minerals (No Fuels),29698953435.0,1994.0,60065838.9996764,United States
MLP,Maui Land & Pineapple Company Inc. Common Stock,Finance,Real Estate,314171832.0,1998.0,19859154.993678886,United States
MLR,Miller Industries Inc. Common Stock,Consumer Discretionary,Construction/Ag Equipment/Trucks,630046212.0,,11352184.0,United States
MLSS,Milestone Scientific Inc. Common Stock,Health Care,Industrial Specialties,38460420.0,2015.0,90644402.54536884,United States
MLTX,MoonLake Immunotherapeutics Class A Ordinary Shares,Health Care,Biotechnology: Pharmaceutical Preparations,1051067560.0,2020.0,85106685.02024291,United States
MLYS,Mineralys Therapeutics Inc. Common Stock,Health Care,Biotechnology: Pharmaceutical Preparations,2473624642.0,2023.0,88406884.98927805,United States
MMA,Mixed Martial Arts Group Limited Ordinary Shares,Consumer Discretionary,Other Consumer Services,11501802.0,2024.0,26483541.330877274,
MMED,MiniMed Group Inc. Common Stock,Health Care,Medical/Dental Instruments,6198138980.0,2026.0,281349931.00317746,United States
MMI,Marcus & Millichap Inc. Common Stock,Finance,Real Estate,1155444302.0,2013.0,37871003.01540478,United States
MMLP,Martin Midstream Partners L.P. Limited Partnership,Energy,Oil Refining/Marketing,86465556.0,2002.0,39124685.97285068,United States
MMM,3M Company Common Stock,Health Care,Medical/Dental Instruments,84944639304.0,,515722416.99957496,United States
MMS,Maximus Inc. Common Stock,Consumer Discretionary,Business Services,2974444516.0,1997.0,52357762.999471925,United States
MMSI,Merit Medical Systems Inc. Common Stock,Health Care,Medical/Dental Instruments,5109420639.0,,59710419.99532547,United States
MMYT,MakeMyTrip Limited Ordinary Shares,Consumer Discretionary,Transportation Services,4502588150.0,2010.0,94058662.0012534,India
MNDO,MIND C.T.I. Ltd. Ordinary Shares,Technology,EDP Services,21093498.0,,20185165.550239235,Israel
MNDR,Mobile-health Network Solutions Class A Ordinary Shares,Technology,Computer Software: Prepackaged Software,1720133.0,2024.0,1194536.8055555555,Singapore
MNDY,monday.com Ltd. Ordinary Shares,Technology,Computer Software: Prepackaged Software,3874067974.0,2021.0,42906944.0026581,Israel
MNKD,MannKind Corporation Common Stock,Health Care,Biotechnology: Pharmaceutical Preparations,1151129253.0,2004.0,321544484.07821226,United States
MNOV,Medicinova Inc Common Stock,Health Care,Biotechnology: Pharmaceutical Preparations,169813299.0,,49221246.08695652,United States
MNPR,Monopar Therapeutics Inc. Common Stock,Health Care,Biotechnology: Pharmaceutical Preparations,689340064.0,2019.0,6712171.996105161,United States
MNRO,Monro Inc. Common Stock,Consumer Discretionary,Automotive Aftermarket,382984735.0,1991.0,31264060.0,United States
MNSB,MainStreet Bancshares Inc. Common Stock,Finance,Major Banks,177742057.0,,7121076.001602564,United States
MNST,Monster Beverage Corporation,Consumer Staples,Beverages (Production/Distribution),130796221838.0,,2938580584.992137,United States
MNTK,Montauk Renewables Inc. Common Stock,Utilities,Natural Gas Distribution,313150506.0,2021.0,142341139.0909091,United States
MNTN,MNTN Inc. Class A Common Stock,Consumer Discretionary,Advertising,847519837.0,2025.0,74803163.01853487,United States
MNTS,Momentus Inc. Class A Common Stock,Industrials,Military/Government/Technical,95321160.0,2019.0,21963400.921658985,United States
MNY,MoneyHero Limited Class A Ordinary Shares,Consumer Discretionary,Business Services,34324661.0,,44433218.12297735,Singapore
MO,Altria Group Inc.,Health Care, Medicinal Chemicals and Botanical Products ,116381151642.0,,1669743925.9971304,United States
MOB,Mobilicom Limited Ordinary Shares,Industrials,Aerospace,62535186.0,2022.0,12633370.909090908,Israel
MOBI,Mobia Medical Inc. Common Stock,Health Care,Medical/Dental Instruments,361541303.0,2026.0,33291096.040515654,United States
MOBX,Mobix Labs Inc. Class A Common Stock,Technology,Semiconductors,16801319.0,2021.0,17952045.090287425,United States
MOD,Modine Manufacturing Company Common Stock,Consumer Discretionary,Auto Parts:O.E.M.,9818415201.0,,53112708.00064914,United States
MODD,Modular Medical Inc. Common Stock,Health Care,Medical/Dental Instruments,17524269.0,,8150822.790697675,United States
MOH,Molina Healthcare Inc Common Stock,Health Care,Medical Specialities,10705698000.0,2003.0,52200000.0,United States
MORN,Morningstar Inc. Common Stock,Finance,Investment Managers,7609627877.0,2005.0,37513570.99827459,United States
MOS,Mosaic Company (The) Common Stock,Industrials,Agricultural Chemicals,8071370452.0,,317895646.00236315,United States
MOV,Movado Group Inc. Common Stock,Consumer Discretionary,Consumer Specialties,744782738.0,,22312244.997004192,United States
MOVE,Corvex Inc. Common Stock,Technology,EDP Services,318993500.0,2021.0,31552274.97527201,United States
MP,MP Materials Corp. Common Stock,Basic Materials,Metal Mining,8794656415.0,2020.0,178101587.9910895,United States
MPAA,Motorcar Parts  of America Inc. Common Stock,Consumer Discretionary,Auto Parts:O.E.M.,200123998.0,,18933207.000946075,United States
MPB,Mid Penn Bancorp Common Stock,Finance,Major Banks,932335912.0,,25335215.000000004,United States
MPC,Marathon Petroleum Corporation Common Stock,Energy,Integrated oil Companies,118496816995.0,,280824762.99886245,United States
MPLT,MapLight Therapeutics Inc. Common Stock,Health Care,Biotechnology: Pharmaceutical Preparations,733237220.0,2025.0,64773606.00706714,United States
MPT,Medical Properties Trust Inc. common stock,Real Estate,Real Estate Investment Trusts,2149920000.0,,597200000.0,United States
MPTI,M-tron Industries Inc. Common Stock,Technology,Industrial Machinery/Components,325637982.0,2022.0,4346476.001067805,United States
MPU,Mega Matrix Inc. Class A Ordinary Shares,Consumer Discretionary,Movies/Entertainment,10742857.0,1998.0,3421292.03821656,United States
MPV,Barings Participation Investors Common Stock,Finance,Finance Companies,181077036.0,1988.0,10601700.000000002,United States
MPWR,Monolithic Power Systems Inc. Common Stock,Technology,Semiconductors,57476669940.0,2004.0,49143000.0,United States
MQ,Marqeta Inc. Class A Common Stock,Technology,Computer Software: Prepackaged Software,1647884542.0,2021.0,104098833.98610234,United States
MRAM,Everspin Technologies Inc. Common Stock,Technology,Semiconductors,360623633.0,2016.0,24350008.980418637,United States
MRBK,Meridian Corporation Common Stock,Finance,Major Banks,230469207.0,2017.0,11929047.98136646,United States
MRCY,Mercury Systems Inc Common Stock,Technology,Electrical Products,5182531942.0,1998.0,60136133.00069621,United States
MRDN,Meridian Holdings Inc. Common Stock,Technology,Computer Software: Prepackaged Software,177372706.0,,12669479.0,United States
MRK,Merck & Company Inc. Common Stock (new),Health Care,Biotechnology: Pharmaceutical Preparations,363044306532.0,,2467171638.0020385,United States
MRKR,Marker Therapeutics Inc. Common Stock,Health Care,Biotechnology: Pharmaceutical Preparations,19674290.0,,16673127.118644068,United States
MRLN,Merlin Inc. Common Stock,Technology,EDP Services,208199635.0,2024.0,101067783.98058252,United States
MRNA,Moderna Inc. Common Stock,Health Care,Biotechnology: Biological Products (No Diagnostic Substances),63107216974.0,2018.0,399235888.998545,United States
MRNO,Murano Global Investments PLC Ordinary Shares,Consumer Discretionary,Hotels/Resorts,17425508.0,,79242874.03365165,Mexico
MRP,Millrose Properties Inc. Class A Common Stock,Finance,Real Estate,4780519818.0,2025.0,166047926.9885377,United States
MRSH,Marsh Common Stock,Finance,Specialty Insurers,83311543167.0,,477211267.9974796,United States
MRT,Marti Technologies Inc. Class A Ordinary Shares,Consumer Discretionary,Rental/Leasing Companies,174666734.0,2021.0,86042726.10837439,
MRTN,Marten Transport Ltd. Common Stock,Industrials,Trucking Freight/Courier Services,1106515615.0,1986.0,81661669.00369003,United States
MRVI,Maravai LifeSciences Holdings Inc. Class A Common Stock,Health Care,Biotechnology: Pharmaceutical Preparations,1887827254.0,2020.0,259673625.03438792,United States
MRVL,Marvell Technology Inc. Common Stock,Technology,Semiconductors,211122444000.0,2000.0,876900000.0,United States
MRX,Marex Group Limited Ordinary Shares,Finance,Investment Bankers/Brokers/Service,5431712967.0,2024.0,74132837.00013648,United Kingdom
MS,Morgan Stanley Common Stock,Finance,Investment Bankers/Brokers/Service,319641651748.0,,1570566292.000786,United States
MSA,MSA Safety Incorporated Common Stock,Health Care,Industrial Specialties,6893940244.0,2000.0,38578288.99832121,United States
MSAI,MultiSensor AI Holdings Inc. Common Stock,Technology,Electronic Components,10432715.0,2021.0,2205647.99154334,United States
MSB,Mesabi Trust Common Stock,Industrials,Precious Metals,261219399.0,,13120009.994977398,United States
MSBI,Midland States Bancorp Inc. Common Stock,Finance,Major Banks,697893527.0,2016.0,20752112.013083555,United States
MSCI,MSCI Inc. Common Stock,Consumer Discretionary,Business Services,39946469000.0,,72700000.0,United States
MSEX,Middlesex Water Company Common Stock,Utilities,Water Supply,1059218205.0,,18843946.006048743,United States
MSFT,Microsoft Corporation Common Stock,Technology,Computer Software: Prepackaged Software,3696065268145.0,1986.0,7425545490.999497,United States
MSGE,Madison Square Garden Entertainment Corp. Class A Common Stock,Consumer Discretionary,Services-Misc. Amusement & Recreation,3651017960.0,2023.0,47305233.99844519,United States
MSGM,Motorsport Games Inc. Class A Common Stock,Technology,Computer Software: Prepackaged Software,20787273.0,2021.0,4588801.986754967,United States
MSGS,Madison Square Garden Sports Corp. Class A Common Stock (New),Consumer Discretionary,Services-Misc. Amusement & Recreation,9502907916.0,2015.0,24079940.99939185,United States
MSGY,Masonglory Limited Class A Ordinary Shares,Consumer Discretionary,Engineering & Construction,4387624.0,2025.0,2119625.120772947,Hong Kong
MSI,Motorola Solutions Inc. Common Stock,Technology,Radio And Television Broadcasting And Communications Equipment,76074184468.0,,165493788.00034806,United States
MSLE,Satellos Bioscience Inc. Common Stock,Health Care,Biotechnology: Pharmaceutical Preparations,205375130.0,,21216439.049586777,Canada
MSM,MSC Industrial Direct Company Inc. Common Stock,Industrials,Industrial Machinery/Components,6799845244.0,1995.0,55846297.996057816,United States
MSN,Emerson Radio Corporation Common Stock,Consumer Staples,Consumer Electronics/Appliances,10203582.0,1994.0,21042652.093215097,United States
MSS,Maison Solutions Inc. Class A Common Stock,Consumer Staples,Food Chains,1308669.0,2023.0,855339.2156862745,United States
MSTR,Strategy Inc Common Stock Class A,Technology,Computer Software: Prepackaged Software,50813855570.0,1998.0,384225751.0018904,United States
MT,Arcelor Mittal NY Registry Shares NEW,Industrials,Steel/Iron Ore,57221439072.0,,761125818.9944134,Luxembourg
MTA,Metalla Royalty & Streaming Ltd. Common Shares,Basic Materials,Precious Metals,940568492.0,,93495873.95626242,Canada
MTB,M&T Bank Corporation Common Stock,Finance,Major Banks,32690065066.0,,144416261.99858633,United States
MTC,MMTec Inc. Common Shares,Technology,Computer Software: Prepackaged Software,653296040.0,2019.0,99587810.97560976,China
MTCH,Match Group Inc. Common Stock,Technology,Computer Software: Programming Data Processing,10047446613.0,,229550984.98971897,United States
MTD,Mettler-Toledo International Inc. Common Stock,Industrials,Biotechnology: Laboratory Analytical Instruments,28260364276.0,1997.0,20036559.00002836,Switzerland
MTDR,Matador Resources Company Common Stock,Energy,Oil & Gas Production,7136905637.0,2012.0,123754216.0048552,United States
MTEK,Maris-Tech Ltd. Ordinary Shares,Telecommunications,Telecommunications Equipment,9795612.0,2022.0,9698625.742574258,Israel
MTEN,Mingteng International Corporation Inc. Class A Ordinary Shares,Industrials,Building Products,7879361.0,2024.0,7649865.048543689,China
MTEX,Mannatech Incorporated Common Stock,Health Care, Medicinal Chemicals and Botanical Products ,14549712.0,,1929670.026525199,United States
MTG,MGIC Investment Corporation Common Stock,Finance,Property-Casualty Insurers,6086054003.0,1991.0,205124840.0067408,United States
MTH,Meritage Homes Corporation Common Stock,Consumer Discretionary,Homebuilding,4211549890.0,,65174093.005261526,United States
MTN,Vail Resorts Inc. Common Stock,Consumer Discretionary,Services-Misc. Amusement & Recreation,4908874542.0,1997.0,35633526.00174216,United States
MTNB,Matinas Biopharma Holdings Inc. Common Stock,Health Care,Biotechnology: Pharmaceutical Preparations,2394926.0,2017.0,14692797.54601227,United States
MTNE,CH4 Natural Solutions Corporation Class A Ordinary Shares,,,0.0,2026.0,0.0,
MTR,Mesa Royalty Trust Common Stock,Energy,Oil & Gas Production,4584431.0,,1863589.837398374,United States
MTRN,Materion Corporation,Industrials,Industrial Specialties,5218223101.0,,20833725.000998124,United States
MTRX,Matrix Service Company Common Stock,Consumer Discretionary,Engineering & Construction,281504614.0,1990.0,28291921.00502513,United States
MTSI,MACOM Technology Solutions Holdings Inc. Common Stock,Technology,Semiconductors,20096246783.0,2012.0,76370930.99870792,United States
MTUS,Metallus Inc. Common Shares,Industrials,Steel/Iron Ore,803701617.0,2014.0,41449284.01237752,United States
MTVA,MetaVia Inc. Common Stock,Health Care,Biotechnology: Pharmaceutical Preparations,10475081.0,2016.0,6588101.257861635,United States
MTW,Manitowoc Company Inc. (The) Common Stock,Industrials,Construction/Ag Equipment/Trucks,787954023.0,,36061969.0160183,United States
MTX,Minerals Technologies Inc. Common Stock,Basic Materials,Major Chemicals,2136055648.0,1992.0,31128761.993587878,United States
MTZ,MasTec Inc. Common Stock,Industrials,Water Sewer Pipeline Comm & Power Line Construction,16683352947.0,,80304948.0,United States
MU,Micron Technology Inc. Common Stock,Technology,Semiconductors,1103981805103.0,,1129393151.0005114,United States
MUFG,Mitsubishi UFJ Financial Group Inc. Common Stock,Finance,Commercial Banks,278891206620.0,,11867710920.0,Japan
MUR,Murphy Oil Corporation Common Stock,Energy,Oil & Gas Production,5404034601.0,,143381124.99336696,United States
MUSA,Murphy USA Inc. Common Stock,Consumer Discretionary,Retail-Auto Dealers and Gas Stations,9609796822.0,2013.0,18380346.99998087,United States
MUX,McEwen Inc. Common Stock,Basic Materials,Precious Metals,1140655742.0,,61358566.00322754,Canada
MVBF,MVB Financial Corp. Common Stock,Finance,Major Banks,399788241.0,,12967507.00616283,United States
MVIS,MicroVision Inc. Common Stock,Technology,Industrial Machinery/Components,49144544.0,1996.0,30150026.99386503,United States
MVST,Microvast Holdings Inc. Common Stock,Miscellaneous,Industrial Machinery/Components,246140524.0,2019.0,384534485.23668176,United States
MWA,MUELLER WATER PRODUCTS Common Stock,Industrials,Metal Fabrications,3411346086.0,2006.0,156125678.993135,United States
MWG,Multi Ways Holdings Limited Class A Ordinary Shares,Consumer Discretionary,Miscellaneous manufacturing industries,6684631.0,2023.0,5142023.846153846,
MWH,SOLV Energy Inc. Class A Common Stock,Industrials,Military/Government/Technical,5205386490.0,2026.0,202386722.00622085,United States
MWYN,Marwynn Holdings Inc. Common stock,Consumer Discretionary,Food Distributors,18940707.0,2025.0,20194804.35014394,United States
MX,Magnachip Semiconductor Corporation Common Stock,Technology,Semiconductors,102593412.0,2011.0,36510111.03202847,Luxembourg
MXC,Mexco Energy Corporation Common Stock,Energy,Oil & Gas Production,22997040.0,2003.0,2046000.0,United States
MXCT,MaxCyte Inc. Common Stock,Health Care,Biotechnology: Commercial Physical & Biological Resarch,123331416.0,2021.0,103206205.85774058,United States
MXL,MaxLinear Inc. Common Stock,Technology,Semiconductors,6801082393.0,2010.0,90693190.99879985,United States
MYE,Myers Industries Inc. Common Stock,Industrials,Plastic Products,1182335940.0,1983.0,37618069.99681833,United States
MYFW,First Western Financial Inc. Common Stock,Finance,Major Banks,298812947.0,2018.0,9765128.986928103,United States
MYGN,Myriad Genetics Inc. Common Stock,Health Care,Biotechnology: In Vitro & In Vivo Diagnostic Substances,395989530.0,1995.0,95649644.92753623,United States
MYO,Myomo Inc. Common Stock,Health Care,Industrial Specialties,52678446.0,2017.0,39607854.13533834,United States
MYPS,PLAYSTUDIOS Inc.  Class A Common Stock,Technology,Computer Software: Prepackaged Software,58234846.0,2020.0,120121382.01320133,United States
MYRG,MYR Group Inc. Common Stock,Industrials,Water Sewer Pipeline Comm & Power Line Construction,4308945630.0,2008.0,15569250.0,United States
MYSE,Myseum.AI Inc. Common Stock,Telecommunications,Telecommunications Equipment,10340896.0,2021.0,5196430.150753769,United States
MYSZ,My Size Inc. Common Stock,Technology,Computer Software: Prepackaged Software,1384116.0,,728482.105263158,Israel
MZTI,The Marzetti Company Common Stock,Consumer Staples,Packaged Foods,2763213750.0,,27291000.0,United States
,Nano Labs Ltd Class A Ordinary Shares,Technology,Semiconductors,51535280.0,2022.0,23214090.09009009,
NABL,N-able Inc. Common Stock,Technology,Computer Software: Prepackaged Software,759402321.0,2021.0,188906050.00000003,United States
NAGE,Niagen Bioscience Inc. Common Stock,Health Care, Medicinal Chemicals and Botanical Products ,236586746.0,,79126002.00668895,United States
NAII,Natural Alternatives International Inc. Common Stock,Health Care, Medicinal Chemicals and Botanical Products ,12048440.0,,6275229.166666667,United States
NAK,Northern Dynasty Minerals Ltd. Common Stock,Basic Materials,Precious Metals,713894511.0,,562121662.2047244,Canada
NAKA,Nakamoto Inc. Common Stock,Health Care,Medical/Nursing Services,152107016.0,2024.0,17894943.05882353,United States
NAMM,Namib Minerals Ordinary Shares,Basic Materials,Precious Metals,72608128.0,,55852406.15384615,Cayman Islands
NAMS,NewAmsterdam Pharma Company N.V. Ordinary Shares,Health Care,Biotechnology: Pharmaceutical Preparations,2621450116.0,,119537168.99224806,Netherlands
NAT,Nordic American Tankers Limited Common Stock,Consumer Discretionary,Marine Transportation,1725767903.0,1995.0,211750662.94478527,Bermuda
NATH,Nathan's Famous Inc. Common Stock,Consumer Discretionary,Restaurants,401324918.0,1993.0,4097660.996528487,United States
NATL,NCR Atleos Corporation Common Stock,Miscellaneous,Office Equipment/Supplies/Services,3380784731.0,2023.0,73896934.01092896,United States
NATR,Nature's Sunshine Products Inc. Common Stock,Health Care,Biotechnology: Pharmaceutical Preparations,230325357.0,,17595520.01527884,United States
NAUT,Nautilus Biotechnology Inc. Common Stock,Industrials,Biotechnology: Laboratory Analytical Instruments,123653900.0,2020.0,127255222.8053926,United States
NAVI,Navient Corporation Common Stock,Finance,Investment Bankers/Brokers/Service,922832868.0,,93783828.04878049,United States
NAVN,Navan Inc. Class A Common Stock,Technology,Computer Software: Prepackaged Software,5762884210.0,2025.0,260410492.99593315,United States
NB,NioCorp Developments Ltd. Common Stock,Basic Materials,Metal Mining,531392725.0,,145587047.94520548,United States
NBBK,NB Bancorp Inc. Common Stock,Finance,Banks,992926983.0,2023.0,43818489.98234775,United States
NBHC,National Bank Holdings Corporation Common Stock,Finance,Major Banks,1832356964.0,2012.0,44539547.01020904,United States
NBIS,Nebius Group N.V. Class A Ordinary Shares,Technology,Computer Software: Programming Data Processing,59261718972.0,2011.0,271855218.0008257,Netherlands
NBIX,Neurocrine Biosciences Inc. Common Stock,Health Care,Biotechnology: Biological Products (No Diagnostic Substances),15433395151.0,1996.0,101649180.99848512,United States
NBN,Northeast Bank Common Stock,Finance,Major Banks,1072753500.0,,8130000.000000001,United States
NBR,Nabors Industries Ltd.,Energy,Oil & Gas Production,1454250098.0,1951.0,16744388.002302822,Bermuda
NBTB,NBT Bancorp Inc. Common Stock,Finance,Major Banks,2673345138.0,,51960060.99125365,United States
NC,NACCO Industries Inc. Common Stock,Energy,Coal Mining,282774662.0,,7546695.009340806,United States
NCDL,Nuveen Churchill Direct Lending Corp. Common Stock,,,606473158.0,2024.0,49387064.98371336,United States
NCEL,NewcelX Ltd. Ordinary Shares,Health Care,Biotechnology: Pharmaceutical Preparations,19523313.0,2021.0,5776128.106508876,Switzerland
NCEW,New Century Logistics (BVI) Limited Ordinary Shares,Industrials,Integrated Freight & Logistics,55104000.0,2024.0,3200000.0,Hong Kong
NCI,Neo-Concept International Group Holdings Limited Class A Ordinary Shares,Consumer Discretionary,Apparel,31421308.0,2024.0,2364282.0165538,Hong Kong
NCLH,Norwegian Cruise Line Holdings Ltd. Ordinary Shares,Consumer Discretionary,Marine Transportation,6607713104.0,,459187846.0041695,United States
NCMI,National CineMedia Inc. Common Stock,Consumer Discretionary,Advertising,208836383.0,2007.0,94070442.79279278,United States
NCNO,nCino Inc. Common Stock,Technology,Computer Software: Prepackaged Software,2263811485.0,2020.0,105736173.98411956,United States
NCPL,Netcapital Inc. Common Stock,Finance,Finance: Consumer Services,4419152.0,,7847899.1298170835,United States
NCRA,Nocera Inc. Common Stock,Consumer Staples,Farming/Seeds/Milling,4704773.0,,2376147.97979798,Taiwan
NCT,Intercont (Cayman) Limited Class A Ordinary shares,Consumer Discretionary,Restaurants,0.0,2025.0,0.0,China
NCTY,The9 Limited American Depository Shares,Finance,Finance: Consumer Services,59870815.0,2004.0,15273167.091836736,China
NDAQ,Nasdaq Inc. Common Stock,Finance,Investment Bankers/Brokers/Service,51040223837.0,,558977371.9964955,United States
NDLS,Noodles & Company Class A Common Stock,Consumer Discretionary,Restaurants,81206243.0,2013.0,5966660.029390154,United States
NDRA,ENDRA Life Sciences Inc. Common Stock,Health Care,Biotechnology: Electromedical & Electrotherapeutic Apparatus,8127022.0,2017.0,1499837.9655261508,United States
NDSN,Nordson Corporation Common Stock,Industrials,Industrial Machinery/Components,17363720357.0,,55699366.00051325,United States
NE,Noble Corporation plc A Ordinary Shares,Energy,Oil & Gas Production,7052993191.0,2022.0,159642217.9945677,United States
NECB,NorthEast Community Bancorp Inc. Common Stock,Finance,Banks,375813411.0,2021.0,13766059.01098901,United States
NEE,NextEra Energy Inc. Common Stock,Utilities,Electric Utilities: Central,169548308828.0,,2085978209.0059052,United States
NEGG,Newegg Commerce Inc. Common Shares,Consumer Discretionary,Other Specialty Stores,273283702.0,2010.0,20973423.023791254,China
NEM,Newmont Corporation,Basic Materials,Precious Metals,131068781590.0,,1053692271.0024922,United States
NEO,NeoGenomics Inc. Common Stock,Health Care,Precision Instruments,2555376502.0,,128475440.0201106,United States
NEOG,Neogen Corporation Common Stock,Health Care,Biotechnology: In Vitro & In Vivo Diagnostic Substances,2798300044.0,1989.0,218106004.98830864,United States
NEON,Neonode Inc. Common Stock,Technology,Industrial Machinery/Components,13770388.0,,16782922.608165752,Sweden
NEOV,NeoVolta Inc. Common Stock,Miscellaneous,Industrial Machinery/Components,205432732.0,,58863246.991404,United States
NEPH,Nephros Inc. Common Stock,Health Care,Medical/Dental Instruments,45938308.0,,10860120.094562646,United States
NERV,Minerva Neurosciences Inc Common Stock,Health Care,Biotechnology: Pharmaceutical Preparations,165206554.0,2014.0,47747558.95953757,United States
NESR,National Energy Services Reunited Corp Ordinary Shares,Energy,Oilfield Services/Equipment,3276673487.0,,100851753.9858418,United States
NET,Cloudflare Inc. Class A Common Stock,Technology,Computer Software: Prepackaged Software,118909260027.0,2019.0,356079714.99970055,United States
NEU,NewMarket Corp Common Stock,Industrials,Major Chemicals,8177352251.0,,9196405.999842552,United States
NEUP,Neuphoria Therapeutics Inc. Common Stock,Health Care,Biotechnology: Pharmaceutical Preparations,20077907.0,2021.0,5404551.009421266,United States
NEWP,New Pacific Metals Corp. Common Shares,Basic Materials,Precious Metals,1093136256.0,2021.0,185591894.05772495,Canada
NEWT,NewtekOne Inc. Common Stock,Finance,Major Banks,343439452.0,,28884731.03448276,United States
NEXA,Nexa Resources S.A. Common Shares,Basic Materials,Metal Mining,1711111880.0,2017.0,132439000.0,Luxembourg
NEXM,NexMetals Mining Corp. Common Shares,Basic Materials,Metal Mining,78425961.0,,35648164.090909086,Canada
NEXN,Nexxen International Ltd. Ordinary Shares,Technology,Computer Software: Programming Data Processing,500372595.0,2021.0,55720778.9532294,Israel
NEXR,Nexera Technologies Ltd Ordinary Shares,Consumer Discretionary,Other Specialty Stores,914241.0,2022.0,557464.0243902439,Israel
NEXT,NextDecade Corporation Common Stock,Utilities,Oil & Gas Production,1863298031.0,2015.0,266185433.0,United States
NFE,New Fortress Energy Inc. Class A Common Stock,Utilities,Oil/Gas Transmission,70894520.0,2019.0,5712692.989524577,United States
NFG,National Fuel Gas Company Common Stock,Utilities,Oil/Gas Transmission,7593152959.0,,95045098.9986231,United States
NFGC,New Found Gold Corp Common Shares,Basic Materials,Precious Metals,703374315.0,2021.0,384357549.18032783,
NFLX,Netflix Inc. Common Stock,Consumer Discretionary,Consumer Electronics/Video Chains,313586297000.0,2002.0,4163939676.005842,United States
NG,Novagold Resources Inc.,Basic Materials,Precious Metals,3260139962.0,2003.0,438780613.99730825,Canada
NGEN,NervGen Pharma Corp. Common stock,Health Care,Biotechnology: Pharmaceutical Preparations,241556677.0,,106412633.03964758,Canada
NGNE,Neurogene Inc. Common Stock,Health Care,Biotechnology: Pharmaceutical Preparations,648568891.0,2014.0,20011382.011724778,Canada
NGS,Natural Gas Services Group Inc. Common Stock,Energy,Oilfield Services/Equipment,462403517.0,2002.0,12898284.9930265,United States
NGVC,Natural Grocers by Vitamin Cottage Inc. Common Stock,Consumer Staples,Food Chains,675712092.0,2012.0,23046115.00682128,United States
NGVT,Ingevity Corporation Common Stock,Industrials,Major Chemicals,2339761371.0,2016.0,34377921.99529827,United States
NHC,National HealthCare Corporation Common Stock,Health Care,Hospital/Nursing Management,3521308052.0,1986.0,15661395.00088952,United States
NHI,National Health Investors Inc. Common Stock,Real Estate,Real Estate Investment Trusts,3399915346.0,,49110434.00260003,United States
NHIC,NewHold Investment Corp III Class A Ordinary Shares,,,0.0,2025.0,0.0,United States
NHIV,NewHold Investment Corp IV Class A Ordinary Shares,Finance,Blank Checks,0.0,2026.0,0.0,United States
NHP,National Healthcare Properties Inc. Class A Common Stock,Real Estate,Real Estate Investment Trusts,1181058991.0,,72904875.98765433,United States
NHTC,Natural Health Trends Corp. Common Stock,Consumer Discretionary,Consumer Specialties,12437880.0,,8577848.27586207,United States
NI,NiSource Inc Common Stock,Utilities,Power Generation,19618803691.0,,479560100.00000006,United States
NIC,Nicolet Bankshares Inc. Common Stock,Finance,Major Banks,3518556858.0,2022.0,20957513.002561204,United States
NIKI,Niki BioSolutions Inc. Common Stock,Industrials,Industrial Machinery/Components,15457168.0,2018.0,2938625.0950570344,Hong Kong
NINE,Nine Energy Service Inc. Common Stock,Energy,Oilfield Services/Equipment,139639400.0,2026.0,13949990.00999001,
NIQ,NIQ Global Intelligence plc Ordinary Shares,Technology,Computer Software: Programming Data Processing,5294457759.0,2025.0,294955864.0111421,United States
NIVF,NewGenIvf Group Limited Class A Ordinary Shares,Health Care,Misc Health and Biotechnology Services,1727979.0,,2417430.050363738,Singapore
NIXX,Nixxy Inc. Common Stock,Technology,EDP Services,11048958.0,,28908838.304552592,United States
NJR,NewJersey Resources Corporation Common Stock,Utilities,Oil/Gas Transmission,5425491073.0,,101467946.0071068,United States
NKE,Nike Inc. Common Stock,Consumer Discretionary,Shoe Manufacturing,53940012841.0,,1483498702.9978,United States
NKLR,Terra Innovatum Global N.V. Ordinary shares,Industrials,Metal Fabrications,464103814.0,,110500908.09523807,Italy
NKSH,National Bankshares Inc. Common Stock,Finance,Major Banks,270369113.0,,6370620.004712536,United States
NKTR,Nektar Therapeutics  Common Stock,Health Care,Biotechnology: Pharmaceutical Preparations,2334015070.0,,34142994.00234055,United States
NKTX,Nkarta Inc. Common Stock,Health Care,Biotechnology: Pharmaceutical Preparations,201265663.0,2020.0,71624791.10320285,United States
NL,NLI Holdings Inc. Common Stock,Basic Materials,Major Chemicals,343758100.0,,48898733.99715505,United States
NLOP,Net Lease Office Properties Common Shares of Beneficial Interest,Real Estate,Real Estate Investment Trusts,157473617.0,2023.0,14814074.976481654,United States
NLY,Annaly Capital Management Inc. Common Stock,Real Estate,Real Estate Investment Trusts,16061654759.0,,753714441.9990615,United States
NMAD,Nomad Power Solutions Inc. Common Stock,Health Care,Biotechnology: Pharmaceutical Preparations,58124855.0,,16101067.867036011,United States
NMAX,Newsmax Inc. Class B Common Stock,Industrials,Broadcasting,1325188218.0,2025.0,129160645.02923976,United States
NMFC,New Mountain Finance Corporation Common Stock,Finance,Finance/Investors Services,673445541.0,,94452390.04207574,United States
NMG,Nouveau Monde Graphite Inc. Common Shares,Basic Materials,Other Metals and Minerals,450944857.0,,329156829.92700726,Canada
NMIH,NMI Holdings Inc. Common Stock,Finance,Property-Casualty Insurers,3228350165.0,2013.0,75217851.00186393,United States
NMRA,Neumora Therapeutics Inc. Common Stock,Health Care,Biotechnology: Biological Products (No Diagnostic Substances),140921934.0,2023.0,187895912.0,United States
NMRK,Newmark Group Inc. Class A Common Stock,Finance,Real Estate,2507298055.0,2017.0,181228627.0328876,United States
NMTC,NeuroOne Medical Technologies Corporation Common Stock,Health Care,Medical/Dental Instruments,12383838.0,,9105763.235294117,United States
NN,NextNav Inc. Common Stock,Industrials,Industrial Machinery/Components,2518643857.0,,168809909.98659518,United States
NNBR,NN Inc. Common Stock,Industrials,Industrial Machinery/Components,278297512.0,1994.0,82580864.09495549,United States
NNE,Nano Nuclear Energy Inc. Common Stock,Utilities,Electric Utilities: Central,911257538.0,2024.0,53698146.02239246,United States
NNI,Nelnet Inc. Common Stock,Finance,Finance: Consumer Services,4528961262.0,2003.0,35779437.99968399,United States
NNN,NNN REIT Inc. Common Stock,Real Estate,Real Estate Investment Trusts,7995862124.0,,191931400.00000003,United States
NNNN,Anbio Biotechnology Class A Ordinary Shares,Health Care,Biotechnology: In Vitro & In Vivo Diagnostic Substances,805790720.0,2025.0,143891200.0,Germany
NNOX,NANO-X IMAGING LTD Ordinary Shares,Health Care,Medical Electronics,61613492.0,2020.0,78588637.75510204,Israel
NNVC,NanoViricides Inc. Common Stock,Health Care,Biotechnology: Pharmaceutical Preparations,35738294.0,,25527352.85714286,United States
NOA,North American Construction Group Ltd. Common Shares (no par),Energy,Oilfield Services/Equipment,357187855.0,2006.0,27710461.98603569,Canada
NOC,Northrop Grumman Corporation Common Stock,Industrials,Industrial Machinery/Components,74441025624.0,,142063026.0,United States
NODK,NI Holdings Inc. Common Stock,Finance,Property-Casualty Insurers,306274892.0,2017.0,20404722.984676883,United States
NOEM,CO2 Energy Transition Corp. Common Stock,,,0.0,2025.0,0.0,United States
NOG,Northern Oil and Gas Inc. Common Stock,Energy,Oil & Gas Production,2683972534.0,2022.0,106549127.98729654,United States
NOMA,NOMADAR Corp. Class A Common Stock,Consumer Discretionary,Services-Misc. Amusement & Recreation,23613052.0,,15283528.802588996,United States
NOMD,Nomad Foods Limited Ordinary Shares,Consumer Staples,Packaged Foods,1526004628.0,2016.0,142086091.9925512,United Kingdom
NOV,NOV Inc. Common Stock,Consumer Discretionary,Oil and Gas Field Machinery,7318495906.0,,356478124.98782265,United States
NOVT,Novanta Inc. Common Stock,Miscellaneous,Industrial Machinery/Components,5050563184.0,,37817770.00374391,United States
NOW,ServiceNow Inc. Common Stock,Technology,Computer Software: Prepackaged Software,143177980000.0,2012.0,1034000000.0,United States
NP,Neptune Insurance Holdings Inc. Class A Common Stock,Finance,Specialty Insurers,4145811649.0,2025.0,137233090.00331014,
NPB,Northpointe Bancshares Inc. Common Stock,Finance,Major Banks,577170943.0,2025.0,34581842.00119832,United States
NPCE,Neuropace Inc. Common Stock,Health Care,Medical/Dental Instruments,485688477.0,2021.0,34324273.99293286,United States
NPK,National Presto Industries Inc. Common Stock,Industrials,Ordnance And Accessories,1085253069.0,,7136066.997632824,United States
NPKI,NPK International Inc. Common Stock,Industrials,Misc Corporate Leasing Services,1082601149.0,,84909894.03921568,United States
NPO,Enpro Inc. Common Stock,Industrials,Metal Fabrications,6073007679.0,,21167681.00034856,United States
NPT,Texxon Holding Limited Ordinary shares,Consumer Discretionary,Specialty Chemicals,62118000.0,2025.0,22185000.0,China
NPWR,NET Power Inc. Class A Common Stock,Energy,Industrial Machinery/Components,409242581.0,2021.0,224858560.989011,United States
NRC,NRC Health Common Stock,Health Care,Biotechnology: Commercial Physical & Biological Resarch,461635342.0,,22119565.97987542,United States
NRDS,NerdWallet Inc. Class A Common Stock,Technology,EDP Services,588093201.0,2021.0,63923174.02173913,United States
NRDY,Nerdy Inc. Class A Common Stock,Real Estate,Other Consumer Services,111133739.0,2020.0,12773992.988505747,United States
NREF,NexPoint Real Estate Finance Inc. Common Stock,Real Estate,Real Estate Investment Trusts,310992479.0,2020.0,18848029.03030303,United States
NRG,NRG Energy Inc. Common Stock,Utilities,Electric Utilities: Central,22330659609.0,,210210482.9991528,United States
NRGV,Energy Vault Holdings Inc. Common Stock,Miscellaneous,Industrial Machinery/Components,769181381.0,2021.0,181839569.9763593,United States
NRIM,Northrim BanCorp Inc Common Stock,Finance,Savings Institutions,566796638.0,,22244766.01255887,United States
NRIX,Nurix Therapeutics Inc. Common stock,Health Care,Biotechnology: Pharmaceutical Preparations,2646432917.0,2020.0,103781683.01960784,United States
NRP,Natural Resource Partners LP Limited Partnership,Energy,Coal Mining,1448535040.0,2002.0,13250412.001463594,United States
NRSN,NeuroSense Therapeutics Ltd. Ordinary Shares,Health Care,Biotechnology: Pharmaceutical Preparations,12747181.0,2021.0,1896901.9345238097,Israel
NRT,North European Oil Royality Trust Common Stock,Energy,Oil & Gas Production,83542463.0,,9190589.9889989,United States
NRXP,NRX Pharmaceuticals Inc. Common Stock,Health Care,Biotechnology: Pharmaceutical Preparations,146772650.0,2017.0,43295766.96165192,United States
NRXS,Neuraxis Inc. Common Stock,Health Care,Biotechnology: Electromedical & Electrotherapeutic Apparatus,95815747.0,2023.0,12557765.00655308,United States
NSC,Norfolk Southern Corporation Common Stock,Industrials,Railroads,71643332736.0,,224608373.0005957,United States
NSIT,Insight Enterprises Inc. Common Stock,Consumer Discretionary,Catalog/Specialty Distribution,4538799653.0,1995.0,29348850.003233105,United States
NSLR,Neostellar Capital Corp. Common Stock,Finance,Finance: Consumer Services,217080420.0,2011.0,26473221.951219518,United States
NSP,Insperity Inc. Common Stock,Consumer Discretionary,Professional Services,1908235689.0,,38195269.9959968,United States
NSPR,InspireMD Inc. Common Stock,Health Care,Medical/Dental Instruments,35192262.0,,46489117.56935271,Israel
NSRX,Nasus Pharma Ltd. Ordinary Shares,Health Care,Biotechnology: Pharmaceutical Preparations,41339152.0,2025.0,11710807.932011332,
NSSC,NAPCO Security Technologies Inc. Common Stock,Telecommunications,Telecommunications Equipment,1285875310.0,,35768436.99582753,United States
NSTS,NSTS Bancorp Inc. Common Stock,Finance,Savings Institutions,74069147.0,2022.0,5253130.992907802,United States
NSYS,Nortech Systems Incorporated Common Stock,Technology,Industrial Machinery/Components,33075148.0,,2853766.0051768767,United States
NTAP,NetApp Inc. Common Stock,Technology,Electronic Components,38678830465.0,1995.0,196419005.0020313,United States
NTB,Bank of N.T. Butterfield & Son Limited (The) Voting Ordinary Shares,Finance,Commercial Banks,2367600000.0,2016.0,40000000.0,Bermuda
NTCL,NETCLASS TECHNOLOGY INC Class A Ordinary Shares,Technology,Computer Software: Prepackaged Software,5149179.0,2024.0,2428858.0188679243,China
NTCT,NetScout Systems Inc. Common Stock,Technology,EDP Services,2855216142.0,1999.0,72707311.99388845,United States
NTGR,NETGEAR Inc. Common Stock,Utilities,Telecommunications Equipment,622399581.0,2003.0,27179021.00436681,United States
NTHI,NeOnc Technologies Holdings Inc. Common Stock,Health Care,Biotechnology: Pharmaceutical Preparations,101502384.0,,29766095.014662758,United States
NTIC,Northern Technologies International Corporation Common Stock,Industrials,Industrial Specialties,75116832.0,,9496438.938053098,United States
NTIP,Network-1 Technologies Inc. Common Stock,Miscellaneous,Multi-Sector Companies,35437931.0,,22863181.29032258,United States
NTLA,Intellia Therapeutics Inc. Common Stock,Health Care,Biotechnology: In Vitro & In Vivo Diagnostic Substances,1717953256.0,2016.0,140126692.98531812,United States
NTNX,Nutanix Inc. Class A Common Stock,Technology,Computer Software: Prepackaged Software,18914326015.0,2016.0,270320509.0038588,United States
NTR,Nutrien Ltd. Common Shares,Industrials,Agricultural Chemicals,38036459428.0,2004.0,481962232.9954384,Canada
NTRA,Natera Inc. Common Stock,Health Care,Medical Specialities,52801450913.0,2015.0,144144170.00081897,United States
NTRB,Nutriband Inc. Common Stock,Health Care,Industrial Specialties,92990975.0,,12155683.006535947,United States
NTRP,NextTrip Inc. Common Stock,Consumer Discretionary,Transportation Services,26551538.0,,15086101.136363637,United States
NTRS,Northern Trust Corporation Common Stock,Finance,Major Banks,32372173242.0,,182955653.0010173,United States
NTSK,Netskope Inc. Class A Common Stock,Technology,Computer Software: Prepackaged Software,7031795143.0,2025.0,408587747.9953515,United States
NTST,NetSTREIT Corp. Common Stock,Real Estate,Real Estate Investment Trusts,1850855404.0,2020.0,101527998.02523312,United States
NTWK,NetSol Technologies Inc. Common  Stock,Technology,Computer Software: Prepackaged Software,52731278.0,,11876413.963963963,United States
NU,Nu Holdings Ltd. Class A Ordinary Shares,Finance,Finance: Consumer Services,67202523067.0,2021.0,4855673632.008671,Cayman Islands
NUAI,New Era Energy & Digital Inc. Common Stock,Energy,Oil & Gas Production,619109760.0,,106559339.070568,United States
NUCL,Eagle Nuclear Energy Corp. Common stock,Basic Materials,Other Metals and Minerals,183246849.0,,29579798.062953997,United States
NUE,Nucor Corporation Common Stock,Industrials,Steel/Iron Ore,60153816735.0,,226875676.0013578,United States
NUR,Nuran Wireless Inc. Common Shares,,,13986382.0,,13194700.0,Canada
NUS,Nu Skin Enterprises Inc. Common Stock,Health Care,Other Pharmaceuticals,223912516.0,1996.0,48676633.91304349,United States
NUTX,Nutex Health Inc. Common Stock,Consumer Discretionary,Business Services,1467657573.0,,6847972.998320269,United States
NUVB,Nuvation Bio Inc. Class A Common Stock,Health Care,Biotechnology: Pharmaceutical Preparations,2131318024.0,2020.0,351123232.94892913,United States
NUWE,Nuwellis Inc. Common Stock,Health Care,Biotechnology: Electromedical & Electrotherapeutic Apparatus,3975518.0,,3647264.220183486,United States
NVA,Nova Minerals Corp Common Stock,Basic Materials,Precious Metals,2796374859.0,2026.0,451028203.0645161,
NVAX,Novavax Inc. Common Stock,Health Care,Biotechnology: Biological Products (No Diagnostic Substances),1649457260.0,,164945726.0,United States
NVCR,NovoCure Limited Ordinary Shares,Health Care,Medical/Dental Instruments,1946974445.0,2015.0,116445840.01196171,Jersey
NVCT,Nuvectis Pharma Inc. Common Stock,Health Care,Biotechnology: Pharmaceutical Preparations,697288731.0,2022.0,32614065.996258188,United States
NVDA,NVIDIA Corporation Common Stock,Technology,Semiconductors,5286094000000.0,1999.0,24100000000.0,United States
NVEC,NVE Corporation Common Stock,Technology,Semiconductors,486377041.0,,4837165.99701641,United States
NVGS,Navigator Holdings Ltd. Ordinary Shares (Marshall Islands),Consumer Discretionary,Marine Transportation,1546201273.0,2013.0,61699970.9896249,Marshall Islands
NVMI,Nova Ltd. Ordinary Shares,Technology,Electronic Components,11062699064.0,2000.0,31782971.99988508,Israel
NVNI,Nvni Group Limited Ordinary Shares,Technology,Computer Software: Prepackaged Software,10857315.0,,11692133.3189748,Cayman Islands
NVNO,enVVeno Medical Corporation Common Stock,Health Care,Medical/Dental Instruments,6109675.0,2018.0,694826.056794532,United States
NVO,Novo Nordisk A/S Common Stock,Health Care,Biotechnology: Pharmaceutical Preparations,191242319159.0,,4427930520.004631,Denmark
NVR,NVR Inc. Common Stock,Consumer Discretionary,Homebuilding,16634669038.0,1998.0,2664860.00003204,United States
NVRI,Enviri Corporation Common Stock,Miscellaneous,Diversified Commercial Services,579306945.0,2026.0,28190118.97810219,
NVS,Novartis AG Common Stock,Health Care,Biotechnology: Pharmaceutical Preparations,268896734605.0,,1908151679.002271,Switzerland
NVST,Envista Holdings Corporation Common Stock,Health Care,Medical/Dental Instruments,3805033526.0,2019.0,160617708.99113548,United States
NVT,nVent Electric plc Ordinary Shares,Industrials,Industrial Machinery/Components,24493961909.0,2018.0,161857939.00085902,United Kingdom
NVTS,Navitas Semiconductor Corporation Common Stock,Technology,Semiconductors,2908581456.0,,261093487.97127467,United States
NVX,NOVONIX Limited American Depository Shares,Miscellaneous,Industrial Machinery/Components,65214172.0,,21522829.04290429,Australia
NWBI,Northwest Bancshares Inc. Common Stock,Finance,Major Banks,2252541296.0,2009.0,146459121.97659296,United States
NWE,NorthWestern Energy Group Inc. Common Stock,Utilities,Power Generation,4263187005.0,,61517850.0,United States
NWFL,Norwood Financial Corp. Common Stock,Finance,Major Banks,383316922.0,,10902074.004550628,United States
NWL,Newell Brands Inc. Common Stock,Industrials,Plastic Products,2389299000.0,,425900000.0,United States
NWN,Northwest Natural Holding Company Common Stock,Utilities,Oil/Gas Transmission,2048271559.0,,42093537.99835594,United States
NWPX,NWPX Infrastructure Inc. Common Stock,Industrials,Steel/Iron Ore,992872736.0,1995.0,9637201.99951468,United States
NWS,News Corporation Class B Common Stock,Consumer Discretionary,Newspapers/Magazines,18054926530.0,,541052637.998202,United States
NWSA,News Corporation Class A Common Stock,Consumer Discretionary,Newspapers/Magazines,16328968615.0,,541052638.0053015,United States
NWTG,Newton Golf Company Inc. Common Stock,Consumer Discretionary,Recreational Games/Products/Toys,6181395.0,2023.0,5422276.315789474,United States
NX,Quanex Building Products Corporation Common Stock,Industrials,Metal Fabrications,941270312.0,,45826207.98442064,United States
NXAT,Nexus Advanced Technologies Inc. Ordinary Shares,Consumer Discretionary,Movies/Entertainment,3198099.0,,2710253.3898305087,Cayman Islands
NXB,NextBoat Inc. Common Stcok,Industrials,Marine Transportation,53805795.0,2025.0,25142894.859813083,
NXDR,Nextdoor Holdings Inc. Class A Common Stock,Technology,Computer Software: Programming Data Processing,959384037.0,,386848402.016129,United States
NXDT,NexPoint Diversified Real Estate Trust Common Stock,Real Estate,Real Estate Investment Trusts,280930883.0,,53106027.032136105,United States
NXE,Nexgen Energy Ltd. Common Shares,Basic Materials,Other Metals and Minerals,6336282654.0,2017.0,670506100.952381,Canada
NXGL,NexGel Inc Common Stock,Health Care,Medical/Dental Instruments,2524645.0,2021.0,9747664.092664093,United States
NXH,Neighborhood Intelligence Inc. Common Stock,Consumer Discretionary,Catalog/Specialty Distribution,321827192.0,2026.0,95497683.08605342,United States
NXL,Nexalin Technology Inc. Common Stock,Health Care,Biotechnology: Electromedical & Electrotherapeutic Apparatus,4229276.0,2022.0,829399.9058675871,United States
NXP,Nuveen Select Tax Free Income Portfolio Common Stock,Finance,Trusts Except Educational Religious and Charitable,637403919.0,1992.0,46799112.99559472,United States
NXPI,NXP Semiconductors N.V. Common Stock,Technology,Semiconductors,57480823463.0,2010.0,252164173.99868396,Netherlands
NXPL,NextPlat Corp Common Stock,Telecommunications,Telecommunications Equipment,24934510.0,,2713221.980413493,United States
NXRT,NexPoint Residential Trust Inc. Common Stock,Real Estate,Real Estate Investment Trusts,543955519.0,2015.0,25549813.0108032,United States
NXST,Nexstar Media Group Inc. Common Stock,Industrials,Broadcasting,5001419584.0,2003.0,30808300.99790563,United States
NXT,Nextpower Inc. Common Stock,Technology,Semiconductors,12648172787.0,2023.0,151729519.99760076,United States
NXTC,NextCure Inc. Common Stock,Health Care,Biotechnology: Pharmaceutical Preparations,25953626.0,2019.0,4577359.082892416,United States
NXTS,Nexentis Technologies Inc. Common Stock,Industrials,Agricultural Chemicals,1991066.0,,1453332.8467153283,Israel
NXTT,Next Technology Holding Inc. Ordinary Shares,Technology,EDP Services,8079197.0,,1472962.0783956244,China
NXXT,NextNRG Inc. Common Stock,Consumer Discretionary,Retail-Auto Dealers and Gas Stations,19503480.0,2021.0,16813344.827586208,United States
NYAX,Nayax Ltd. Ordinary Shares,Technology,Computer Software: Prepackaged Software,1634277985.0,,37359194.99371357,Israel
NYC,American Strategic Investment Co. Class A Common Stock,Real Estate,Real Estate Investment Trusts,18855247.0,2020.0,3163632.046979866,
NYT,New York Times Company (The) Common Stock,Consumer Discretionary,Newspapers/Magazines,11225570168.0,,160502861.99599656,United States
NYXH,Nyxoah SA Ordinary Shares,Health Care,Medical/Dental Instruments,149108494.0,2021.0,100072814.76510067,Belgium
O,Realty Income Corporation Common Stock,Real Estate,Real Estate Investment Trusts,54237217652.0,,946218033.0076762,United States
OABI,OmniAb Inc. Common Stock,Health Care,Biotechnology: Commercial Physical & Biological Resarch,645533367.0,2021.0,145390397.97297296,United States
OBDC,Blue Owl Capital Corporation Common Stock,Finance,Diversified Financial Services,5597168158.0,2019.0,493142568.98678416,United States
OBE,Obsidian Energy Ltd. Common Shares,Energy,Oil & Gas Production,809381164.0,2022.0,66725569.99175597,Canada
OBIO,Orchestra BioMed Holdings Inc. Ordinary Shares,Health Care, Medicinal Chemicals and Botanical Products ,347407183.0,2020.0,60105048.96193771,United States
OBK,Origin Bancorp Inc. Common Stock,Finance,Major Banks,1656627709.0,,30849678.00744879,United States
OBT,Orange County Bancorp Inc. Common Stock,Finance,Major Banks,511647868.0,,13407962.997903563,United States
OBX,Obsidian Therapeutics Inc. Common Stock,Health Care,Biotechnology: Pharmaceutical Preparations,1081025330.0,,61772876.0,United States
OC,Owens Corning Inc Common Stock New,Industrials,Industrial Machinery/Components,9841561034.0,,79048683.00401607,United States
OCC,Optical Cable Corporation Common Stock,Industrials,Telecommunications Equipment,131922998.0,,8842023.99463807,United States
OCCI,OFS Credit Company Inc. Common Stock,Finance,Trusts Except Educational Religious and Charitable,27414964.0,2018.0,11616510.169491526,United States
OCFC,OceanFirst Financial Corp. Common Stock,Finance,Major Banks,1752177820.0,,96645218.97407612,United States
OCG,Oriental Culture Holding LTD Ordinary Shares,Consumer Discretionary,Other Consumer Services,3004384.0,2020.0,1938312.258064516,China
OCGN,Ocugen Inc. Common Stock,Health Care,Biotechnology: Biological Products (No Diagnostic Substances),349283713.0,2014.0,339110400.9708738,United States
OCS,Oculis Holding AG Ordinary shares,Health Care,Biotechnology: Pharmaceutical Preparations,578684691.0,,57984437.9759519,Switzerland
OCSL,Oaktree Specialty Lending Corporation Common Stock,Finance,Finance: Consumer Services,1110758445.0,,88085522.99762094,United States
OCTV,Octave Intelligence plc Class B Ordinary Shares,Technology,Computer Software: Prepackaged Software,4974152212.0,,268437788.019428,United States
OCUL,Ocular Therapeutix Inc. Common Stock,Health Care,Biotechnology: Pharmaceutical Preparations,2226904902.0,2014.0,219615868.0473373,United States
ODC,Oil-Dri Corporation Of America Common Stock,Consumer Discretionary,Miscellaneous manufacturing industries,1269467913.0,,14488335.003423875,United States
ODD,ODDITY Tech Ltd. Class A Ordinary Shares,Consumer Discretionary,Package Goods/Cosmetics,1091774320.0,2023.0,56656685.00259471,Israel
ODFL,Old Dominion Freight Line Inc. Common Stock,Industrials,Trucking Freight/Courier Services,36306070946.0,1991.0,207356622.00011423,United States
ODTX,Odyssey Therapeutics Inc. Common Stock,Health Care,Biotechnology: Biological Products (No Diagnostic Substances),1115918997.0,2026.0,48058527.00258398,United States
ODYS,Odysight.ai Inc. Common Stock,Technology,EDP Services,67818757.0,,20244405.074626867,Israel
OEC,Orion S.A. Common Shares,Industrials,Major Chemicals,329527335.0,2014.0,56522698.97084048,Luxembourg
OESX,Orion Energy Systems Inc. Common Stock,Consumer Discretionary,Building Products,110369829.0,2015.0,4089285.9948128937,United States
OFAL,OFA Group Class A Ordinary Shares,Consumer Discretionary,Military/Government/Technical,15276885.0,2025.0,26453480.51948052,Hong Kong
OFG,OFG Bancorp Common Stock,Finance,Major Banks,2210485336.0,,42265493.99617591,Puerto Rico
OFIX,Orthofix Medical Inc. Common Stock (DE),Health Care,Medical/Dental Instruments,351929733.0,1992.0,40732607.98611111,Curacao
OFLX,Omega Flex Inc. Common Stock,Industrials,Industrial Specialties,261341997.0,,10094322.01622248,United States
OFRM,Once Upon a Farm PBC Common Stock,Consumer Staples,Packaged Foods,693685588.0,2026.0,41990653.02663438,
OFS,OFS Capital Corporation Common Stock,Finance,Finance/Investors Services,53056389.0,,13398078.030303031,United States
OGC,OceanaGold Corporation Common Shares,,,6473174324.0,2026.0,224218022.9996536,
OGE,OGE Energy Corp Common Stock,Utilities,Electric Utilities: Central,9564713588.0,,206581286.9978402,United States
OGEN,Oragenics Inc. Common Stock,Health Care,Biotechnology: Pharmaceutical Preparations,2341706.0,,4511957.610789981,United States
OGG,Osisko Gold Group Inc. Common Shares,Basic Materials,Precious Metals,837995673.0,2022.0,305837836.8613138,Canada
OGI,Organigram Global Inc. Common Shares,Health Care,Biotechnology: Pharmaceutical Preparations,150876952.0,,141006497.19626167,Canada
OGN,Organon & Co. Common Stock,Health Care,Biotechnology: Pharmaceutical Preparations,3595123138.0,2021.0,262609433.01680055,United States
OGS,ONE Gas Inc. Common Stock,Utilities,Oil/Gas Transmission,4792162025.0,2014.0,62856270.0026233,United States
OHI,Omega Healthcare Investors Inc. Common Stock,Real Estate,Real Estate Investment Trusts,14353725810.0,1992.0,303013000.0,United States
OI,O-I Glass Inc. Common Stock,Consumer Discretionary,Containers/Packaging,952690431.0,,153659746.93548387,United States
OIA,Invesco Municipal Income Opportunities Trust Common Stock,Finance,Finance Companies,277064528.0,,47605589.00343642,United States
OII,Oceaneering International Inc. Common Stock,Energy,Oilfield Services/Equipment,4598269599.0,,99529645.0,United States
OIO,OIO Group Ordinary Shares,Utilities,Environmental Services,727366206.0,,348022108.13397133,Singapore
OIS,Oil States International Inc. Common Stock,Consumer Discretionary,Oil and Gas Field Machinery,506710000.0,2001.0,60322619.047619045,United States
OKE,ONEOK Inc. Common Stock,Utilities,Oil & Gas Production,58763060358.0,,630369667.0027891,United States
OKLO,Oklo Inc. Class A common stock,Utilities,Electric Utilities: Central,7375599823.0,2021.0,186017650.01261035,United States
OKTA,Okta Inc. Class A Common Stock,Technology,Computer Software: Prepackaged Software,33219472739.0,2017.0,174820928.00231555,United States
OKUR,OnKure Therapeutics Inc. Class A Common Stock,Health Care,Biotechnology: Pharmaceutical Preparations,119869075.0,2021.0,40496309.12162162,United States
OKYO,OKYO Pharma Limited Ordinary Shares,Health Care,Biotechnology: Biological Products (No Diagnostic Substances),69272976.0,2022.0,52479527.27272727,Guernsey
OLB,The OLB Group Inc. Common Stock,Consumer Discretionary,Business Services,4885895.0,,24032931.62813576,United States
OLED,Universal Display Corporation Common Stock,Technology,Electrical Products,3554615351.0,,45966835.00581922,United States
OLLI,Ollie's Bargain Outlet Holdings Inc. Common Stock,Consumer Discretionary,Department/Specialty Retail Stores,4526463109.0,2015.0,59402403.005249344,United States
OLMA,Olema Pharmaceuticals Inc. Common Stock,Health Care,Biotechnology: Pharmaceutical Preparations,866226309.0,2020.0,87497606.96969697,United States
OLN,Olin Corporation Common Stock,Industrials,Major Chemicals,1938842155.0,,113982490.00587888,United States
OLOX,Olenox Industries Inc. Common Stock,Consumer Discretionary,RETAIL: Building Materials,1397668.0,2017.0,1659347.026000237,United States
OLP,One Liberty Properties Inc. Common Stock,Real Estate,Real Estate Investment Trusts,501102551.0,1986.0,21825023.99825784,United States
OM,Outset Medical Inc. Common Stock,Health Care,Biotechnology: Electromedical & Electrotherapeutic Apparatus,58271208.0,2020.0,18797163.870967746,United States
OMAB,Grupo Aeroportuario del Centro Norte S.A.B. de C.V. ADS,Consumer Discretionary,Aerospace,4708853414.0,2006.0,48271178.00102512,Mexico
OMC,Omnicom Group Inc. Common Stock,Consumer Discretionary,Advertising,21563593006.0,,274345966.9974555,United States
OMCL,Omnicell Inc. Common Stock ($0.001 par value),Technology,Computer Manufacturing,1487957516.0,2001.0,45614883.99754752,United States
OMDA,Omada Health Inc. Common Stock,Health Care,Medical/Nursing Services,1213927220.0,2025.0,61216702.97528997,United States
OMER,Omeros Corporation Common Stock,Health Care,Biotechnology: Pharmaceutical Preparations,1335564430.0,2009.0,72388315.9891599,United States
OMEX,Odyssey Marine Exploration Inc. Common Stock,Consumer Discretionary,Marine Transportation,43302507.0,,58691389.26538357,United States
OMF,OneMain Holdings Inc. Common Stock,Finance,Finance: Consumer Services,7010627121.0,2013.0,115041469.00229734,United States
OMH,Ohmyhome Limited Class A Ordinary Shares,Finance,Real Estate,4204836.0,2023.0,1688689.1566265058,Singapore
OMSE,OMS Energy Technologies Inc. Ordinary Shares,Consumer Discretionary,Oil and Gas Field Machinery,188896733.0,2025.0,42448704.04494382,Singapore
ON,ON Semiconductor Corporation Common Stock,Technology,Semiconductors,26590461268.0,,389318613.0014641,United States
ONB,Old National Bancorp Common Stock,Finance,Major Banks,9686672400.0,,382570000.0,United States
ONCO,Onconetix Inc. Common Stock,Health Care,Biotechnology: Pharmaceutical Preparations,2906476.0,2022.0,4380521.477015825,United States
ONCY,Oncolytics Biotech Inc. Common Stock,Health Care,Biotechnology: Pharmaceutical Preparations,98183089.0,,127510505.1948052,Canada
ONDS,Ondas Inc. Common Stock,Technology,Radio And Television Broadcasting And Communications Equipment,4224132949.0,,571601210.9607579,United States
ONEG,OneConstruction Group Limited Ordinary Shares,Consumer Discretionary,Homebuilding,16480000.0,2024.0,16000000.0,Hong Kong
ONEW,OneWater Marine Inc. Class A Common Stock,Consumer Discretionary,Auto & Home Supply Stores,160323255.0,2020.0,16665619.022869024,United States
ONFO,Onfolio Holdings Inc. Common Stock,Technology,EDP Services,2113992.0,2022.0,2452711.451444483,United States
ONIT,Onity Group Inc. Common Stock,Finance,Finance: Consumer Services,273109259.0,,8354520.00611808,United States
ONL,Orion Properties Inc. Common Stock,Real Estate,Real Estate Investment Trusts,138618655.0,2021.0,57044713.991769545,United States
ONMD,OneMedNet Corp Class A Common Stock,Health Care,Biotechnology: Commercial Physical & Biological Resarch,36224021.0,2021.0,59286450.081833065,United Kingdom
ONON,On Holding AG Class A Ordinary Shares,Consumer Discretionary,Shoe Manufacturing,16491771143.0,2021.0,603431069.9963411,
ONT,Onterris Inc. Common Stock,Consumer Discretionary,Professional Services,617364314.0,2020.0,35117424.00455063,United States
ONTO,Onto Innovation Inc. Common Stock,Industrials,Industrial Machinery/Components,12270033977.0,,49074246.998360194,United States
OOMA,Ooma Inc. Common Stock,Technology,EDP Services,616860000.0,2015.0,27600000.0,United States
OPAD,Offerpad Solutions Inc. Class A Common Stock,Finance,Real Estate,16769639.0,,4832748.991354466,United States
OPAL,OPAL Fuels Inc. Class A Common Stock,Utilities,Natural Gas Distribution,333657900.0,2021.0,174690000.0,United States
OPBK,OP Bancorp Common Stock,Finance,Major Banks,230260923.0,2018.0,14932614.980544748,United States
OPCH,Option Care Health Inc. Common Stock,Health Care,Medical/Nursing Services,3669738454.0,,149785243.02040815,United States
OPEN,Opendoor Technologies Inc Common Stock,Finance,Real Estate,2485993088.0,,971091050.0,United States
OPFI,OppFi Inc. Class A Common Stock,Finance,Finance: Consumer Services,599866059.0,2020.0,85208247.01704545,United States
OPHC,OptimumBank Holdings Inc. Common Stock,Finance,Major Banks,116379173.0,,12622469.956616051,United States
OPI,Office Properties Income Trust Common shares of beneficial interest,Finance,Real Estate,363551235.0,,21953576.992753625,United States
OPK,OPKO Health Inc. Common Stock,Health Care,Biotechnology: Pharmaceutical Preparations,1209051725.0,,746328225.3086419,United States
OPLN,OPENLANE Inc. Common Stock,Consumer Discretionary,Retail-Auto Dealers and Gas Stations,4182113575.0,,122069865.00291888,United States
OPRT,Oportun Financial Corporation Common Stock,Finance,Finance: Consumer Services,370197387.0,2019.0,45987253.04347826,United States
OPRX,OptimizeRx Corporation Common Stock,Consumer Discretionary,Business Services,142964868.0,,18835950.988142293,United States
OPTH,Optimi Health Corp. Common Shares,Health Care,Biotechnology: Pharmaceutical Preparations,28400300.0,,5725866.935483871,Canada
OPTT,Ocean Power Technologies Inc. Common Stock,Utilities,Electric Utilities: Central,17378932.0,2007.0,9004627.979274612,United States
OPTU,Optimum Communications Inc. Class A common stock,Telecommunications,Cable & Other Pay Television Services,473808249.0,2017.0,455584854.8076923,United States
OPTX,Syntec Optics Holdings Inc. Class A Common Stock,Technology,Electronic Components,270680780.0,2022.0,40279877.97619048,United States
OPXS,Optex Systems Holdings Inc. Common Stock,Technology,Electronic Components,73148265.0,,6959872.97811608,United States
OPY,Oppenheimer Holdings Inc. Class A Common Stock (DE),Finance,Investment Bankers/Brokers/Service,1223924972.0,,10708005.004374454,United States
OR,OR Royalties Inc. Common Shares,Basic Materials,Precious Metals,6935472009.0,2016.0,187495863.99026763,Canada
ORA,Ormat Technologies Inc. Common Stock,Utilities,Electric Utilities: Central,5987957145.0,2004.0,61496940.99825408,United States
ORBS,Eightco Holdings Inc. Common Stock,Finance,Finance Companies,389593213.0,,429777399.8896856,United States
ORC,Orchid Island Capital Inc. Common Stock,Real Estate,Real Estate Investment Trusts,1215584937.0,2013.0,199603437.93103448,United States
ORCL,Oracle Corporation Common Stock,Technology,Computer Software: Prepackaged Software,455344404240.0,1986.0,3023736000.0,United States
ORGO,Organogenesis Holdings Inc. Class A Common Stock,Health Care,Biotechnology: Pharmaceutical Preparations,174997385.0,2016.0,128674547.79411764,United States
ORI,Old Republic International Corporation Common Stock,Finance,Property-Casualty Insurers,9778033341.0,,241432922.0,United States
ORIC,Oric Pharmaceuticals Inc. Common Stock,Health Care,Biotechnology: Pharmaceutical Preparations,1335046209.0,2020.0,103652655.97826086,United States
ORIO,Orion Digital Corp. Common Shares,Finance,Finance: Consumer Services,24256620.0,,23781000.0,Canada
ORIQ,Origin Investment Corp I Ordinary Shares,,,0.0,2025.0,0.0,Singapore
ORKA,Oruka Therapeutics Inc. Common Stock,Health Care,Biotechnology: In Vitro & In Vivo Diagnostic Substances,6470673883.0,,66209698.99723728,United States
ORKT,Orangekloud Technology Inc. Class A Ordinary Shares,Technology,Computer Software: Prepackaged Software,6248554.0,2024.0,5839770.093457944,Singapore
ORLY,O'Reilly Automotive Inc. Common Stock,Consumer Discretionary,Auto & Home Supply Stores,68672681633.0,1993.0,808960792.0014136,United States
ORMP,Oramed Pharmaceuticals Inc. Common Stock,Health Care,Biotechnology: Pharmaceutical Preparations,194259643.0,,41597353.961456105,Israel
ORN,Orion Group Holdings Inc. Common,Industrials,Military/Government/Technical,366077422.0,,40495290.04424779,United States
ORRF,Orrstown Financial Services Inc. Common Stock,Finance,Major Banks,823173848.0,,19669625.997610517,United States
OSBC,Old Second Bancorp Inc. Common Stock,Finance,Major Banks,1267822843.0,,50875716.01123595,United States
OSCR,Oscar Health Inc. Class A Common Stock,Health Care,Medical Specialities,9870467100.0,2021.0,308645000.0,United States
OSG,Octave Specialty Group Inc. Common Stock,Finance,Property-Casualty Insurers,201380142.0,,45051485.90604027,United States
OSIS,OSI Systems Inc. Common Stock (DE),Technology,Semiconductors,3193973289.0,1997.0,15941968.000998251,United States
OSK,Oshkosh Corporation (Holding Company)Common Stock,Industrials,Auto Manufacturing,8945472233.0,,61739749.0026917,United States
OSPN,OneSpan Inc. Common Stock,Technology,EDP Services,661496505.0,,36852172.98050139,United States
OSS,One Stop Systems Inc. Common Stock,Technology,Computer Manufacturing,226206979.0,2018.0,24940129.98897464,United States
OSTX,OS Therapies Incorporated Common Stock,Health Care,Biotechnology: Pharmaceutical Preparations,85041546.0,2024.0,46470790.163934425,
OSUR,OraSure Technologies Inc. Common Stock,Health Care,Medical/Dental Instruments,240700508.0,,68968626.93409742,United States
OSW,OneSpaWorld Holdings Limited Common Shares,Consumer Discretionary,Hotels/Resorts,2215716883.0,,101498712.00183237,Bahamas
OTEX,Open Text Corporation Common Shares,Technology,EDP Services,5894177315.0,1996.0,250602776.99829933,Canada
OTF,Blue Owl Technology Finance Corp. Common Stock,,,4975893325.0,2025.0,458185389.0423573,United States
OTIS,Otis Worldwide Corporation Common Stock,Technology,Consumer Electronics/Appliances,26151983589.0,2020.0,380669338.9956332,United States
OTLK,Outlook Therapeutics Inc. Common Stock,Health Care,Biotechnology: Biological Products (No Diagnostic Substances),165787784.0,2016.0,243447553.5976505,United States
OTTR,Otter Tail Corporation Common Stock,Utilities,Electric Utilities: Central,3717823109.0,,41985580.0,United States
OUST,Ouster Inc. Common Stock,Industrials,Industrial Machinery/Components,2520326038.0,,72112332.98998569,United States
OUT,OUTFRONT Media Inc. Common Stock,Real Estate,Real Estate Investment Trusts,4907128093.0,2014.0,176135251.00502512,United States
OVBC,Ohio Valley Banc Corp. Common Stock,Finance,Major Banks,211571055.0,,4711001.002004009,United States
OVID,Ovid Therapeutics Inc. Common Stock,Health Care,Biotechnology: Pharmaceutical Preparations,527304214.0,2017.0,195297857.037037,United States
OVLY,Oak Valley Bancorp (CA) Common Stock,Finance,Major Banks,288135249.0,,8412708.0,United States
OVV,Ovintiv Inc. (DE),Energy,Oil & Gas Production,17807273000.0,,282700000.0,Canada
OWL,Blue Owl Capital Inc. Class A Common Stock,Finance,Investment Managers,15528558541.0,2020.0,1559092222.9919677,United States
OWLS,OBOOK Holdings Inc. Class A Common Shares,Technology,Computer Software: Prepackaged Software,206526744.0,,37825410.98901099,Taiwan
OWLT,Owlet Inc. Class A Common Stock,Industrials,Industrial Machinery/Components,132666414.0,2020.0,29221677.092511013,United States
OXBR,Oxbridge Re Holdings Limited Ordinary Shares,Finance,Property-Casualty Insurers,11760244.0,2014.0,8138577.162629757,Cayman Islands
OXLC,Oxford Lane Capital Corp. Common Stock,Finance,Investment Managers,1562400000.0,2011.0,173600000.0,United States
OXM,Oxford Industries Inc. Common Stock,Industrials,Garments and Clothing,433321467.0,,14978274.006221917,United States
OXSQ,Oxford Square Capital Corp. Common Stock,Finance,Blank Checks,136788874.0,2003.0,107707774.8031496,United States
OXY,Occidental Petroleum Corporation Common Stock,Energy,Oil & Gas Production,59268499727.0,,999637371.0069152,United States
OZK,Bank OZK Common Stock,Finance,Major Banks,5412432555.0,,113136132.00250836,United States
P,Everpure Inc. Class A common stock,Technology,Electronic Components,34652301831.0,2015.0,333227250.995288,United States
PAAI,Paradium.AI Inc. Common Stock,Technology,EDP Services,159019581.0,2022.0,47610652.994011976,United States
PAAS,Pan American Silver Corp. Common Stock,Basic Materials,Precious Metals,20573345160.0,,414618000.0,Canada
PAC,Grupo Aeroportuario Del Pacifico S.A. B. de C.V. Grupo Aeroportuario Del Pacifico S.A. de C.V. (each representing 10 Series B shares),Consumer Discretionary,Aerospace,11874183199.0,2006.0,59501819.99899779,Mexico
PACB,Pacific Biosciences of California Inc. Common Stock,Industrials,Biotechnology: Laboratory Analytical Instruments,428946447.0,2010.0,310830758.6956522,United States
PACK,Ranpak Holdings Corp Class A Common Stock,Consumer Discretionary,Containers/Packaging,342175573.0,2018.0,85758288.97243108,United States
PACS,PACS Group Inc. Common Stock,Health Care,Hospital/Nursing Management,6659595841.0,2024.0,158335612.00665715,United States
PAG,Penske Automotive Group Inc. Common Stock,Consumer Discretionary,Retail-Auto Dealers and Gas Stations,14101101977.0,,65662873.00116415,United States
PAGS,PagSeguro Digital Ltd. Class A Common Shares,Technology,EDP Services,2778878898.0,2018.0,290677708.9958159,Cayman Islands
PAHC,Phibro Animal Health Corporation Class A Common Stock,Health Care,Biotechnology: Pharmaceutical Preparations,1398522215.0,2014.0,40601602.99027435,United States
PAL,Proficient Auto Logistics Inc. Common Stock,Consumer Discretionary,Transportation Services,117822277.0,2024.0,28052923.095238093,United States
PALI,Palisade Bio Inc. Common Stock,Health Care,Biotechnology: Biological Products (No Diagnostic Substances),296259949.0,,174270558.23529413,United States
PAM,Pampa Energia S.A.,Utilities,Electric Utilities: Central,4555248869.0,,54540815.00239464,Argentina
PAMT,PAMT CORP Common Stock,Industrials,Trucking Freight/Courier Services,258218029.0,,20942257.01540957,United States
PANL,Pangaea Logistics Solutions Ltd. Common Shares,Consumer Discretionary,Marine Transportation,550634423.0,2013.0,65473772.05707491,United States
PANW,Palo Alto Networks Inc. Common Stock,Technology,Computer peripheral equipment,306799080000.0,,818000000.0,United States
PAPL,Pineapple Financial Inc. Common Stock,Finance,Finance: Consumer Services,23449144.0,,25271197.3272982,
PAR,PAR Technology Corporation Common Stock,Miscellaneous,Office Equipment/Supplies/Services,660976074.0,,41362708.01001252,United States
PARA,Banzai International Inc. Class A Common Stock,Industrials,Broadcasting,,2021.0,,United States
PARK,Park Dental Partners Inc. Common Stock,Health Care,Misc Health and Biotechnology Services,96437119.0,2025.0,4755282.001972387,United States
PARR,Par Pacific Holdings Inc.  Common Stock,Energy,Oil & Gas Production,4333116739.0,,50099626.99734074,United States
PASG,Passage Bio Inc. Common Stock,Health Care,Biotechnology: Biological Products (No Diagnostic Substances),16217762.0,2020.0,3217809.9206349207,United States
PASW,Ping An Biomedical Co. Ltd. Class A Ordinary Shares,Consumer Discretionary,Apparel,16764430.0,1999.0,124550000.0,Hong Kong
PATH,UiPath Inc. Class A Common Stock,Technology,Computer Software: Prepackaged Software,7171098428.0,2021.0,521155409.0116279,United States
PATK,Patrick Industries Inc. Common Stock,Consumer Discretionary,Auto Parts:O.E.M.,2245709019.0,,32118264.001716245,United States
PAVM,PAVmed Inc. Common Stock,Health Care,Medical/Dental Instruments,31743794.0,2016.0,7995917.884130982,United States
PAVS,Paranovus Entertainment Technology Ltd. Class A Ordinary Shares,Technology,EDP Services,3500293.0,2019.0,869638.0124223601,China
PAX,Patria Investments Limited Class A Common Shares,Finance,Investment Managers,1630981546.0,2021.0,162286720.99502486,Cayman Islands
PAY,Paymentus Holdings Inc. Class A Common Stock,Consumer Discretionary,Business Services,4550199446.0,2021.0,125939646.99695542,United States
PAYC,Paycom Software Inc. Common Stock,Technology,Computer Software: Prepackaged Software,10188890191.0,2014.0,45071618.99938069,United States
PAYO,Payoneer Global Inc. Common Stock,Consumer Discretionary,Business Services,2409229444.0,,338850836.00562584,United States
PAYP,PayPay Corporation American Depository Shares,Consumer Discretionary,Business Services,12127633548.0,2026.0,677143135.0083752,Japan
PAYS,Paysign Inc. Common Stock,Technology,EDP Services,701259978.0,,56462156.03864735,United States
PAYX,Paychex Inc. Common Stock,Industrials,Diversified Commercial Services,41475284909.0,1983.0,355980472.9980259,United States
PB,Prosperity Bancshares Inc. Common Stock,Finance,Major Banks,8453234072.0,,120176770.99800968,United States
PBA,Pembina Pipeline Corp. Ordinary Shares (Canada),Energy,Oil & Gas Production,27705280200.0,,581555000.0,Canada
PBAM,Private Bancorp of America Inc. Common Stock,Finance,Major Banks,518316622.0,,5729787.994693788,United States
PBF,PBF Energy Inc. Class A Common Stock,Energy,Integrated oil Companies,9146302420.0,2012.0,118536837.9989632,United States
PBFS,Pioneer Bancorp Inc. Common Stock,Finance,Banks,448640434.0,2019.0,24841663.012181617,United States
PBH,Prestige Consumer Healthcare Inc. Common Stock,Health Care,Biotechnology: Pharmaceutical Preparations,2201494037.0,2005.0,47374521.992683455,United States
PBHC,Pathfinder Bancorp Inc. Common Stock (MD),Finance,Major Banks,86015202.0,,4898360.022779044,United States
PBI,Pitney Bowes Inc. Common Stock,Miscellaneous,Office Equipment/Supplies/Services,2374402472.0,,137090212.0092379,United States
PBK,PowerBank Corporation Common Stock,Utilities,Power Generation,12842681.0,,46956786.1060329,Canada
PBLS,Parabilis Medicines Inc. Common Stock,Health Care,Biotechnology: Pharmaceutical Preparations,4985398986.0,2026.0,121952029.99021526,United States
PBM,Psyence Biomedical Ltd. Common Shares,Health Care,Biotechnology: Pharmaceutical Preparations,24106553.0,,3814328.0063291136,Canada
PBR,Petroleo Brasileiro S.A. Petrobras ADS,Energy,Oil & Gas Production,134945032018.0,,6444366380.993314,Brazil
PBT,Permian Basin Royalty Trust Common Stock,Energy,Oil & Gas Production,1624782629.0,,46608796.01262192,United States
PBYI,Puma Biotechnology Inc Common Stock,Health Care,Biotechnology: Pharmaceutical Preparations,491423028.0,,51620065.96638656,United States
PCAR,PACCAR Inc. Common Stock,Industrials,Auto Manufacturing,61774190884.0,,526364952.9993184,United States
PCB,PCB Bancorp Common Stock,Finance,Major Banks,389737706.0,2018.0,14044602.018018018,United States
PCG,Pacific Gas & Electric Co. Common Stock,Utilities,Power Generation,35859878436.0,,2680110495.9641256,United States
PCOR,Procore Technologies Inc. Common Stock,Technology,Computer Software: Prepackaged Software,7863688742.0,2021.0,151955338.00966182,United States
PCRX,Pacira BioSciences Inc. Common Stock,Health Care,Biotechnology: Pharmaceutical Preparations,975818969.0,2011.0,39861885.98856209,United States
PCSA,Processa Pharmaceuticals Inc. Common Stock,Health Care,Biotechnology: Pharmaceutical Preparations,5307433.0,,2793385.7894736845,United States
PCT,PureCycle Technologies Inc. Common stock,Industrials,Major Chemicals,1143148369.0,,200904810.01757467,United States
PCTY,Paylocity Holding Corporation Common Stock,Technology,Computer Software: Prepackaged Software,7758519699.0,2014.0,53056962.99664912,United States
PCVX,Vaxcyte Inc. Common Stock,Health Care,Biotechnology: Biological Products (No Diagnostic Substances),8983374633.0,2020.0,148805278.00231904,United States
PCYO,Pure Cycle Corporation Common Stock,Utilities,Water Supply,267721781.0,,24097370.0270027,United States
PD,PagerDuty Inc. Common Stock,Technology,Computer Software: Prepackaged Software,1135704166.0,2019.0,78649872.99168976,United States
PDCC,Pearl Diver Credit Company Inc. Common Stock,,,0.0,2024.0,0.0,
PDEX,Pro-Dex Inc. Common Stock,Health Care,Medical/Dental Instruments,222551630.0,,3203334.005037784,United States
PDFS,PDF Solutions Inc. Common Stock,Technology,Computer Software: Prepackaged Software,1846596156.0,2001.0,42227216.00731763,United States
PDLB,Ponce Financial Group Inc. Common Stock,Finance,Savings Institutions,490772511.0,2017.0,24187900.98570725,United States
PDM,Piedmont Realty Trust Inc. Class A Common Stock,Real Estate,Building operators,1171243242.0,,125132825.0,United States
PDS,Precision Drilling Corporation Common Stock,Energy,Oil & Gas Production,1109706633.0,,12746457.99448656,Canada
PDSB,PDS Biotechnology Corporation Common Stock,Health Care,Biotechnology: Pharmaceutical Preparations,61037778.0,2015.0,72474208.02659701,United States
PDYN,Palladyne AI Corp. Common Stock,Technology,Computer Software: Prepackaged Software,283696433.0,,49338510.08695652,United States
PEB,Pebblebrook Hotel Trust Common Shares of Beneficial Interest,Real Estate,Real Estate Investment Trusts,2030040461.0,2009.0,112842716.00889383,United States
PEBK,Peoples Bancorp of North Carolina Inc. Common Stock,Finance,Major Banks,240087100.0,,5461489.990900819,United States
PEBO,Peoples Bancorp Inc. Common Stock,Finance,Major Banks,1419002596.0,,35942314.99493415,United States
PECO,Phillips Edison & Company Inc. Common Stock,Real Estate,Real Estate Investment Trusts,4808232000.0,2021.0,128700000.0,United States
PED,Pedevco Corp. Common Stock,Energy,Oil & Gas Production,193132949.0,,13292013.007570544,United States
PEG,Public Service Enterprise Group Incorporated Common Stock,Utilities,Power Generation,35377853729.0,,498420029.99436456,United States
PEGA,Pegasystems Inc. Common Stock,Technology,EDP Services,5930086366.0,1996.0,164404944.9958414,United States
PEN,Penumbra Inc. Common Stock,Health Care,Medical/Dental Instruments,12560104993.0,2015.0,39389421.99956095,United States
PENG,Penguin Solutions Inc. Common Stock,Technology,Semiconductors,2692803832.0,2017.0,51242698.99143673,United States
PENN,PENN Entertainment Inc. Common Stock,Consumer Discretionary,Hotels/Resorts,2340802679.0,1994.0,134066591.00801831,United States
PEP,PepsiCo Inc. Common Stock,Consumer Staples,Beverages (Production/Distribution),182431405642.0,,1364891557.9979053,United States
PEPG,PepGen Inc. Common Stock,Health Care,Biotechnology: Pharmaceutical Preparations,205700765.0,2022.0,69259516.83501683,United States
PERF,Perfect Corp. Class A Ordinary Share,Technology,Computer Software: Prepackaged Software,197586422.0,2022.0,101848671.13402064,Taiwan
PERI,Perion Network Ltd. Ordinary Shares,Technology,EDP Services,347286717.0,2006.0,39330319.026047565,Israel
PESI,Perma-Fix Environmental Services Inc. Common Stock,Industrials,Environmental Services,379596299.0,,21218350.97820011,United States
PETS,PetMed Express Inc. Common Stock,Consumer Staples,Retail-Drug Stores and Proprietary Stores,35119841.0,,21678914.197530866,United States
PETZ,TDH Holdings Inc. Common Shares,Finance,Real Estate,14349343.0,2017.0,10323268.34532374,China
PEW,GrabAGun Digital Holdings Inc. Common Stock,Consumer Discretionary,Other Specialty Stores,62863623.0,2025.0,29513438.028169017,
PFAI,Pinnacle Food Group Limited Class A Common Shares,Consumer Staples,Farming/Seeds/Milling,32979790.0,2025.0,11736580.071174378,Canada
PFE,Pfizer Inc. Common Stock,Health Care,Biotechnology: Pharmaceutical Preparations,157538978000.0,,5699673589.001447,United States
PFG,Principal Financial Group Inc Common Stock,Finance,Accident &Health Insurance,24823292078.0,2001.0,214104641.0039676,United States
PFGC,Performance Food Group Company Common Stock,Consumer Discretionary,Food Distributors,14234684772.0,2015.0,157533032.0053121,United States
PFIS,Peoples Financial Services Corp. Common Stock,Finance,Major Banks,708834087.0,,10010366.99618698,United States
PFLT,PennantPark Floating Rate Capital Ltd. Common Stock,Finance,Finance: Consumer Services,716353209.0,2022.0,99217895.9833795,United States
PFS,Provident Financial Services Inc Common Stock,Finance,Savings Institutions,3019283607.0,2003.0,130422618.01295896,United States
PFSA,Profusa Inc. Common Stock,Health Care,Medical/Dental Instruments,1090165.0,,605647.2222222222,United States
PFSI,PennyMac Financial Services Inc. Common Stock,Finance,Finance: Consumer Services,3455299054.0,2013.0,51951572.00420989,United States
PFX,PhenixFIN Corporation Common Stock,Finance,Finance: Consumer Services,89244125.0,,1931272.9928586888,United States
PG,Procter & Gamble Company (The) Common Stock,Consumer Discretionary,Package Goods/Cosmetics,342970098003.0,,2324433060.0,United States
PGC,Peapack-Gladstone Financial Corporation Common Stock,Finance,Commercial Banks,805026300.0,,17727951.992953096,United States
PGEN,Precigen Inc. Common Stock,Health Care,Biotechnology: Pharmaceutical Preparations,2817737394.0,,358035247.0139771,United States
PGNY,Progyny Inc. Common Stock,Health Care,Misc Health and Biotechnology Services,2072390814.0,2019.0,76726798.00074047,United States
PGR,Progressive Corporation (The) Common Stock,Finance,Property-Casualty Insurers,125744900133.0,,581371769.998613,United States
PGY,Pagaya Technologies Ltd. Class A Ordinary Shares,Finance,Finance: Consumer Services,1715235332.0,,83425842.99610895,United States
PH,Parker-Hannifin Corporation Common Stock,Industrials,Metal Fabrications,116630462591.0,,126047468.9999892,United States
PHAR,Pharming Group N.V. ADS each representing 10 ordinary shares,Health Care,Biotechnology: Pharmaceutical Preparations,761339979.0,,70625229.96289425,Netherlands
PHAT,Phathom Pharmaceuticals Inc. Common Stock,Health Care,Biotechnology: Pharmaceutical Preparations,626982239.0,2019.0,80900934.06451613,United States
PHG,Koninklijke Philips N.V. NY Registry Shares,Health Care,Medical Electronics,24257596543.0,,982884786.993517,Netherlands
PHI,PLDT Inc. Sponsored ADR,Telecommunications,Telecommunications Equipment,3876040604.0,,216055775.02787063,Philippines
PHIN,PHINIA Inc. Common Stock,Consumer Discretionary,Auto Parts:O.E.M.,2271561456.0,2023.0,36638088.0,United States
PHIO,Phio Pharmaceuticals Corp. Common Stock,Health Care,Biotechnology: Pharmaceutical Preparations,11849595.0,,11617250.0,United States
PHM,PulteGroup Inc. Common Stock,Consumer Discretionary,Homebuilding,22276859854.0,,187452540.00336587,United States
PHOE,Phoenix Asia Holdings Limited Ordinary Shares,Consumer Discretionary,Engineering & Construction,446040000.0,2025.0,21600000.0,Hong Kong
PHR,Phreesia Inc. Common Stock,Consumer Discretionary,Business Services,638089304.0,2019.0,62070943.9688716,United States
PHUN,Phunware Inc. Common Stock,Technology,EDP Services,40720723.0,2016.0,20462674.87437186,Greece
PHVS,Pharvaris N.V. Ordinary Shares,Health Care,Biotechnology: Pharmaceutical Preparations,2647325214.0,2021.0,69666453.0,Netherlands
PI,Impinj Inc. Common Stock,Technology,Industrial Machinery/Components,5491544648.0,2016.0,30554412.99727369,United States
PICS,PicS N.V. Class A Common Shares,Finance,Finance: Consumer Services,1234969285.0,2026.0,129587543.02203567,Brazil
PII,Polaris Inc. Common Stock,Consumer Discretionary,Industrial Specialties,3169526287.0,,56903524.00359066,United States
PIII,P3 Health Partners Inc. Class A Common Stock,Health Care,Medical/Nursing Services,57216538.0,2021.0,7260981.979695432,United States
PIM,Franklin Master Intermediate Income Trust Shares of Beneficial Interest,Finance,Finance Companies,154277920.0,1988.0,50253394.13680782,United States
PINE,Alpine Income Property Trust Inc. Common Stock,Real Estate,Real Estate Investment Trusts,314882123.0,2019.0,17620711.975377727,United States
PINS,Pinterest Inc. Class A Common Stock,Technology,Computer Software: Programming Data Processing,10369191524.0,2019.0,566313026.9797925,United States
PIPR,Piper Sandler Companies Common Stock,Finance,Investment Bankers/Brokers/Service,5094621278.0,2026.0,70670290.9973644,United States
PJT,PJT Partners Inc. Class A Common Stock,Finance,Investment Managers,6202185629.0,2015.0,41011608.99953713,United States
PK,Park Hotels & Resorts Inc. Common Stock,Consumer Discretionary,Hotels/Resorts,3032155250.0,2016.0,201338330.0132802,United States
PKBK,Parke Bancorp Inc. Common Stock,Finance,Major Banks,402712733.0,,11761470.00584112,United States
PKE,Park Aerospace Corp. Common Stock,Industrials,Military/Government/Technical,663194423.0,,21751210.98720892,United States
PKG,Packaging Corporation of America Common Stock,Consumer Discretionary,Containers/Packaging,20988886295.0,2000.0,89098298.99817464,United States
PKOH,Park-Ohio Holdings Corp. Common Stock,Industrials,Industrial Specialties,669148662.0,,14490010.00433088,United States
PL,Planet Labs PBC Class A Common Stock,Technology,Radio And Television Broadcasting And Communications Equipment,6181777333.0,2021.0,363847988.9935256,United States
PLAB,Photronics Inc. Common Stock,Technology,Semiconductors,1682009231.0,1987.0,58997166.99403717,United States
PLAG,Planet Green Holdings Corp. Common Stock,Consumer Staples,Packaged Foods,9806340.0,,14232714.078374457,China
PLAY,Dave & Buster's Entertainment Inc. Common Stock,Consumer Discretionary,Restaurants,227792412.0,2014.0,34830644.036697246,United States
PLBC,Plumas Bancorp,Finance,Finance Companies,434103418.0,,6959015.998717537,United States
PLBL,Polibeli Group Ltd Class A Ordinary Shares,Consumer Discretionary,Consumer Electronics/Appliances,2018794960.0,,366387470.05444646,Indonesia
PLBY,Playboy Inc. Common Stock,Consumer Discretionary,Other Specialty Stores,128194226.0,2020.0,119807687.85046728,United States
PLCE,Children's Place Inc. (The) Common Stock,Consumer Discretionary,Clothing/Shoe/Accessory Stores,44696505.0,1997.0,22237067.164179105,United States
PLD,Prologis Inc. Common Stock,Real Estate,Real Estate Investment Trusts,128160913680.0,,948076000.0,United States
PLG,Platinum Group Metals Ltd. Ordinary Shares (Canada),Basic Materials,Precious Metals,180318008.0,,127885112.0567376,Canada
PLGO,Pelagos Insurance Capital Limited Common Shares,Finance,Property-Casualty Insurers,2080712289.0,2023.0,86480145.01246883,Bermuda
PLMR,Palomar Holdings Inc. Common stock,Finance,Property-Casualty Insurers,3614996937.0,2019.0,26317683.00087361,United States
PLNT,Planet Fitness Inc. Common Stock,Consumer Discretionary,Hotels/Resorts,3754078723.0,2015.0,75216964.9969946,United States
PLOW,Douglas Dynamics Inc. Common Stock,Industrials,Construction/Ag Equipment/Trucks,919851054.0,2010.0,23077046.011038635,United States
PLPC,Preformed Line Products Company Common Stock,Industrials,Water Sewer Pipeline Comm & Power Line Construction,2019180174.0,,4888700.999927366,United States
PLRX,Pliant Therapeutics Inc. Common Stock,Health Care,Biotechnology: Pharmaceutical Preparations,69971744.0,2020.0,61921897.345132746,United States
PLRZ,Polyrizon Ltd. Ordinary Shares,Health Care,Medical/Dental Instruments,23599424.0,2024.0,2139566.9990933817,Israel
PLSE,Pulse Biosciences Inc Common Stock (DE),Health Care,Medical/Dental Instruments,3609637140.0,2016.0,71322606.99466509,United States
PLSM,Pulsenmore Ltd. Ordinary Shares,Health Care,Medical/Dental Instruments,15736882.0,,6502843.8016528925,Israel
PLTK,Playtika Holding Corp. Common Stock,Technology,EDP Services,881076010.0,2021.0,381418186.14718616,Israel
PLTR,Palantir Technologies Inc. Class A Common Stock,Technology,Computer Software: Prepackaged Software,423337905315.0,,2402053479.998865,United States
PLUG,Plug Power Inc. Common Stock,Energy,Industrial Machinery/Components,2962053989.0,1999.0,1397195277.8301885,United States
PLUR,Pluri Inc. Common Stock,Health Care,Biotechnology: Biological Products (No Diagnostic Substances),13332315.0,,12344736.11111111,Israel
PLUS,ePlus inc. Common Stock,Technology,Retail: Computer Software & Peripheral Equipment,2401362073.0,1996.0,26090418.003042158,United States
PLUT,Plutus Financial Group Limited Ordinary Shares,Finance,Investment Bankers/Brokers/Service,37607500.0,2025.0,15349999.999999998,Hong Kong
PLX,Protalix BioTherapeutics Inc. (DE) Common Stock,Health Care,Biotechnology: Biological Products (No Diagnostic Substances),217543433.0,,80571641.85185185,Israel
PLXS,Plexus Corp. Common Stock,Technology,Electrical Products,6549486808.0,,26652098.99894197,United States
PLYX,Polaryx Therapeutics Inc. Common Stock,Health Care,Biotechnology: Pharmaceutical Preparations,106670425.0,,49845992.9906542,United States
PM,Philip Morris International Inc Common Stock,Health Care, Medicinal Chemicals and Botanical Products ,296884687861.0,,1558613439.00147,United States
PMA,PMA Graphene Technology Group Inc. Class A Ordinary Shares,Consumer Discretionary,Engineering & Construction,198829500.0,2024.0,162975000.0,Hong Kong
PMAX,Powell Max Limited Class A Ordinary Shares,Consumer Discretionary,Other Consumer Services,1869556.0,2024.0,1961964.5293315144,Hong Kong
PMCB,PharmaCyte  Biotech Inc. Common Stock,Health Care,Biotechnology: Biological Products (No Diagnostic Substances),4551915.0,,10735648.58490566,United States
PMEC,Primech Holdings Ltd. Ordinary Shares,Consumer Discretionary,Diversified Commercial Services,23012374.0,2023.0,38417986.64440735,Singapore
PMI,Picard Medical Inc. Common Stock,Health Care,Medical/Dental Instruments,13096350.0,2025.0,2338633.9285714286,
PMM,Franklin Managed Municipal Income Trust Shares of Beneficial Interest,Finance,Investment Managers,285609421.0,1989.0,48738809.0443686,United States
PMN,ProMIS Neurosciences Inc. Common Shares (ON),Health Care,Biotechnology: Pharmaceutical Preparations,120705148.0,,8967693.016344724,Canada
PMO,Franklin Municipal Opportunities Trust Shares of Beneficial Interest,Finance,Finance Companies,334038804.0,1993.0,33981567.03967447,United States
PMT,PennyMac Mortgage Investment Trust Common Shares of Beneficial Interest,Real Estate,Real Estate Investment Trusts,779589116.0,2009.0,87202361.9686801,United States
PMTS,CPI Card Group Inc. Common Stock,Consumer Discretionary,Publishing,280294125.0,,11591982.00992556,United States
PMVP,PMV Pharmaceuticals Inc. Common Stock,Health Care,Biotechnology: Pharmaceutical Preparations,110252531.0,2020.0,75515432.19178082,United States
PN,PN Smart Energy Limited Class A Ordinary Shares,Technology,Retail: Computer Software & Peripheral Equipment,38803086.0,2025.0,14754025.095057037,China
PNBK,Patriot National Bancorp Inc. Common Stock,Finance,Major Banks,115429293.0,,118742200.39090627,United States
PNC,PNC Financial Services Group Inc. (The) Common Stock,Finance,Major Banks,92558920181.0,,398943667.0014224,United States
PNFP,Pinnacle Financial Partners Inc. Common stock,Finance,Major Banks,14623170173.0,,151112640.00206676,United States
PNNT,PennantPark Investment Corporation Common Stock,Finance,Finance: Consumer Services,233760017.0,2022.0,65296094.13407821,United States
PNR,Pentair plc. Ordinary Share,Industrials,Industrial Machinery/Components,8895026574.0,,159637950.0,Switzerland
PNRG,PrimeEnergy Resources Corporation Common Stock,Energy,Oil & Gas Production,335875198.0,,1582600.0,United States
PNTG,The Pennant Group Inc. Common Stock,Health Care,Medical/Nursing Services,1398210832.0,,34929073.994504124,United States
PNW,Pinnacle West Capital Corporation Common Stock,Utilities,Electric Utilities: Central,11585243598.0,,121197233.99937232,United States
POAS,Phaos Technology Holdings (Cayman) Limited Class A Ordinary Shares,Industrials,Industrial Machinery/Components,5206223.0,2025.0,31572001.21285628,
POCI,Precision Optics Corporation Inc. Common stock,Health Care,Biotechnology: Electromedical & Electrotherapeutic Apparatus,47719629.0,,10944869.036697246,United States
PODC,PodcastOne Inc. Common Stock,Technology,Computer Software: Programming Data Processing,68371093.0,,30252696.01769912,United States
PODD,Insulet Corporation Common Stock,Health Care,Medical/Dental Instruments,9817086868.0,2007.0,69354198.99682091,United States
POET,POET Technologies Inc. Common Shares,Technology,Semiconductors,1299666241.0,,173058088.0159787,Canada
POLA,Polar Power Inc. Common Stock,Miscellaneous,Industrial Machinery/Components,5515928.0,2016.0,4309318.75,United States
PONO,Pono Capital Four Inc. Class A Ordinary Shares,Finance,Blank Checks,0.0,2026.0,0.0,Cayman Islands
POOL,Pool Corporation Common Stock,Consumer Discretionary,Industrial Specialties,6092526235.0,1995.0,36340747.00268416,United States
POR,Portland General Electric Co Common Stock,Utilities,Electric Utilities: Central,5652227984.0,,117607739.99167706,United States
POST,Post Holdings Inc. Common Stock,Consumer Staples,Packaged Foods,3422476837.0,2012.0,43956804.99614693,United States
POWI,Power Integrations Inc. Common Stock,Technology,Semiconductors,2746172597.0,1997.0,55873298.00610377,United States
POWL,Powell Industries Inc. Common Stock,Energy,Electrical Products,6439455687.0,,36432564.0,United States
POWW,Outdoor Holding Company Common Stock,Industrials,Ordnance And Accessories,247209783.0,,116060930.9859155,United States
PPC,Pilgrim's Pride Corporation Common Stock,Consumer Staples,Meat/Poultry/Fish,7038487969.0,,238108523.98511505,United States
PPCB,Propanc Biopharma Inc. Common Stock,Health Care,Biotechnology: Pharmaceutical Preparations,2207593.0,,3504115.873015873,Australia
PPG,PPG Industries Inc. Common Stock,Consumer Discretionary,Paints/Coatings,23441535000.0,,222300000.0,United States
PPHC,Public Policy Holding Company Inc. Common Stock,,,376381689.0,2026.0,29895289.038919777,United States
PPIH,Perma-Pipe International Holdings Inc. Common Stock,Industrials,Pollution Control Equipment,247576358.0,,8195179.013571665,United States
PPL,PPL Corporation Common Stock,Utilities,Electric Utilities: Central,25285506658.0,,752544841.0119047,United States
PPLI,People Incorporated Common Stock,Technology,Computer Software: Programming Data Processing,2751442029.0,,74463925.00676589,United States
PPSI,Pioneer Power Solutions Inc. Common Stock,Miscellaneous,Industrial Machinery/Components,37737504.0,,11099265.88235294,United States
PPT,Franklin Premier Income Trust Shares of Beneficial Interest,Finance,Finance Companies,332424398.0,1988.0,99528262.8742515,United States
PPTA,Perpetua Resources Corp. Common Shares,Basic Materials,Precious Metals,2923488916.0,,125095802.99529313,Canada
PR,Permian Resources Corporation Class A Common Stock,Energy,Oil & Gas Production,19431323073.0,2022.0,837557029.0086207,United States
PRAA,PRA Group Inc. Common Stock,Finance,Finance Companies,774419483.0,2002.0,37648005.97958192,United States
PRAX,Praxis Precision Medicines Inc. Common Stock,Health Care,Biotechnology: Pharmaceutical Preparations,8668318674.0,2020.0,27919987.998840462,United States
PRCH,Porch Group Inc. Common Stock,Technology,Computer Software: Prepackaged Software,2106676063.0,2020.0,131832043.9924906,United States
PRCT,PROCEPT BioRobotics Corporation Common Stock,Health Care,Medical/Dental Instruments,1115118141.0,2021.0,57273659.01386749,United States
PRDO,Perdoceo Education Corporation Common Stock,Real Estate,Other Consumer Services,2048147010.0,,62577054.99541705,United States
PRE,Prenetics Global Limited Class A Ordinary Share,Finance,Blank Checks,409723447.0,,16937720.00826788,Hong Kong
PRFX,PRF Technologies Ltd. Ordinary Shares,Health Care,Biotechnology: Pharmaceutical Preparations,3102667.0,2020.0,3041830.3921568627,Israel
PRG,PROG Holdings Inc. Common Stock,Consumer Discretionary,Diversified Commercial Services,1423582563.0,,39831632.98824846,United States
PRGO,Perrigo Company plc Ordinary Shares,Health Care,Biotechnology: Pharmaceutical Preparations,1870609423.0,,138769245.02967358,United States
PRGS,Progress Software Corporation Common Stock (DE),Technology,Computer Software: Prepackaged Software,1675378681.0,1991.0,41012942.00734394,United States
PRHI,Presurance Holdings Inc. Common Stock,Finance,Property-Casualty Insurers,29369361.0,2015.0,3746091.9642857146,United States
PRI,Primerica Inc. Common Stock,Finance,Life Insurance,8935588026.0,2010.0,30777350.00172218,United States
PRIM,Primoris Services Corporation Common Stock,Industrials,Water Sewer Pipeline Comm & Power Line Construction,4123017925.0,,53832327.00091396,United States
PRK,Park National Corporation Common Stock,Finance,Major Banks,3304115689.0,1994.0,18064161.002678912,United States
PRKS,United Parks & Resorts Inc. Common Stock,Consumer Discretionary,Services-Misc. Amusement & Recreation,1618684731.0,2013.0,45341308.99159663,United States
PRLB,Proto Labs Inc. Common stock,Industrials,Metal Fabrications,2067330339.0,2012.0,23921897.003008563,United States
PRLD,Prelude Therapeutics Incorporated Common Stock,Health Care,Biotechnology: Pharmaceutical Preparations,364701926.0,2020.0,79803484.90153173,United States
PRM,Perimeter Solutions SA Common Stock,Industrials,Major Chemicals,5267445182.0,,163686922.9956495,Luxembourg
PRMB,Primo Brands Corporation Class A Common Stock,Consumer Staples,Beverages (Production/Distribution),7652917430.0,2024.0,362354044.98106056,United States
PRME,Prime Medicine Inc. Common Stock,Health Care,Biotechnology: Biological Products (No Diagnostic Substances),569523328.0,2022.0,181376856.0509554,United States
PROF,Profound Medical Corp. Common Stock,Health Care,Medical/Dental Instruments,215176979.0,,36532594.05772496,Canada
PROK,ProKidney Corp. Class A Ordinary Shares,Health Care,Biotechnology: Biological Products (No Diagnostic Substances),544180779.0,2021.0,302322655.0,United States
PROP,Prairie Operating Co. Common Stock,Energy,Oil & Gas Production,45254562.0,,112798010.9670987,United States
PROV,Provident Financial Holdings Inc. Common Stock,Finance,Savings Institutions,116013958.0,,6233957.979580871,United States
PRPL,Purple Innovation Inc. Common Stock,Consumer Discretionary,Home Furnishings,10338634.0,2015.0,4353109.052631579,United States
PRPO,Precipio Inc.  Common Stock,Industrials,Biotechnology: Laboratory Analytical Instruments,47332571.0,,1790188.010590015,United States
PRQR,ProQR Therapeutics N.V. Ordinary Shares,Health Care,Biotechnology: Pharmaceutical Preparations,266719590.0,2014.0,141121476.1904762,Netherlands
PRSO,Peraso Inc. Common Stock,Technology,Semiconductors,7261077.0,,15064475.10373444,United States
PRSU,Pursuit Attractions and Hospitality Inc. Common Stock,Consumer Discretionary,Services-Misc. Amusement & Recreation,1335398312.0,,27264155.002041653,United States
PRTA,Prothena Corporation plc Ordinary Shares,Health Care,Biotechnology: Pharmaceutical Preparations,434310800.0,,51336973.99527186,United States
PRTH,Priority Technology Holdings Inc. Common Stock,Consumer Discretionary,Business Services,490520213.0,2016.0,82440371.93277311,United States
PRTS,CarParts.com Inc. Common Stock,Consumer Discretionary,Auto & Home Supply Stores,69443370.0,2007.0,8065432.0557491295,United States
PRU,Prudential Financial Inc. Common Stock,Finance,Life Insurance,40685850000.0,2001.0,345000000.0,United States
PRVA,Privia Health Group Inc. Common Stock,Health Care,Medical/Nursing Services,2566180219.0,2021.0,127734207.01841712,United States
PRZO,ParaZero Technologies Ltd. Ordinary Shares,Industrials,Military/Government/Technical,18277050.0,2023.0,25928571.42857143,Israel
PS,Pershing Square Inc. Common Stock,Finance,Investment Managers,17532000000.0,2026.0,400000000.0,
PSA,Public Storage Common Stock,Real Estate,Real Estate Investment Trusts,52819812262.0,,175621134.000532,United States
PSBD,Palmer Square Capital BDC Inc. Common Stock,,,0.0,2024.0,0.0,
PSEC,Prospect Capital Corporation Common Stock,Finance,Finance: Consumer Services,1175624791.0,2004.0,524832495.9821428,United States
PSFE,Paysafe Limited Common Shares,Consumer Discretionary,Business Services,326868855.0,2021.0,52215472.04472844,United Kingdom
PSHG,Performance Shipping Inc. Common Shares,Consumer Discretionary,Marine Transportation,23744085.0,,12431458.115183247,Greece
PSIG,PS International Group Ltd. Ordinary Shares,Industrials,Integrated Freight & Logistics,68290850.0,,15380822.07207207,Hong Kong
PSIX,Power Solutions International Inc. Common Stock,Industrials,Industrial Machinery/Components,1050631248.0,,23065450.01097695,United States
PSKY,Paramount Skydance Corporation Class B Common Stock,Industrials,Broadcasting,11915064173.0,,1121945779.0018833,United States
PSMT,PriceSmart Inc. Common Stock,Consumer Discretionary,Department/Specialty Retail Stores,5193517584.0,,30860524.000237685,United States
PSN,Parsons Corporation Common Stock,Technology,EDP Services,4931205041.0,2019.0,106805394.00043318,United States
PSNL,Personalis Inc. Common Stock,Health Care,Medical Specialities,1733361923.0,2019.0,106799872.0271103,United States
PSNY,Polestar Automotive Holding UK PLC Class A ADS,Industrials,Auto Manufacturing,1304384224.0,,164280128.9672544,Sweden
PSNYW,Polestar Automotive Holding UK PLC Class C-1 ADS (ADW),Industrials,Auto Manufacturing,708047356.0,,164280129.0023202,Sweden
PSO,Pearson Plc Common Stock,Consumer Discretionary,Books,9627518288.0,,601719893.0,United Kingdom
PSQH,PSQ Holdings Inc. Class A Common Stock,Consumer Discretionary,Advertising,19493089.0,2021.0,3727168.068833652,
PSQL,Pasqal Holding SA Ordinary Share,Technology,EDP Services,1679243096.0,,212293691.02402025,France
PSTL,Postal Realty Trust Inc. Class A Common Stock,Real Estate,Real Estate Investment Trusts,734140148.0,2019.0,30248873.01194891,United States
PSUS,Pershing Square USA Ltd. Common Shares,,,1009128500.0,2026.0,26150000.0,
PSX,Phillips 66 Common Stock,Energy,Integrated oil Companies,109415525376.0,,399020915.9986872,United States
PTC,PTC Inc. Common Stock,Technology,Computer Software: Prepackaged Software,14587581729.0,,108506261.00119013,United States
PTCT,PTC Therapeutics Inc. Common Stock,Health Care,Biotechnology: Pharmaceutical Preparations,5675334536.0,2013.0,83460802.0,United States
PTEN,Patterson-UTI Energy Inc. Common Stock,Energy,Oil & Gas Production,4588060034.0,1993.0,381384873.9817124,United States
PTGX,Protagonist Therapeutics Inc. Common Stock,Health Care,Biotechnology: Pharmaceutical Preparations,9298580555.0,2016.0,64708285.00347947,United States
PTHS,Pelthos Therapeutics Inc. Common Stock,Health Care,Biotechnology: Biological Products (No Diagnostic Substances),85681136.0,2024.0,3828468.9901697943,
PTLE,PTL LTD Class A Ordinary Shares,Energy,Oil Refining/Marketing,43779420.0,2024.0,6281121.951219512,Singapore
PTLO,Portillo's Inc. Class A Common Stock,Consumer Discretionary,Restaurants,285546522.0,2021.0,75943223.93617022,United States
PTN,Palatin Technologies Inc. Common Stock,Health Care,Biotechnology: Pharmaceutical Preparations,18557838.0,,1779274.9760306808,United States
PTON,Peloton Interactive Inc. Class A Common Stock,Consumer Discretionary,Recreational Games/Products/Toys,2150471825.0,2019.0,438871801.02040815,United States
PTRN,Pattern Group Inc. Series A Common Stock,Consumer Discretionary,Catalog/Specialty Distribution,3446864299.0,2025.0,177399088.98610395,United States
PUBM,PubMatic Inc. Class A Common Stock,Technology,Computer Software: Programming Data Processing,789382557.0,2020.0,45550060.99249856,United States
PUK,Prudential Public Limited Company Common Stock,Finance,Life Insurance,33232124140.0,,1249797823.9939828,United Kingdom
PULM,Pulmatrix Inc. Common Stock,Health Care,Biotechnology: Pharmaceutical Preparations,5233359.0,2014.0,3652284.8768232255,United States
PUMP,ProPetro Holding Corp. Common Stock,Energy,Oilfield Services/Equipment,1284738172.0,2017.0,122823917.0172084,United States
PURR,Hyperliquid Strategies Inc Common Stock,Finance,Finance: Consumer Services,3052504465.0,,237919287.99688232,United States
PUSA,Aureus Greenway Holdings Inc. Common Stock,Consumer Discretionary,Hotels/Resorts,100622638.0,2025.0,27643581.86813187,United States
PVH,PVH Corp. Common Stock,Industrials,Garments and Clothing,3392976239.0,,46137833.00244764,United States
PVLA,Palvella Therapeutics Inc. Common Stock,Health Care,Biotechnology: Pharmaceutical Preparations,2223505368.0,,14408406.99844479,United States
PW,Power REIT (MD) Common Stock,Real Estate,Real Estate Investment Trusts,2514772.0,1998.0,367120.0,United States
PWCM,PowerCompute Inc. Common Stock,Finance,Finance: Consumer Services,2231871.0,2015.0,2421472.2794835637,United States
PWP,Perella Weinberg Partners Class A Common Stock,Finance,Finance: Consumer Services,1242665633.0,2020.0,97311325.99843384,United States
PWR,Quanta Services Inc. Common Stock,Industrials,Engineering & Construction,90834701945.0,,147329779.00055146,United States
PWRL,Powerlaw Corp. Common Stock,,,0.0,,0.0,United States
PXED,Phoenix Education Partners Inc. Common Stock,Real Estate,Other Consumer Services,958499728.0,2025.0,36047376.0060173,
PXLW,Pixelworks Inc.  Common Stock,Technology,Computer Software: Prepackaged Software,42043281.0,2000.0,6049392.949640288,United States
PXS,Pyxis Tankers Inc. Common Stock,Consumer Discretionary,Marine Transportation,75419520.0,,10275138.964577656,Greece
PYPD,PolyPid Ltd. Ordinary Shares,Health Care,Medical/Dental Instruments,102168183.0,2020.0,20311766.003976144,Israel
PYPL,PayPal Holdings Inc. Common Stock,Industrials,Diversified Commercial Services,45288098670.0,,855460874.0083114,United States
PYT,PPlus Tr GSC-2 Tr Ctf Fltg Rate,Finance,Finance: Consumer Services,0.0,,0.0,United States
PYXS,Pyxis Oncology Inc. Common Stock,Health Care,Biotechnology: Pharmaceutical Preparations,284421451.0,2021.0,83408050.14662756,United States
PZG,Paramount Gold Nevada Corp. Common Stock,Basic Materials,Metal Mining,114093227.0,2015.0,85784381.20300752,United States
PZZA,Papa John's International Inc. Common Stock,Consumer Discretionary,Restaurants,662055126.0,1993.0,32921687.0213824,United States
Q,Qnity Electronics Inc. Common Stock,Technology,Semiconductors,24504596642.0,2025.0,209208543.0035004,United States
QBTS,D-Wave Quantum Inc. Common Stock,Technology,EDP Services,6715595049.0,,379626627.98191065,United States
QCLS,Q/C Technologies Inc. Common Stock,Health Care,Biotechnology: In Vitro & In Vivo Diagnostic Substances,6224277.0,2014.0,8189838.157894737,United States
QCOM,QUALCOMM Incorporated Common Stock,Technology,Radio And Television Broadcasting And Communications Equipment,198189643232.0,1991.0,1050233921.0004768,United States
QCRH,QCR Holdings Inc. Common Stock,Finance,Major Banks,1651971940.0,,16375613.996827915,United States
QDEL,QuidelOrtho Corporation Common Stock,Health Care,Biotechnology: In Vitro & In Vivo Diagnostic Substances,760501485.0,,68575426.96122633,United States
QGEN,Qiagen N.V. Common Shares,Health Care,Biotechnology: Biological Products (No Diagnostic Substances),9145597538.0,2026.0,206074752.99684545,Netherlands
QH,Quhuo Limited Class A Ordinary Shares,Consumer Discretionary,Business Services,10948554.0,2020.0,2750892.9648241205,China
QLYS,Qualys Inc. Common Stock,Technology,Computer Software: Prepackaged Software,6160677778.0,2012.0,34595000.99955076,United States
QMCO,Quantum Corporation Common Stock,Technology,Electronic Components,982885425.0,,39410001.00240577,United States
QMLS,QumulusAI Inc. Common Stock,Technology,EDP Services,203093186.0,,33458514.991762765,United States
QNBC,QNB Corp. Common Stock,Finance,Major Banks,272186505.0,,6048589.0,United States
QNC,Quantum eMotion Corp. Common Shares,,,373013439.0,2026.0,219419670.0,
QNCX,Quince Therapeutics Inc. Common Stock,Health Care,Biotechnology: Biological Products (No Diagnostic Substances),27470872.0,2019.0,1017063.01369863,United States
QNME,Quanome Technologies Inc. Common Stock,Industrials,Integrated Freight & Logistics,9997763.0,2024.0,34427558.5399449,United States
QNST,QuinStreet Inc. Common Stock,Consumer Discretionary,Business Services,1008716847.0,2010.0,57086408.9983022,United States
QNT,Quantinuum Inc. Class A Common Stock,Technology,EDP Services,14350293739.0,2026.0,263308142.0,United States
QNTM,Quantum Biopharma Ltd. Class B Subordinate Voting Shares,Health Care,Biotechnology: Pharmaceutical Preparations,30085578.0,,8087520.967741935,Canada
QRHC,Quest Resource Holding Corporation Common Stock,Utilities,Environmental Services,29319070.0,,21092856.11510792,United States
QRVO,Qorvo Inc. Common Stock,Technology,Semiconductors,10543367360.0,,88221633.00142246,United States
QS,QuantumScape Corporation Class A Common Stock,Miscellaneous,Industrial Machinery/Components,3200816831.0,,619113506.9632496,United States
QSI,Quantum-Si Incorporated Class A Common Stock,Industrials,Industrial Machinery/Components,168540612.0,2020.0,218883911.6883117,United States
QSR,Restaurant Brands International Inc. Common Shares,Consumer Discretionary,Restaurants,33310956768.0,2014.0,454508893.0004093,Canada
QTEX,QTREX Quantum Ltd. Ordinary Shares,Health Care,Medical/Dental Instruments,48699815.0,2021.0,55963933.57848771,Israel
QTI,QT Imaging Holdings Inc. Common Stock,Health Care,Biotechnology: Electromedical & Electrotherapeutic Apparatus,38274510.0,,14636523.900573611,United States
QTRX,Quanterix Corporation Common Stock,Industrials,Biotechnology: Laboratory Analytical Instruments,147554363.0,2017.0,47293065.06410256,United States
QTTB,Q32 Bio Inc. Common Stock,Health Care,Biotechnology: Pharmaceutical Preparations,323296401.0,2018.0,29769466.02209945,United States
QTWO,Q2 Holdings Inc. Common Stock,Technology,Computer Software: Prepackaged Software,3613454575.0,2014.0,62354694.995685935,United States
QUAD,Quad Graphics Inc Class A Common Stock,Consumer Discretionary,Publishing,493513886.0,,51461301.98123045,United States
QUBT,Quantum Computing Inc. Common Stock,Technology,Computer Software: Prepackaged Software,1910367507.0,,226346861.01895732,United States
QUCY,Quantum Cyber N.V. Ordinary Shares,Health Care,Biotechnology: Pharmaceutical Preparations,114332741.0,2021.0,84068191.9117647,Germany
QUIK,QuickLogic Corporation Common Stock,Technology,Semiconductors,192702635.0,1999.0,18317740.96958175,United States
QURE,uniQure N.V. Ordinary Shares,Health Care,Biotechnology: Pharmaceutical Preparations,3058365105.0,2014.0,69366411.99818553,Netherlands
QVCG,QVC Group Inc. Common Stock,Consumer Discretionary,Catalog/Specialty Distribution,798498355.0,,49999896.99436443,United States
QXL,Quantum X Labs Inc. Common Stock,Technology,Computer Software: Prepackaged Software,122936608.0,,21567825.96491228,Israel
QXO,QXO Inc. Common Stock,Consumer Discretionary,RETAIL: Building Materials,12076391853.0,,1037490709.0206186,United States
R,Ryder System Inc. Common Stock,Consumer Discretionary,Rental/Leasing Companies,9161833703.0,,38346868.00184162,United States
RACC,Research Alliance Corporation III Class A Ordinary Shares,Finance,Blank Checks,0.0,2026.0,0.0,United States
RACD,Research Alliance Corporation IV Class A Ordinary Shares,,,0.0,2026.0,0.0,United States
RACE,Ferrari N.V. Common Shares,Industrials,Auto Manufacturing,96853037076.0,2015.0,233944534.0,Italy
RAIL,FreightCar America Inc. Common Stock,Industrials,Railroads,242655472.0,2005.0,32791280.0,United States
RAIN,Rain Enhancement Technologies Holdco Inc. Class A Common Stock,Technology,Industrial Machinery/Components,7985674.0,,11704051.003957205,United States
RAL,Ralliant Corporation Common Stock,Industrials,Industrial Machinery/Components,7451604539.0,2025.0,110640008.00296958,United States
RAMP,LiveRamp Holdings Inc. Common Stock,Technology,EDP Services,2303521868.0,2018.0,60794982.00052784,United States
RAND,Rand Capital Corporation Common Stock,Finance,Finance: Consumer Services,30886066.0,,2969814.0384615385,United States
RANI,Rani Therapeutics Holdings Inc. Class A Common Stock,Health Care,Biotechnology: Pharmaceutical Preparations,118709054.0,2021.0,139395319.39877877,United States
RAPP,Rapport Therapeutics Inc. Common Stock,Health Care,Biotechnology: Pharmaceutical Preparations,2012689098.0,2024.0,47978286.007151365,United States
RARE,Ultragenyx Pharmaceutical Inc. Common Stock,Health Care,Biotechnology: Pharmaceutical Preparations,1429538659.0,2014.0,98588873.03448276,United States
RAVE,Rave Restaurant Group Inc. Common Stock,Consumer Discretionary,Food Distributors,41355657.0,,14211565.979381442,United States
RAYA,Erayak Power Solution Group Inc. Class A Ordinary Shares,Consumer Discretionary,Metal Fabrications,2267627.0,2022.0,1054710.2325581396,China
RBA,RB Global Inc. Common Stock,Consumer Discretionary,Business Services,15714552000.0,,186900000.0,Canada
RBB,RBB Bancorp Common Stock,Finance,Major Banks,451317920.0,2017.0,16915964.017991006,United States
RBBN,Ribbon Communications Inc. Common Stock,Technology,EDP Services,298634998.0,,178823352.0958084,United States
RBC,RBC Bearings Incorporated Common Stock,Industrials,Metal Fabrications,15654546875.0,2022.0,31659244.99969664,United States
RBCAA,Republic Bancorp Inc. Class A Common Stock,Finance,Major Banks,1841879705.0,1998.0,19634150.996695448,United States
RBKB,Rhinebeck Bancorp Inc. Common Stock,Finance,Banks,201703961.0,2019.0,15635965.968992248,United States
RBLX,Roblox Corporation Class A Common Stock,Technology,Computer Software: Prepackaged Software,33932857198.0,2021.0,714375941.0105263,United States
RBNE,Robin Energy Ltd. Common Stock,Consumer Discretionary,Marine Transportation,3337404.0,,1332297.005988024,Cyprus
RBRK,Rubrik Inc. Class A Common Stock,Technology,Computer Software: Prepackaged Software,22353637010.0,2024.0,207304432.9963832,United States
RC,Ready Capital Corporation Common Stock,Real Estate,Real Estate Investment Trusts,269261317.0,2013.0,165190992.0245399,United States
RCAT,Red Cat Holdings Inc. Common Stock,Technology,Computer Software: Prepackaged Software,1083508398.0,,152714361.94503173,United States
RCBC,River City Bank Common stock,Finance,Major Banks,752158321.0,,14199704.002265433,United States
RCEL,Avita Medical Inc. Common Stock,Health Care,Medical/Dental Instruments,346999223.0,,30926846.96969697,United States
RCI,Rogers Communication Inc. Common Stock,Telecommunications,Cable & Other Pay Television Services,18972676643.0,,540224277.9897494,Canada
RCKT,Rocket Pharmaceuticals Inc. Common Stock,Health Care,Biotechnology: Pharmaceutical Preparations,384211090.0,2015.0,109774597.14285716,United States
RCKY,Rocky Brands Inc. Common Stock,Consumer Discretionary,Shoe Manufacturing,325748290.0,1993.0,7491910.993560258,United States
RCL,Royal Caribbean Cruises Ltd. Common Stock,Consumer Discretionary,Marine Transportation,66793483458.0,1993.0,267452083.9993593,United States
RCMT,RCM Technologies Inc. Common Stock,Consumer Discretionary,Professional Services,288839031.0,,7110759.010339734,United States
RCON,Recon Technology Ltd. Class A Ordinary Shares,Energy,Oilfield Services/Equipment,27042559.0,2009.0,20963224.03100775,China
RCT,RedCloud Holdings plc Ordinary Shares,Technology,Computer Software: Programming Data Processing,13840236.0,2025.0,68380612.64822134,United Kingdom
RCUS,Arcus Biosciences Inc. Common Stock,Health Care,Biotechnology: Pharmaceutical Preparations,3252094423.0,2018.0,127333375.99843384,United States
RDCM,Radcom Ltd. Ordinary Shares,Technology,Computer peripheral equipment,176751940.0,1997.0,16690457.034938622,Israel
RDDT,Reddit Inc. Class A Common Stock,Technology,EDP Services,29403958623.0,2024.0,192396509.998037,United States
RDGT,Ridgetech Inc. Ordinary Shares,Consumer Staples,Retail-Drug Stores and Proprietary Stores,3339540.0,,3629540.267362243,China
RDI,Reading International Inc Class A Common Stock,Consumer Discretionary,Movies/Entertainment,46466958.0,,22890127.09359606,United States
RDIB,Reading International Inc Class B Common Stock,Consumer Discretionary,Movies/Entertainment,363953019.0,,22890126.981132075,United States
RDN,Radian Group Inc. Common Stock,Finance,Property-Casualty Insurers,4604085866.0,,132301317.98850577,United States
RDNT,RadNet Inc. Common Stock,Health Care,Medical Specialities,6121072649.0,,78697256.99408588,United States
RDNW,RideNow Group Inc. Class B Common Stock,Technology,EDP Services,221192869.0,,39011088.00705467,United States
RDVT,Red Violet Inc. Common Stock,Technology,Computer Software: Prepackaged Software,1237542712.0,,16046974.999999998,United States
RDW,Redwire Corporation Common Stock,Industrials,Military/Government/Technical,2887414634.0,2021.0,249992609.004329,United States
RDWR,Radware Ltd. Ordinary Shares,Consumer Discretionary,Business Services,1292477934.0,1999.0,42306970.01636661,Israel
RDY,Dr. Reddy's Laboratories Ltd Common Stock,Health Care,Biotechnology: Pharmaceutical Preparations,10174468464.0,,834656969.9753897,India
RDZN,Roadzen Inc. Ordinary Shares,Finance,Specialty Insurers,102198076.0,2022.0,85165063.33333334,United States
REA,Rare Earths Americas Inc. Common Stock,Basic Materials,Metal Mining,222485896.0,2026.0,19953892.01793722,
REAL,The RealReal Inc. Common Stock,Consumer Discretionary,Other Specialty Stores,1151008748.0,2019.0,121671115.0105708,United States
REAX,Real REMAX Group Inc. Common Stock,Finance,Real Estate,386011200.0,,21920000.0,Canada
REBN,Reborn Coffee Inc. Common Stock,Consumer Discretionary,Restaurants,7190044.0,2022.0,8620122.287495505,United States
RECT,Rectitude Holdings Ltd Ordinary Shares,Consumer Discretionary,Industrial Machinery/Components,20204989.0,2024.0,15482750.191570882,Singapore
REED,Reed's Inc. Common Stock,Consumer Staples,Beverages (Production/Distribution),9367098.0,2025.0,11857086.075949367,
REF,Reformation Inc. Common Stock,Consumer Discretionary,Apparel,904504389.0,2026.0,59079319.98693664,
REFI,Chicago Atlantic Real Estate Finance Inc. Common Stock,Real Estate,Real Estate Investment Trusts,285675778.0,2021.0,25621146.00896861,United States
REFR,Research Frontiers Incorporated Common Stock,Miscellaneous,Multi-Sector Companies,13476399.0,,34867785.2522639,United States
REG,Regency Centers Corporation Common Stock,Real Estate,Real Estate Investment Trusts,13389774397.0,1993.0,183120547.0049234,United States
REGN,Regeneron Pharmaceuticals Inc. Common Stock,Health Care,Biotechnology: Pharmaceutical Preparations,81277815277.0,1991.0,102954988.00050668,United States
REI,Ring Energy Inc. Common Stock,Energy,Oil & Gas Production,380387826.0,,260539606.84931508,United States
REKR,Rekor Systems Inc. Common Stock,Telecommunications,Telecommunications Equipment,59142402.0,,137636495.2292297,United States
RELL,Richardson Electronics Ltd. Common Stock,Technology,Electronic Components,247935156.0,1983.0,14864217.985611511,United States
RELY,Remitly Global Inc. Common Stock,Consumer Discretionary,Business Services,4599894493.0,2021.0,211684053.98067188,United States
RENT,Rent the Runway Inc. Class A Common Stock,Consumer Discretionary,Other Specialty Stores,65184054.0,2021.0,33774121.243523315,United States
RENX,RenX Enterprises Corp. Common Stock,Utilities,Environmental Services,4181010.0,,2646208.8607594934,United States
REPL,Replimune Group Inc. Common Stock,Health Care,Biotechnology: Biological Products (No Diagnostic Substances),1212606690.0,2018.0,94219634.03263403,United States
REPX,Riley Exploration Permian Inc. Common Stock,Energy,Oil & Gas Production,959480428.0,1999.0,22153784.991918724,United States
RES,RPC Inc. Common Stock,Energy,Oilfield Services/Equipment,1314426081.0,,221657011.97301856,United States
RETO,ReTo Eco-Solutions Inc. Class A Shares,Industrials,Industrial Machinery/Components,7492297.0,2017.0,35848311.00478469,China
REVB,Revelation Biosciences Inc. Common Stock,Health Care,Biotechnology: Pharmaceutical Preparations,3784245.0,2020.0,3983415.789473685,United States
REX,REX American Resources Corporation,Industrials,Major Chemicals,1417926854.0,,33175640.009358916,United States
REXR,Rexford Industrial Realty Inc. Common Stock,Real Estate,Real Estate Investment Trusts,8569433605.0,2013.0,222988123.9916732,United States
REYN,Reynolds Consumer Products Inc. Common Stock,Consumer Discretionary,Containers/Packaging,4782847382.0,2020.0,210790982.01851037,United States
REZI,Resideo Technologies Inc. Common Stock,Industrials,Wholesale Distributors,2812213441.0,2018.0,151847378.0237581,United States
RF,Regions Financial Corporation Common Stock,Finance,Major Banks,24262952331.0,,851929506.0042135,United States
RFIL,RF Industries Ltd. Common Stock,Technology,Electrical Products,86022745.0,,10847761.03404792,United States
RFL,Rafael Holdings Inc. Class B Common Stock,Health Care,Biotechnology: Pharmaceutical Preparations,107119992.0,2018.0,51999996.116504855,United States
RGA,Reinsurance Group of America Incorporated Common Stock,Finance,Life Insurance,16049190207.0,,65301664.99979656,United States
RGC,Regencell Bioscience Holdings Limited Ordinary Shares,Health Care, Medicinal Chemicals and Botanical Products ,2947153892.0,2021.0,494488908.05369127,Hong Kong
RGCO,RGC Resources Inc. Common Stock,Utilities,Oil & Gas Production,225843876.0,,10419555.98615917,United States
RGEN,Repligen Corporation Common Stock,Health Care,Biotechnology: Biological Products (No Diagnostic Substances),8717648707.0,1986.0,48923332.99848476,United States
RGLD,Royal Gold Inc. Common Stock,Industrials,Precious Metals,21304819643.0,,84727857.00139193,United States
RGNT,Regentis Biomaterials Ltd. Ordinary Shares,Health Care,Industrial Specialties,12291862.0,2025.0,7023921.142857143,Israel
RGNX,REGENXBIO Inc. Common Stock,Health Care,Biotechnology: Biological Products (No Diagnostic Substances),542298372.0,2015.0,66013191.96591601,United States
RGP,Resources Connection Inc. Common Stock,Consumer Discretionary,Business Services,137764169.0,,34701302.01511335,United States
RGR,Sturm Ruger & Company Inc. Common Stock,Industrials,Ordnance And Accessories,641367196.0,,15978256.00398605,United States
RGS,Regis Corporation Common Stock,Consumer Discretionary,Other Consumer Services,68241627.0,1991.0,2498777.993409008,United States
RGT,Royce Global Trust Inc. Common Stock,Finance,Trusts Except Educational Religious and Charitable,89930632.0,2013.0,6266942.996515679,
RGTI,Rigetti Computing Inc. Common Stock,Technology,EDP Services,5336962265.0,,333768747.0293934,United States
RH,RH Common Stock,Consumer Discretionary,Other Specialty Stores,2401103224.0,2012.0,18933158.99700363,United States
RHI,Robert Half Inc. Common Stock,Consumer Discretionary,Professional Services,3812978093.0,,102361828.0,United States
RHLD,Resolute Holdings Management Common Stock,Finance,Finance: Consumer Services,922164838.0,,7819594.997032138,United States
RHP,Ryman Hospitality Properties Inc. (REIT),Real Estate,Real Estate Investment Trusts,8320082447.0,,68983355.00373103,United States
RICK,RCI Hospitality Holdings Inc. Common Stock,Consumer Discretionary,Restaurants,217715360.0,1995.0,7644500.0,United States
RIG,Transocean Ltd (Switzerland) Common Stock,Energy,Oil & Gas Production,6321541281.0,,1116880084.9823322,Switzerland
RIGL,Rigel Pharmaceuticals Inc. Common Stock,Health Care,Biotechnology: Pharmaceutical Preparations,856471764.0,2000.0,18679863.9912759,United States
RILY,BRC Group Holdings Inc. Common Stock,Finance,Investment Managers,242002525.0,,40199754.98338871,United States
RIME,Algorhythm Holdings Inc. Common Stock,Technology,EDP Services,3674966.0,,16990134.073046695,United States
RIO,Rio Tinto Plc Common Stock,Basic Materials,Metal Mining,123142022775.0,2002.0,1256038583.996328,Australia
RIOT,Riot Platforms Inc. Common Stock,Finance,Finance: Consumer Services,8210665498.0,,375258935.0091408,United States
RITM,Rithm Capital Corp. Common Stock,Real Estate,Real Estate Investment Trusts,5299282724.0,,558407030.9799789,United States
RIVN,Rivian Automotive Inc. Class A Common Stock,Industrials,Auto Manufacturing,22297053702.0,2021.0,1447860630.0,United States
RJET,Republic Airways Holdings Inc. Common Stock,Consumer Discretionary,Air Freight/Delivery Services,809509155.0,2018.0,46819500.0,United States
RJF,Raymond James Financial Inc. Common Stock,Finance,Investment Bankers/Brokers/Service,31503077410.0,,192361710.9971301,United States
RKDA,Arcadia Biosciences Inc. Common Stock,Energy,Oil & Gas Production,1150398.0,2015.0,2409210.4712041887,United States
RKLB,Rocket Lab Corporation Common Stock,Industrials,Military/Government/Technical,42574665499.0,2020.0,627759739.0002949,United States
RKT,Rocket Companies Inc. Class A Common Stock,Finance,Finance: Consumer Services,35593745232.0,2020.0,2831642421.0023866,United States
RKTO,Rocket One Inc. Common Stock,Health Care,Biotechnology: Pharmaceutical Preparations,19669089.0,2019.0,24897581.012658227,United States
RL,Ralph Lauren Corporation Common Stock,Industrials,Garments and Clothing,19845652166.0,1997.0,59582238.99963973,United States
RLAY,Relay Therapeutics Inc. Common Stock,Health Care,Biotechnology: Biological Products (No Diagnostic Substances),4205327899.0,2020.0,219141631.00573212,United States
RLGT,Radiant Logistics Inc. Common Stock,Industrials,Integrated Freight & Logistics,416890060.0,,46894269.96625421,United States
RLI,RLI Corp. Common Stock (DE),Finance,Property-Casualty Insurers,5545840577.0,,91772969.9983452,United States
RLJ,RLJ Lodging Trust Common Shares of Beneficial Interest $0.01 par value,Real Estate,Real Estate Investment Trusts,1662420764.0,2011.0,152375872.04399633,United States
RLMD,Relmada Therapeutics Inc. Common Stock,Health Care,Biotechnology: Pharmaceutical Preparations,448013353.0,,106669845.95238096,United States
RLYB,Rallybio Corporation Common Stock,Health Care,Biotechnology: Pharmaceutical Preparations,91128163.0,2021.0,5310499.0093240095,United States
RM,Regional Management Corp. Common Stock,Finance,Finance: Consumer Services,296147987.0,2012.0,9225793.98753894,United States
RMBI,Richmond Mutual Bancorporation Inc. Common Stock,Finance,Major Banks,270826183.0,2019.0,16759045.977722771,United States
RMBS,Rambus Inc. Common Stock,Technology,Semiconductors,9313597850.0,1997.0,108461603.00454174,United States
RMCF,Rocky Mountain Chocolate Factory Inc. Common Stock,Consumer Staples,Specialty Foods,8118045.0,,9439587.209302325,United States
RMCO,Royalty Management Holding Corporation Class A Common Stock,Miscellaneous,Multi-Sector Companies,39449041.0,2023.0,15172708.076923076,United States
RMD,ResMed Inc. Common Stock,Health Care,Medical/Dental Instruments,32950111737.0,,144252306.0021014,United States
RMIX,Suncrete Inc. Class A Common Stock,Industrials,Building Materials,978831309.0,,73485834.009009,United States
RMNI,Rimini Street Inc. (DE) Common Stock,Consumer Discretionary,Business Services,407032160.0,2015.0,93356000.0,United States
RMR,The RMR Group Inc. Class A Common Stock,Consumer Discretionary,Professional Services,605353865.0,,32080226.020137783,United States
RMSG,Real Messenger Corporation Ordinary Shares,Technology,Computer Software: Programming Data Processing,4430216.0,,16168671.532846712,United States
RMT,Royce Micro-Cap Trust Inc. Common Stock,Finance,Investment Managers,619543343.0,,46269107.020164296,United States
RMTI,Rockwell Medical Inc. Common Stock,Health Care,Biotechnology: Pharmaceutical Preparations,31880978.0,1998.0,4030464.981036663,United States
RNA,Atrium Therapeutics Inc. Common Stock,Health Care,Biotechnology: Pharmaceutical Preparations,163529947.0,,17105642.9916318,United States
RNAC,Cartesian Therapeutics Inc. Common Stock,Health Care,Biotechnology: Pharmaceutical Preparations,237807067.0,2016.0,30255352.03562341,United States
RNAZ,TransCode Therapeutics Inc. Common Stock,Health Care,Biotechnology: Pharmaceutical Preparations,29120871.0,2021.0,16930738.953488372,United States
RNG,RingCentral Inc. Class A Common Stock,Technology,EDP Services,6244590794.0,2013.0,83506161.99518588,United States
RNGR,Ranger Energy Services Inc. Class A Common Stock,Energy,Oilfield Services/Equipment,386367400.0,2017.0,23402023.016353723,United States
RNR,RenaissanceRe Holdings Ltd. Common Stock,Finance,Property-Casualty Insurers,13661431381.0,,41551893.00139912,Bermuda
RNST,Renasant Corporation Common Stock,Finance,Major Banks,3703708922.0,2023.0,91404465.00493585,United States
RNTX,Rein Therapeutics Inc. Common Stock,Health Care,Biotechnology: Pharmaceutical Preparations,68081942.0,2017.0,86267032.43791181,United States
RNW,ReNew Energy Global plc Class A Ordinary Shares,Utilities,Electric Utilities: Central,2492514386.0,,364402688.0116959,United Kingdom
RNXT,RenovoRx Inc. Common Stock,Health Care,Biotechnology: Pharmaceutical Preparations,78074049.0,2021.0,45129508.09248555,United States
ROAD,Construction Partners Inc. Class A Common Stock,Industrials,Military/Government/Technical,5428780394.0,2018.0,57374554.998943135,United States
ROC,Rank One Computing Corporation Common stock,Technology,Computer Software: Prepackaged Software,84524963.0,2026.0,19080127.08803612,United States
ROCK,Gibraltar Industries Inc. Common Stock,Industrials,Steel/Iron Ore,1304013244.0,1993.0,29683889.0052356,United States
ROG,Rogers Corporation Common Stock,Industrials,Major Chemicals,2338786368.0,1960.0,17868334.998854,United States
ROIV,Roivant Sciences Ltd. Common Shares,Health Care,Biotechnology: Pharmaceutical Preparations,28878474140.0,,722323015.0075039,United Kingdom
ROK,Rockwell Automation Inc. Common Stock,Industrials,Industrial Machinery/Components,45627884428.0,,111273953.00085355,United States
ROKU,Roku Inc. Class A Common Stock,Telecommunications,Cable & Other Pay Television Services,22868394744.0,2017.0,148418969.00311527,United States
ROL,Rollins Inc. Common Stock,Consumer Discretionary,Diversified Commercial Services,15877798332.0,,481145404.0,United States
ROLR,High Roller Technologies Inc. Common Stock,Consumer Discretionary,Services-Misc. Amusement & Recreation,68933206.0,2024.0,11029312.96,
ROMA,Roma Green Finance Limited Class A Ordinary Shares,Consumer Discretionary,Professional Services,550376636.0,2024.0,59564570.995671,Hong Kong
ROOT,Root Inc. Class A Common Stock,Finance,Property-Casualty Insurers,786902269.0,2020.0,15493251.998424888,United States
ROP,Roper Technologies Inc. Common Stock,Industrials,Industrial Machinery/Components,37064091540.0,1992.0,98900873.9993596,United States
ROST,Ross Stores Inc. Common Stock,Consumer Discretionary,Clothing/Shoe/Accessory Stores,73308099683.0,1985.0,319453110.00087154,United States
RPAY,Repay Holdings Corporation Class A Common Stock,Consumer Discretionary,Business Services,354949556.0,2018.0,89860647.0886076,United States
RPC,Ridgepost Capital Inc. Class A Common Stock,Finance,Investment Managers,877497982.0,2021.0,110238439.94974874,United States
RPD,Rapid7 Inc. Common Stock,Technology,Computer Software: Prepackaged Software,836441942.0,2015.0,67400639.96776792,United States
RPGL,Republic Power Group Limited Class A Ordinary Shares,Technology,Computer Software: Prepackaged Software,23898876.0,2025.0,16147889.18918919,Singapore
RPID,Rapid Micro Biosystems Inc. Class A Common Stock,Industrials,Biotechnology: Laboratory Analytical Instruments,54673916.0,2021.0,50159555.96330275,United States
RPM,RPM International Inc. Common Stock,Consumer Discretionary,Paints/Coatings,12669393242.0,,127741411.99838676,United States
RPRX,Royalty Pharma plc Class A Ordinary Shares,Health Care,Biotechnology: Pharmaceutical Preparations,33884820952.0,2020.0,575001204.0047514,United States
RPT,Rithm Property Trust Inc. Common stock,Real Estate,Real Estate Investment Trusts,92260335.0,2015.0,7772564.02695872,United States
RR,Richtech Robotics Inc. Class B Common Stock,Industrials,Industrial Machinery/Components,384924323.0,2023.0,225101943.2748538,United States
RRBI,Red River Bancshares Inc. Common Stock,Finance,Major Banks,672303064.0,2019.0,6584106.003329743,United States
RRC,Range Resources Corporation Common Stock,Energy,Oil & Gas Production,9136869037.0,,233679515.01278773,United States
RRGB,Red Robin Gourmet Burgers Inc. Common Stock,Consumer Discretionary,Restaurants,137430277.0,2002.0,18903751.994497936,United States
RRR,Red Rock Resorts Inc. Class A Common Stock,Consumer Discretionary,Hotels/Resorts,5543804617.0,2016.0,105016188.99412768,United States
RRX,Regal Rexnord Corporation Common Stock,Industrials,Industrial Machinery/Components,9851600804.0,1976.0,66591867.00013519,United States
RS,Reliance Inc. Common Stock,Industrials,Metal Fabrications,20450412551.0,1994.0,51054555.0004993,United States
RSG,Republic Services Inc. Common Stock,Utilities,Environmental Services,67039207274.0,1998.0,306212978.0021011,United States
RSI,Rush Street Interactive Inc. Class A Common Stock,Consumer Discretionary,Services-Misc. Amusement & Recreation,5852277290.0,2020.0,231773358.019802,United States
RSKD,Riskified Ltd. Class A Ordinary Shares,Consumer Discretionary,Business Services,857946772.0,2021.0,135966207.9239303,
RSSS,Research Solutions Inc Common Stock,Technology,EDP Services,70563978.0,,33762668.89952153,United States
RSVR,Reservoir Media Inc. Common Stock,Consumer Discretionary,Services-Misc. Amusement & Recreation,615793140.0,2021.0,65930743.04068523,United States
RTB,RTB Digital Inc. Common Stock,Consumer Discretionary,Professional Services,125696635.0,,14464514.95972382,United States
RTX,RTX Corporation Common Stock,Industrials,Aerospace,260845111190.0,,1347758144.00124,United States
RUBI,Rubico Inc. Common Stock,Consumer Discretionary,Marine Transportation,2561711.0,,1791406.2937062937,Greece
RUM,RUM Group Inc. Class A Common Stock,Technology,Computer Software: Programming Data Processing,4407752625.0,2021.0,495810194.0382452,United States
RUN,Sunrun Inc. Common Stock,Miscellaneous,Industrial Machinery/Components,2101389918.0,2015.0,240846982.00573063,United States
RUSHA,Rush Enterprises Inc. Common Stock Cl A,Consumer Discretionary,Retail-Auto Dealers and Gas Stations,5799164136.0,,116730357.00483093,United States
RUSHB,Rush Enterprises Inc. Class B,Consumer Discretionary,Retail-Auto Dealers and Gas Stations,6653630349.0,,116730357.0,United States
RVLV,Revolve Group Inc. Class A Common Stock,Consumer Discretionary,Catalog/Specialty Distribution,1487106986.0,2019.0,71085419.98087953,United States
RVMD,Revolution Medicines Inc. Common Stock,Health Care,Biotechnology: Biological Products (No Diagnostic Substances),42211414161.0,2020.0,214336418.0004062,United States
RVP,Retractable Technologies Inc. Common Stock,Health Care,Medical/Dental Instruments,21087735.0,2001.0,29937159.284497444,United States
RVSB,Riverview Bancorp Inc Common Stock,Finance,Savings Institutions,116528343.0,,20160612.975778542,United States
RVSN,Rail Vision Ltd. Ordinary Share,Industrials,Railroads,7716495.0,2022.0,2192186.0795454546,Israel
RVT,Royce Small-Cap Trust Inc. Common Stock,Finance,Trusts Except Educational Religious and Charitable,1882765110.0,1986.0,107956715.02293578,United States
RVTY,Revvity Inc. Common Stock,Industrials,Biotechnology: Laboratory Analytical Instruments,16373072619.0,,111586401.00184011,United States
RWAY,Runway Growth Finance Corp. Common Stock,Finance,Finance: Consumer Services,280377258.0,2021.0,41909904.035874434,United States
RWT,Redwood Trust Inc. Common Stock,Real Estate,Real Estate Investment Trusts,494912982.0,1995.0,125612431.97969544,United States
RXO,RXO Inc. Common Stock,Consumer Discretionary,Transportation Services,3323261479.0,2022.0,164926127.99007446,United States
RXRX,Recursion Pharmaceuticals Inc. Class A Common Stock,Health Care,Biotechnology: Biological Products (No Diagnostic Substances),1895111282.0,2021.0,535342170.0564972,United States
RXST,RxSight Inc. Common Stock,Health Care,Ophthalmic Goods,221276122.0,2021.0,41593256.01503759,United States
RXT,Rackspace Technology Inc. Common Stock,Technology,Computer Software: Programming Data Processing,999101572.0,2020.0,254872850.0,United States
RY,Royal Bank Of Canada Common Stock,Finance,Commercial Banks,281828374182.0,,1384429798.9978878,Canada
RYAM,Rayonier Advanced Materials Inc. Common Stock,Basic Materials,Paper,566858463.0,2014.0,67644207.99522673,United States
RYAN,Ryan Specialty Holdings Inc. Class A Common Stock,Finance,Specialty Insurers,10242823991.0,2021.0,255814784.99001,United States
RYDE,Ryde Group Ltd. Class A Ordinary Shares,Consumer Discretionary,Business Services,126032256.0,2024.0,180226306.3063063,
RYET,Ruanyun Edai Technology Inc. Ordinary shares,Technology,Computer Software: Prepackaged Software,33175476.0,2025.0,37280004.49488706,China
RYM,RYTHM Inc. Common Stock,Consumer Staples,Farming/Seeds/Milling,50094000.0,2021.0,2200000.0,United States
RYN,Rayonier Inc. REIT Common Stock,Real Estate,Real Estate Investment Trusts,5951345820.0,,297567291.0,United States
RYOJ,rYojbaba Co. Ltd. Common Shares,Consumer Discretionary,Professional Services,43023750.0,2025.0,11550000.0,Japan
RYTM,Rhythm Pharmaceuticals Inc. Common Stock,Health Care,Biotechnology: Pharmaceutical Preparations,6817733160.0,2017.0,68852082.00363563,United States
RYZ,Ryerson Holding Corporation Common Stock,Industrials,Metal Fabrications,1280858756.0,2014.0,51898652.99837925,United States
RZLT,Rezolute Inc. Common Stock (NV),Health Care,Biotechnology: Pharmaceutical Preparations,380354707.0,,96292330.88607594,United States
RZLV,Rezolve AI PLC Ordinary Shares,Technology,Computer Software: Programming Data Processing,908889309.0,,400391766.0792952,United Kingdom
S,SentinelOne Inc. Class A Common Stock,Technology,Computer Software: Prepackaged Software,8071259023.0,2021.0,348049116.9900819,United States
SA,Seabridge Gold Inc. Common Shares New,Basic Materials,Precious Metals,3331063150.0,2026.0,107871215.99740931,Canada
SABR,Sabre Corporation Common Stock,Technology,Computer Software: Programming Data Processing,936313056.0,2014.0,403583213.79310346,United States
SABS,SAB Biotherapeutics Inc. Common Stock,Health Care,Biotechnology: Biological Products (No Diagnostic Substances),318452288.0,2021.0,90986368.0,United States
SACH,Sachem Capital Corp. Common Shares,Real Estate,Real Estate Investment Trusts,46031651.0,2017.0,47954631.73247214,United States
SAFE,Safehold Inc. New Common Stock,Real Estate,Real Estate Investment Trusts,960268757.0,2023.0,70816280.01474926,United States
SAFT,Safety Insurance Group Inc. Common Stock,Finance,Property-Casualty Insurers,1519870301.0,2002.0,14680481.995556844,United States
SAFX,XCF Global Inc. Class A Common Stock,Industrials,Major Chemicals,191036572.0,,415296895.6521739,United States
SAGT,SAGTEC GLOBAL LIMITED Class A Ordinary shares,Technology,Computer Software: Prepackaged Software,11087100.0,2025.0,19050000.0,Malaysia
SAH,Sonic Automotive Inc. Common Stock,Consumer Discretionary,Retail-Auto Dealers and Gas Stations,2084996192.0,1997.0,31614802.001516297,United States
SAIA,Saia Inc. Common Stock,Industrials,Trucking Freight/Courier Services,9117395370.0,,26674650.0,United States
SAIC,Science Applications International Corporation Common Stock,Technology,EDP Services,5599618918.0,,41897635.00187056,United States
SAIH,SAIHEAT Limited Class A Ordinary Shares,Technology,EDP Services,46580563.0,2021.0,1810360.0077730275,Singapore
SAIL,SailPoint Inc. Common Stock,Technology,Computer Software: Prepackaged Software,11526705870.0,2025.0,570911632.986627,United States
SAM,Boston Beer Company Inc. (The) Common Stock,Consumer Staples,Beverages (Production/Distribution),1770169132.0,,10291681.0,United States
SAMG,Silvercrest Asset Management Group Inc. Class A Common Stock,Finance,Investment Managers,113442369.0,2013.0,11847766.997389035,United States
SAN,Banco Santander S.A. Sponsored ADR (Spain),Finance,Commercial Banks,214515179007.0,,14474708435.020245,Spain
SANA,Sana Biotechnology Inc. Common Stock,Health Care,Biotechnology: Biological Products (No Diagnostic Substances),928017975.0,2021.0,299360637.09677416,United States
SANG,Sangoma Technologies Corporation Common Shares,Technology,Computer Software: Programming Data Processing,116259453.0,,33278790.038643192,Canada
SANM,Sanmina Corporation Common Stock,Technology,Electrical Products,10508297617.0,1993.0,53597355.99816383,United States
SAP,SAP  SE ADS,Technology,Computer Software: Prepackaged Software,262482214209.0,,1228504231.9994383,Germany
SAR,Saratoga Investment Corp New,Finance,Investment Managers,287205160.0,,16080916.01343785,United States
SARO,StandardAero Inc. Common Stock,Industrials,Aerospace,7458923975.0,2024.0,330919431.01153505,United States
SATL,Satellogic Inc. Class A Common Stock,Technology,Radio And Television Broadcasting And Communications Equipment,847106910.0,,153739911.0707804,Uruguay
SB,Safe Bulkers Inc Common Stock ($0.001 par value),Consumer Discretionary,Marine Transportation,1029345486.0,2008.0,114244782.0199778,Monaco
SBAC,SBA Communications Corporation Class A Common Stock,Real Estate,Real Estate Investment Trusts,19215739364.0,1999.0,106088109.99834374,United States
SBC,SBC Medical Group Holdings Incorporated Common Stock,Health Care,Medical/Nursing Services,482352163.0,2022.0,102846943.07036246,United States
SBCF,Seacoast Banking Corporation of Florida Common Stock,Finance,Major Banks,3258087186.0,,96822798.9895988,United States
SBET,Sharplink Inc. Common Stock,Technology,Computer Software: Prepackaged Software,1794266969.0,,217223603.9951574,United States
SBFG,SB Financial Group Inc. Common Stock,Finance,Major Banks,183900495.0,,6252992.009520571,United States
SBFM,Sunshine Biopharma Inc. Common Stock,Health Care,Biotechnology: Pharmaceutical Preparations,3261228.0,,3877336.820829866,Canada
SBGI,Sinclair Inc. Class A Common Stock,Industrials,Broadcasting,984248797.0,1995.0,72318060.02939016,United States
SBH,Sally Beauty Holdings Inc. (Name to be changed from Sally Holdings Inc.) Common Stock,Consumer Discretionary,Other Specialty Stores,1480168437.0,,93622292.03036052,United States
SBLK,Star Bulk Carriers Corp. Common Shares,Consumer Discretionary,Marine Transportation,3541082263.0,,111530150.01574804,Greece
SBMT,Silver Bow Mining Corp. Common Shares,Basic Materials,Precious Metals,230027015.0,2026.0,29528500.0,
SBR,Sabine Royalty Trust Common Stock,Energy,Oil & Gas Production,1071436064.0,,14579344.999319635,United States
SBRA,Sabra Health Care REIT Inc. Common Stock,Real Estate,Real Estate Investment Trusts,5147574533.0,,255462755.9801489,United States
SBSI,Southside Bancshares Inc. Common Stock,Finance,Major Banks,940143689.0,,29807979.993658848,United States
SBSW,D/B/A Sibanye-Stillwater Limited ADS,Basic Materials,Precious Metals,8527083883.0,,707641816.0165975,South Africa
SBUX,Starbucks Corporation Common Stock,Consumer Discretionary,Restaurants,110203800000.0,1992.0,1140000000.0,United States
SBXD,SilverBox Corp IV Class A Ordinary Shares,,,0.0,2024.0,0.0,
SBXE,SilverBox Corp V Class A Ordinary Shares,,,0.0,2026.0,0.0,
SCCO,Southern Copper Corporation Common Stock,Basic Materials,Metal Mining,163620790864.0,,834331706.0017337,United States
SCHL,Scholastic Corporation Common Stock,Consumer Discretionary,Books,663008149.0,1992.0,18964763.98741419,United States
SCHW,Charles Schwab Corporation (The) Common Stock,Finance,Investment Bankers/Brokers/Service,180940395756.0,,1729335714.0017204,United States
SCI,Service Corporation International Common Stock,Consumer Discretionary,Other Consumer Services,10798403225.0,,136619474.00050607,United States
SCKT,Socket Mobile Inc. Common Stock,Technology,Computer Manufacturing,4245341.0,,8291681.640625,United States
SCL,Stepan Company Common Stock,Consumer Discretionary,Package Goods/Cosmetics,1429194790.0,,22732540.003181167,United States
SCLX,Scilex Holding Company Common Stock,Health Care,Biotechnology: Biological Products (No Diagnostic Substances),45607410.0,2021.0,8493000.0,United States
SCM,Stellus Capital Investment Corporation Common Stock,Finance,Finance/Investors Services,229263493.0,2012.0,28479937.018633537,United States
SCNX,Scienture Holdings Inc. Common Stock,Health Care,Biotechnology: Pharmaceutical Preparations,12861291.0,,41064147.50957855,United States
SCOR,comScore Inc. Common Stock,Consumer Discretionary,Business Services,77591906.0,2018.0,15184326.02739726,United States
SCPQ,Social Commerce Partners Corporation Class A Ordinary Shares,,,0.0,2026.0,0.0,United States
SCSC,ScanSource Inc. Common Stock,Technology,Retail: Computer Software & Peripheral Equipment,1161233112.0,,20142812.00346921,United States
SCTX,Scribe Therapeutics Inc. Common Stock,Health Care,Biotechnology: Biological Products (No Diagnostic Substances),608464195.0,2026.0,18931679.993777223,United States
SCWO,374Water Inc. Common Stock,Consumer Discretionary,Metal Fabrications,57584023.0,,17718160.923076924,United States
SCYX,SCYNEXIS Inc. Common Stock,Health Care,Biotechnology: Pharmaceutical Preparations,44275760.0,2014.0,9949608.988764044,United States
SCZM,Santacruz Silver Mining Ltd. Common Shares,Basic Materials,Precious Metals,829473333.0,,92990283.96860988,Canada
SD,SandRidge Energy Inc. Common Stock,Energy,Oil & Gas Production,529805980.0,2016.0,37075296.01119664,United States
SDA,SunCar Technology Group Inc. Class A Ordinary Shares,Consumer Discretionary,Automotive Aftermarket,52063293.0,2021.0,105647915.99025974,Hong Kong
SDEV,Stablecoin Development Corporation Common Stock,Health Care,Biotechnology: Pharmaceutical Preparations,42577706.0,,50615437.47028056,United States
SDGR,Schrodinger Inc. Common Stock,Health Care,Biotechnology: Pharmaceutical Preparations,2262122191.0,2020.0,74805628.00925927,United States
SDHC,Smith Douglas Homes Corp. Class A Common Stock,Consumer Discretionary,Homebuilding,520990905.0,2024.0,50828380.97560976,United States
SDOT,Sadot Group Inc. Common Stock,Consumer Discretionary,Restaurants,17705257.0,2020.0,1454828.0197206244,United States
SDRL,Seadrill Limited Common Shares,Energy,Oil & Gas Production,3008868823.0,2022.0,62541443.00561214,Bermuda
SDST,Stardust Power Inc. Common Stock,Industrials,Major Chemicals,3654222.0,2021.0,14523934.817170111,United States
SEAT,Vivid Seats Inc. Class A Common Stock,Consumer Discretionary,Services-Misc. Amusement & Recreation,48956816.0,,11712156.937799044,United States
SEB,Seaboard Corporation Common Stock,Industrials,Farming/Seeds/Milling,4069628394.0,1996.0,957793.9999435156,United States
SECZ,Securitize Corp. Common Stock,Finance,Finance: Consumer Services,1457962567.0,2026.0,163265684.9944009,
SEDG,SolarEdge Technologies Inc. Common Stock,Technology,Semiconductors,2214926928.0,2015.0,61525748.0,Israel
SEED,Origin Agritech Limited Common Stock,Consumer Staples,Farming/Seeds/Milling,11600710.0,,12143525.594054224,China
SEER,Seer Inc. Class A Common Stock,Industrials,Biotechnology: Laboratory Analytical Instruments,106314269.0,2020.0,55372015.10416667,United States
SEG,Seaport Entertainment Group Inc. Common Stock,Consumer Discretionary,Services-Misc. Amusement & Recreation,314217918.0,2024.0,12809535.996738687,United States
SEGG,Sports Entertainment Gaming Global Corporation Common Stock,Technology,Computer Software: Prepackaged Software,9908840.0,2023.0,3259486.842105263,United States
SEI,Solaris Energy Infrastructure Inc. Class A Common Stock,Consumer Discretionary,Oil and Gas Field Machinery,5299925654.0,2017.0,76566391.9965328,United States
SEIC,SEI Investments Company Common Stock,Finance,Investment Bankers/Brokers/Service,12584011233.0,1981.0,120019182.00286125,United States
SELF,Global Self Storage Inc. Common Stock,Real Estate,Real Estate Investment Trusts,57678171.0,,11421420.0,United States
SENEA,Seneca Foods Corp. Class A Common Stock,Consumer Staples,Packaged Foods,1244883929.0,,6770457.002229836,United States
SENEB,Seneca Foods Corp. Class B Common Stock,Consumer Staples,Packaged Foods,1274335417.0,,6770457.002443949,United States
SENS,Senseonics Holdings Inc. Common Stock,Health Care,Medical/Dental Instruments,498602320.0,,52874053.02226935,United States
SEPN,Septerna Inc. Common Stock,Health Care,Biotechnology: Pharmaceutical Preparations,1843739407.0,2024.0,46676947.01265823,United States
SER,Serina Therapeutics Inc. Common Stock,Health Care,Biotechnology: Pharmaceutical Preparations,56389050.0,2018.0,25400472.97297297,United States
SERA,Sera Prognostics Inc. Class A Common Stock,Health Care,Medical Specialities,81660395.0,2021.0,39449466.183574885,United States
SERV,Serve Robotics Inc. Common Stock,Industrials,Industrial Machinery/Components,372842280.0,,86707506.97674419,United States
SES,SES AI Corporation Class A Common Stock,Miscellaneous,Industrial Machinery/Components,197524897.0,2021.0,371287400.3759399,United States
SEV,Aptera Motors Corp. Class B Common Stock,Industrials,Auto Manufacturing,84735131.0,,40543124.880382776,United States
SEVN,Seven Hills Realty Trust Common Stock,Real Estate,Real Estate Investment Trusts,167658884.0,,22656605.945945945,United States
SEZL,Sezzle Inc. Common Stock,Finance,Finance: Consumer Services,3807970583.0,,33675013.99893881,United States
SF,Stifel Financial Corporation Common Stock,Finance,Investment Bankers/Brokers/Service,11402140934.0,,151001733.9954973,United States
SFBC,Sound Financial Bancorp Inc. Common Stock,Finance,Savings Institutions,124498725.0,,2568043.0074257427,United States
SFBS,ServisFirst Bancshares Inc. Common Stock,Finance,Major Banks,4477678569.0,,109345020.0,United States
SFD,Smithfield Foods Inc. Common Stock,Consumer Staples,Meat/Poultry/Fish,7792657459.0,2025.0,393767430.97524005,United States
SFHG,Samfine Creation Holdings Group Limited Class A Ordinary Share,Consumer Discretionary,Publishing,9865800.0,2024.0,4060000.0,Hong Kong
SFIX,Stitch Fix Inc. Class A Common Stock,Consumer Discretionary,Catalog/Specialty Distribution,388269241.0,2017.0,133425856.0137457,United States
SFL,SFL Corporation Ltd,Consumer Discretionary,Marine Transportation,1828650780.0,,132992784.0,Bermuda
SFM,Sprouts Farmers Market Inc. Common Stock,Consumer Staples,Food Chains,6493764605.0,2013.0,93247625.0,United States
SFNC,Simmons First National Corporation Class A Common Stock,Finance,Major Banks,3305752923.0,,144513788.98360655,United States
SFST,Southern First Bancshares Inc. Common Stock,Finance,Major Banks,585449177.0,,9471755.007280376,United States
SFWL,Shengfeng Development Limited Class A Ordinary Shares,Industrials,Trucking Freight/Courier Services,49471007.0,2023.0,5499834.018899389,China
SG,Sweetgreen Inc. Class A Common Stock,Consumer Discretionary,Restaurants,814242595.0,2021.0,119041315.05847952,United States
SGA,Saga Communications Inc. Class A Common Stock (FL),Consumer Discretionary,Broadcasting,57984851.0,,6357988.048245614,United States
SGC,Superior Group of Companies Inc. Common Stock,Consumer Discretionary,Apparel,198517752.0,,15945200.963855425,United States
SGHC,Super Group (SGHC) Limited Ordinary Shares,Consumer Discretionary,Services-Misc. Amusement & Recreation,6503382886.0,2022.0,508076787.96875,
SGHT,Sight Sciences Inc. Common Stock,Health Care,Medical/Dental Instruments,445110959.0,2021.0,55087989.975247525,United States
SGI,Somnigroup International Inc. Common Stock,Consumer Discretionary,Home Furnishings,14974756918.0,,230239190.00615004,United States
SGLY,Singularity Future Technology Ltd. Common Stock,Industrials,Integrated Freight & Logistics,6160318.0,2008.0,5403787.719298246,United States
SGML,Sigma Lithium Corporation Common Shares,Basic Materials,Metal Mining,999606619.0,,112568312.95045044,Canada
SGMT,Sagimet Biosciences Inc. Series A Common Stock,Health Care,Biotechnology: Pharmaceutical Preparations,687973246.0,2023.0,61591158.99731424,United States
SGP,SpyGlass Pharma Inc. Common Stock,Health Care,Medical/Dental Instruments,981029224.0,2026.0,33447978.997613367,United States
SGRX,SANGRIX INC. Class A Ordinary Shares,Finance,Finance: Consumer Services,1348983.0,2019.0,832191.85687847,United States
SGRY,Surgery Partners Inc. Common Stock,Health Care,Hospital/Nursing Management,1747758771.0,2015.0,130918260.0,United States
SGU,Star Group L.P. Common Stock,Consumer Discretionary,Other Specialty Stores,418014892.0,,32811216.01255887,United States
SHAK,Shake Shack Inc. Class A Common Stock,Consumer Discretionary,Restaurants,2391176666.0,2015.0,42798937.99892608,United States
SHAZ,SharonAI Holdings Inc. Class A Common Stock,Technology,EDP Services,2030953821.0,,35803504.99779639,United States
SHBI,Shore Bancshares Inc Common Stock,Finance,Major Banks,772901912.0,,33372275.99309154,United States
SHC,Sotera Health Company Common Stock,Health Care,Misc Health and Biotechnology Services,5407852365.0,2020.0,285374794.9868074,United States
SHEN,Shenandoah Telecommunications Co Common Stock,Telecommunications,Telecommunications Equipment,612092880.0,,53364680.03487358,United States
SHFS,SHF Holdings Inc. Class A Common Stock,Finance,Finance: Consumer Services,2128668.0,2021.0,12332954.808806488,United States
SHIM,Shimmick Corporation Common Stock,Industrials,Military/Government/Technical,143848664.0,2023.0,41335822.98850575,United States
SHIP,Seanergy Maritime Holdings Corp. Common Stock,Consumer Discretionary,Marine Transportation,407578804.0,,21668197.97979798,Greece
SHLS,Shoals Technologies Group Inc. Class A Common Stock,Technology,Semiconductors,1287494618.0,2021.0,168299950.06535947,United States
SHMD,SCHMID Group N.V. Class A Ordinary Shares,Technology,Industrial Machinery/Components,215794517.0,,60958903.10734464,Germany
SHO,Sunstone Hotel Investors Inc. Sunstone Hotel Investors Inc. Common Shares,Consumer Discretionary,Hotels/Resorts,2050961669.0,2004.0,185943940.9791478,United States
SHOE,Shoe Station Group Inc. Common Stock,Consumer Discretionary,Clothing/Shoe/Accessory Stores,359913711.0,,27183815.03021148,United States
SHOO,Steven Madden Ltd. Common Stock,Consumer Discretionary,Shoe Manufacturing,3058802571.0,1993.0,73177095.0,United States
SHOP,Shopify Inc. Class A Subordinate Voting Shares,Technology,Computer Software: Prepackaged Software,166641297815.0,,1295811025.0,Canada
SHOT,RMG ML Sports Holdings Class A Ordinary Shares,,,0.0,2026.0,0.0,United States
SHPH,Shuttle Pharmaceuticals Holdings Inc. Common Stock,Health Care,Biotechnology: Pharmaceutical Preparations,3471983.0,2022.0,1027213.9053254438,United States
SHW,Sherwin-Williams Company (The) Common Stock,Consumer Discretionary,RETAIL: Building Materials,77910800982.0,,242758151.00018692,United States
SI,Shoulder Innovations Inc. Common Stock,Health Care,Medical/Dental Instruments,370577435.0,2025.0,20818957.02247191,United States
SIBN,SI-BONE Inc. Common Stock,Health Care,Medical/Dental Instruments,808527093.0,2018.0,44818575.0,United States
SID,Companhia Siderurgica Nacional S.A. Common Stock,Industrials,Steel/Iron Ore,1564790857.0,,1326093946.6101696,Brazil
SIDU,Sidus Space Inc. Class A Common Stock,Telecommunications,Telecommunications Equipment,204475159.0,2021.0,101225326.23762377,United States
SIEB,Siebert Financial Corp. Common Stock,Finance,Investment Bankers/Brokers/Service,95559676.0,,41100935.913978495,United States
SIF,SIFCO Industries Inc. Common Stock,Industrials,Aerospace,131149064.0,1969.0,6254127.992370053,United States
SIG,Signet Jewelers Limited Common Shares,Consumer Discretionary,Consumer Specialties,3887284302.0,,38317242.99655002,Bermuda
SIGA,SIGA Technologies Inc. Common Stock,Health Care,Biotechnology: Pharmaceutical Preparations,219141634.0,,71849716.06557378,United States
SIGI,Selective Insurance Group Inc. Common Stock,Finance,Property-Casualty Insurers,5189661647.0,,59569118.99678604,United States
SII,Sprott Inc. Common Shares,Finance,Finance: Consumer Services,3231192000.0,2020.0,25800000.0,
SILC,Silicom Ltd Ordinary Shares,Telecommunications,Computer Communications Equipment,261516301.0,,5747611.010989011,Israel
SILO,Silo Pharma Inc. Common Stock,Health Care,Biotechnology: Pharmaceutical Preparations,3015590.0,,1753250.0,United States
SIND,Sinda Ltd. Common Stock,Basic Materials,Precious Metals,2364396278.0,2026.0,158790885.0235057,
SINT,SiNtx Technologies Inc. Common Stock,Health Care,Medical/Dental Instruments,11196417.0,2014.0,6664533.928571429,United States
SION,Sionna Therapeutics Inc. Common Stock,Health Care,Biotechnology: Pharmaceutical Preparations,324625025.0,2025.0,45212399.02506964,United States
SIRI,SiriusXM Holdings Inc. Common Stock,Consumer Discretionary,Broadcasting,9350235556.0,,337066890.9877434,United States
SITC,SITE Centers Corp. Common Stock,Real Estate,Real Estate Investment Trusts,153752743.0,,52475338.90784983,United States
SITE,SiteOne Landscape Supply Inc. Common Stock,Consumer Discretionary,Professional and commerical equipment,3889695249.0,2016.0,43655390.0,United States
SITM,SiTime Corporation Common Stock,Technology,Semiconductors,18000522150.0,2019.0,30071036.000668224,United States
SJ,Scienjoy Holding Corporation Class A Ordinary Shares,Technology,EDP Services,28874682.0,2019.0,42462767.64705882,China
SJM,The J.M. Smucker Company Common Stock,Consumer Staples,Packaged Foods,13219368896.0,,106823182.9979798,United States
SJT,San Juan Basin Royalty Trust Common Stock,Energy,Oil & Gas Production,140292476.0,,46608796.01328904,United States
SKE,Skeena Resources Limited Common Shares,Basic Materials,Precious Metals,3921964158.0,2021.0,125462704.99040309,
SKIL,Skillsoft Corp. Class A Common Stock,Technology,Computer Software: Prepackaged Software,57605811.0,2019.0,9100444.075829385,United States
SKIN,SkinHealth Systems Inc. Class A Common Stock,Health Care,Medical/Dental Instruments,88508733.0,2020.0,130140763.12307014,United States
SKK,SKK Holdings Limited Class A Ordinary Shares,Industrials,Water Sewer Pipeline Comm & Power Line Construction,13113350.0,2024.0,3190596.1070559607,Singapore
SKM,SK Telecom Co. Ltd. Common Stock,Telecommunications,Telecommunications Equipment,13632433200.0,,383580000.0,South Korea
SKT,Tanger Inc. Common Stock,Real Estate,Real Estate Investment Trusts,4106923857.0,1993.0,114878989.006993,United States
SKWD,Skyward Specialty Insurance Group Inc. Common Stock,Finance,Property-Casualty Insurers,2512841504.0,2023.0,44396493.003533565,United States
SKY,Champion Homes Inc. Common Stock,Consumer Discretionary,Homebuilding,4621953410.0,,54280133.9988256,United States
SKYA,SkyAI Inc. Common Stock,Health Care,Medical/Dental Instruments,59249083.0,2022.0,43247505.83941606,United States
SKYE,Skye Bioscience Inc. Common Stock,Health Care,Biotechnology: Pharmaceutical Preparations,6951453.0,,4427677.070063694,United States
SKYH,Sky Harbour Group Corporation Class A Common Stock,Finance,Real Estate,823641736.0,2022.0,81629508.02775025,United States
SKYQ,Sky Quarry Inc. Common Stock,Industrials,Environmental Services,25528497.0,2024.0,8833389.965397924,United States
SKYW,SkyWest Inc. Common Stock,Consumer Discretionary,Air Freight/Delivery Services,3713929286.0,1986.0,38828324.9973863,United States
SKYX,SKYX Platforms Corp. Common Stock,Consumer Discretionary,Building Products,170643052.0,2022.0,135430993.65079364,United States
SLAB,Silicon Laboratories Inc. Common Stock,Technology,Semiconductors,7330677392.0,2000.0,33366761.0013655,United States
SLB,SLB Limited Common Shares,Energy,Oilfield Services/Equipment,77294179470.0,,1484143230.9907837,France
SLBT,SL Science Holding Limited Ordinary Shares,Health Care,Biotechnology: Biological Products (No Diagnostic Substances),1048620746.0,,560759757.2192513,Taiwan
SLDB,Solid Biosciences Inc. Common Stock,Health Care,Biotechnology: Biological Products (No Diagnostic Substances),951087861.0,2018.0,107225237.99323563,United States
SLDE,Slide Insurance Holdings Inc. Common Stock,Finance,Property-Casualty Insurers,2920292975.0,2025.0,116811719.0,United States
SLDP,Solid Power Inc. Class A Common Stock,Miscellaneous,Industrial Machinery/Components,580721185.0,2021.0,228181212.18074656,United States
SLE,Super League Enterprise Inc. Common Stock,Technology,EDP Services,11376587.0,2019.0,2473171.086956522,United States
SLF,Sun Life Financial Inc. Common Stock,Finance,Life Insurance,45050362644.0,,556864804.0049443,Canada
SLG,SL Green Realty Corp Common Stock,Real Estate,Real Estate Investment Trusts,3708992631.0,1997.0,70849906.99140401,United States
SLGB,Smart Logistics Global Limited Class A Ordinary Shares,Industrials,Integrated Freight & Logistics,14400000.0,2025.0,45000000.0,Hong Kong
SLGL,Sol-Gel Technologies Ltd. Ordinary Shares,Health Care,Biotechnology: Pharmaceutical Preparations,211303895.0,2018.0,3273998.9928726368,Israel
SLGN,Silgan Holdings Inc. Common Stock,Industrials,Containers/Packaging,4015916760.0,2022.0,105682020.0,United States
SLI,Standard Lithium Ltd. Common Shares,Industrials,Major Chemicals,515778899.0,2021.0,246784162.2009569,Canada
SLM,SLM Corporation Common Stock,Finance,Finance: Consumer Services,4696794480.0,,187946957.98319328,United States
SLMT,Brera Holdings PLC Class B Ordinary Shares,Consumer Discretionary,Services-Misc. Amusement & Recreation,32257231.0,2023.0,11009293.85665529,Ireland
SLN,Silence Therapeutics Plc American Depository Share,Health Care,Biotechnology: Pharmaceutical Preparations,594360000.0,,46800000.0,United Kingdom
SLND,Southland Holdings Inc. Common Stock,Industrials,Military/Government/Technical,31338377.0,,54435256.20983151,United States
SLNG,Stabilis Solutions Inc. Common Stock,Utilities,Oil/Gas Transmission,96886728.0,,18596300.9596929,United States
SLNH,Soluna Holdings Inc. Common Stock,Technology,EDP Services,293575436.0,,246702047.05882356,United States
SLP,Simulations Plus Inc. Common Stock,Technology,EDP Services,372946013.0,,20224838.01518438,United States
SLQT,SelectQuote Inc. Common Stock,Finance,Specialty Insurers,82689198.0,2020.0,176573132.60730302,United States
SLRC,SLR Investment Corp. Common Stock,Finance,Finance/Investors Services,668294267.0,2010.0,54554634.04081633,United States
SLS,SELLAS Life Sciences Group Inc. Common Stock,Health Care,Biotechnology: Pharmaceutical Preparations,2328434025.0,,201945709.019948,United States
SLSN,Solesence Inc. Common Stock,Consumer Discretionary,Package Goods/Cosmetics,58135453.0,,70647044.59837161,United States
SLSR,Solaris Resources Inc. Common Shares,,,1227709661.0,2024.0,167035328.0272109,
SLVM,Sylvamo Corporation Common Stock,Basic Materials,Paper,1463176942.0,2021.0,39760242.98913044,United States
SLXN,Silexion Therapeutics Corp Ordinary Shares,Health Care,Biotechnology: Biological Products (No Diagnostic Substances),2187231.0,,5755871.052631579,Israel
SM,SM Energy Company Common Stock,Energy,Oil & Gas Production,8793464894.0,,237854068.001082,United States
SMA,SmartStop Self Storage REIT Inc. Common Stock,Real Estate,Real Estate Investment Trusts,1809455750.0,2025.0,55368902.99877601,United States
SMBC,Southern Missouri Bancorp Inc. Common Stock,Finance,Banks,797251267.0,,11013279.002624672,United States
SMBK,SmartFinancial Inc. Common Stock,Finance,Major Banks,888265672.0,,17098472.993262753,United States
SMC,Summit Midstream Corporation Common Stock,Utilities,Natural Gas Distribution,659403520.0,2012.0,20308085.00153988,United States
SMCI,Super Micro Computer Inc. Common Stock,Technology,Computer Manufacturing,26508553244.0,2020.0,656965383.9900867,United States
SMG,Scotts Miracle-Gro Company (The) Common Stock,Industrials,Agricultural Chemicals,3139819377.0,1992.0,58220274.00333766,United States
SMHI,SEACOR Marine Holdings Inc. Common Stock,Consumer Discretionary,Marine Transportation,255591221.0,2017.0,27132826.00849257,United States
SMID,Smith-Midland Corporation Common Stock,Industrials,Building Materials,129909801.0,,5304606.00244998,United States
SMJF,SMJ International Holdings Inc. Class A Ordinary Shares,Consumer Discretionary,RETAIL: Building Materials,29367300.0,2025.0,27705000.0,
SMMT,Summit Therapeutics Inc. Common Stock,Health Care,Biotechnology: Pharmaceutical Preparations,14136122947.0,2015.0,797749601.9751693,United States
SMP,Standard Motor Products Inc. Common Stock,Consumer Discretionary,Auto Parts:O.E.M.,832846123.0,,22340292.99892704,United States
SMPL,The Simply Good Foods Company Common Stock,Consumer Staples,Packaged Foods,889028477.0,,88460544.97512437,United States
SMR,NuScale Power Corporation Class A Common Stock,Industrials,Metal Fabrications,3884698379.0,2022.0,429723272.0132744,United States
SMRT,SmartRent Inc. Class A Common Stock,Technology,EDP Services,222269687.0,,191611799.13793105,United States
SMSI,Smith Micro Software Inc. Common Stock,Technology,Computer Software: Prepackaged Software,16546045.0,1995.0,5589880.067567567,United States
SMTC,Semtech Corporation Common Stock,Technology,Semiconductors,16629693297.0,,93325626.00033672,United States
SMTI,Sanara MedTech Inc. Common Stock,Health Care,Industrial Specialties,321397464.0,,9188034.991423672,United States
SMTK,SmartKem Inc. Common Stock,Technology,Semiconductors,1334049.0,,565275.0,United States
SMWB,Similarweb Ltd. Ordinary Shares,Technology,Computer Software: Programming Data Processing,725300210.0,2021.0,86966452.03836931,
SMX,SMX (Security Matters) Public Limited Company Ordinary Shares,Technology,Industrial Machinery/Components,18397475.0,,1088607.9881656806,Ireland
SMXT,Solarmax Technology Inc. Common Stock,Consumer Discretionary,Engineering & Construction,10622562.0,2024.0,4742215.178571428,United States
SN,SharkNinja Inc. Ordinary Shares,Consumer Discretionary,Consumer Electronics/Appliances,23407217080.0,2023.0,140871551.99807414,United States
SNA,Snap-On Incorporated Common Stock,Consumer Discretionary,Industrial Machinery/Components,19222833821.0,,51727124.00032291,United States
SNAL,Snail Inc. Class A Common Stock,Technology,Computer Software: Prepackaged Software,23105992.0,2022.0,8955810.852713179,United States
SNAP,Snap Inc. Class A Common Stock,Technology,Computer Software: Programming Data Processing,9555267073.0,2017.0,1691197712.035398,United States
SND,Smart Sand Inc. Common Stock,Industrials,Mining & Quarrying of Nonmetallic Minerals (No Fuels),223867042.0,2016.0,42399060.98484848,United States
SNDA,Sonida Senior Living Inc. Common Stock,Health Care,Hospital/Nursing Management,1861379133.0,,48047990.010325246,United States
SNDK,Sandisk Corporation Common Stock,Technology,Electronic Components,236377371024.0,,146419000.99975842,United States
SNDL,SNDL Inc. Common Shares,Health Care, Medicinal Chemicals and Botanical Products ,334724346.0,2019.0,246120842.6470588,Canada
SNDR,Schneider National Inc. Common Stock,Industrials,Trucking Freight/Courier Services,5707797271.0,2017.0,175300898.98648646,United States
SNDX,Syndax Pharmaceuticals Inc. Common Stock,Health Care,Biotechnology: Pharmaceutical Preparations,1578772480.0,2016.0,89297085.97285068,United States
SNES,SenesTech Inc. Common Stock,Industrials,Agricultural Chemicals,4501540.0,2016.0,5423542.168674699,United States
SNEX,StoneX Group Inc. Common Stock,Finance,Investment Bankers/Brokers/Service,7976384686.0,,120616735.0068048,United States
SNFCA,Security National Financial Corporation Class A Common Stock,Finance,Finance: Consumer Services,236813550.0,,27377289.01734104,United States
SNGX,Soligenix Inc. Common Stock,Health Care,Biotechnology: Pharmaceutical Preparations,8164231.0,,21765478.539056253,United States
SNN,Smith & Nephew SNATS Inc. Common Stock,Health Care,Industrial Specialties,11631723908.0,,418708564.0028797,United Kingdom
SNOA,Sonoma Pharmaceuticals Inc. Common Stock,Health Care,Medical/Dental Instruments,6033416.0,2007.0,4788425.396825396,United States
SNOW,Snowflake Inc. Common Stock,Technology,Computer Software: Prepackaged Software,119383992000.0,2020.0,352800000.0,United States
SNPS,Synopsys Inc. Common Stock,Technology,Computer Software: Prepackaged Software,73046140356.0,1992.0,191636646.00047225,United States
SNSC,SunScout Holding Limited Class A Ordinary Shares,Technology,Semiconductors,46863000.0,2026.0,38100000.0,
SNT,Senstar Technologies Corporation Common Shares,Telecommunications,Telecommunications Equipment,37213987.0,,23331653.29153605,Canada
SNTG,Sentage Holdings Inc. Class A Ordinary Shares,Finance,Finance: Consumer Services,4980574.0,2021.0,2805324.997183733,China
SNTI,Senti Biosciences Holdings Inc. Common Stock,Health Care,Biotechnology: Biological Products (No Diagnostic Substances),9748308.0,2021.0,31144753.993610226,United States
SNWV,SANUWAVE Health Inc. Common Stock,Health Care,Medical/Dental Instruments,35527536.0,,8602308.958837772,United States
SNX,TD SYNNEX Corporation Common Stock,Technology,Retail: Computer Software & Peripheral Equipment,21141893616.0,2003.0,79958751.99878976,United States
SNY,Sanofi ADS,Health Care,Biotechnology: Pharmaceutical Preparations,105212169843.0,,2438854192.0027814,France
SNYR,Synergy CHC Corp. Common Stock,Health Care,Other Pharmaceuticals,1348439.0,2024.0,14899878.453038674,United States
SO,Southern Company (The) Common Stock,Utilities,Electric Utilities: Central,99805490930.0,,1150362965.9981558,United States
SOAR,Volato Group Inc. Class A Common Stock,Consumer Discretionary,Transportation Services,9825611.0,2022.0,53633247.816593885,
SOBO,South Bow Corporation Common Shares,Energy,Natural Gas Distribution,7461072108.0,2024.0,208584627.0058708,Canada
SOC,Sable Offshore Corp. Common Stock,Energy,Oil & Gas Production,834632638.0,2021.0,191869571.954023,United States
SOFI,SoFi Technologies Inc. Common Stock,Finance,Finance: Consumer Services,21607971521.0,,1291570324.028691,United States
SOLS,Solstice Advanced Materials Inc. Common Stock,Industrials,Major Chemicals,9340225297.0,,158847368.99659866,United States
SOLV,Solventum Corporation Common Stock,Health Care,Medical/Dental Instruments,14899682999.0,2024.0,170223728.99577287,United States
SON,Sonoco Products Company Common Stock,Consumer Discretionary,Containers/Packaging,4827077646.0,,98875002.99057764,United States
SONM,DNA X Inc. Common Stock,Utilities,Telecommunications Equipment,4405273.0,2019.0,1488267.9054054054,United States
SONO,Sonos Inc. Common Stock,Consumer Staples,Consumer Electronics/Appliances,1900984243.0,2018.0,118293979.02924705,United States
SOPH,SOPHiA GENETICS SA Ordinary Shares,Technology,EDP Services,726140347.0,2021.0,85127824.97069168,Switzerland
SOR,Source Capital Inc. Cmn Shs of BI,Finance,Investment Managers,381342873.0,,8344482.997811816,United States
SORA,AsiaStrategy Ordinary Shares,Industrials,Other Specialty Stores,55446720.0,2025.0,24864000.0,Hong Kong
SOS,SOS Limited Class A Ordinary Shares,Finance,Investment Bankers/Brokers/Service,13922099.0,,18170319.759853825,China
SOTK,Sono-Tek Corporation Common Stock,Technology,Industrial Machinery/Components,70410919.0,,15716722.991071427,United States
SOUN,SoundHound AI Inc Class A Common Stock,Technology,Computer Software: Prepackaged Software,2886028098.0,,481004683.0,United States
SOWG,Sow Good Inc. Common Stock,Consumer Staples,Packaged Foods,59897681.0,,20099892.953020133,United States
SPAI,Safe Pro Group Inc. Common Stock,Health Care,Industrial Specialties,92854651.0,2024.0,20362862.06140351,United States
SPB,Spectrum Brands Holdings Inc. Common Stock,Miscellaneous,Industrial Machinery/Components,1999007160.0,,22995595.996779017,United States
SPCB,SuperCom Ltd. Ordinary Shares (Israel),Technology,Semiconductors,61422821.0,,6280452.044989776,Israel
SPCE,Virgin Galactic Holdings Inc. Common Stock,Consumer Discretionary,Transportation Services,471463258.0,2017.0,151595902.89389068,United States
SPCX,Space Exploration Technologies Corp. Class A Common Stock,Technology,Computer Software: Programming Data Processing,2101208515766.0,2026.0,13572821624.998384,United States
SPFI,South Plains Financial Inc. Common Stock,Finance,Major Banks,824022453.0,2019.0,18839105.00685871,United States
SPG,Simon Property Group Inc. Common Stock,Real Estate,Real Estate Investment Trusts,66156578272.0,,323551514.99975544,United States
SPGI,S&P Global Inc. Common Stock,Finance,Finance: Consumer Services,119131628000.0,,294800000.0,United States
SPH,Suburban Propane Partners L.P. Common Stock,Consumer Discretionary,Other Specialty Stores,1132776331.0,1996.0,66712386.984687865,United States
SPHL,Springview Holdings Ltd Class A Ordinary Shares,Consumer Discretionary,Homebuilding,29060893.0,2024.0,12261980.16877637,Singapore
SPHR,Sphere Entertainment Co. Class A Common Stock,Consumer Discretionary,Services-Misc. Amusement & Recreation,5205318199.0,2020.0,35913607.002897754,United States
SPIR,Spire Global Inc. Class A Common Stock,Consumer Discretionary,Telecommunications Equipment,493155584.0,2020.0,40622371.004942335,United States
SPMC,Sound Point Meridian Capital Inc. Common Stock,,,0.0,2024.0,0.0,
SPNT,SiriusPoint Ltd. Common Shares,Finance,Property-Casualty Insurers,2837911341.0,2013.0,116165016.004912,Bermuda
SPOK,Spok Holdings Inc. Common Stock,Telecommunications,Telecommunications Equipment,217548625.0,,20918137.019230768,United States
SPOT,Spotify Technology S.A. Ordinary Shares,Consumer Discretionary,Broadcasting,108852473579.0,2018.0,205832527.00060508,Luxembourg
SPPL,SIMPPLE LTD. Ordinary Shares,Consumer Discretionary,Diversified Commercial Services,21138157.0,2023.0,9786183.796296297,Singapore
SPRB,Spruce Biosciences Inc. Common Stock,Health Care,Biotechnology: Pharmaceutical Preparations,154794340.0,2020.0,2874012.996658002,United States
SPRC,SciSparc Ltd. Ordinary Shares,Health Care,Biotechnology: Pharmaceutical Preparations,2585330.0,,580973.0337078652,Israel
SPRO,Spero Therapeutics Inc. Common Stock,Health Care,Biotechnology: Pharmaceutical Preparations,65223006.0,2017.0,58234826.78571428,United States
SPRU,Spruce Power Holding Corporation Class A Common Stock,Utilities,Electric Utilities: Central,31381063.0,2019.0,19252185.889570557,United States
SPRY,ARS Pharmaceuticals Inc. Common Stock,Health Care,Biotechnology: Pharmaceutical Preparations,412706473.0,2020.0,99447342.89156626,United States
SPSC,SPS Commerce Inc. Common Stock,Technology,Computer Software: Prepackaged Software,2892253979.0,2010.0,36000173.99800846,United States
SPT,Sprout Social Inc Class A Common Stock,Technology,Computer Software: Prepackaged Software,655607734.0,2019.0,60592212.01478743,United States
SPTX,Seaport Therapeutics Inc. Common Stock,Health Care,Biotechnology: Pharmaceutical Preparations,1168036601.0,2026.0,53530550.0,United States
SPWH,Sportsman's Warehouse Holdings Inc. Common Stock,Consumer Discretionary,Other Specialty Stores,46578343.0,2014.0,39141464.70588236,United States
SPWR,SunPower Inc. Common Stock,Technology,Semiconductors,110196369.0,,311905941.12652135,United States
SPXC,SPX Technologies Inc. Common Stock,Industrials,Industrial Machinery/Components,9000429042.0,,50085860.0,United States
SQFT,Presidio Property Trust Inc. Class A Common Stock,Real Estate,Real Estate Investment Trusts,1864762.0,2020.0,1434432.3076923075,United States
SQM,Sociedad Quimica y Minera S.A. Common Stock,Industrials,Mining & Quarrying of Nonmetallic Minerals (No Fuels),20508794614.0,1993.0,285637807.994429,Chile
SR,Spire Inc. Common Stock,Utilities,Oil/Gas Transmission,4749122914.0,,59112806.9952701,United States
SRAD,Sportradar Group AG Class A Ordinary Shares,Technology,Computer Software: Programming Data Processing,3853321019.0,2021.0,311757363.99676377,Switzerland
SRBK,SR Bancorp Inc. Common stock,Finance,Banks,155989439.0,2023.0,7934356.002034588,United States
SRCE,1st Source Corporation Common Stock,Finance,Major Banks,2065498216.0,,24081825.99976682,United States
SRE,DBA Sempra Common Stock,Utilities,Natural Gas Distribution,53737530599.0,,653900348.0043806,United States
SRFM,Surf Air Mobility Inc. Common Stock,Consumer Discretionary,Transportation Services,78514094.0,2023.0,123644242.51968504,United States
SRG,Seritage Growth Properties Class A Common Stock,Finance,Real Estate,109832984.0,2015.0,56324607.17948718,United States
SRI,Stoneridge Inc. Common Stock,Consumer Discretionary,Auto Parts:O.E.M.,205079464.0,1997.0,28522873.991655078,United States
SRL,Scully Royalty Ltd.,Industrials,Precious Metals,81765505.0,,15226351.024208566,Canada
SRPT,Sarepta Therapeutics Inc. Common Stock (DE),Health Care,Biotechnology: Pharmaceutical Preparations,2183310524.0,,105627020.99661344,United States
SRRK,Scholar Rock Holding Corporation Common Stock,Health Care,Biotechnology: Biological Products (No Diagnostic Substances),5969914524.0,2018.0,121785282.00734392,United States
SRTA,Strata Critical Medical Inc. Class A Common Stock,Health Care,Medical/Nursing Services,475951416.0,2019.0,88466805.94795538,United States
SRTS,Sensus Healthcare Inc. Common Stock,Health Care,Medical/Dental Instruments,51361624.0,2016.0,16462058.974358974,United States
SRXH,SRX Global Inc. Common Stock,Consumer Staples,Beverages (Production/Distribution),32829933.0,2021.0,20265390.74074074,
SRZN,Surrozen Inc. Common Stock,Health Care,Biotechnology: Biological Products (No Diagnostic Substances),199105273.0,,11753558.0283353,United States
SSB,SouthState Bank Corporation Common Stock,Finance,Major Banks,10053349940.0,,96974534.00212212,United States
SSBI,Summit State Bank Common Stock,Finance,Major Banks,86750690.0,2006.0,6673130.0,United States
SSD,Simpson Manufacturing Company Inc. Common Stock,Consumer Discretionary,Industrial Machinery/Components,7067398564.0,,40984681.99953608,United States
SSII,SS Innovations International Inc. Common Stock,Health Care,Medical/Dental Instruments,653256518.0,,200385434.9693252,India
SSM,Sono Group N.V. Ordinary Shares,Technology,Semiconductors,2080258.0,,1424834.2465753425,Germany
SSMR,Sunshine Silver Mining & Refining Company Common Stock,Basic Materials,Precious Metals,2362865353.0,2026.0,143726602.98053527,
SSNC,SS&C Technologies Holdings Inc. Common Stock,Technology,Computer Software: Prepackaged Software,18781785880.0,2010.0,234654996.001999,United States
SSP,E.W. Scripps Company (The) Class A Common Stock,Industrials,Broadcasting,283567112.0,,92668990.8496732,United States
SSRM,SSR Mining Inc. Common Stock,Industrials,Precious Metals,7370302082.0,,203909311.99336007,Canada
SST,System1 Inc. Class A Common Stock,Technology,Computer Software: Programming Data Processing,33773450.0,2020.0,10488649.06832298,United States
SSTI,SoundThinking Inc. Common Stock,Technology,Computer Software: Prepackaged Software,77139809.0,2017.0,13163789.931740614,United States
SSTK,Shutterstock Inc. Common Stock,Technology,EDP Services,180674175.0,2012.0,36947684.04907975,United States
SSYS,Stratasys Ltd. Ordinary Shares (Israel),Technology,Computer peripheral equipment,689380312.0,1994.0,86172539.0,United States
ST,Sensata Technologies Holding plc Ordinary Shares,Industrials,Industrial Machinery/Components,6147434811.0,2010.0,145535862.0028409,Netherlands
STAA,STAAR Surgical Company Common Stock,Health Care,Ophthalmic Goods,1065058220.0,,50143983.992467046,United States
STAG,Stag Industrial Inc. Common Stock,Real Estate,Real Estate Investment Trusts,7228384254.0,2011.0,192808328.9943985,United States
STAK,STAK Inc. Class A Ordinary Shares,Consumer Discretionary,Oil and Gas Field Machinery,20555073.0,2025.0,19210348.59813084,China
STBA,S&T Bancorp Inc. Common Stock,Finance,Major Banks,1748815748.0,,35265491.9943537,United States
STC,Stewart Information Services Corporation Common Stock,Finance,Specialty Insurers,1996457037.0,,30522199.006268155,United States
STDN,Standard Nuclear Inc. Class A Common Stock,Basic Materials,Major Chemicals,1955318930.0,2026.0,156550755.0040032,
STE,STERIS plc (Ireland) Ordinary Shares,Health Care,Industrial Specialties,20283922884.0,,97500109.9980773,United States
STEM,Stem Inc. Class A Common Stock,Technology,EDP Services,45438232.0,2020.0,9626744.06779661,United States
STEP,StepStone Group Inc. Class A Common Stock,Finance,Investment Managers,5683871063.0,2020.0,120676668.00424628,United States
STEX,Streamex Corp. Common Stock,Health Care,Biotechnology: Electromedical & Electrotherapeutic Apparatus,74165178.0,,116465417.71356784,United States
STFS,Star Fashion Culture Holdings Limited Class A Ordinary Shares,Consumer Discretionary,Advertising,4118527.0,2024.0,1193775.9420289854,China
STGW,Stagwell Inc. Class A Common Stock,Consumer Discretionary,Advertising,2031590998.0,,244475451.022864,Canada
STHO,Star Holdings Shares of Beneficial Interest,Real Estate,Real Estate,110665010.0,,12081332.969432317,United States
STI,Solidion Technology Inc. Common Stock,Miscellaneous,Industrial Machinery/Components,55928905.0,2022.0,8512770.928462708,United States
STIM,Neuronetics Inc. Common Stock,Health Care,Medical/Dental Instruments,226305749.0,2018.0,76197221.88552187,United States
STKE,Sol Strategies Inc. Common Shares,,,43435567.0,,39486879.090909086,Canada
STKS,The ONE Group Hospitality Inc. Common Stock,Consumer Discretionary,Restaurants,51336219.0,,31689024.07407407,United States
STLA,Stellantis N.V. Common Shares,Industrials,Auto Manufacturing,14632290140.0,2014.0,2897483196.039604,United Kingdom
STLD,Steel Dynamics Inc.,Industrials,Steel/Iron Ore,35165546391.0,1996.0,143328088.00081515,United States
STLN,Starling Oncology Inc. Common Stock,Health Care,Medical/Nursing Services,675703842.0,2020.0,101916114.9321267,United States
STM,STMicroelectronics N.V. Common Stock,Technology,Semiconductors,43386622512.0,,892545206.9944456,Switzerland
STN,Stantec Inc Common Stock,Consumer Discretionary,Military/Government/Technical,7955650978.0,,112399702.9951964,Canada
STNE,StoneCo Ltd. Class A Common Shares,Technology,EDP Services,2405468003.0,2018.0,246714666.97435895,Brazil
STNG,Scorpio Tankers Inc. Common Shares,Consumer Discretionary,Marine Transportation,4547361102.0,2010.0,51762790.00569152,Monaco
STOK,Stoke Therapeutics Inc. Common Stock,Health Care,Biotechnology: Pharmaceutical Preparations,1866744181.0,2019.0,64526241.99792603,United States
STRA,Strategic Education Inc. Common Stock,Real Estate,Other Consumer Services,1785931895.0,1996.0,22207559.00273564,United States
STRL,Sterling Infrastructure Inc. Common Stock,Industrials,Military/Government/Technical,15469225323.0,,30588518.00007909,United States
STRO,Sutro Biopharma Inc. Common Stock,Health Care,Biotechnology: Biological Products (No Diagnostic Substances),256676527.0,2018.0,16581170.99483204,United States
STRR,Star Equity Holdings Inc. Common Stock,Consumer Discretionary,Professional Services,37816381.0,,3689403.024390244,United States
STRT,STRATTEC SECURITY CORPORATION Common Stock,Consumer Discretionary,Auto Parts:O.E.M.,272973391.0,,3985013.00729927,United States
STRW,Strawberry Fields REIT Inc. Common Stock,Real Estate,Real Estate Investment Trusts,195512810.0,2023.0,14157335.988414193,United States
STRZ,Starz Entertainment Corp. Common Shares,Consumer Discretionary,Movies/Entertainment,424508199.0,,17124170.996369503,United States
STT,State Street Corporation Common Stock,Finance,Major Banks,50289652119.0,,274701765.0024581,United States
STTK,Shattuck Labs Inc. Common Stock,Health Care,Biotechnology: Pharmaceutical Preparations,587125030.0,2020.0,100363252.991453,United States
STUB,StubHub Holdings Inc. Class A Common Stock,Consumer Discretionary,Services-Misc. Amusement & Recreation,2269614398.0,2025.0,382089965.993266,United States
STVN,Stevanato Group S.p.A. Ordinary Shares,Health Care,Medical/Dental Instruments,6188993743.0,2021.0,273003694.0008822,Italy
STWD,STARWOOD PROPERTY TRUST INC. Starwood Property Trust Inc.,Real Estate,Real Estate Investment Trusts,5582147766.0,2009.0,370168950.0,United States
STX,Seagate Technology Holdings PLC Ordinary Shares (Ireland),Technology,Electronic Components,183690729865.0,2002.0,228718551.00046068,Ireland
STXS,Stereotaxis Inc. Common Stock,Health Care,Biotechnology: Electromedical & Electrotherapeutic Apparatus,129260810.0,,100202178.29457363,United States
STZ,Constellation Brands Inc. Common Stock,Consumer Staples,Beverages (Production/Distribution),20911819243.0,,170778433.99755,United States
SU,Suncor Energy  Inc. Common Stock,Energy,Integrated oil Companies,81277561738.0,,1169629612.0017269,Canada
SUGP,SU Group Holdings Limited Class A Ordinary Shares,Consumer Discretionary,Diversified Commercial Services,1157433.0,2024.0,2326498.4924623114,Hong Kong
SUI,Sun Communities Inc. Common Stock,Real Estate,Real Estate Investment Trusts,14001020007.0,1993.0,121800956.99869508,United States
SUIG,Sui Group Holdings Limited Common Stock,Finance,Finance: Consumer Services,76703028.0,,76802871.73325323,United States
SUJA,Suja Life Inc. Class A Common Stock,Consumer Staples,Beverages (Production/Distribution),331016353.0,2026.0,38625012.01866978,United States
SUNB,Sunbelt Rentals Holdings Inc. Common Stock,Consumer Discretionary,Diversified Commercial Services,30310309431.0,2026.0,409764896.9987833,
SUNE,SUNation Energy Inc. Common Stock,Consumer Discretionary,Engineering & Construction,17976178.0,,6513107.971014493,United States
SUNS,Sunrise Realty Trust Inc. Common Stock,Real Estate,Real Estate Investment Trusts,101368883.0,,13515851.066666666,United States
SUPN,Supernus Pharmaceuticals Inc. Common Stock,Health Care,Biotechnology: Pharmaceutical Preparations,2494811398.0,2012.0,58127013.00093196,United States
SUPX,SuperX AI Technology Limited Ordinary Shares,,,339681965.0,2024.0,43216534.98727735,Hong Kong
SURG,SurgePays Inc. Common Stock,Consumer Discretionary,Advertising,8290750.0,,52908423.739629865,United States
SVC,Service Properties Trust Common Shares of Beneficial Interest,Real Estate,Real Estate Investment Trusts,850877336.0,,129509487.97564688,United States
SVCC,Stellar V Capital Corp. Class A Ordinary Shares,,,0.0,2025.0,0.0,United States
SVCO,Silvaco Group Inc. Common Stock,Technology,Computer Software: Prepackaged Software,227373436.0,2024.0,33885757.97317436,United States
SVM,Silvercorp Metals Inc. Common Shares,Basic Materials,Precious Metals,2684067569.0,,220910911.02880657,Canada
SVRA,Savara Inc. Common Stock,Health Care,Biotechnology: Pharmaceutical Preparations,1113593281.0,,205460014.94464943,United States
SVRN,SVRN Inc. Common Stock,Consumer Discretionary,Marine Transportation,26617829.0,,1875815.9971811136,Greece
SVV,Savers Value Village Inc. Common Stock,Consumer Discretionary,Other Specialty Stores,1428411810.0,2023.0,154256134.98920086,United States
SW,Smurfit WestRock plc Ordinary Shares,Consumer Discretionary,Containers/Packaging,23855301856.0,2024.0,524522908.0035181,Ireland
SWAG,Stran & Company Inc. Common Stock,Consumer Discretionary,Advertising,28518571.0,2021.0,18639588.888888888,United States
SWBI,Smith & Wesson Brands Inc. Common Stock,Industrials,Ordnance And Accessories,597712934.0,,44839679.969992496,United States
SWIM,Latham Group Inc. Common Stock,Industrials,Plastic Products,734111577.0,2021.0,117646086.0576923,United States
SWK,Stanley Black & Decker Inc. Common Stock,Consumer Discretionary,Industrial Machinery/Components,13458603046.0,,151016641.00089765,United States
SWKS,Skyworks Solutions Inc. Common Stock,Technology,Semiconductors,13741174452.0,,150472781.99737188,United States
SWMR,Swarmer Inc Common Stock,Technology,Computer Software: Prepackaged Software,382965653.0,2026.0,15936980.9821057,United States
SWRD,Stewards Inc Common Stock,Finance,Finance Companies,449749421.0,,211149962.91079813,United States
SWVL,Swvl Holdings Corp Class A Common Shares,Consumer Discretionary,Business Services,132898990.0,,29999772.009029347,United Arab Emirates
SWX,Southwest Gas Holdings Inc. Common Stock (DE),Utilities,Oil & Gas Production,6267290743.0,,72445852.99965322,United States
SXC,SunCoke Energy Inc. Common Stock,Industrials,Steel/Iron Ore,819891051.0,2011.0,84874850.0,United States
SXI,Standex International Corporation Common Stock,Industrials,Industrial Machinery/Components,3166284492.0,,12281465.001357589,United States
SXT,Sensient Technologies Corporation Common Stock,Industrials,Major Chemicals,5498263925.0,,42562811.00015482,United States
SXTC,China SXT Pharmaceuticals Inc. Class A Ordinary Shares,Health Care,Biotechnology: Pharmaceutical Preparations,3217794.0,2019.0,1321475.975359343,China
SXTP,60 Degrees Pharmaceuticals Inc. Common Stock,Health Care,Biotechnology: Pharmaceutical Preparations,3490962.0,2023.0,3516987.709046948,United States
SY,So-Young International Inc. American Depository Shares,Technology,EDP Services,278840035.0,2019.0,100302170.86330935,China
SYBT,Stock Yards Bancorp Inc. Common Stock,Finance,Major Banks,2480360777.0,,31066642.998496994,United States
SYF,Synchrony Financial Common Stock,Finance,Finance: Consumer Services,27684802147.0,2014.0,372057548.0043005,United States
SYK,Stryker Corporation Common Stock,Health Care,Medical/Dental Instruments,107450317376.0,,383573046.0000714,United States
SYM,Symbotic Inc. Class A Common Stock,Industrials,Industrial Machinery/Components,26980204194.0,2021.0,604801708.00269,United States
SYNA,Synaptics Incorporated Common Stock $0.001 Par Value,Technology,Semiconductors,3616772673.0,2002.0,39692413.0048288,United States
SYNX,Silynxcom Ltd. Ordinary Shares,Consumer Staples,Consumer Electronics/Appliances,5604111.0,2024.0,6634439.445957145,
SYPR,Sypris Solutions Inc. Common Stock,Industrials,Industrial Machinery/Components,40526522.0,,23026432.954545453,United States
SYRE,Spyre Therapeutics Inc. Common Stock,Health Care,Biotechnology: Pharmaceutical Preparations,8171944262.0,2016.0,88173761.99827363,United States
SYY,Sysco Corporation Common Stock,Consumer Discretionary,Food Distributors,37938646710.0,,479568281.0011377,United States
T,AT&T Inc.,Telecommunications,Telecommunications Equipment,173982071654.0,,6852385650.019692,United States
TAC,TransAlta Corporation Ordinary Shares,Utilities,Electric Utilities: Central,3883640000.0,,316000000.0,Canada
TACT,TransAct Technologies Incorporated Common Stock,Technology,Computer peripheral equipment,53584004.0,1996.0,10324470.905587668,United States
TALO,Talos Energy Inc. Common Stock,Energy,Oil & Gas Production,2863457776.0,2018.0,166965467.9883382,United States
TANH,Tantech Holdings Ltd. Class A Common Shares,Industrials,Major Chemicals,9333705.0,2015.0,667646.9957081545,China
TAOP,Taoping Inc. Ordinary Shares,Technology,Computer Software: Prepackaged Software,6333495.0,,9552782.805429865,Hong Kong
TAOX,Tao Synergies Inc. Common Stock,Finance,Finance: Consumer Services,30531627.0,,7483241.911764706,United States
TAP,Molson Coors Beverage Company Class B Common Stock,Consumer Staples,Beverages (Production/Distribution),7286619702.0,,186453933.00921187,Canada
TARA,Protara Therapeutics Inc.  Common Stock,Health Care,Biotechnology: Biological Products (No Diagnostic Substances),218653306.0,2014.0,59095488.1081081,United States
TARS,Tarsus Pharmaceuticals Inc. Common Stock,Health Care,Biotechnology: Biological Products (No Diagnostic Substances),3697947103.0,2020.0,46791688.00455523,United States
TASK,TaskUs Inc. Class A Common Stock,Technology,EDP Services,746332351.0,2021.0,91687021.007371,United States
TATT,TAT Technologies Ltd. Ordinary Shares,Industrials,Aerospace,489594096.0,,12983136.992840094,Israel
TAYD,Taylor Devices Inc. Common Stock,Industrials,Industrial Machinery/Components,195360358.0,,3225364.9991745087,United States
TBBB,BBB Foods Inc. Class A Common Shares,Consumer Staples,Food Chains,5998928884.0,2024.0,117857148.99803536,Mexico
TBBK,The Bancorp Inc Common Stock,Finance,Major Banks,2065851876.0,2004.0,40786809.0029615,United States
TBCH,Turtle Beach Corporation Common Stock,Telecommunications,Telecommunications Equipment,225125067.0,,17909710.978520285,United States
TBI,TrueBlue Inc. Common Stock,Consumer Discretionary,Professional Services,275825757.0,,30444344.039735097,United States
TBLA,Taboola.com Ltd. Ordinary Shares,Technology,Computer Software: Programming Data Processing,927785975.0,,252115754.0760869,Israel
TBLD,Thornburg Income Builder Opportunities Trust Common Stock,Finance,Investment Managers,665378253.0,2021.0,32081882.97974928,United States
TBN,Tamboran Resources Corporation Common stock,Energy,Oil & Gas Production,1341971862.0,2024.0,34856412.0,
TBPH,Theravance Biopharma Inc. Ordinary Shares,Health Care,Biotechnology: Pharmaceutical Preparations,884695568.0,,51918753.99061033,Cayman Islands
TCBI,Texas Capital Bancshares Inc. Common Stock,Finance,Major Banks,4107458383.0,2003.0,43474368.998729885,United States
TCBK,TriCo Bancshares Common Stock,Finance,Major Banks,1716608031.0,,31966630.0,United States
TCBS,Texas Community Bancshares Inc. Common Stock,Finance,Banks,48836359.0,2021.0,2872727.0,United States
TCBX,Third Coast Bancshares Inc. Common Stock,Finance,Banks,739480668.0,,16654970.0,United States
TCI,Transcontinental Realty Investors Inc. Common Stock,Real Estate,Real Estate Investment Trusts,362364755.0,,8773965.012106538,United States
TCMD,Tactile Systems Technology Inc. Common Stock,Health Care,Medical/Dental Instruments,511035572.0,2016.0,22652285.992907804,United States
TCPC,BlackRock TCP Capital Corp. Common Stock,Finance,Finance/Investors Services,335611100.0,2012.0,83902775.0,United States
TCRT,Alaunos Therapeutics Inc. Common Stock,Health Care,Biotechnology: Pharmaceutical Preparations,4064768.0,,2540480.0,United States
TCRX,TScan Therapeutics Inc. Common Stock,Health Care,Biotechnology: Biological Products (No Diagnostic Substances),21178139.0,2021.0,63502665.66716641,United States
TCX,Tucows Inc. Class A Common Stock,Technology,EDP Services,113722079.0,,11182111.996066865,Canada
TD,Toronto Dominion Bank (The) Common Stock,Finance,Commercial Banks,199573138570.0,,1638397000.0,Canada
TDAY,USA TODAY Co. Inc. Common Stock,Consumer Discretionary,Newspapers/Magazines,927889387.0,2014.0,146817940.98101264,United States
TDC,Teradata Corporation Common Stock,Technology,Computer Software: Prepackaged Software,2722110000.0,,93000000.0,United States
TDG,Transdigm Group Incorporated Common Stock,Industrials,Military/Government/Technical,59478093665.0,2006.0,55276524.99976766,United States
TDIC,Dreamland Limited Class A Ordinary Shares,Consumer Discretionary,Other Consumer Services,6762031.0,2025.0,3485582.989690722,Hong Kong
TDOC,Teladoc Health Inc. Common Stock,Health Care,Medical/Nursing Services,1140975652.0,2015.0,181684021.01910827,United States
TDS,Telephone and Data Systems Inc. Common Shares,Telecommunications,Telecommunications Equipment,4151657000.0,,115100000.0,United States
TDTH,Trident Digital Tech Holdings Ltd Class B Ordinary Shares,Consumer Discretionary,Business Services,15804391.0,2024.0,8636751.18858954,Singapore
TDUP,ThredUp Inc. Class A Common Stock,Consumer Discretionary,Catalog/Specialty Distribution,317827433.0,2021.0,131333650.0,United States
TDW,Tidewater Inc. Common Stock,Consumer Discretionary,Marine Transportation,4370089769.0,2017.0,49756231.003074124,United States
TDY,Teledyne Technologies Incorporated Common Stock,Industrials,Industrial Machinery/Components,27905188033.0,,46355673.00076415,United States
TE,T1 Energy Inc. Common Stock,Technology,Semiconductors,1266249058.0,2021.0,294476525.11627907,Luxembourg
TEAD,Teads Holding Co. Common Stock,Technology,Computer Software: Programming Data Processing,53671063.0,2021.0,98065161.70290516,United States
TEAM,Atlassian Corporation Class A Common Stock,Technology,Computer Software: Prepackaged Software,48736816052.0,2015.0,253138815.0002597,Australia
TECH,Bio-Techne Corp Common Stock,Health Care,Biotechnology: Biological Products (No Diagnostic Substances),11355208614.0,,156818238.0058003,United States
TECK,Teck Resources Ltd Ordinary Shares,Industrials,Mining & Quarrying of Nonmetallic Minerals (No Fuels),31927983373.0,,489542830.0061331,Canada
TECX,Tectonic Therapeutic Inc. Common Stock,Health Care,Biotechnology: Biological Products (No Diagnostic Substances),531938249.0,2018.0,19549366.00514517,United States
TEL,TE Connectivity plc Ordinary Shares,Technology,Electronic Components,59813432905.0,,289513228.00096804,Ireland
TELA,TELA Bio Inc. Common Stock,Health Care,Medical/Dental Instruments,58234999.0,2019.0,45143410.07751938,United States
TELO,Telomir Pharmaceuticals Inc. Common Stock,Health Care,Biotechnology: Pharmaceutical Preparations,77027951.0,2024.0,68774956.25,United States
TEM,Tempus AI Inc. Class A Common Stock,Technology,Computer Software: Programming Data Processing,14589852616.0,2024.0,181556155.0024888,United States
TEN,Tsakos Energy Navigation Ltd Common Shares,Consumer Discretionary,Marine Transportation,1591038714.0,,30127602.991857603,Greece
TENB,Tenable Holdings Inc. Common Stock,Technology,Computer Software: Prepackaged Software,3971647787.0,2018.0,110139983.00055462,United States
TENX,Tenax Therapeutics Inc. Common Stock,Health Care,Biotechnology: Pharmaceutical Preparations,69608486.0,,37423917.204301074,United States
TEO,Telecom Argentina SA,Telecommunications,Telecommunications Equipment,6034633804.0,,430737601.99857247,Argentina
TER,Teradyne Inc. Common Stock,Industrials,Electrical Products,55208609048.0,,156340750.0014159,United States
TEVA,Teva Pharmaceutical Industries Limited Ordinary Shares,Health Care,Biotechnology: Pharmaceutical Preparations,45667953532.0,,1165296084.001021,Israel
TEX,Terex Corporation Common Stock,Industrials,Construction/Ag Equipment/Trucks,6615684000.0,,114300000.0,United States
TFC,Truist Financial Corporation Common Stock,Finance,Major Banks,59187788809.0,,1221626188.008256,United States
TFII,TFI International Inc. Common Shares,Industrials,Trucking Freight/Courier Services,10350190604.0,,82190031.00134996,Canada
TFIN,Triumph Financial Inc. Common Stock,Finance,Major Banks,1505355831.0,,23894537.0,United States
TFPM,Triple Flag Precious Metals Corp. Common Shares,Industrials,Precious Metals,6791070587.0,2022.0,206603911.986614,Canada
TFSL,TFS Financial Corporation Common Stock,Finance,Savings Institutions,4714242712.0,2007.0,280442755.0267698,United States
TFX,Teleflex Incorporated Common Stock,Health Care,Medical/Dental Instruments,5321549339.0,,42372396.99816864,United States
TG,Tredegar Corporation Common Stock,Industrials,Metal Fabrications,238668640.0,,34944163.98243045,United States
TGB,Trekor Metals Limited Common Shares,Basic Materials,Precious Metals,3067275405.0,,366023318.019093,Canada
TGE,The Generation Essentials Group Class A Ordinary Shares,Consumer Discretionary,Newspapers/Magazines,42403804.0,2025.0,48745607.54109668,
TGEN,Tecogen Inc. Common Stock,Industrials,Industrial Machinery/Components,93884126.0,2025.0,30187821.86495177,United States
TGHL,The GrowHub Limited Class A Ordinary Shares,Technology,EDP Services,20558626.0,2025.0,25299810.4848634,Singapore
TGL,Treasure Global Inc. Common Stock,Consumer Discretionary,Business Services,4320179.0,2022.0,1954832.1266968327,United States
TGLS,Tecnoglass Holdings Inc. Common Stock,Consumer Discretionary,Electronic Components,1608660976.0,2022.0,44364615.99558742,Colombia
TGS,Transportadora de Gas del Sur SA TGS Common Stock,Utilities,Natural Gas Distribution,4387091458.0,,150552212.01098147,Argentina
TGT,Target Corporation Common Stock,Consumer Discretionary,Department/Specialty Retail Stores,72610247315.0,,454296736.0007508,United States
TGTX,TG Therapeutics Inc. Common Stock,Health Care,Biotechnology: Pharmaceutical Preparations,8643809423.0,,153069053.00159377,United States
TH,Target Hospitality Corp. Common Stock,Consumer Discretionary,Hotels/Resorts,2068182261.0,2018.0,99623422.9768786,United States
THC,Tenet Healthcare Corporation Common Stock,Health Care,Hospital/Nursing Management,21087926100.0,,80519000.0,United States
THCH,TH International Limited Ordinary shares,Consumer Discretionary,Restaurants,45876143.0,,33243581.884057973,China
THFF,First Financial Corporation Common Stock,Finance,Major Banks,916746263.0,,11891896.004669866,United States
THG,Hanover Insurance Group Inc,Finance,Property-Casualty Insurers,7979750047.0,,34820221.00187634,United States
THH,TryHard Holdings Limited Ordinary Shares,Consumer Discretionary,Services-Misc. Amusement & Recreation,7661580.0,2025.0,5004624.730550657,Japan
THM,International Tower Hill Mines Ltd. Ordinary Shares (Canada),Basic Materials,Metal Mining,635779059.0,,261637472.83950612,Canada
THO,Thor Industries Inc. Common Stock,Industrials,Homebuilding,3583629557.0,,52057372.99535154,United States
THRM,Gentherm Inc Common Stock,Consumer Discretionary,Auto Parts:O.E.M.,1156362238.0,,30705316.99415826,United States
THRY,Thryv Holdings Inc. Common Stock,Consumer Discretionary,Advertising,82212355.0,,44439110.81081081,United States
TIC,TIC Solutions Inc. Common Stock,Consumer Discretionary,Business Services,1963983204.0,2025.0,218220356.0,United States
TIGO,Millicom International Cellular S.A. Common Stock,Telecommunications,Telecommunications Equipment,16031981927.0,,167540828.9998955,Luxembourg
TII,Titan Mining Corporation Common Shares,,,290012355.0,2025.0,98980325.93856657,
TIL,Instil Bio Inc. Common Stock,Health Care,Biotechnology: Biological Products (No Diagnostic Substances),48898047.0,2021.0,6781976.00554785,United States
TILE,Interface Inc. Common Stock,Consumer Discretionary,Home Furnishings,1987179815.0,,57800460.00581733,United States
TIPT,Tiptree Inc. Common Stock,Finance,Property-Casualty Insurers,653184198.0,,37239692.01824401,United States
TISI,Team Inc. Common Stock,Consumer Discretionary,Other Consumer Services,125809087.0,,4583208.998178506,United States
TITN,Titan Machinery Inc. Common Stock,Consumer Discretionary,Other Specialty Stores,564789528.0,2007.0,23532897.0,United States
TJGC,TJGC Group Limited Class A Ordinary Shares,Consumer Discretionary,Advertising,111201253.0,2025.0,10100022.9791099,Hong Kong
TJX,TJX Companies Inc. (The) Common Stock,Consumer Discretionary,Clothing/Shoe/Accessory Stores,139201717420.0,,1099974061.003556,United States
TK,Teekay Corporation Ltd. Common Stock,Consumer Discretionary,Marine Transportation,1273041064.0,,86778531.97000682,Bermuda
TKC,Turkcell Iletisim Hizmetleri AS Common Stock,Telecommunications,Telecommunications Equipment,4488000000.0,,880000000.0000001,Turkey
TKNO,Alpha Teknova Inc. Common Stock,Health Care,Biotechnology: In Vitro & In Vivo Diagnostic Substances,399977433.0,2021.0,53688246.04026846,United States
TKO,TKO Group Holdings Inc. Class A Common Stock,Consumer Discretionary,Services-Misc. Amusement & Recreation,35828756671.0,2023.0,189269713.00052825,United States
TKR,Timken Company (The) Common Stock,Industrials,Metal Fabrications,8078625491.0,,69296839.00325957,United States
TLF,Tandy Leather Factory Inc. Common Stock,Consumer Discretionary,Apparel,21708999.0,,8192075.094339623,United States
TLIH,Ten-League International Holdings Limited Ordinary Shares,Consumer Discretionary,Industrial Specialties,17054523.0,2025.0,2940435.0,Singapore
TLK,PT Telekomunikasi Indonesia Tbk,Telecommunications,Telecommunications Equipment,14106459644.0,,990622166.011236,Indonesia
TLN,Talen Energy Corporation Common Stock,Utilities,Electric Utilities: Central,14053731307.0,,47914258.999011286,United States
TLNC,Talon Capital Corp. Class A Ordinary Shares,Finance,Blank Checks,0.0,2025.0,0.0,United States
TLPH,Talphera Inc. Common Stock,Health Care,Biotechnology: Pharmaceutical Preparations,60729781.0,2011.0,51905795.72649573,United States
TLRY,Tilray Brands Inc. Common Stock,Health Care, Medicinal Chemicals and Botanical Products ,536642101.0,2018.0,136203578.93401015,United States
TLS,Telos Corporation Common Stock,Technology,EDP Services,312399778.0,2020.0,74736788.99521531,United States
TLSA,Tiziana Life Sciences Ltd. Common Shares,Health Care,Biotechnology: Pharmaceutical Preparations,123441357.0,2018.0,127259130.92783506,United Kingdom
TLSI,TriSalus Life Sciences Inc. Common Stock,Health Care,Medical Specialities,301715540.0,2021.0,61574599.99999999,United States
TLYS,Tilly's Inc. Common Stock,Consumer Discretionary,Clothing/Shoe/Accessory Stores,130301749.0,2012.0,30587265.02347418,United States
TM,Toyota Motor Corporation Common Stock,Industrials,Auto Manufacturing,252740974830.0,,1303393196.9986076,Japan
TMC,TMC the metals company Inc. Common Stock,Basic Materials,Metal Mining,1649846703.0,,441135482.0855615,Canada
TMCI,Treace Medical Concepts Inc. Common Stock,Health Care,Medical/Dental Instruments,294606521.0,2021.0,65034552.09713024,United States
TMCR,The Metals Royalty Company Inc. Common Stock,Basic Materials,Precious Metals,296330032.0,,63048942.9787234,Canada
TMDE,TMD Energy Limited Ordinary Shares,Energy,Oil Refining/Marketing,16658099.0,2025.0,23565000.707313623,
TMDX,TransMedics Group Inc. Common Stock,Health Care,Biotechnology: Electromedical & Electrotherapeutic Apparatus,3004948066.0,2019.0,34675145.00346181,United States
TMO,Thermo Fisher Scientific Inc Common Stock,Industrials,Industrial Machinery/Components,243412033320.0,,369747286.0007291,United States
TMP,Tompkins Financial Corporation Common Stock,Finance,Major Banks,1410243835.0,1997.0,14382904.99745028,United States
TMQ,Trilogy Metals Inc. Common Stock,Basic Materials,Precious Metals,559695870.0,,172745638.88888887,Canada
TMS,Teamshares Inc. Common Stock,,,545087818.0,2025.0,73660515.94594595,United States
TMUS,T-Mobile US Inc. Common Stock,Telecommunications,Telecommunications Equipment,178546189984.0,,1072671613.0009012,United States
TNC,Tennant Company Common Stock,Industrials,Industrial Machinery/Components,1135654073.0,,17049303.00255217,United States
TNDM,Tandem Diabetes Care Inc. Common Stock,Health Care,Medical/Dental Instruments,1198841122.0,2013.0,69578707.02263494,United States
TNET,TriNet Group Inc. Common Stock,Consumer Discretionary,Business Services,3105455526.0,2014.0,45904738.004434586,United States
TNGX,Tango Therapeutics Inc.,Health Care,Biotechnology: Pharmaceutical Preparations,3960657521.0,2020.0,168610367.00723714,United States
TNK,Teekay Tankers Ltd.,Consumer Discretionary,Marine Transportation,3492793764.0,2007.0,34643858.004364215,Bermuda
TNL,Travel   Leisure Co. Common  Stock,Consumer Discretionary,Hotels/Resorts,3901157748.0,,61204232.0050204,United States
TNMG,TNL Mediagene Ordinary Shares,Consumer Discretionary,Advertising,2045941.0,,760572.8624535316,Taiwan
TNON,Tenon Medical Inc. Common Stock,Health Care,Medical/Dental Instruments,4336828.0,2022.0,1032578.0952380951,United States
TNXP,Tonix Pharmaceuticals Holding Corp. Common Stock,Health Care,Biotechnology: Pharmaceutical Preparations,195864694.0,,17151023.992994744,United States
TNYA,Tenaya Therapeutics Inc. Common Stock,Health Care,Biotechnology: Biological Products (No Diagnostic Substances),150727414.0,2021.0,224230011.90121987,United States
TOL,Toll Brothers Inc. Common Stock,Consumer Discretionary,Homebuilding,12377185040.0,,92147000.0,United States
TOMZ,TOMI Environmental Solutions Inc. Common Stock,Industrials,Major Chemicals,15472254.0,,9792565.82278481,United States
TONT,Graf Global Corp. Class A ordinary shares,,,0.0,2024.0,0.0,
TONX,TON Strategy Company Common Stock,Finance,Finance: Consumer Services,170723166.0,,55071989.03225806,United States
TOON,Kartoon Studios Inc. Common Stock,Consumer Discretionary,Movies/Entertainment,35711377.0,,62204105.55652325,United States
TOP,TOP Financial Group Limited Class A Ordinary Shares,Finance,Investment Bankers/Brokers/Service,1910723798.0,2022.0,125705513.0263158,Hong Kong
TOPP,Toppoint Holdings Inc. Common Stock,Industrials,Trucking Freight/Courier Services,3897660.0,2025.0,24700000.0,
TOPS,TOP Ships Inc. Common Stock,Consumer Discretionary,Marine Transportation,4023252.0,,5541669.421487603,Greece
TORO,Toro Corp. Common Stock,Consumer Discretionary,Marine Transportation,214267846.0,,34559330.0,Cyprus
TOST,Toast Inc. Class A Common Stock,Technology,EDP Services,17715700000.0,2021.0,578000000.0,United States
TOVX,Theriva Biologics Inc. Common Stock,Health Care,Biotechnology: Pharmaceutical Preparations,11106026.0,,45892669.42148761,United States
TOWN,TowneBank Common Stock,Finance,Major Banks,2768302943.0,,74617330.0,United States
TOYO,TOYO Co. Ltd Ordinary Shares,Consumer Discretionary,Miscellaneous manufacturing industries,165291220.0,,38173491.91685912,Japan
TP,Ticketplus Ltd. Ordinary Shares,Consumer Discretionary,Services-Misc. Amusement & Recreation,106823043.0,2026.0,12777875.9569378,
TPB,Turning Point Brands Inc. Common Stock,Consumer Discretionary,Tobacco,1375556538.0,2016.0,20048921.993878443,United States
TPC,Tutor Perini Corporation Common Stock,Consumer Discretionary,General Bldg Contractors - Nonresidential Bldgs,4503596253.0,1970.0,52569116.99544765,United States
TPCS,TechPrecision Corporation Common stock,Industrials,Metal Fabrications,54820942.0,,10133260.99815157,United States
TPET,Trio Petroleum Corp. Common Stock,Energy,Oil & Gas Production,10062184.0,2023.0,5323906.878306879,
TPG,TPG Inc. Class A Common Stock,Finance,Investment Managers,17467405365.0,2022.0,377918766.0103851,United States
TPL,Texas Pacific Land Corporation Common Stock,Energy,Oil & Gas Production,23948009938.0,,68974683.00115208,United States
TPR,Tapestry Inc. Common Stock,Consumer Discretionary,Apparel,23137410315.0,,199391677.99896583,United States
TPST,Tempest Therapeutics Inc. Common Stock,Health Care,Biotechnology: Pharmaceutical Preparations,14803091.0,,16539766.480446927,United States
TPVG,TriplePoint Venture Growth BDC Corp. Common Stock,Consumer Discretionary,Other Consumer Services,201513129.0,2014.0,40709723.03030303,United States
TR,Tootsie Roll Industries Inc. Common Stock,Consumer Staples,Specialty Foods,2829450413.0,,75071647.99681614,United States
TRAK,ReposiTrak Inc. Common Stock,Technology,EDP Services,154293567.0,,18173565.017667845,United States
TRAW,Traws Pharma Inc. Common Stock,Health Care,Biotechnology: Pharmaceutical Preparations,8229712.0,2013.0,15368276.377217554,United States
TRAX,First Tracks Biotherapeutics Inc. Ordinary Shares,Health Care,Biotechnology: Pharmaceutical Preparations,1400649046.0,,35730843.01020408,United States
TRBG,TurboGen Ltd. Ordinary Shares,Utilities,Power Generation,98514681.0,,25455989.92248062,Israel
TRC,Tejon Ranch Co Common Stock,Finance,Real Estate,432613318.0,2000.0,27021443.972517174,United States
TRDA,Entrada Therapeutics Inc. Common Stock,Health Care,Biotechnology: Pharmaceutical Preparations,268663016.0,2021.0,38936668.98550724,United States
TREE,LendingTree Inc. Common Stock,Finance,Finance: Consumer Services,365309377.0,,14039560.991544966,United States
TREO,Tactical Resources Corp. Common Shares,Basic Materials,Metal Mining,54448136.0,,13612034.0,Canada
TREX,Trex Company Inc. Common Stock,Basic Materials,Forest Products,4421967898.0,,101865190.00230365,United States
TRGP,Targa Resources Inc. Common Stock,Utilities,Natural Gas Distribution,61127851156.0,2010.0,214431020.99835128,United States
TRI,Thomson Reuters Corporation Common Shares,Consumer Discretionary,Publishing,43094736000.0,,433200000.0,United States
TRIN,Trinity Capital Inc. Common Stock,Finance,Finance: Consumer Services,1705431268.0,,94693574.0144364,United States
TRIP,TripAdvisor Inc. Common Stock,Technology,Computer Software: Programming Data Processing,1039558164.0,,117199342.0518602,United States
TRLV,Trulieve Cannabis Corp. Subordinate Voting Shares,Health Care, Medicinal Chemicals and Botanical Products ,2243385768.0,,192565301.9742489,
TRMB,Trimble Inc. Common Stock,Industrials,Industrial Machinery/Components,13368200686.0,1990.0,233179848.00279087,United States
TRMD,TORM plc Class A Common Stock,Consumer Discretionary,Marine Transportation,3712647313.0,,101355373.000273,United Kingdom
TRMK,Trustmark Corporation Common Stock,Finance,Major Banks,2714218769.0,,58070577.00042789,United States
TRN,Trinity Industries Inc. Common Stock,Industrials,Railroads,2262613402.0,,79669485.9859155,United States
TRNO,Terreno Realty Corporation Common Stock,Finance,Real Estate,7217103631.0,2010.0,108970309.99547032,United States
TRNR,Interactive Strength Inc. Common Stock,Technology,Consumer Electronics/Appliances,4470378.0,2023.0,1619702.1739130437,United States
TRNS,Transcat Inc. Common Stock,Industrials,Electrical Products,800633712.0,,9388293.996247657,United States
TRON,Tron Inc. Common Stock,Finance,Finance: Consumer Services,678366352.0,2023.0,474382064.33566433,United States
TROO,TROOPS Inc. Ordinary Shares,Finance,Diversified Financial Services,261422755.0,,122160165.88785046,China
TROW,T. Rowe Price Group Inc. Common Stock,Finance,Investment Managers,21937402014.0,1986.0,213315850.0,United States
TROX,Tronox Holdings plc Ordinary Shares (UK),Basic Materials,Major Chemicals,681919124.0,,159700029.03981265,United States
TRP,TC Energy Corporation Common Stock,Utilities,Natural Gas Distribution,61650000000.0,,1000000000.0,Canada
TRS,TriMas Corporation Common Stock,Industrials,Industrial Specialties,1384731498.0,2007.0,35873873.00518134,United States
TRSG,Tungray Technologies Inc Class A Ordinary Shares,Industrials,Industrial Machinery/Components,24840944.0,2024.0,16353485.187623436,Singapore
TRST,TrustCo Bank Corp NY Common Stock,Finance,Major Banks,958150930.0,,17027740.003554292,United States
TRT,Trio-Tech International Common Stock,Technology,Industrial Machinery/Components,115651582.0,,10298448.975957258,Singapore
TRTX,TPG RE Finance Trust Inc. Common Stock,Real Estate,Real Estate Investment Trusts,559646076.0,2017.0,76769009.05349794,United States
TRU,TransUnion Common Stock,Finance,Finance: Consumer Services,14007876000.0,2015.0,191600000.0,United States
TRUG,TruGolf Holdings Inc. Class A Common Stock,Consumer Discretionary,Recreational Games/Products/Toys,1770261.0,2021.0,4612457.008858781,United States
TRUP,Trupanion Inc. Common Stock,Health Care,Medical Specialities,1124455020.0,,43872611.00273117,United States
TRV,The Travelers Companies Inc. Common Stock,Finance,Property-Casualty Insurers,79152135099.0,,208575022.0005797,United States
TRVI,Trevi Therapeutics Inc. Common Stock,Health Care,Biotechnology: Pharmaceutical Preparations,2167057542.0,2019.0,142475841.02564102,United States
TRX,TRX Gold Corporation Common Stock,Basic Materials,Precious Metals,412617251.0,,327474008.73015875,Canada
TSAT,Telesat Corporation Class A Common Shares and Class B Variable Voting Shares,Industrials,Metal Fabrications,1868284273.0,,36158007.99303271,Canada
TSBK,Timberland Bancorp Inc. Common Stock,Finance,Banks,361724075.0,,7775667.992261392,United States
TSCO,Tractor Supply Company Common Stock,Consumer Discretionary,RETAIL: Building Materials,17100537296.0,1994.0,521040136.9896405,United States
TSEM,Tower Semiconductor Ltd. Ordinary Shares,Technology,Semiconductors,24780916440.0,1994.0,113031000.0,Israel
TSHA,Taysha Gene Therapies Inc. Common Stock,Health Care,Biotechnology: Biological Products (No Diagnostic Substances),1681301092.0,2020.0,325833544.9612403,United States
TSLA,Tesla Inc. Common Stock,Industrials,Auto Manufacturing,1446324255683.0,2010.0,3949547394.0005465,United States
TSLX,Sixth Street Specialty Lending Inc. Common Stock,Finance,Investment Managers,1734291698.0,2014.0,95343138.97746012,
TSM,Taiwan Semiconductor Manufacturing Company Ltd.,Technology,Semiconductors,2231545599995.0,1997.0,5186504903.999908,Taiwan
TSN,Tyson Foods Inc. Common Stock,Consumer Staples,Meat/Poultry/Fish,18385147017.0,,351801511.9977038,United States
TSQ,Townsquare Media Inc. Class A Common Stock,Consumer Discretionary,Broadcasting,94075257.0,2014.0,18231638.95348837,United States
TSSI,TSS Inc. Common Stock,Consumer Discretionary,Professional Services,243248383.0,,28219069.95359629,United States
TT,Trane Technologies plc,Industrials,Auto Parts:O.E.M.,93142411519.0,,220023176.99903148,Ireland
TTAM,Titan America SA Common Shares,Industrials,Mining & Quarrying of Nonmetallic Minerals (No Fuels),2546045642.0,2025.0,184362465.02534395,United States
TTAN,ServiceTitan Inc. Class A Common Stock,Technology,Computer Software: Prepackaged Software,5233383738.0,2024.0,96467903.00460827,United States
TTC,Toro Company (The) Common Stock,Consumer Discretionary,Tools/Hardware,8727016818.0,,94663378.0019525,United States
TTD,The Trade Desk Inc. Class A Common Stock,Technology,Computer Software: Programming Data Processing,6700491566.0,2016.0,469880193.96914446,United States
TTE,TotalEnergies SE Ordinary Shares,Energy,Oil & Gas Production,199836722628.0,,2181861803.9960694,France
TTEC,TTEC Holdings Inc. Common Stock,Consumer Discretionary,Professional Services,59648087.0,1996.0,49295939.66942149,United States
TTEK,Tetra Tech Inc. Common Stock,Consumer Discretionary,Military/Government/Technical,9245764295.0,1991.0,256044427.99778453,United States
TTGT,TechTarget Inc. Common Stock,Telecommunications,Telecommunications Equipment,277757414.0,,72332659.89583334,United States
TTI,Tetra Technologies Inc. Common Stock,Energy,Oil & Gas Production,910647591.0,,148072779.02439022,United States
TTMI,TTM Technologies Inc. Common Stock,Technology,Electrical Products,12090889121.0,2000.0,105348863.99756034,United States
TTRX,Turn Therapeutics Inc. Common Stock,Health Care,Biotechnology: Pharmaceutical Preparations,411670713.0,,29788040.01447178,United States
TTWO,Take-Two Interactive Software Inc. Common Stock,Technology,Computer Software: Prepackaged Software,39381820905.0,1997.0,186980443.00161427,United States
TU,Telus Corporation Ordinary Shares,Telecommunications,Telecommunications Equipment,14157990000.0,,1589000000.0,Canada
TULP,Bloomia Holdings Inc. Common Stock,Consumer Staples,Farming/Seeds/Milling,16894852.0,,4772557.062146893,United States
TUSK,Mammoth Energy Services Inc. Common Stock,Energy,Oilfield Services/Equipment,154970824.0,2016.0,48127585.0931677,United States
TV,Grupo Televisa S.A.B. Common Stock,Industrials,Broadcasting,1444162824.0,1993.0,617163600.0,Mexico
TVC,Tennessee Valley Authority Common Stock,Utilities,Electric Utilities: Central,0.0,,0.0,United States
TVE,Tennessee Valley Authority,Utilities,Electric Utilities: Central,0.0,,0.0,United States
TVGN,Tevogen Inc. Common Stock,Health Care,Biotechnology: Biological Products (No Diagnostic Substances),50203973.0,2022.0,6511539.948119326,United States
TVRD,Tvardi Therapeutics Inc. Common Stock,Health Care,Biotechnology: Pharmaceutical Preparations,21609088.0,2014.0,13338943.209876545,United States
TVTX,Travere Therapeutics Inc. Common Stock,Health Care,Biotechnology: Pharmaceutical Preparations,6102462449.0,,94261082.00494283,United States
TW,Tradeweb Markets Inc. Class A Common Stock,Finance,Investment Bankers/Brokers/Service,23884924420.0,2019.0,234028262.00274348,United States
TWAV,TaoWeave Inc. Common Stock,Technology,Computer Software: Programming Data Processing,5001613.0,,3877219.379844961,United States
TWFG,TWFG Inc. Class A Common Stock,Finance,Specialty Insurers,1474532940.0,2024.0,54051793.98826979,United States
TWG,Top Wealth Group Holding Limited Class A Ordinary Shares,Consumer Staples,Packaged Foods,21747954.0,2024.0,62746549.33641084,Hong Kong
TWI,Titan International Inc. (DE) Common Stock,Industrials,Steel/Iron Ore,461477817.0,,64542352.02797203,United States
TWIN,Twin Disc Incorporated Common Stock,Industrials,Industrial Machinery/Components,359111225.0,,14538915.991902834,United States
TWLO,Twilio Inc. Class A Common Stock,Technology,Computer Software: Prepackaged Software,37816362173.0,2016.0,153575220.0008122,United States
TWLV,Twelve Seas Investment Company III Class A Ordinary Shares,Finance,Blank Checks,0.0,2026.0,0.0,United States
TWST,Twist Bioscience Corporation Common Stock,Health Care,Biotechnology: Biological Products (No Diagnostic Substances),10313810627.0,2018.0,66301173.99717151,United States
TXG,10x Genomics Inc. Class A Common Stock,Industrials,Biotechnology: Laboratory Analytical Instruments,10028511201.0,2019.0,130291168.00051968,United States
TXMD,TherapeuticsMD Inc. Common Stock,Health Care,Biotechnology: Pharmaceutical Preparations,25232109.0,,11574361.926605504,United States
TXN,Texas Instruments Incorporated Common Stock,Technology,Semiconductors,235745757664.0,,913247685.9998451,United States
TXNM,TXNM Energy Inc. Common Stock,Utilities,Electric Utilities: Central,6452268103.0,,110125757.00631508,United States
TXRH,Texas Roadhouse Inc. Common Stock,Consumer Discretionary,Restaurants,10948250048.0,2004.0,65640926.00275796,United States
TXT,Textron Inc. Common Stock,Industrials,Aerospace,13915461454.0,,171986916.99419108,United States
TY,Tri Continental Corporation Common Stock,Finance,Finance Companies,1880542351.0,,54350935.0,United States
TYG,Tortoise Energy Infrastructure Corporation Common Stock,Finance,Investment Managers,503357507.0,2004.0,11927903.009478671,United States
TYGO,Tigo Energy Inc. Common Stock,Technology,Semiconductors,75729589.0,2021.0,76773711.4760746,United States
TYL,Tyler Technologies Inc. Common Stock,Technology,Computer Software: Prepackaged Software,13988068230.0,,40952273.99947302,United States
TYRA,Tyra Biosciences Inc. Common Stock,Health Care,Biotechnology: Pharmaceutical Preparations,1679707590.0,2021.0,68755939.00941466,United States
TZOO,Travelzoo Common Stock,Consumer Discretionary,Advertising,59377601.0,,10202336.941580756,United States
U,Unity Software Inc. Common Stock,Technology,Computer Software: Prepackaged Software,18413320957.0,2020.0,440088933.0066921,United States
UA,Under Armour Inc. Class C Common Stock,Consumer Discretionary,Apparel,2079000418.0,2016.0,429545540.9090909,United States
UAA,Under Armour Inc. Class A Common Stock,Consumer Discretionary,Apparel,2134841339.0,,429545541.0462777,United States
UAL,United Airlines Holdings Inc. Common Stock,Consumer Discretionary,Air Freight/Delivery Services,34938197218.0,,324583771.9992568,United States
UAMY,United States Antimony Corporation Common Stock,Industrials,Metal Fabrications,689975860.0,,149669383.94793925,United States
UAVS,AgEagle Aerial Systems Inc. Common Stock,Industrials,Aerospace,62578596.0,,62905705.6694813,United States
UBCP,United Bancorp Inc. Common Stock,Finance,Major Banks,90334409.0,,5735518.031746032,United States
UBER,Uber Technologies Inc. Common Stock,Consumer Discretionary,Business Services,144756235775.0,2019.0,2042560120.99619,United States
UBS,UBS Group AG Registered Ordinary Shares,Finance,Major Banks,157095892811.0,2014.0,3103435259.008297,Switzerland
UBSI,United Bankshares Inc. Common Stock,Finance,Major Banks,6404715088.0,,136212570.99106762,United States
UCAR,U Power Limited Class A Ordinary Shares,Miscellaneous,Industrial Machinery/Components,7898474.0,2023.0,1774937.97752809,China
UCB,United Community Banks Inc. Common Stock,Finance,Major Banks,4176735424.0,2024.0,120575503.00230949,United States
UCTT,Ultra Clean Holdings Inc. Common Stock,Technology,Semiconductors,3058010539.0,2004.0,45277029.00503405,United States
UDR,UDR Inc. Common Stock,Real Estate,Real Estate Investment Trusts,10990449035.0,,321264222.01110786,United States
UE,Urban Edge Properties Common Shares of Beneficial Interest,Finance,Real Estate,2536251322.0,2015.0,126244466.00298657,United States
UEC,Uranium Energy Corp. Common Stock,Basic Materials,Other Metals and Minerals,5008108344.0,,494872366.0079052,Canada
UEIC,Universal Electronics Inc. Common Stock,Consumer Staples,Consumer Electronics/Appliances,68806231.0,1993.0,12885061.985018726,United States
UFCS,United Fire Group Inc. Common Stock,Finance,Property-Casualty Insurers,1395805338.0,,25705439.005524863,United States
UFG,Uni-Fuels Holdings Limited Class A Ordinary Shares,Energy,Oil Refining/Marketing,18173907.0,2025.0,32465000.000000004,Singapore
UFI,Unifi Inc. New Common Stock,Consumer Discretionary,Textiles,123801654.0,,18588836.936936937,United States
UFPI,UFP Industries Inc. Common Stock,Basic Materials,Forest Products,4371548162.0,1993.0,55161491.003154576,United States
UFPT,UFP Technologies Inc. Common Stock,Health Care,Medical/Dental Instruments,2133268024.0,1993.0,7745790.000363095,United States
UG,United-Guardian Inc. Common Stock,Consumer Discretionary,Package Goods/Cosmetics,33216926.0,,4594318.948824342,United States
UGI,UGI Corporation Common Stock,Utilities,Natural Gas Distribution,8185127941.0,,214494967.00733757,United States
UHAL,U-Haul Holding Company Common Stock,Consumer Discretionary,Rental/Leasing Companies,12474230574.0,2022.0,194393494.99766245,United States
UHS,Universal Health Services Inc. Common Stock,Health Care,Hospital/Nursing Management,10652775086.0,,58936514.99861688,United States
UHT,Universal Health Realty Income Trust Common Stock,Real Estate,Real Estate Investment Trusts,564286570.0,,13898683.990147782,United States
UI,Ubiquiti Inc. Common Stock,Technology,Radio And Television Broadcasting And Communications Equipment,36101547564.0,,60528381.00060358,United States
UIS,Unisys Corporation New Common Stock,Technology,EDP Services,180831568.0,,72915954.83870968,United States
UK,Ucommune International Ltd Class A Ordinary Shares,Consumer Discretionary,Business Services,1366071.0,2019.0,677950.8684863523,United States
ULBI,Ultralife Corporation Common Stock,Miscellaneous,Industrial Machinery/Components,92981041.0,1992.0,16663268.99641577,United States
ULCC,Frontier Group Holdings Inc. Common Stock,Consumer Discretionary,Air Freight/Delivery Services,1353668733.0,2021.0,230215770.91836736,United States
ULH,Universal Logistics Holdings Inc. Common Stock,Industrials,Trucking Freight/Courier Services,475675202.0,2005.0,26367804.988913525,United States
ULS,UL Solutions Inc. Class A Common Stock,Health Care,Precision Instruments,13006280305.0,2024.0,201898173.00527787,United States
ULTA,Ulta Beauty Inc. Common Stock,Consumer Discretionary,Other Specialty Stores,23248519707.0,2007.0,42757471.000312656,United States
UMAC,Unusual Machines Inc. Common Stock,Technology,Radio And Television Broadcasting And Communications Equipment,1192961339.0,2024.0,49956504.98324958,United States
UMBF,UMB Financial Corporation Common Stock,Finance,Major Banks,10235026043.0,,75950030.00148413,United States
UMC,United Microelectronics Corporation (NEW) Common Stock,Technology,Semiconductors,61606437152.0,,2517631268.982428,Taiwan
UMH,UMH Properties Inc. Common Stock,Real Estate,Real Estate Investment Trusts,1355069472.0,1994.0,85385600.0,United States
UNB,Union Bankshares Inc. Common Stock,Finance,Major Banks,118601915.0,,4945868.01501251,United States
UNCY,Unicycive Therapeutics Inc. Common Stock,Health Care,Biotechnology: Pharmaceutical Preparations,132869576.0,2021.0,27855257.0230608,United States
UNF,Unifirst Corporation Common Stock,Consumer Discretionary,Other Consumer Services,4724671038.0,,18084173.00007655,United States
UNFI,United Natural Foods Inc. Common Stock,Consumer Discretionary,Food Distributors,2792680989.0,2019.0,60317083.99568035,United States
UNH,UnitedHealth Group Incorporated Common Stock (DE),Health Care,Medical Specialities,336786562543.0,,897594847.0003465,United States
UNIT,Uniti Group Inc. Common Stock,Real Estate,Real Estate Investment Trusts,2339870301.0,,242725134.9585062,United States
UNM,Unum Group Common Stock,Finance,Accident &Health Insurance,15137296025.0,,158306798.00250992,United States
UNP,Union Pacific Corporation Common Stock,Industrials,Railroads,167814446675.0,,594075497.9998584,United States
UNTY,Unity Bancorp Inc. Common Stock,Finance,Major Banks,590503586.0,,10042577.99319728,United States
UONE,Urban One Inc. Class A Common Stock,Consumer Discretionary,Broadcasting,19475148.0,,4614963.981042654,United States
UONEK,Urban One Inc. Class D Common Stock,Consumer Discretionary,Broadcasting,19613597.0,,4614964.0,United States
UP,Wheels Up Experience Inc. Class A Common Stock,Consumer Discretionary,Transportation Services,128416477.0,2020.0,36275840.960451975,Singapore
UPB,Upstream Bio Inc. Common Stock,Health Care,Biotechnology: Pharmaceutical Preparations,290834228.0,2024.0,54771041.05461394,United States
UPBD,Upbound Group Inc. Common Stock,Consumer Discretionary,Diversified Commercial Services,1029567492.0,,58299404.98301246,United States
UPC,Universe Pharmaceuticals Inc. Class A Ordinary Shares,Health Care,Biotechnology: Pharmaceutical Preparations,23865853.0,2021.0,5024390.105263158,China
UPLD,Upland Software Inc. Common Stock,Technology,Computer Software: Prepackaged Software,11252112.0,2014.0,2957191.064388962,United States
UPS,United Parcel Service Inc. Common Stock,Industrials,Trucking Freight/Courier Services,85222791069.0,1999.0,850781582.000599,United States
UPST,Upstart Holdings Inc. Common stock,Finance,Finance: Consumer Services,2410444149.0,2020.0,97313045.983044,United States
UPWK,Upwork Inc. Common Stock,Technology,EDP Services,1063552153.0,2018.0,124903365.002936,United States
UPXI,Upexi Inc. Common Stock,Finance,Finance: Consumer Services,77492238.0,2021.0,73452358.29383887,United States
URBN,Urban Outfitters Inc. Common Stock,Consumer Discretionary,Clothing/Shoe/Accessory Stores,6496468127.0,1993.0,85660180.99947257,United States
URG,Ur Energy Inc Common Shares (Canada),Basic Materials,Precious Metals,485393738.0,,397863719.6721312,Canada
URGN,UroGen Pharma Ltd. Ordinary Shares,Health Care,Biotechnology: Pharmaceutical Preparations,2148300788.0,2017.0,48880564.00455062,Israel
URI,United Rentals Inc. Common Stock,Consumer Discretionary,Diversified Commercial Services,62399962497.0,1997.0,62242488.99983043,United States
UROY,Uranium Royalty Corp. Common Stock,Finance,Investment Bankers/Brokers/Service,1689903591.0,,377210622.9910714,Canada
USAR,USA Rare Earth Inc. Class A Common Stock,Basic Materials,Metal Mining,5862446742.0,2023.0,375076566.9865643,United States
USAS,Americas Gold and Silver Corporation Common Shares no par value,Basic Materials,Metal Mining,1711077527.0,2017.0,338157614.03162056,Canada
USAU,U.S. Gold Corp. Common Stock,Basic Materials,Metal Mining,251731537.0,,16528662.967826655,United States
USB,U.S. Bancorp Common Stock,Finance,Major Banks,93872599622.0,,1558051446.0082989,United States
USBC,USBC Inc. Common Stock,Finance,Finance: Consumer Services,182466696.0,,388144428.8449266,United States
USCB,USCB Financial Holdings Inc. Class A Common Stock,Finance,Major Banks,428422959.0,2021.0,18474469.98706339,United States
USDE,StablecoinX Inc. Class A Common Stock,Finance,Finance: Consumer Services,209612765.0,,27187129.05317769,United States
USEA,United Maritime Corporation Common Stock,Consumer Discretionary,Marine Transportation,29377468.0,,9538138.96103896,Greece
USFD,US Foods Holding Corp. Common Stock,Consumer Discretionary,Food Distributors,19937039432.0,2016.0,216330723.00347224,United States
USGO,U.S. GoldMining Inc. Common stock,Basic Materials,Precious Metals,107513738.0,2023.0,14035736.031331591,United States
USIO,Usio Inc. Common Stock,Finance,Investment Bankers/Brokers/Service,64684590.0,,28495414.0969163,United States
USLM,United States Lime & Minerals Inc. Common Stock,Industrials,Mining & Quarrying of Nonmetallic Minerals (No Fuels),3282809378.0,,28688362.99921349,United States
USNA,USANA Health Sciences Inc. Common Stock,Health Care, Medicinal Chemicals and Botanical Products ,264953498.0,,18476534.0306834,United States
USPH,U.S. Physical Therapy Inc. Common Stock,Health Care,Medical/Nursing Services,1239777750.0,1992.0,14922698.001925854,United States
UTHR,United Therapeutics Corporation Common Stock,Health Care,Biotechnology: Pharmaceutical Preparations,21328254411.0,1999.0,42890692.00032176,United States
UTI,Universal Technical Institute Inc Common Stock,Real Estate,Other Consumer Services,1147082709.0,2003.0,55095230.97982709,United States
UTL,UNITIL Corporation Common Stock,Utilities,Power Generation,969279223.0,1985.0,18236673.99811853,United States
UTMD,Utah Medical Products Inc. Common Stock,Health Care,Medical/Dental Instruments,236207457.0,,3183817.99433886,United States
UTSI,UTStarcom Holdings Corp. Ordinary Shares,Telecommunications,Telecommunications Equipment,20792101.0,2000.0,9494110.0456621,China
UTZ,Utz Brands Inc Class A Common Stock,Consumer Staples,Packaged Foods,2054340780.0,2018.0,143962213.0343378,United States
UUU,Universal Safety Products Inc. Common Stock,Technology,Electronic Components,14960607.0,2003.0,3028462.955465587,United States
UUUU,Energy Fuels Inc Ordinary Shares (Canada),Industrials,Mining & Quarrying of Nonmetallic Minerals (No Fuels),2993406660.0,,249867000.0,Canada
UVE,UNIVERSAL INSURANCE HOLDINGS INC Common Stock,Finance,Property-Casualty Insurers,1235667762.0,,27830355.0,United States
UVSP,Univest Financial Corporation Common Stock,Finance,Major Banks,1173561678.0,,27580767.990599297,United States
UVV,Universal Corporation Common Stock,Industrials,Farming/Seeds/Milling,1104780033.0,,24899256.99797161,United States
UWMC,UWM Holdings Corporation Class A Common Stock,Finance,Finance: Consumer Services,2024209725.0,,1606515654.7619047,United States
UXIN,Uxin Limited ADS,Consumer Discretionary,Business Services,237578682.0,2018.0,219980261.1111111,China
UZX,Linkage Global Inc. Class A Ordinary Shares,Consumer Discretionary,Catalog/Specialty Distribution,5291055.0,2023.0,66138187.5,Japan
V,Visa Inc.,Consumer Discretionary,Business Services,660974360384.0,,1786755224.999324,United States
VABK,Virginia National Bankshares Corporation Common Stock,Finance,Major Banks,256398827.0,,5425281.993228947,United States
VAC,Marriott Vacations Worldwide Corporation Common Stock,Finance,Real Estate,3611164647.0,,34395320.00190494,United States
VAI,Valor Energy Incorporated Common Stock,Consumer Discretionary,Rental/Leasing Companies,31153026.0,2018.0,14557488.785046728,China
VAL,Valaris Limited Common Shares,Energy,Oil & Gas Production,5836079578.0,2021.0,69435806.99583581,United States
VALU,Value Line Inc. Common Stock,Finance,Investment Managers,380256432.0,1983.0,9382098.001480384,United States
VANI,Vivani Medical Inc. Common Stock (DE),Health Care,Biotechnology: Electromedical & Electrotherapeutic Apparatus,109146061.0,2014.0,90203356.1983471,United States
VATE,INNOVATE Corp. Common Stock,Industrials,Metal Fabrications,107225067.0,,13641866.030534351,United States
VBIO,Valion Bio Inc. Common Stock,Health Care,Biotechnology: Electromedical & Electrotherapeutic Apparatus,2866944.0,2021.0,1285625.1121076234,United States
VBNK,VersaBank Common Shares,Finance,Commercial Banks,760875784.0,,32419078.99446101,Canada
VC,Visteon Corporation Common Stock,Consumer Discretionary,Auto Parts:O.E.M.,2616152042.0,,26695429.0,United States
VCEL,Vericel Corporation Common Stock,Health Care,Biotechnology: Biological Products (No Diagnostic Substances),2049800758.0,,51206613.98950787,United States
VCIG,VCI Global Limited Ordinary Share,Consumer Discretionary,Diversified Commercial Services,2241698.0,2023.0,1266496.0451977402,Malaysia
VCTR,Victory Capital Holdings Inc. Class A Common Stock,Finance,Investment Managers,6410527594.0,2018.0,61509572.001535214,United States
VCV,Invesco California Value Municipal Income Trust Common Stock,Finance,Trusts Except Educational Religious and Charitable,467411524.0,,47890525.0,United States
VCYT,Veracyte Inc. Common Stock,Health Care,Medical Specialities,3261451957.0,2013.0,80390731.00813408,United States
VECO,Veeco Instruments Inc. Common Stock,Technology,Industrial Machinery/Components,2531378392.0,1994.0,61129639.9903405,United States
VEEA,Veea Inc. Common Stock,Technology,EDP Services,16580074.0,2021.0,3110708.067542214,United States
VEEE,Twin Vee PowerCats Co. Common Stock,Industrials,Marine Transportation,5115730.0,2021.0,584320.9594517418,United States
VEEV,Veeva Systems Inc. Class A Common Stock,Technology,Computer Software: Prepackaged Software,42703459188.0,2013.0,161908850.00189573,United States
VEL,Velocity Financial Inc. Common Stock,Finance,Finance: Consumer Services,634072199.0,2020.0,39481456.97384808,United States
VELO,Velo3D Inc. Common stock,Technology,Industrial Machinery/Components,344960036.0,,32149117.98695247,United States
VENU,Venu Holding Corporation Common Stock,Consumer Discretionary,Services-Misc. Amusement & Recreation,95368329.0,2024.0,58869338.88888889,United States
VEON,VEON Ltd. ADS,Telecommunications,Telecommunications Equipment,4738338828.0,,68861195.00072664,Netherlands
VERA,Vera Therapeutics Inc. Class A Common Stock,Health Care,Biotechnology: Pharmaceutical Preparations,2469610490.0,2021.0,72063334.98686898,United States
VERI,Veritone Inc. Common Stock,Technology,EDP Services,108493633.0,2017.0,100457067.59259258,United States
VERU,Veru Inc. Common Stock,Health Care,Biotechnology: Pharmaceutical Preparations,40750265.0,,17050320.083682008,United States
VERX,Vertex Inc. Class A Common Stock,Technology,Computer Software: Prepackaged Software,1995281154.0,2020.0,162217980.0,United States
VET,Vermilion Energy Inc. Common (Canada),Energy,Oil & Gas Production,1937980000.0,,153200000.0,Canada
VFC,V.F. Corporation Common Stock,Industrials,Garments and Clothing,5083229990.0,,393134569.99226606,United States
VFF,Village Farms International Inc. Common Shares,Consumer Staples,Farming/Seeds/Milling,347293083.0,,122286296.83098592,Canada
VFS,VinFast Auto Ltd. Ordinary Shares,Industrials,Auto Manufacturing,7580096672.0,,2339536009.876543,Singapore
VG,Venture Global Inc. Class A common stock,Utilities,Oil/Gas Transmission,36051338911.0,2025.0,2500092850.970874,United States
VGAS,Verde Clean Fuels Inc. Class A Common Stock,Industrials,Major Chemicals,61478477.0,2021.0,44549621.01449276,United States
VGM,Invesco Trust for Investment Grade Municipals Common Stock (DE),Finance,Trusts Except Educational Religious and Charitable,529304008.0,,54231968.03278688,United States
VGNT,Versigent PLC Ordinary Shares,Consumer Discretionary,Auto Parts:O.E.M.,3366091793.0,2026.0,70835265.00420874,United Kingdom
VGZ,Vista Gold Corp Common Stock,Basic Materials,Precious Metals,328435529.0,1986.0,145971346.2222222,United States
VHC,VirnetX Holding Corp Common Stock,Miscellaneous,Multi-Sector Companies,49461105.0,,4216632.992327366,United States
VHCP,Vine Hill Capital Investment Corp. II Class A Ordinary Shares,,,0.0,2026.0,0.0,United States
VHI,Valhi Inc. Common Stock,Basic Materials,Major Chemicals,472114287.0,,28321192.98140372,United States
VHUB,VenHub Global Inc. Common Stock,Technology,Industrial Machinery/Components,69339406.0,,97427857.24322046,United States
VIA,Via Transportation Inc. Class A Common Stock,Technology,Computer Software: Prepackaged Software,2269116266.0,2025.0,81505613.00287357,United States
VIAV,Viavi Solutions Inc. Common Stock,Technology,Semiconductors,8572089025.0,,246749828.00805983,United States
VICI,VICI Properties Inc. Common Stock,Real Estate,Real Estate Investment Trusts,26546980020.0,2018.0,1101077562.0074658,United States
VICR,Vicor Corporation Common Stock,Technology,Industrial Machinery/Components,9977035737.0,,46106731.99778178,United States
VIDA,VIDA Global Inc. Class A Common Stock,Technology,Computer Software: Prepackaged Software,26540936.0,2026.0,14582931.868131869,
VIK,Viking Holdings Ltd Ordinary Shares,Consumer Discretionary,Marine Transportation,37816029688.0,2024.0,445786038.9956384,United States
VINP,Vinci Compass Investments Ltd. Class A Common Shares,Finance,Investment Managers,609079732.0,2021.0,65422097.95918367,Brazil
VIP,Vulcan Infrastructure and Power Inc. Class A Common Stock,Finance,Finance: Consumer Services,34095319.0,,18429902.16216216,United States
VIR,Vir Biotechnology Inc. Common Stock,Health Care,Biotechnology: Biological Products (No Diagnostic Substances),1847838261.0,2019.0,169215957.96703297,United States
VIRC,Virco Manufacturing Corporation Common Stock,Consumer Discretionary,Industrial Specialties,98839120.0,,15763814.99202552,United States
VIRT,Virtu Financial Inc. Class A Common Stock,Finance,Investment Bankers/Brokers/Service,8886764998.0,,155200226.99965072,United States
VISN,Vistance Networks Inc. Common Stock,Technology,Radio And Television Broadcasting And Communications Equipment,1487540357.0,2013.0,230626411.9379845,United States
VITL,Vital Farms Inc. Common Stock,Consumer Staples,Packaged Foods,502298807.0,2020.0,42931521.96581197,United States
VIVK,Vivakor Inc. Common Stock,Utilities,Environmental Services,5319357.0,,8183626.153846154,United States
VIVO,VivoPower PLC Class A Ordinary Shares,Utilities,Power Generation,119335960.0,,31993554.959785525,United Kingdom
VIVS,VivoSim Labs Inc. Common Stock,Health Care,Biotechnology: Biological Products (No Diagnostic Substances),4297561.0,,16586495.561559243,United States
VKI,Invesco Advantage Municipal Income Trust II Common Shares of Beneficial Interest (DE),Finance,Finance Companies,378339290.0,1993.0,44406019.95305165,United States
VKQ,Invesco Municipal Trust Common Stock,Finance,Trusts Except Educational Religious and Charitable,510746803.0,,55335514.951245934,United States
VKTX,Viking Therapeutics Inc. Common Stock,Health Care,Biotechnology: Pharmaceutical Preparations,3424930230.0,2015.0,116652936.9891008,United States
VLGEA,Village Super Market Inc. Class A Common Stock,Consumer Staples,Food Chains,653690933.0,,14809491.005890349,United States
VLN,Valens Semiconductor Ltd. Ordinary Shares,Technology,Semiconductors,171627101.0,,105292700.0,
VLO,Valero Energy Corporation Common Stock,Energy,Integrated oil Companies,118778715486.0,,287927460.9992001,United States
VLT,Invesco High Income Trust II,Finance,Trusts Except Educational Religious and Charitable,0.0,1989.0,0.0,United States
VLTO,Veralto Corp Common Stock,Industrials,Electrical Products,23221316016.0,2023.0,243793344.0,United States
VLY,Valley National Bancorp Common Stock,Finance,Major Banks,7554113439.0,,552605225.9692758,United States
VMAR,Vision Marine Technologies Inc. Common Shares,Industrials,Marine Transportation,4770501.0,2020.0,653045.9958932238,Canada
VMC,Vulcan Materials Company (Holding Company) Common Stock,Industrials,Mining & Quarrying of Nonmetallic Minerals (No Fuels),31682001686.0,,129578739.002045,United States
VMD,Viemed Healthcare Inc. Common Shares,Health Care,Misc Health and Biotechnology Services,340889641.0,,38088228.04469274,United States
VMET,Versamet Royalties Corporation Common Stock,Industrials,Precious Metals,1045851562.0,,108829506.97190428,Canada
VMI,Valmont Industries Inc. Common Stock,Industrials,Metal Fabrications,9120194065.0,,19304858.000127003,United States
VMO,Invesco Municipal Opportunity Trust Common Stock,Finance,Trusts Except Educational Religious and Charitable,625175150.0,,67440685.00539374,United States
VMRK,Vivmark Residential Common Shares of Beneficial Interest,Real Estate,Real Estate Investment Trusts,49620375000.0,,787500000.0,United States
VNCE,Vince Holding Corp. Common Stock,Consumer Discretionary,Clothing/Shoe/Accessory Stores,127117435.0,,12944748.98167006,United States
VNDA,Vanda Pharmaceuticals Inc. Common Stock,Health Care,Biotechnology: Pharmaceutical Preparations,308964331.0,2006.0,60462687.08414873,United States
VNO,Vornado Realty Trust Common Stock,Real Estate,Real Estate Investment Trusts,6501608889.0,,186720530.987938,United States
VNOM,Viper Energy Inc. Class A Common Stock,Energy,Oil & Gas Production,15420236756.0,2014.0,359194892.98858607,United States
VNRX,VolitionRX Limited Common Stock,Health Care,Biotechnology: In Vitro & In Vivo Diagnostic Substances,7949658.0,2015.0,27903327.48332749,Singapore
VNT,Vontier Corporation Common Stock,Industrials,Industrial Machinery/Components,4302064000.0,2020.0,135200000.0,United States
VNTG,Vantage Corp Class A Ordinary Shares,Industrials,Integrated Freight & Logistics,18089925.0,2025.0,30660889.83050848,Singapore
VOGX,Vogenx Inc Common Stock,Health Care,Biotechnology: Pharmaceutical Preparations,507004119.0,2026.0,14855086.99091708,United States
VOR,Vor Biopharma Inc. Common Stock,Health Care,Biotechnology: Biological Products (No Diagnostic Substances),1295062616.0,2021.0,59162294.0155322,United States
VOXR,Vox Royalty Corp. Common Stock,Basic Materials,Precious Metals,398902930.0,,69495283.97212543,Canada
VOYA,Voya Financial Inc. Common Stock,Finance,Life Insurance,9021584433.0,2013.0,90596348.99578229,United States
VOYG,Voyager Technologies Inc. Class A Common Stock,Industrials,Military/Government/Technical,2268019943.0,2025.0,61967758.00546448,United States
VPG,Vishay Precision Group Inc. Common Stock,Technology,Electrical Products,826665886.0,,13320430.003222687,United States
VPV,Invesco Pennsylvania Value Municipal Income Trust Common Stock (DE),Finance,Trusts Except Educational Religious and Charitable,261410098.0,,23829544.029170465,United States
VRA,Vera Bradley Inc. Common Stock,Consumer Discretionary,Apparel,121926822.0,2010.0,28688664.0,United States
VRAX,Virax Biolabs Group Limited Ordinary Shares,Health Care,Biotechnology: In Vitro & In Vivo Diagnostic Substances,3402820.0,2022.0,1344988.1422924902,United Kingdom
VRCA,Verrica Pharmaceuticals Inc. Common Stock,Health Care,Biotechnology: Pharmaceutical Preparations,79881355.0,2018.0,17178786.021505374,United States
VRDN,Viridian Therapeutics Inc. Common Stock,Health Care,Biotechnology: Pharmaceutical Preparations,2484499459.0,2014.0,113292268.99224806,United States
VREX,Varex Imaging Corporation Common Stock,Technology,Industrial Machinery/Components,780534000.0,,42100000.0,United States
VRM,Vroom Inc. Common Stock,Consumer Discretionary,Retail-Auto Dealers and Gas Stations,52605248.0,,5234353.03482587,United States
VRME,VerifyMe Inc. Common Stock,Technology,EDP Services,10137201.0,,13165196.103896104,United States
VRNS,Varonis Systems Inc. Common Stock,Technology,Computer Software: Prepackaged Software,5491479788.0,2014.0,114860485.0031374,United States
VRRM,Verra Mobility Corporation Class A Common Stock,Consumer Discretionary,Transportation Services,518261362.0,2017.0,151982804.10557184,United States
VRSK,Verisk Analytics Inc. Common Stock,Technology,EDP Services,22969932998.0,2009.0,130156012.00135994,United States
VRSN,VeriSign Inc. Common Stock,Technology,EDP Services,27275115000.0,1998.0,90300000.0,United States
VRT,Vertiv Holdings LLC Class A Common Stock,Technology,Industrial Machinery/Components,92970793898.0,2018.0,384988173.0009524,United States
VRTS,Virtus Investment Partners Inc. Common Stock,Finance,Investment Managers,850816984.0,,6622689.997664824,United States
VRTX,Vertex Pharmaceuticals Incorporated Common Stock,Health Care,Biotechnology: Pharmaceutical Preparations,130872013498.0,1991.0,253460923.9996901,United States
VRXA,Veraxa Biotech AG Ordinary Shares,Health Care,Biotechnology: Pharmaceutical Preparations,207869485.0,,141407812.92517006,Switzerland
VS,Versus Systems Inc. Common Stock,Technology,EDP Services,6958164.0,,6212646.428571428,Canada
VSAT,ViaSat Inc. Common Stock,Consumer Discretionary,Telecommunications Equipment,10058929246.0,1996.0,137755809.99726102,United States
VSEC,VSE Corporation Common Stock,Consumer Discretionary,Military/Government/Technical,4913615298.0,,28064972.0013708,United States
VSH,Vishay Intertechnology Inc. Common Stock,Technology,Electrical Products,4885126469.0,,153379167.00156984,United States
VSME,VS Media Holdings Limited Class A Ordinary Shares,Consumer Discretionary,Advertising,2530721.0,2023.0,2750783.695652174,Singapore
VSNT,Versant Media Group Inc. Class A Common Stock,Industrials,Broadcasting,5042324368.0,,138792303.00027525,United States
VST,Vistra Corp. Common Stock,Utilities,Electric Utilities: Central,48183788594.0,,335635194.99860686,United States
VSTM,Verastem Inc. Common Stock,Health Care,Biotechnology: Pharmaceutical Preparations,683753980.0,2012.0,90563441.05960263,United States
VSTS,Vestis Corporation Common Stock,Consumer Discretionary,Consumer Specialties,1829095853.0,2023.0,132160104.98554914,United States
VSXY,Victorias Secret & Co. Common Stock,Consumer Discretionary,Clothing/Shoe/Accessory Stores,6180117742.0,2021.0,79764039.00361383,United States
VTAK,Catheter Precision Inc. Common Stock,Health Care,Medical/Dental Instruments,2902723.0,2018.0,18972045.751633987,
VTEX,VTEX Class A Common Shares,Technology,Computer Software: Prepackaged Software,631426198.0,2021.0,172993478.9041096,United Kingdom
VTGN,Vistagen Therapeutics Inc. Common Stock,Health Care,Biotechnology: Pharmaceutical Preparations,10366446.0,,44376909.24657534,United States
VTIX,Virtuix Holdings Inc. Class A Common Stock,Technology,Computer peripheral equipment,38047911.0,,33971349.10714285,United States
VTN,Invesco Trust for Investment Grade New York Municipals Common Stock,Finance,Finance Companies,194275211.0,,19485979.03711133,United States
VTOL,Bristow Group Inc. Common Stock,Consumer Discretionary,Transportation Services,1227475220.0,,29642000.000000004,United States
VTR,Ventas Inc. Common Stock,Real Estate,Real Estate Investment Trusts,44990525148.0,,512946359.0012541,United States
VTRS,Viatris Inc. Common Stock,Health Care,Biotechnology: Pharmaceutical Preparations,19675361500.0,,1148590863.9813194,United States
VTS,Vitesse Energy Inc. Common Stock,Energy,Oil & Gas Production,747351627.0,2023.0,42104317.01408451,United States
VTSI,VirTra Inc. Common Stock,Consumer Discretionary,Miscellaneous manufacturing industries,33166498.0,,11319623.890784984,United States
VTVT,vTv Therapeutics Inc. Class A Common Stock,Health Care,Biotechnology: Pharmaceutical Preparations,124153339.0,2015.0,3953927.9936305736,United States
VUZI,Vuzix Corporation Common Stock,Technology,Radio And Television Broadcasting And Communications Equipment,232139133.0,,84414230.18181819,United States
VVOS,Vivos Therapeutics Inc. Common Stock,Health Care,Medical/Dental Instruments,3540772.0,2020.0,20118022.727272727,United States
VVR,Invesco Senior Income Trust Common Stock (DE),Finance,Trusts Except Educational Religious and Charitable,0.0,1998.0,0.0,United States
VVV,Valvoline Inc. Common Stock,Industrials,Major Chemicals,3452488471.0,2016.0,127586417.9970436,United States
VVX,V2X Inc. Common Stock,Consumer Discretionary,Diversified Commercial Services,2395725712.0,2014.0,31345358.00078503,United States
VWAV,VisionWave Holdings Inc. Common Stock,Technology,Computer Software: Prepackaged Software,11042647.0,,30204176.69584245,United States
VYGR,Voyager Therapeutics Inc. Common Stock,Health Care,Biotechnology: Biological Products (No Diagnostic Substances),187318562.0,2015.0,61617948.026315786,United States
VYX,NCR Voyix Corporation Common Stock,Miscellaneous,Office Equipment/Supplies/Services,958205092.0,,138069897.98270893,United States
VZ,Verizon Communications Inc. Common Stock,Telecommunications,Telecommunications Equipment,200800285513.0,,4154775202.0070353,United States
VZLA,Vizsla Silver Corp. Common Shares,Basic Materials,Precious Metals,1423778057.0,2024.0,355056872.0698255,Canada
W,Wayfair Inc. Class A Common Stock,Consumer Discretionary,Catalog/Specialty Distribution,14039227175.0,2014.0,136968070.0,United States
WAB,Westinghouse Air Brake Technologies Corporation Common Stock,Industrials,Railroads,47095723476.0,,168910851.00064558,United States
WABC,Westamerica Bancorporation Common Stock,Finance,Major Banks,1394064749.0,,23111153.00066313,United States
WAFD,WaFd Inc. Common Stock,Finance,Major Banks,2407805045.0,,73995238.01475108,United States
WAFU,Wah Fu Education Group Limited Ordinary Shares,Real Estate,Other Consumer Services,6174783.0,2019.0,4410559.285714286,China
WAL,Western Alliance Bancorporation Common Stock (DE),Finance,Major Banks,8665881628.0,2005.0,109100864.00604305,United States
WALD,Waldencast plc Class A Ordinary Share,Consumer Discretionary,Package Goods/Cosmetics,147891050.0,2021.0,128600913.04347828,United States
WASH,Washington Trust Bancorp Inc. Common Stock,Finance,Major Banks,751528247.0,,19074320.98984772,United States
WAT,Waters Corporation Common Stock,Industrials,Biotechnology: Laboratory Analytical Instruments,42219178259.0,1995.0,98248111.00018616,United States
WATR,Air Water Ventures Limited Ordinary Shares,Consumer Staples,Beverages (Production/Distribution),56318228.0,,31639453.93258427,United Arab Emirates
WATT,Energous Corporation Common Stock,Technology,Radio And Television Broadcasting And Communications Equipment,64445648.0,2014.0,5527071.012006861,United States
WAY,Waystar Holding Corp. Common Stock,Technology,EDP Services,5083250508.0,2024.0,191748415.9939645,United States
WBD,Warner Bros. Discovery Inc. Series A Common Stock,Telecommunications,Cable & Other Pay Television Services,70902261587.0,,2510703313.987252,United States
WBI,WaterBridge Infrastructure LLC Class A Shares Representing Limited Liability Company Interests,Energy,Oilfield Services/Equipment,3829611603.0,2025.0,123456208.9941973,
WBTN,WEBTOON Entertainment Inc. Common stock,Consumer Discretionary,Publishing,1403252464.0,2024.0,135711070.01934236,United States
WBUY,WEBUY GLOBAL LTD. Class A Ordinary Shares,Consumer Discretionary,Other Specialty Stores,4891337.0,2023.0,5481103.765127745,Singapore
WBX,Wallbox N.V. Class A Ordinary Shares,Consumer Discretionary,Industrial Specialties,71434386.0,,23891098.99665552,Spain
WCC,WESCO International Inc. Common Stock,Consumer Discretionary,Telecommunications Equipment,16536032019.0,1999.0,48732853.99917482,United States
WCCB,West Coast Community Bancorp Common Stock,Finance,Major Banks,626961437.0,,10537167.00840336,United States
WCN,Waste Connections Inc. Common Shares,Utilities,Environmental Services,39618581096.0,,255225027.9971655,Canada
WCT,Wellchange Holdings Company Limited Class A Ordinary shares,Technology,Computer Software: Prepackaged Software,84424779.0,2024.0,10741066.030534351,Hong Kong
WD,Walker & Dunlop Inc Common Stock,Finance,Finance: Consumer Services,1320511410.0,2010.0,34325744.99610086,United States
WDAY,Workday Inc. Class A Common Stock,Technology,EDP Services,48026480000.0,,241000000.0,United States
WDC,Western Digital Corporation Common Stock,Technology,Electronic Components,152822489933.0,,360540943.9993394,United States
WDFC,WD-40 Company Common Stock,Industrials,Major Chemicals,2556852999.0,1973.0,13421096.000209965,United States
WEAV,Weave Communications Inc. Common Stock,Technology,Computer Software: Prepackaged Software,586393542.0,2021.0,79999118.96316507,United States
WEC,WEC Energy Group Inc. Common Stock,Utilities,Power Generation,34126205882.0,,325849383.00391483,United States
WELL,Welltower Inc. Common Stock,Real Estate,Real Estate Investment Trusts,167400222319.0,,720744950.9988806,United States
WEN,Wendy's Company (The) Common Stock,Consumer Discretionary,Restaurants,1332782811.0,,190669930.04291844,United States
WENC,West Enclave Merger Corp. Ordinary Shares,Finance,Blank Checks,0.0,2026.0,0.0,
WERN,Werner Enterprises Inc. Common Stock,Industrials,Trucking Freight/Courier Services,2153779672.0,1986.0,59977156.0011139,United States
WEST,Westrock Coffee Company Common Stock,Consumer Staples,Beverages (Production/Distribution),759541071.0,,97627387.01799484,United States
WETH,Wetouch Technology Inc. Common Stock,Technology,Computer peripheral equipment,15254949.0,,13381534.210526315,China
WETO,Wetour Robotics Limited Ordinary Shares,Industrials,Other Transportation,2004710.0,2025.0,1077801.0752688171,China
WEX,WEX Inc. common stock,Consumer Discretionary,Business Services,6652048835.0,,34081611.00010247,United States
WEYS,Weyco Group Inc. Common Stock,Consumer Staples,Apparel,424923234.0,,9550983.007417398,United States
WFC,Wells Fargo & Company Common Stock,Finance,Major Banks,262755302305.0,,3023999335.99954,United States
WFCF,Where Food Comes From Inc. Common Stock,Technology,Computer Software: Prepackaged Software,63640093.0,,4979662.989045383,United States
WFF,WF Holding Limited Ordinary Shares,Consumer Discretionary,Miscellaneous manufacturing industries,90127858.0,2025.0,41919933.95348837,Malaysia
WFG,West Fraser Timber Co. Ltd Common stock,Basic Materials,Forest Products,5698169127.0,2021.0,78303822.00082453,Canada
WFRD,Weatherford International plc Ordinary Shares,Consumer Discretionary,Oil and Gas Field Machinery,5867568133.0,,71512103.99756247,United States
WGO,Winnebago Industries Inc. Common Stock,Industrials,Homebuilding,762129355.0,,28268892.98961424,United States
WGS,GeneDx Holdings Corp. Class A Common Stock,Health Care,Medical/Nursing Services,3129875678.0,2020.0,29822541.000476416,United States
WH,Wyndham Hotels & Resorts Inc. Common Stock,Consumer Discretionary,Hotels/Resorts,5133183309.0,2018.0,74211122.00375885,United States
WHD,Cactus Inc. Class A Common Stock,Consumer Discretionary,Oil and Gas Field Machinery,5392867587.0,2018.0,80179416.99375556,United States
WHF,WhiteHorse Finance Inc. Common Stock,Finance,Finance Companies,159999709.0,,21476471.00671141,United States
WHG,Westwood Holdings Group Inc Common Stock,Finance,Investment Managers,177502627.0,,9543151.98924731,United States
WHK,WhiteHawk Minerals Corp Class A Common Stock,Energy,Oil & Gas Production,755571694.0,2026.0,27545450.018228214,
WHLR,Wheeler Real Estate Investment Trust Inc. Common Stock,Real Estate,Real Estate Investment Trusts,1857597.0,2012.0,4924700.424178155,United States
WHR,Whirlpool Corporation Common Stock,Consumer Discretionary,Consumer Electronics/Appliances,2153535455.0,,65199377.98970632,United States
WHWK,Whitehawk Therapeutics Inc. Common Stock,Health Care,Biotechnology: Pharmaceutical Preparations,232596761.0,,57009010.049019605,United States
WIMI,WiMi Hologram Cloud Inc. Class B Ordinary Shares,Technology,Computer Software: Prepackaged Software,19120456.0,2020.0,18385053.846153844,China
WINA,Winmark Corporation Common Stock,Consumer Discretionary,Other Specialty Stores,1058504439.0,,3592168.999219465,United States
WING,Wingstop Inc. Common Stock,Consumer Discretionary,Restaurants,2826686573.0,2015.0,27242546.000385504,United States
WIT,Wipro Limited Common Stock,Technology,EDP Services,16637963659.0,,9903549797.02381,India
WIX,Wix.com Ltd. Ordinary Shares,Technology,Computer Software: Programming Data Processing,3343775929.0,2013.0,41849511.00125156,Israel
WK,Workiva Inc. Class A Common Stock,Technology,Computer Software: Prepackaged Software,3983286922.0,2014.0,54416488.00546448,United States
WKC,World Kinect Corporation Common Stock,Energy,Oil Refining/Marketing,1832762545.0,,51151620.01116383,United States
WKHS,Workhorse Group Inc. Common Stock,Industrials,Auto Manufacturing,33222898.0,,10928584.868421052,United States
WKSP,Worksport Ltd. Common Stock,Consumer Discretionary,Auto Parts:O.E.M.,6723617.0,,15298332.195676906,Canada
WLCO,Wilco 63 Corporation Class A Ordinary Shares,Finance,Blank Checks,0.0,2026.0,0.0,Cayman Islands
WLDN,Willdan Group Inc. Common Stock,Consumer Discretionary,Military/Government/Technical,1218414959.0,2006.0,15232090.99887486,United States
WLDS,Wearable Devices Ltd. Ordinary Share,Telecommunications,Computer Communications Equipment,3689612.0,2022.0,2459741.333333333,Israel
WLFC,Willis Lease Finance Corporation Common Stock,Consumer Discretionary,Industrial Specialties,1157428636.0,1996.0,21144110.99744245,United States
WLK,Westlake Corporation Common Stock,Industrials,Major Chemicals,9018602392.0,2004.0,127796547.99489868,United States
WLTH,Wealthfront Corporation Common Stock,Finance,Finance: Consumer Services,1577382044.0,2025.0,156176440.0,United States
WLY,John Wiley & Sons Inc. Common Stock,Consumer Discretionary,Books,2501758785.0,,50683930.00405186,United States
WLYB,John Wiley & Sons Inc. Common Stock,Consumer Discretionary,Books,2482498891.0,,50683929.9918334,United States
WM,Waste Management Inc. Common Stock,Utilities,Environmental Services,85271240203.0,,399715184.0013125,United States
WMB,Williams Companies Inc. (The) Common Stock,Utilities,Natural Gas Distribution,87835656164.0,,1223167471.9955437,United States
WMG,Warner Music Group Corp. Class A Common Stock,Consumer Discretionary,Services-Misc. Amusement & Recreation,14620918044.0,2020.0,523109769.01610017,United States
WMK,Weis Markets Inc. Common Stock,Consumer Staples,Food Chains,1800169432.0,,24744597.003436428,United States
WMS,Advanced Drainage Systems Inc. Common Stock,Consumer Discretionary,Containers/Packaging,9476189329.0,2014.0,75405341.99888597,United States
WMT,Walmart Inc. Common Stock,Consumer Discretionary,Department/Specialty Retail Stores,847244761076.0,,7933746240.996347,United States
WNC,Wabash National Corporation Common Stock,Industrials,Construction/Ag Equipment/Trucks,493327165.0,1991.0,40737172.99752271,United States
WNEB,Western New England Bancorp Inc. Common Stock,Finance,Savings Institutions,276633034.0,,20045872.028985508,United States
WNW,Meiwu Technology Company Limited Ordinary Shares,Consumer Discretionary,Package Goods/Cosmetics,61876607.0,2020.0,26330471.063829787,China
WOK,WORK Medical Technology Group LTD Class A Ordinary Shares,Health Care,Medical/Dental Instruments,8488398.0,2024.0,4467577.894736842,China
WOLF,Wolfspeed Inc. Common Stock New,Technology,Semiconductors,1256571708.0,2025.0,52930568.99747262,United States
WOOF,Petco Health and Wellness Company Inc. Class A Common Stock,Consumer Discretionary,Other Specialty Stores,687406457.0,2021.0,286419357.0833334,United States
WOR,Worthington Enterprises Inc. Common Shares,Industrials,Steel/Iron Ore,2932671433.0,,48926784.00066733,United States
WPC,W. P. Carey Inc. REIT,Real Estate,Real Estate Investment Trusts,15154378791.0,,227816878.99879736,United States
WPM,Wheaton Precious Metals Corp Common Shares (Canada),Basic Materials,Precious Metals,69123147130.0,,454159968.00262815,Canada
WPRT,Westport Fuel Systems Inc Common Shares,Industrials,Industrial Machinery/Components,36661767.0,2008.0,18995734.196891192,Canada
WRAP,Wrap Technologies Inc. Common Stock,Industrials,Ordnance And Accessories,101385218.0,,64576571.97452229,United States
WRB,W.R. Berkley Corporation Common Stock,Finance,Property-Casualty Insurers,26023049783.0,,371227529.0014266,United States
WRBY,Warby Parker Inc. Class A Common Stock,Health Care,Ophthalmic Goods,2988842746.0,2021.0,123608054.01157984,United States
WRLD,World Acceptance Corporation Common Stock,Finance,Finance: Consumer Services,861615769.0,1991.0,4663180.002164854,United States
WRN,Western Copper and Gold Corporation Common Stock,Basic Materials,Metal Mining,545082777.0,2011.0,226175426.14107883,Canada
WS,Worthington Steel Inc. Common Shares,Industrials,Steel/Iron Ore,1719957857.0,2023.0,50946618.986966826,United States
WSBC,WesBanco Inc. Common Stock,Finance,Major Banks,3758551790.0,,95905889.0022965,United States
WSBF,Waterstone Financial Inc. Common Stock (MD),Finance,Savings Institutions,371405398.0,2005.0,17977027.976766698,United States
WSBK,Winchester Bancorp Inc. Common Stock,Finance,Banks,120235689.0,2025.0,9295376.034016237,United States
WSC,WillScot Holdings Corporation Class A Common Stock,Industrials,Misc Corporate Leasing Services,3317606441.0,2015.0,181190958.0010923,United States
WSE,Wise Group plc Class A Ordinary Shares,Industrials,Diversified Commercial Services,14409778805.0,,1229503311.006826,United Kingdom
WSFS,WSFS Financial Corporation Common Stock,Finance,Major Banks,4045354104.0,,51090605.00126294,United States
WSHP,WeShop Holdings Limited Class A Ordinary Shares,Consumer Discretionary,Other Specialty Stores,138764172.0,,24217132.984293196,Jersey
WSM,Williams-Sonoma Inc. Common Stock (DE),Consumer Discretionary,Home Furnishings,25784216553.0,,117779172.99926914,United States
WSO,Watsco Inc. Common Stock,Consumer Discretionary,Industrial Machinery/Components,12596769960.0,,41252194.00052397,United States
WSO/B,Watsco Inc.,,,,,,
WST,West Pharmaceutical Services Inc. Common Stock,Health Care,Medical/Dental Instruments,25799754349.0,,70375761.99945444,United States
WT,WisdomTree Inc. Common Stock,Finance,Investment Bankers/Brokers/Service,3369629349.0,2022.0,151512111.01618707,United States
WTBA,West Bancorporation Common Stock,Finance,Major Banks,503898262.0,,17043743.006933875,United States
WTF,Waton Financial Limited Ordinary Shares,Finance,Investment Bankers/Brokers/Service,126382177.0,2025.0,48237472.137404576,Hong Kong
WTFC,Wintrust Financial Corporation Common Stock,Finance,Major Banks,9980915158.0,,67465967.0001352,United States
WTI,W&T Offshore Inc. Common Stock,Energy,Oil & Gas Production,591696372.0,2005.0,150942952.04081634,United States
WTM,White Mountains Insurance Group Ltd. Common Stock,Finance,Property-Casualty Insurers,4912635569.0,,2386721.000136033,United States
WTRG,Essential Utilities Inc. Common Stock,Utilities,Water Supply,11810865540.0,,283778604.99759734,United States
WTS,Watts Water Technologies Inc. Class A Common Stock,Industrials,Metal Fabrications,11700425195.0,1986.0,33383050.001426574,United States
WTTR,Select Water Solutions Inc. Class A common stock,Energy,Oilfield Services/Equipment,2819469760.0,2017.0,138480833.00589392,United States
WTW,Willis Towers Watson Public Limited Company Ordinary Shares,Finance,Specialty Insurers,28882243688.0,,92871937.00118975,United Kingdom
WU,Western Union Company (The) Common Stock,Consumer Discretionary,Business Services,2036569746.0,,311878981.0107197,United States
WULF,TeraWulf Inc. Common Stock,Finance,Finance: Consumer Services,8218014110.0,,498968676.9884639,United States
WVE,Wave Life Sciences Inc. Common Stock,Health Care,Biotechnology: Pharmaceutical Preparations,874893897.0,2015.0,197048175.0,Singapore
WVVI,Willamette Valley Vineyards Inc. Common Stock,Consumer Staples,Beverages (Production/Distribution),9610491.0,,4979529.015544042,United States
WW,WW International Inc.  Common Stock,Consumer Discretionary,Other Consumer Services,160380110.0,,9998759.975062344,United States
WWD,Woodward Inc. Common Stock,Energy,Industrial Machinery/Components,18868682239.0,,59045819.99937414,United States
WWR,Westwater Resources Inc. Common Stock,Basic Materials,Metal Mining,70222112.0,,128564833.39436103,United States
WWW,Wolverine World Wide Inc. Common Stock,Consumer Discretionary,Shoe Manufacturing,1587162996.0,,82066338.98655637,United States
WXM,WF International Limited Ordinary Shares,Consumer Discretionary,Engineering & Construction,12096238.0,2025.0,3117587.113402062,China
WY,Weyerhaeuser Company Common Stock,Real Estate,Real Estate Investment Trusts,15611141760.0,,720736000.0,United States
WYFI,WhiteFiber Inc. Ordinary Shares,Finance,Finance: Consumer Services,693827387.0,2025.0,38848117.9731243,United States
WYNN,Wynn Resorts Limited Common stock,Consumer Discretionary,Hotels/Resorts,8542713997.0,2002.0,102973890.99566056,United States
WYY,WidePoint Corporation Common Stock,Technology,EDP Services,128277612.0,,9998255.027279813,United States
XAIR,Beyond Air Inc. Common Stock,Health Care,Medical/Dental Instruments,2949503.0,,957630.8441558442,United States
XBIO,Xenetic Biosciences Inc. Common Stock,Health Care,Biotechnology: Pharmaceutical Preparations,5764225.0,,2343180.8943089438,United States
XBIT,XBiotech Inc. Common Stock,Health Care,Biotechnology: Pharmaceutical Preparations,66463254.0,2015.0,30487731.192660548,United States
XBP,XBP Global Holdings Inc. Common Stock,Technology,EDP Services,37782658.0,2021.0,11881338.993710691,United States
XCUR,Exicure Inc. Common Stock,Health Care,Biotechnology: Pharmaceutical Preparations,8837093.0,,6545994.814814814,United States
XE,X-Energy Inc. Class A Common Stock,Industrials,Metal Fabrications,6635958544.0,2026.0,406366108.0220454,United States
XEL,Xcel Energy Inc. Common Stock,Utilities,Power Generation,45991823951.0,,624634306.002988,United States
XELB,Xcel Brands Inc. Common Stock,Miscellaneous,Multi-Sector Companies,5839956.0,,6560274.095708829,United States
XENE,Xenon Pharmaceuticals Inc. Common Shares,Health Care,Biotechnology: Pharmaceutical Preparations,5553798775.0,2014.0,96840431.99651264,Canada
XERS,Xeris Biopharma Holdings Inc. Common Stock,Health Care,Biotechnology: Pharmaceutical Preparations,1487733697.0,2018.0,182320306.00490195,United States
XFLH,XFLH Capital Corporation Ordinary Shares,Finance,Blank Checks,0.0,2026.0,0.0,
XFLT,XAI Floating Rate & Alternative Income Trust Common Shares of Beneficial Interest,Finance,Investment Managers,685252038.0,2017.0,35468531.98757764,United States
XFOR,X4 Pharmaceuticals Inc. Common Stock,Health Care,Biotechnology: Biological Products (No Diagnostic Substances),347013601.0,2017.0,99146743.14285716,United States
XGN,Exagen Inc. Common Stock,Health Care,Medical Specialities,190653418.0,2019.0,24225339.008894537,United States
XHLD,TEN Holdings Inc. Common Stock,Consumer Discretionary,Business Services,116445046.0,2025.0,11979943.004115226,United States
XHR,Xenia Hotels & Resorts Inc. Common Stock,Consumer Discretionary,Hotels/Resorts,1628138988.0,2015.0,92245835.01416431,United States
XLAB,Exascale Labs Holdings Inc. Class A Common Stock,Technology,Computer Software: Prepackaged Software,266304000.0,,91200000.0,United States
XLO,Xilio Therapeutics Inc. Common Stock,Health Care,Biotechnology: Pharmaceutical Preparations,59484547.0,2021.0,6580149.00442478,United States
XMAX,XMAX Inc. Common Stock,Consumer Discretionary,Home Furnishings,563934743.0,,64523425.97254004,United States
XMTR,Xometry Inc. Class A Common Stock,Consumer Discretionary,Business Services,5460643564.0,2021.0,57323573.00020995,United States
XNCR,Xencor Inc. Common Stock,Health Care,Biotechnology: Pharmaceutical Preparations,1828350032.0,2013.0,74353396.9906466,United States
XNDU,Xanadu Quantum Technologies Limited Class B Subordinate Voting Shares,Technology,Computer Manufacturing,2330356024.0,,304224024.02088773,Canada
XOM,ExxonMobil Holdings Corporation Common Stock,Energy,Integrated oil Companies,671351865709.0,,4111911959.998775,United States
XOS,Xos Inc. Common Stock,Consumer Discretionary,Auto Parts:O.E.M.,36966415.0,2020.0,14217851.923076922,United States
XP,XP Inc. Class A Common Stock,Finance,Investment Bankers/Brokers/Service,10464718048.0,2019.0,518311938.9796929,Brazil
XPEL,XPEL Inc. Common Stock,Industrials,Industrial Specialties,1224416919.0,,27570748.007205587,United States
XPER,Xperi Inc. Common Stock,Technology,Computer Software: Prepackaged Software,270195894.0,2022.0,48771822.02166065,United States
XPL,Solitario Resources Corp. Common Stock,Basic Materials,Precious Metals,58420314.0,,94684463.53322528,United States
XPO,XPO Inc. Common Stock,Consumer Discretionary,Transportation Services,20529940773.0,,117086464.99942967,United States
XPOF,Xponential Fitness Inc. Class A Common Stock,Consumer Discretionary,Services-Misc. Amusement & Recreation,183978520.0,2021.0,49324000.0,United States
XPON,Expion Energy Inc. Common Stock,Miscellaneous,Industrial Machinery/Components,5143490.0,2022.0,1012498.031496063,United States
XPRO,Expro Ltd Ordinary Shares,Energy,Oilfield Services/Equipment,1859682641.0,,113395282.98780487,Cayman Islands
XRAY,DENTSPLY SIRONA Inc. Common Stock,Health Care,Medical/Dental Instruments,1868942588.0,1987.0,199353876.0533333,United States
XRN,Chiron Real Estate Inc. Common Stock,Real Estate,Real Estate Investment Trusts,478018041.0,2016.0,13237829.991692051,United States
XRTX,XORTX Therapeutics Inc. Common Shares,Health Care,Biotechnology: Pharmaceutical Preparations,3015498.0,,1816565.060240964,Canada
XRX,Xerox Holdings Corporation Common Stock,Technology,Computer peripheral equipment,475358530.0,,131314511.04972376,United States
XTIA,XTI Aerospace Inc. Common Stock,Technology,EDP Services,35457283.0,2014.0,38477789.47368421,United States
XTND,Xtend AI Robotics Inc. Common Stock,Industrials,Military/Government/Technical,95892110.0,2026.0,20230402.953586496,
XTNT,Xtant Medical Holdings Inc. Common Stock,Health Care,Medical/Dental Instruments,45874163.0,,140287960.2446483,United States
XWEL,XWELL Inc. Common Stock,Consumer Discretionary,Other Consumer Services,7773286.0,,8589266.29834254,United States
XXI,Twenty One Capital Inc. Class A Common Stock,Finance,Finance: Consumer Services,3132413277.0,2025.0,562372222.0825852,
XXII,22nd Century Group Inc. Common Stock,Health Care, Medicinal Chemicals and Botanical Products ,1263769.0,,713993.7853107344,United States
XYL,Xylem Inc. Common Stock New,Industrials,Fluid Controls,25123180971.0,2011.0,233486811.9981413,United States
XYZ,Block Inc. Class A Common Stock,Technology,Computer Software: Prepackaged Software,45942793650.0,2015.0,600795000.0,United States
XZO,Exzeo Group Inc. Common Stock,Technology,Computer Software: Prepackaged Software,1494525380.0,2025.0,90085918.02290536,
YAAS,Youxin Technology Ltd Class A Ordinary shares,Technology,Computer Software: Prepackaged Software,20429028.0,2024.0,15714636.923076922,China
YARW,Yarrow Bioscience Inc. Common Stock,Health Care,Biotechnology: Pharmaceutical Preparations,284527359.0,2018.0,9304360.987573575,United States
YCBD,cbdMD Inc. Common Stock,Consumer Discretionary,Package Goods/Cosmetics,5602523.0,2017.0,11205046.0,United States
YDDL,One and One Green Technologies. Inc Class A Ordinary Shares,Consumer Discretionary,Industrial Specialties,84050000.0,2025.0,56033333.333333336,Philippines
YDES,YD Bio Limited Ordinary Shares,Health Care,Medical Specialities,229493561.0,,70831345.98765431,United States
YDKG,Yueda Digital Holding Class A Ordinary Share,Consumer Discretionary,Advertising,4598415.0,2007.0,5542262.263468724,China
YELP,Yelp Inc. Common Stock,Consumer Discretionary,Other Consumer Services,1099923598.0,2012.0,54263621.01628022,United States
YETI,YETI Holdings Inc. Common Stock,Consumer Discretionary,Recreational Games/Products/Toys,3008598171.0,2018.0,72988795.99708879,United States
YEXT,Yext Inc. Common Stock,Technology,EDP Services,622576048.0,2017.0,98978703.9745628,United States
YFOR,YYForce Inc. Class A Ordinary Shares,Consumer Discretionary,Professional Services,23620779.0,2024.0,12837379.891304348,Singapore
YHC,LQR House Inc. Common Stock,Consumer Staples,Beverages (Production/Distribution),1681976.0,2023.0,1303857.3643410853,United States
YHGJ,Yunhong Green CTI Ltd. Common Stock,Industrials,Specialty Chemicals,6914758.0,,2609244.179464925,United States
YIBO,Planet Image International Limited Class A Ordinary Shares,Technology,Computer peripheral equipment,69304039.0,2024.0,59234221.36752137,China
YICC,Yorkville International Capital Corp. Class A Ordinary Shares,Finance,Blank Checks,0.0,2026.0,0.0,United States
YJ,Yunji Inc. American Depository Shares,Consumer Discretionary,Other Specialty Stores,9555548.0,2019.0,4925540.206185567,China
YMAT,J-Star Holding Co. Ltd. Class A Ordinary Shares,Consumer Discretionary,Recreational Games/Products/Toys,5854750.0,2025.0,4010102.739726028,Taiwan
YORW,York Water Company (The) Common Stock,Utilities,Water Supply,536192316.0,,16228580.99273608,United States
YOU,Clear Secure Inc. Class A Common Stock,Technology,Computer Software: Prepackaged Software,5426404969.0,2021.0,135288081.99950138,United States
YSS,York Space Systems Inc. Common Stock,Industrials,Military/Government/Technical,1203252620.0,2026.0,137357605.02283105,
YSWY,Yesway Inc. Class A Common Stock,Consumer Staples,Food Chains,1375117673.0,2026.0,63194746.00183823,United States
YSXT,YSX Tech. Co. Ltd Class A Ordinary Shares,Consumer Discretionary,Automotive Aftermarket,41766075.0,2024.0,31882500.0,China
YTRA,Yatra Online Inc. Ordinary Shares,Consumer Discretionary,Transportation Services,67169850.0,,63971285.71428571,India
YUM,Yum! Brands Inc.,Consumer Discretionary,Restaurants,37046322289.0,,272901085.0018416,United States
YUMC,Yum China Holdings Inc. Common Stock,Consumer Discretionary,Restaurants,14160643924.0,2016.0,342458136.00967354,United States
YXT,YXT.COM GROUP HOLDING LIMITED American Depository Shares,Technology,Computer Software: Prepackaged Software,15137509.0,2024.0,6610265.938864629,China
YYAI,AiRWA Inc. Common Stock,Technology,Computer Software: Programming Data Processing,3151988.0,,4581377.9069767445,United States
Z,Zillow Group Inc. Class C Capital Stock,Consumer Discretionary,Business Services,6768736115.0,,224874953.98671097,United States
ZBAO,Zhibao Technology Inc. Class A Ordinary Shares,Finance,Specialty Insurers,54065433.0,2024.0,466081318.9655172,China
ZBH,Zimmer Biomet Holdings Inc. Common Stock,Health Care,Industrial Specialties,17977027188.0,,190737688.99734747,United States
ZBIO,Zenas BioPharma Inc. Common Stock,Health Care,Biotechnology: Pharmaceutical Preparations,2083699834.0,2024.0,65176722.99030341,United States
ZBRA,Zebra Technologies Corporation Class A Common Stock,Industrials,Industrial Machinery/Components,16455120655.0,1991.0,47310660.00115005,United States
ZCMD,Zhongchao Inc. Class A Ordinary Shares,Real Estate,Other Consumer Services,6990524.0,2020.0,8873475.501396295,China
ZD,Ziff Davis Inc. Common Stock,Telecommunications,Telecommunications Equipment,2027402609.0,,34287207.999323525,United States
ZDAI,DirectBooking Technology Co. Ltd. Class A Ordinary Shares,Consumer Discretionary,General Bldg Contractors - Nonresidential Bldgs,13237010.0,2024.0,8388472.750316856,Hong Kong
ZDGE,Zedge Inc. Class B Common Stock,Technology,Computer Software: Prepackaged Software,47996339.0,2016.0,15685078.104575165,
ZENA,ZenaTech Inc. Common Stock,Technology,Computer Software: Prepackaged Software,128871045.0,,85914030.0,Canada
ZEO,Zeo Energy Corporation Class A Common Stock,Miscellaneous,Industrial Machinery/Components,15993593.0,2021.0,62183487.55832038,United States
ZETA,Zeta Global Holdings Corp. Class A Common Stock,Technology,Computer Software: Prepackaged Software,7623283184.0,2021.0,251013605.00493908,United States
ZG,Zillow Group Inc. Class A Common Stock,Consumer Discretionary,Business Services,6894666090.0,2011.0,224874954.01174167,United States
ZGN,Ermenegildo Zegna N.V. Ordinary Shares,Consumer Discretionary,Apparel,3316336938.0,2021.0,268312050.0,
ZIM,ZIM Integrated Shipping Services Ltd. Ordinary Shares,Consumer Discretionary,Marine Transportation,3657344967.0,2021.0,120465908.00395258,
ZION,Zions Bancorporation N.A. Common Stock,Finance,Major Banks,9589135424.0,,145953355.00761035,United States
ZIP,ZipRecruiter Inc. Class A Common Stock,Technology,Computer Software: Programming Data Processing,314103943.0,2021.0,82226163.08900523,United States
ZJK,ZJK Industrial Co. Ltd. Class A Ordinary Shares,Industrials,Metal Fabrications,138936058.0,2024.0,64322249.07407407,China
ZJYL,JIN MEDICAL INTERNATIONAL LTD. Class A Ordinary Shares,Health Care,Industrial Specialties,155296320.0,2023.0,78432484.84848484,China
ZKIN,ZK International Group Co. Ltd Ordinary Share,Industrials,Metal Fabrications,63043539.0,2017.0,57312308.18181818,China
ZM,Zoom Communications Inc. Class A Common Stock,Technology,Computer Software: Programming Data Processing,26890786806.0,2019.0,291783711.0026042,United States
ZNB,Zeta Network Group Class A Ordinary Shares,Real Estate,Other Consumer Services,4998071.0,,3675052.205882353,United States
ZNTL,Zentalis Pharmaceuticals Inc. Common Stock,Health Care,Biotechnology: Pharmaceutical Preparations,291579189.0,2020.0,94668567.85714284,United States
ZONE,Zone Frontier Inc. Class B Common Stock,Consumer Discretionary,Specialty Chemicals,72401415.0,2024.0,502090256.5880721,
ZOOZ,ZOOZ Strategy Ltd. Ordinary Shares,Technology,Industrial Machinery/Components,55987160.0,,8009608.011444921,Israel
ZS,Zscaler Inc. Common Stock,Technology,EDP Services,32198411214.0,2018.0,163054697.99969617,United States
ZSQR,Z Squared Inc. Common Stock,Finance,Finance: Consumer Services,134621008.0,2020.0,53000396.8503937,United States
ZSTK,ZeroStack Corp. Common Stock,Health Care,Other Pharmaceuticals,98192372.0,2021.0,21820527.111111112,Canada
ZTG,Zenta Group Company Limited Class A Ordinary Shares,Consumer Discretionary,Professional Services,28904615.0,2025.0,24087179.166666668,Macau
ZTS,Zoetis Inc. Class A Common Stock,Health Care,Biotechnology: Pharmaceutical Preparations,30173587418.0,2013.0,413223601.9994522,United States
ZUMZ,Zumiez Inc. Common Stock,Consumer Discretionary,Clothing/Shoe/Accessory Stores,206350051.0,2005.0,15330613.001485882,United States
ZURA,Zura Bio Limited Class A Ordinary Shares,Health Care,Biotechnology: Biological Products (No Diagnostic Substances),437939156.0,,95829136.98030634,Cayman Islands
ZVIA,Zevia PBC Class A Common Stock,Consumer Staples,Beverages (Production/Distribution),107510107.0,2021.0,77345400.71942447,United States
ZVRA,Zevra Therapeutics Inc. Common Stock,Health Care,Biotechnology: Pharmaceutical Preparations,703103967.0,,59383780.99662162,United States
ZWS,Zurn Elkay Water Solutions Corporation Common Stock,Industrials,Industrial Machinery/Components,7584965156.0,2012.0,165864097.00415483,United States
ZYBT,Zhengye Biotechnology Holding Limited Class A Ordinary Shares,Health Care,Biotechnology: Pharmaceutical Preparations,64926185.0,2025.0,47391375.912408754,China
ZYME,Zymeworks Inc. Common Stock,Health Care,Biotechnology: Pharmaceutical Preparations,1949959943.0,,70959241.01164483,United States
